id,title,budget,revenue,runtime,release_year,genres,original_language,popularity,vote_average,vote_count,status,primary_genre,has_budget,has_revenue,roi,log_budget,log_popularity,log_vote_count
19995,Avatar,237000000,2787965087,162.0,2009.0,"[{""id"": 28, ""name"": ""Action""}, {""id"": 12, ""name"": ""Adventure""}, {""id"": 14, ""name"": ""Fantasy""}, {""id"": 878, ""name"": ""Science Fiction""}]",en,150.437577,7.2,11800,Released,Action,1,1,11.763565767932487,19.283570703318816,5.020173507037201,9.375939552625749
285,Pirates of the Caribbean: At World's End,300000000,961000000,169.0,2007.0,"[{""id"": 12, ""name"": ""Adventure""}, {""id"": 14, ""name"": ""Fantasy""}, {""id"": 28, ""name"": ""Action""}]",en,139.082615,6.9,4500,Released,Adventure,1,1,3.203333333333333,19.519293035953808,4.942232355707408,8.412054873292933
206647,Spectre,245000000,880674609,148.0,2015.0,"[{""id"": 28, ""name"": ""Action""}, {""id"": 12, ""name"": ""Adventure""}, {""id"": 80, ""name"": ""Crime""}]",en,107.376788,6.3,4466,Released,Action,1,1,3.5945902408163266,19.316768772590635,4.6856139332345075,8.404472321352118
49026,The Dark Knight Rises,250000000,1084939099,165.0,2012.0,"[{""id"": 28, ""name"": ""Action""}, {""id"": 80, ""name"": ""Crime""}, {""id"": 18, ""name"": ""Drama""}, {""id"": 53, ""name"": ""Thriller""}]",en,112.31295,7.6,9106,Released,Action,1,1,4.339756396,19.33697147982652,4.730153459825441,9.11679862756782
49529,John Carter,260000000,284139100,132.0,2012.0,"[{""id"": 28, ""name"": ""Action""}, {""id"": 12, ""name"": ""Adventure""}, {""id"": 878, ""name"": ""Science Fiction""}]",en,43.926995,6.1,2124,Released,Action,1,1,1.0928426923076924,19.376192192825954,3.805038839029222,7.661527081358517
559,Spider-Man 3,258000000,890871626,139.0,2007.0,"[{""id"": 14, ""name"": ""Fantasy""}, {""id"": 28, ""name"": ""Action""}, {""id"": 12, ""name"": ""Adventure""}]",en,115.699814,5.9,3576,Released,Fantasy,1,1,3.4529907984496124,19.36847014676186,4.759604945460906,8.182279739259018
38757,Tangled,260000000,591794936,100.0,2010.0,"[{""id"": 16, ""name"": ""Animation""}, {""id"": 10751, ""name"": ""Family""}]",en,48.681969,7.4,3330,Released,Animation,1,1,2.2761343692307694,19.376192192825954,3.9056420704952255,8.11102783819368
99861,Avengers: Age of Ultron,280000000,1405403694,141.0,2015.0,"[{""id"": 28, ""name"": ""Action""}, {""id"": 12, ""name"": ""Adventure""}, {""id"": 878, ""name"": ""Science Fiction""}]",en,134.279229,7.3,6767,Released,Action,1,1,5.019298907142857,19.450300164704952,4.907341005283723,8.81996090128606
767,Harry Potter and the Half-Blood Prince,250000000,933959197,153.0,2009.0,"[{""id"": 12, ""name"": ""Adventure""}, {""id"": 14, ""name"": ""Fantasy""}, {""id"": 10751, ""name"": ""Family""}]",en,98.885637,7.4,5293,Released,Adventure,1,1,3.735836788,19.33697147982652,4.604025901544294,8.574329382787047
209112,Batman v Superman: Dawn of Justice,250000000,873260194,151.0,2016.0,"[{""id"": 28, ""name"": ""Action""}, {""id"": 12, ""name"": ""Adventure""}, {""id"": 14, ""name"": ""Fantasy""}]",en,155.790452,5.7,7004,Released,Action,1,1,3.493040776,19.33697147982652,5.054910213205119,8.854379458771108
1452,Superman Returns,270000000,391081192,154.0,2006.0,"[{""id"": 12, ""name"": ""Adventure""}, {""id"": 14, ""name"": ""Fantasy""}, {""id"": 28, ""name"": ""Action""}, {""id"": 878, ""name"": ""Science Fiction""}]",en,57.925623,5.4,1400,Released,Adventure,1,1,1.4484488592592593,19.413932520666354,4.076276021528289,7.244941546337007
10764,Quantum of Solace,200000000,586090727,106.0,2008.0,"[{""id"": 12, ""name"": ""Adventure""}, {""id"": 28, ""name"": ""Action""}, {""id"": 53, ""name"": ""Thriller""}, {""id"": 80, ""name"": ""Crime""}]",en,107.928811,6.1,2965,Released,Adventure,1,1,2.930453635,19.11382792951231,4.690694558768097,7.994969522697877
58,Pirates of the Caribbean: Dead Man's Chest,200000000,1065659812,151.0,2006.0,"[{""id"": 12, ""name"": ""Adventure""}, {""id"": 14, ""name"": ""Fantasy""}, {""id"": 28, ""name"": ""Action""}]",en,145.847379,7.0,5246,Released,Adventure,1,1,5.32829906,19.11382792951231,4.989393809340984,8.565411763686711
57201,The Lone Ranger,255000000,89289910,149.0,2013.0,"[{""id"": 28, ""name"": ""Action""}, {""id"": 12, ""name"": ""Adventure""}, {""id"": 37, ""name"": ""Western""}]",en,49.046956,5.9,2311,Released,Action,1,1,0.3501565098039215,19.35677410704427,3.912961684730849,7.7458682297922685
49521,Man of Steel,225000000,662845518,143.0,2013.0,"[{""id"": 28, ""name"": ""Action""}, {""id"": 12, ""name"": ""Adventure""}, {""id"": 14, ""name"": ""Fantasy""}, {""id"": 878, ""name"": ""Science Fiction""}]",en,99.398009,6.5,6359,Released,Action,1,1,2.94598008,19.23161096461314,4.609142376383708,8.757783656334167
2454,The Chronicles of Narnia: Prince Caspian,225000000,419651413,150.0,2008.0,"[{""id"": 12, ""name"": ""Adventure""}, {""id"": 10751, ""name"": ""Family""}, {""id"": 14, ""name"": ""Fantasy""}]",en,53.978602,6.3,1630,Released,Adventure,1,1,1.8651173911111112,19.23161096461314,4.006944054985661,7.396948602621014
24428,The Avengers,220000000,1519557910,143.0,2012.0,"[{""id"": 878, ""name"": ""Science Fiction""}, {""id"": 28, ""name"": ""Action""}, {""id"": 12, ""name"": ""Adventure""}]",en,144.448633,7.4,11776,Released,Science Fiction,1,1,6.907081409090909,19.20913810886209,4.979822986478345,9.373903755841548
1865,Pirates of the Caribbean: On Stranger Tides,380000000,1045713802,136.0,2011.0,"[{""id"": 12, ""name"": ""Adventure""}, {""id"": 28, ""name"": ""Action""}, {""id"": 14, ""name"": ""Fantasy""}]",en,135.413856,6.4,4948,Released,Adventure,1,1,2.7518784263157894,19.755681813316283,4.915693323827812,8.506940814951886
41154,Men in Black 3,225000000,624026776,106.0,2012.0,"[{""id"": 28, ""name"": ""Action""}, {""id"": 35, ""name"": ""Comedy""}, {""id"": 878, ""name"": ""Science Fiction""}]",en,52.035179,6.2,4160,Released,Action,1,1,2.773452337777778,19.23161096461314,3.9709554480813694,8.333510708982942
122917,The Hobbit: The Battle of the Five Armies,250000000,956019788,144.0,2014.0,"[{""id"": 28, ""name"": ""Action""}, {""id"": 12, ""name"": ""Adventure""}, {""id"": 14, ""name"": ""Fantasy""}]",en,120.965743,7.1,4760,Released,Action,1,1,3.824079152,19.33697147982652,4.803740210220969,8.46821300919452
1930,The Amazing Spider-Man,215000000,752215857,136.0,2012.0,"[{""id"": 28, ""name"": ""Action""}, {""id"": 12, ""name"": ""Adventure""}, {""id"": 14, ""name"": ""Fantasy""}]",en,89.866276,6.5,6586,Released,Action,1,1,3.4986784046511628,19.186148590743098,4.509388931245389,8.792853288640693
20662,Robin Hood,200000000,310669540,140.0,2010.0,"[{""id"": 28, ""name"": ""Action""}, {""id"": 12, ""name"": ""Adventure""}]",en,37.668301,6.2,1398,Released,Action,1,1,1.5533477,19.11382792951231,3.6550201687863995,7.243512974665482
57158,The Hobbit: The Desolation of Smaug,250000000,958400000,161.0,2013.0,"[{""id"": 12, ""name"": ""Adventure""}, {""id"": 14, ""name"": ""Fantasy""}]",en,94.370564,7.6,4524,Released,Adventure,1,1,3.8336,19.33697147982652,4.5577699773827085,8.417372856134026
2268,The Golden Compass,180000000,372234864,113.0,2007.0,"[{""id"": 12, ""name"": ""Adventure""}, {""id"": 14, ""name"": ""Fantasy""}]",en,42.990906,5.8,1303,Released,Adventure,1,1,2.067971466666666,19.00846741441004,3.783982930738449,7.1731917424865985
254,King Kong,207000000,550000000,187.0,2005.0,"[{""id"": 12, ""name"": ""Adventure""}, {""id"": 18, ""name"": ""Drama""}, {""id"": 28, ""name"": ""Action""}]",en,61.22601,6.6,2337,Released,Adventure,1,1,2.657004830917874,19.14822935606056,4.130773079540168,7.757051142032013
597,Titanic,200000000,1845034188,194.0,1997.0,"[{""id"": 18, ""name"": ""Drama""}, {""id"": 10749, ""name"": ""Romance""}, {""id"": 53, ""name"": ""Thriller""}]",en,100.025899,7.5,7562,Released,Drama,1,1,9.22517094,19.11382792951231,4.6153769097123725,8.93102321585603
271110,Captain America: Civil War,250000000,1153304495,147.0,2016.0,"[{""id"": 12, ""name"": ""Adventure""}, {""id"": 28, ""name"": ""Action""}, {""id"": 878, ""name"": ""Science Fiction""}]",en,198.372395,7.1,7241,Released,Adventure,1,1,4.61321798,19.33697147982652,5.29517440762303,8.887652690325586
44833,Battleship,209000000,303025485,131.0,2012.0,"[{""id"": 53, ""name"": ""Thriller""}, {""id"": 28, ""name"": ""Action""}, {""id"": 12, ""name"": ""Adventure""}, {""id"": 878, ""name"": ""Science Fiction""}]",en,64.928382,5.5,2114,Released,Thriller,1,1,1.4498827033492825,19.157844814713773,4.188569031644029,7.656810091480378
135397,Jurassic World,150000000,1513528810,124.0,2015.0,"[{""id"": 28, ""name"": ""Action""}, {""id"": 12, ""name"": ""Adventure""}, {""id"": 878, ""name"": ""Science Fiction""}, {""id"": 53, ""name"": ""Thriller""}]",en,418.708552,6.5,8662,Released,Action,1,1,10.090192066666669,18.826145858727198,6.039560546591324,9.06681636189014
37724,Skyfall,200000000,1108561013,143.0,2012.0,"[{""id"": 28, ""name"": ""Action""}, {""id"": 12, ""name"": ""Adventure""}, {""id"": 53, ""name"": ""Thriller""}]",en,93.004993,6.9,7604,Released,Action,1,1,5.542805065,19.11382792951231,4.543347897880621,8.936561204693394
558,Spider-Man 2,200000000,783766341,127.0,2004.0,"[{""id"": 28, ""name"": ""Action""}, {""id"": 12, ""name"": ""Adventure""}, {""id"": 14, ""name"": ""Fantasy""}]",en,35.149586,6.7,4321,Released,Action,1,1,3.918831705,19.11382792951231,3.587665496257038,8.371473537066832
68721,Iron Man 3,200000000,1215439994,130.0,2013.0,"[{""id"": 28, ""name"": ""Action""}, {""id"": 12, ""name"": ""Adventure""}, {""id"": 878, ""name"": ""Science Fiction""}]",en,77.68208,6.8,8806,Released,Action,1,1,6.07719997,19.11382792951231,4.365415429368683,9.08330213880546
12155,Alice in Wonderland,200000000,1025491110,108.0,2010.0,"[{""id"": 10751, ""name"": ""Family""}, {""id"": 14, ""name"": ""Fantasy""}, {""id"": 12, ""name"": ""Adventure""}]",en,78.530105,6.4,4645,Released,Family,1,1,5.12745555,19.11382792951231,4.376135629224679,8.443761913330354
36668,X-Men: The Last Stand,210000000,459359555,104.0,2006.0,"[{""id"": 12, ""name"": ""Adventure""}, {""id"": 28, ""name"": ""Action""}, {""id"": 878, ""name"": ""Science Fiction""}, {""id"": 53, ""name"": ""Thriller""}]",en,3.857526,6.3,3525,Released,Adventure,1,1,2.187426452380953,19.162618093443648,1.58052925480274,8.167919362957816
62211,Monsters University,200000000,743559607,104.0,2013.0,"[{""id"": 16, ""name"": ""Animation""}, {""id"": 10751, ""name"": ""Family""}]",en,89.186492,7.0,3528,Released,Animation,1,1,3.717798035,19.11382792951231,4.501879659756453,8.16876982367527
8373,Transformers: Revenge of the Fallen,150000000,836297228,150.0,2009.0,"[{""id"": 878, ""name"": ""Science Fiction""}, {""id"": 28, ""name"": ""Action""}, {""id"": 12, ""name"": ""Adventure""}]",en,21.939663,6.0,3138,Released,Science Fiction,1,1,5.575314853333333,18.826145858727198,3.1328674210963694,8.051659556841953
91314,Transformers: Age of Extinction,210000000,1091405097,165.0,2014.0,"[{""id"": 878, ""name"": ""Science Fiction""}, {""id"": 28, ""name"": ""Action""}, {""id"": 12, ""name"": ""Adventure""}]",en,116.840296,5.8,3095,Released,Science Fiction,1,1,5.1971671285714285,19.162618093443648,4.769330284031736,8.037866234709618
68728,Oz: The Great and Powerful,200000000,491868548,130.0,2013.0,"[{""id"": 14, ""name"": ""Fantasy""}, {""id"": 12, ""name"": ""Adventure""}, {""id"": 10751, ""name"": ""Family""}]",en,46.985445,5.7,3530,Released,Fantasy,1,1,2.45934274,19.11382792951231,3.8708977357579646,8.169336395928386
102382,The Amazing Spider-Man 2,200000000,705717432,142.0,2014.0,"[{""id"": 28, ""name"": ""Action""}, {""id"": 12, ""name"": ""Adventure""}, {""id"": 14, ""name"": ""Fantasy""}]",en,89.270217,6.5,4179,Released,Action,1,1,3.52858716,19.11382792951231,4.502807583206587,8.338066525518801
20526,TRON: Legacy,170000000,400062763,125.0,2010.0,"[{""id"": 12, ""name"": ""Adventure""}, {""id"": 28, ""name"": ""Action""}, {""id"": 878, ""name"": ""Science Fiction""}]",en,73.79505,6.3,2841,Released,Adventure,1,1,2.3533103705882352,18.951309000896888,4.314751706320084,7.952263308657046
49013,Cars 2,200000000,559852396,106.0,2011.0,"[{""id"": 16, ""name"": ""Animation""}, {""id"": 10751, ""name"": ""Family""}, {""id"": 12, ""name"": ""Adventure""}, {""id"": 35, ""name"": ""Comedy""}]",en,49.98659,5.8,2033,Released,Animation,1,1,2.79926198,19.11382792951231,3.931562656972763,7.617759576608505
44912,Green Lantern,200000000,219851172,114.0,2011.0,"[{""id"": 12, ""name"": ""Adventure""}, {""id"": 28, ""name"": ""Action""}, {""id"": 53, ""name"": ""Thriller""}, {""id"": 878, ""name"": ""Science Fiction""}]",en,51.872839,5.1,2487,Released,Adventure,1,1,1.09925586,19.11382792951231,3.9678897665548822,7.81923445385907
10193,Toy Story 3,200000000,1066969703,103.0,2010.0,"[{""id"": 16, ""name"": ""Animation""}, {""id"": 10751, ""name"": ""Family""}, {""id"": 35, ""name"": ""Comedy""}]",en,59.995418,7.6,4597,Released,Animation,1,1,5.334848515,19.11382792951231,4.1107987465979585,8.433376705323127
534,Terminator Salvation,200000000,371353001,115.0,2009.0,"[{""id"": 28, ""name"": ""Action""}, {""id"": 878, ""name"": ""Science Fiction""}, {""id"": 53, ""name"": ""Thriller""}]",en,71.862892,5.9,2463,Released,Action,1,1,1.856765005,19.11382792951231,4.288579483353765,7.80954132465341
168259,Furious 7,190000000,1506249360,137.0,2015.0,"[{""id"": 28, ""name"": ""Action""}]",en,102.322217,7.3,4176,Released,Action,1,1,7.927628210526316,19.06253463538792,4.637852425604862,8.337348564497175
72190,World War Z,200000000,531865000,116.0,2013.0,"[{""id"": 28, ""name"": ""Action""}, {""id"": 18, ""name"": ""Drama""}, {""id"": 27, ""name"": ""Horror""}, {""id"": 878, ""name"": ""Science Fiction""}, {""id"": 53, ""name"": ""Thriller""}]",en,81.834855,6.7,5560,Released,Action,1,1,2.659325,19.11382792951231,4.416848926921172,8.623533227187565
127585,X-Men: Days of Future Past,250000000,747862775,131.0,2014.0,"[{""id"": 28, ""name"": ""Action""}, {""id"": 12, ""name"": ""Adventure""}, {""id"": 14, ""name"": ""Fantasy""}, {""id"": 878, ""name"": ""Science Fiction""}]",en,118.078691,7.5,6032,Released,Action,1,1,2.9914511,19.33697147982652,4.779784543477146,8.704999678440762
54138,Star Trek Into Darkness,190000000,467365246,132.0,2013.0,"[{""id"": 28, ""name"": ""Action""}, {""id"": 12, ""name"": ""Adventure""}, {""id"": 878, ""name"": ""Science Fiction""}]",en,78.291018,7.4,4418,Released,Action,1,1,2.4598170842105263,19.06253463538792,4.373124856147531,8.39366870513074
81005,Jack the Giant Slayer,195000000,197687603,114.0,2013.0,"[{""id"": 28, ""name"": ""Action""}, {""id"": 10751, ""name"": ""Family""}, {""id"": 14, ""name"": ""Fantasy""}]",en,43.349855,5.5,2598,Released,Action,1,1,1.0137825794871795,19.088510121656228,3.7921094393026675,7.8628820346414905
64682,The Great Gatsby,105000000,351040419,143.0,2013.0,"[{""id"": 18, ""name"": ""Drama""}, {""id"": 10749, ""name"": ""Romance""}]",en,61.196071,7.3,3769,Released,Drama,1,1,3.343242085714285,18.46947091764561,4.13029183054743,8.234830280442056
9543,Prince of Persia: The Sands of Time,150000000,335154643,116.0,2010.0,"[{""id"": 12, ""name"": ""Adventure""}, {""id"": 14, ""name"": ""Fantasy""}, {""id"": 28, ""name"": ""Action""}, {""id"": 10749, ""name"": ""Romance""}]",en,62.169881,6.2,2317,Released,Adventure,1,1,2.234364286666666,18.826145858727198,4.145827621103231,7.748460023899697
68726,Pacific Rim,180000000,407602906,131.0,2013.0,"[{""id"": 28, ""name"": ""Action""}, {""id"": 878, ""name"": ""Science Fiction""}, {""id"": 12, ""name"": ""Adventure""}]",en,56.523205,6.7,4794,Released,Action,1,1,2.264460588888889,19.00846741441004,4.052188431610156,8.475328987317539
38356,Transformers: Dark of the Moon,195000000,1123746996,154.0,2011.0,"[{""id"": 28, ""name"": ""Action""}, {""id"": 878, ""name"": ""Science Fiction""}, {""id"": 12, ""name"": ""Adventure""}]",en,28.529607,6.1,3299,Released,Action,1,1,5.762805107692308,19.088510121656228,3.3853933871674418,8.101677747454572
217,Indiana Jones and the Kingdom of the Crystal Skull,185000000,786636033,122.0,2008.0,"[{""id"": 12, ""name"": ""Adventure""}, {""id"": 28, ""name"": ""Action""}]",en,75.674458,5.7,2495,Released,Adventure,1,1,4.252086664864865,19.035866388448003,4.339568641178461,7.822444729489319
105864,The Good Dinosaur,175000000,331926147,93.0,2015.0,"[{""id"": 12, ""name"": ""Adventure""}, {""id"": 16, ""name"": ""Animation""}, {""id"": 10751, ""name"": ""Family""}]",en,51.692953,6.6,1736,Released,Adventure,1,1,1.89672084,18.980296537602072,3.9644817274410267,7.459914766241105
62177,Brave,185000000,538983207,93.0,2012.0,"[{""id"": 16, ""name"": ""Animation""}, {""id"": 12, ""name"": ""Adventure""}, {""id"": 35, ""name"": ""Comedy""}, {""id"": 10751, ""name"": ""Family""}, {""id"": 28, ""name"": ""Action""}, {""id"": 14, ""name"": ""Fantasy""}]",en,125.114374,6.7,4641,Released,Animation,1,1,2.9134227405405406,19.035866388448003,4.837189225372334,8.442900586834382
188927,Star Trek Beyond,185000000,343471816,122.0,2016.0,"[{""id"": 28, ""name"": ""Action""}, {""id"": 12, ""name"": ""Adventure""}, {""id"": 878, ""name"": ""Science Fiction""}]",en,65.352913,6.6,2568,Released,Action,1,1,1.8566044108108108,19.035866388448003,4.194987663356308,7.851271997109883
10681,WALL·E,180000000,521311860,98.0,2008.0,"[{""id"": 16, ""name"": ""Animation""}, {""id"": 10751, ""name"": ""Family""}]",en,66.390712,7.8,6296,Released,Animation,1,1,2.896177,19.00846741441004,4.210507204268094,8.747828608488742
5174,Rush Hour 3,140000000,258022233,91.0,2007.0,"[{""id"": 28, ""name"": ""Action""}, {""id"": 35, ""name"": ""Comedy""}, {""id"": 80, ""name"": ""Crime""}, {""id"": 53, ""name"": ""Thriller""}]",en,22.57178,6.1,783,Released,Action,1,1,1.84301595,18.757152987716434,3.160050233825037,6.664409020350408
14161,2012,200000000,769653595,158.0,2009.0,"[{""id"": 28, ""name"": ""Action""}, {""id"": 12, ""name"": ""Adventure""}, {""id"": 878, ""name"": ""Science Fiction""}]",en,45.274225,5.6,4903,Released,Action,1,1,3.848267975,19.11382792951231,3.834585110615373,8.497806477616047
17979,A Christmas Carol,200000000,325233863,96.0,2009.0,"[{""id"": 16, ""name"": ""Animation""}, {""id"": 18, ""name"": ""Drama""}]",en,39.744242,6.6,1095,Released,Animation,1,1,1.626169315,19.11382792951231,3.7073145290895027,6.999422467507961
76757,Jupiter Ascending,176000003,183987723,124.0,2015.0,"[{""id"": 878, ""name"": ""Science Fiction""}, {""id"": 14, ""name"": ""Fantasy""}, {""id"": 28, ""name"": ""Action""}, {""id"": 12, ""name"": ""Adventure""}]",en,85.36908,5.2,2768,Released,Science Fiction,1,1,1.0453847719536686,18.9859945757297,4.458629741388757,7.926241523170962
258489,The Legend of Tarzan,180000000,356743061,109.0,2016.0,"[{""id"": 28, ""name"": ""Action""}, {""id"": 12, ""name"": ""Adventure""}]",en,42.741719,5.5,2430,Released,Action,1,1,1.9819058944444443,19.00846741441004,3.7783023148879034,7.796057974316123
411,"The Chronicles of Narnia: The Lion, the Witch and the Wardrobe",180000000,748806957,143.0,2005.0,"[{""id"": 12, ""name"": ""Adventure""}, {""id"": 10751, ""name"": ""Family""}, {""id"": 14, ""name"": ""Fantasy""}]",en,67.391328,6.7,2629,Released,Adventure,1,1,4.16003865,19.00846741441004,4.2252460329650505,7.874739125171811
246655,X-Men: Apocalypse,178000000,543934787,144.0,2016.0,"[{""id"": 878, ""name"": ""Science Fiction""}]",en,139.272042,6.4,4721,Released,Science Fiction,1,1,3.05581341011236,18.997294113874336,4.943583694264458,8.459987717645458
155,The Dark Knight,185000000,1004558444,152.0,2008.0,"[{""id"": 18, ""name"": ""Drama""}, {""id"": 28, ""name"": ""Action""}, {""id"": 80, ""name"": ""Crime""}, {""id"": 53, ""name"": ""Thriller""}]",en,187.322927,8.2,12002,Released,Drama,1,1,5.430045643243243,19.035866388448003,5.238158186084468,9.392911897525345
14160,Up,175000000,735099082,96.0,2009.0,"[{""id"": 16, ""name"": ""Animation""}, {""id"": 35, ""name"": ""Comedy""}, {""id"": 10751, ""name"": ""Family""}, {""id"": 12, ""name"": ""Adventure""}]",en,92.201962,7.7,6870,Released,Animation,1,1,4.200566182857143,18.980296537602072,4.534768772972112,8.835064935031076
15512,Monsters vs Aliens,175000000,381509870,94.0,2009.0,"[{""id"": 16, ""name"": ""Animation""}, {""id"": 10751, ""name"": ""Family""}, {""id"": 12, ""name"": ""Adventure""}, {""id"": 878, ""name"": ""Science Fiction""}]",en,36.167578,6.0,1423,Released,Animation,1,1,2.1800564,18.980296537602072,3.615436822110821,7.261225091971921
1726,Iron Man,140000000,585174222,126.0,2008.0,"[{""id"": 28, ""name"": ""Action""}, {""id"": 878, ""name"": ""Science Fiction""}, {""id"": 12, ""name"": ""Adventure""}]",en,120.725053,7.4,8776,Released,Action,1,1,4.179815871428572,18.757152987716434,4.801764837476351,9.079889942592118
44826,Hugo,170000000,185770160,126.0,2011.0,"[{""id"": 12, ""name"": ""Adventure""}, {""id"": 18, ""name"": ""Drama""}, {""id"": 10751, ""name"": ""Family""}]",en,32.319043,7.0,2141,Released,Adventure,1,1,1.0927656470588236,18.951309000896888,3.5061290953975766,7.669495251007694
8487,Wild Wild West,170000000,222104681,106.0,1999.0,"[{""id"": 28, ""name"": ""Action""}, {""id"": 12, ""name"": ""Adventure""}, {""id"": 35, ""name"": ""Comedy""}, {""id"": 878, ""name"": ""Science Fiction""}, {""id"": 37, ""name"": ""Western""}]",en,40.748915,5.1,1020,Released,Action,1,1,1.3064981235294115,18.951309000896888,3.731673462935218,6.928537818164665
1735,The Mummy: Tomb of the Dragon Emperor,145000000,401128639,112.0,2008.0,"[{""id"": 12, ""name"": ""Adventure""}, {""id"": 28, ""name"": ""Action""}, {""id"": 14, ""name"": ""Fantasy""}]",en,60.034162,5.2,1387,Released,Adventure,1,1,2.766404406896552,18.7922443072814,4.11143374020036,7.23561914106675
297761,Suicide Squad,175000000,745000000,123.0,2016.0,"[{""id"": 28, ""name"": ""Action""}, {""id"": 12, ""name"": ""Adventure""}, {""id"": 80, ""name"": ""Crime""}, {""id"": 14, ""name"": ""Fantasy""}, {""id"": 878, ""name"": ""Science Fiction""}]",en,90.23792,5.9,7458,Released,Action,1,1,4.257142857142857,18.980296537602072,4.51347060013748,8.917176635955164
2698,Evan Almighty,175000000,173000000,96.0,2007.0,"[{""id"": 14, ""name"": ""Fantasy""}, {""id"": 35, ""name"": ""Comedy""}, {""id"": 10751, ""name"": ""Family""}]",en,27.082182,5.3,1151,Released,Fantasy,1,1,0.9885714285714284,18.980296537602072,3.335135282691319,7.049254841255837
137113,Edge of Tomorrow,178000000,370541256,113.0,2014.0,"[{""id"": 28, ""name"": ""Action""}, {""id"": 878, ""name"": ""Science Fiction""}]",en,79.456485,7.6,4858,Released,Action,1,1,2.081692449438202,18.997294113874336,4.387716479263615,8.488587934405903
9804,Waterworld,175000000,264218220,135.0,1995.0,"[{""id"": 12, ""name"": ""Adventure""}, {""id"": 28, ""name"": ""Action""}]",en,44.640292,5.9,992,Released,Adventure,1,1,1.5098184,18.980296537602072,3.8207909228699903,6.900730664045173
14869,G.I. Joe: The Rise of Cobra,175000000,302469017,118.0,2009.0,"[{""id"": 12, ""name"": ""Adventure""}, {""id"": 28, ""name"": ""Action""}, {""id"": 53, ""name"": ""Thriller""}, {""id"": 878, ""name"": ""Science Fiction""}]",en,32.852443,5.6,1962,Released,Adventure,1,1,1.7283943828571429,18.980296537602072,3.5220111680982233,7.5822291942764615
150540,Inside Out,175000000,857611174,94.0,2015.0,"[{""id"": 18, ""name"": ""Drama""}, {""id"": 35, ""name"": ""Comedy""}, {""id"": 16, ""name"": ""Animation""}, {""id"": 10751, ""name"": ""Family""}]",en,128.655964,8.0,6560,Released,Drama,1,1,4.90063528,18.980296537602072,4.864884511697978,8.788898309344878
278927,The Jungle Book,175000000,966550600,106.0,2016.0,"[{""id"": 10751, ""name"": ""Family""}, {""id"": 12, ""name"": ""Adventure""}, {""id"": 18, ""name"": ""Drama""}, {""id"": 14, ""name"": ""Fantasy""}]",en,94.199316,6.7,2892,Released,Family,1,1,5.523146285714286,18.980296537602072,4.5559727568975585,7.970049304976135
10138,Iron Man 2,200000000,623933331,124.0,2010.0,"[{""id"": 12, ""name"": ""Adventure""}, {""id"": 28, ""name"": ""Action""}, {""id"": 878, ""name"": ""Science Fiction""}]",en,77.300194,6.6,6849,Released,Adventure,1,1,3.119666655,19.11382792951231,4.360550080643752,8.83200393125627
58595,Snow White and the Huntsman,170000000,396600000,127.0,2012.0,"[{""id"": 12, ""name"": ""Adventure""}, {""id"": 14, ""name"": ""Fantasy""}, {""id"": 18, ""name"": ""Drama""}]",en,77.178973,5.8,3118,Released,Adventure,1,1,2.3329411764705883,18.951309000896888,4.359000723926518,8.045267716607803
102651,Maleficent,180000000,758539785,97.0,2014.0,"[{""id"": 14, ""name"": ""Fantasy""}, {""id"": 12, ""name"": ""Adventure""}, {""id"": 28, ""name"": ""Action""}, {""id"": 10751, ""name"": ""Family""}, {""id"": 10749, ""name"": ""Romance""}]",en,110.620647,7.0,4496,Released,Fantasy,1,1,4.214109916666667,19.00846741441004,4.715106041795737,8.411165786770708
119450,Dawn of the Planet of the Apes,170000000,710644566,130.0,2014.0,"[{""id"": 878, ""name"": ""Science Fiction""}, {""id"": 28, ""name"": ""Action""}, {""id"": 18, ""name"": ""Drama""}, {""id"": 53, ""name"": ""Thriller""}]",en,243.791743,7.3,4410,Released,Science Fiction,1,1,4.180262152941176,18.951309000896888,5.500407820494153,8.39185670010494
64686,47 Ronin,175000000,150962475,119.0,2013.0,"[{""id"": 18, ""name"": ""Drama""}, {""id"": 28, ""name"": ""Action""}, {""id"": 12, ""name"": ""Adventure""}, {""id"": 14, ""name"": ""Fantasy""}]",en,41.796339,5.9,1326,Released,Drama,1,1,0.8626427142857143,18.980296537602072,3.756452561546043,7.190676034332207
100402,Captain America: The Winter Soldier,170000000,714766572,136.0,2014.0,"[{""id"": 28, ""name"": ""Action""}, {""id"": 12, ""name"": ""Adventure""}, {""id"": 878, ""name"": ""Science Fiction""}]",en,72.225265,7.6,5764,Released,Action,1,1,4.204509247058824,18.951309000896888,4.293540511689836,8.65956043270316
10192,Shrek Forever After,165000000,752600867,93.0,2010.0,"[{""id"": 35, ""name"": ""Comedy""}, {""id"": 12, ""name"": ""Adventure""}, {""id"": 14, ""name"": ""Fantasy""}, {""id"": 16, ""name"": ""Animation""}, {""id"": 10751, ""name"": ""Family""}]",en,44.041186,6.0,1959,Released,Comedy,1,1,4.561217375757575,18.92145603792546,3.8075773156339507,7.580699752224563
158852,Tomorrowland,190000000,209154322,130.0,2015.0,"[{""id"": 12, ""name"": ""Adventure""}, {""id"": 10751, ""name"": ""Family""}, {""id"": 9648, ""name"": ""Mystery""}, {""id"": 878, ""name"": ""Science Fiction""}]",en,130.311355,6.2,2846,Released,Adventure,1,1,1.1008122210526317,19.06253463538792,4.877571258909897,7.954021087278037
177572,Big Hero 6,165000000,652105443,102.0,2014.0,"[{""id"": 12, ""name"": ""Adventure""}, {""id"": 10751, ""name"": ""Family""}, {""id"": 16, ""name"": ""Animation""}, {""id"": 28, ""name"": ""Action""}, {""id"": 35, ""name"": ""Comedy""}]",en,203.73459,7.8,6135,Released,Adventure,1,1,3.9521542,18.92145603792546,5.321714457385551,8.721928343047091
82690,Wreck-It Ralph,165000000,471222889,108.0,2012.0,"[{""id"": 10751, ""name"": ""Family""}, {""id"": 16, ""name"": ""Animation""}, {""id"": 35, ""name"": ""Comedy""}, {""id"": 12, ""name"": ""Adventure""}]",en,62.341073,7.1,4570,Released,Family,1,1,2.855896296969697,18.92145603792546,4.14853398128908,8.427487278331744
5255,The Polar Express,165000000,305875730,100.0,2004.0,"[{""id"": 12, ""name"": ""Adventure""}, {""id"": 16, ""name"": ""Animation""}, {""id"": 10751, ""name"": ""Family""}, {""id"": 14, ""name"": ""Fantasy""}]",en,47.323228,6.4,1474,Released,Adventure,1,1,1.853792303030303,18.92145603792546,3.8779123560309907,7.29641326877392
47933,Independence Day: Resurgence,165000000,389681935,120.0,2016.0,"[{""id"": 28, ""name"": ""Action""}, {""id"": 12, ""name"": ""Adventure""}, {""id"": 878, ""name"": ""Science Fiction""}]",en,48.775723,4.9,2491,Released,Action,1,1,2.3617086969696968,18.92145603792546,3.9075273752089066,7.820840879907344
10191,How to Train Your Dragon,165000000,494878759,98.0,2010.0,"[{""id"": 14, ""name"": ""Fantasy""}, {""id"": 12, ""name"": ""Adventure""}, {""id"": 16, ""name"": ""Animation""}, {""id"": 10751, ""name"": ""Family""}]",en,67.263269,7.5,4227,Released,Fantasy,1,1,2.999265206060606,18.92145603792546,4.223371832750837,8.349484346990128
296,Terminator 3: Rise of the Machines,200000000,435000000,109.0,2003.0,"[{""id"": 28, ""name"": ""Action""}, {""id"": 53, ""name"": ""Thriller""}, {""id"": 878, ""name"": ""Science Fiction""}]",en,69.405188,5.9,2143,Released,Action,1,1,2.175,19.11382792951231,4.254266953630606,7.670428522190693
118340,Guardians of the Galaxy,170000000,773328629,121.0,2014.0,"[{""id"": 28, ""name"": ""Action""}, {""id"": 878, ""name"": ""Science Fiction""}, {""id"": 12, ""name"": ""Adventure""}]",en,481.098624,7.9,9742,Released,Action,1,1,4.548991935294118,18.951309000896888,6.178148707227873,9.184304357425342
157336,Interstellar,165000000,675120017,169.0,2014.0,"[{""id"": 12, ""name"": ""Adventure""}, {""id"": 18, ""name"": ""Drama""}, {""id"": 878, ""name"": ""Science Fiction""}]",en,724.247784,8.1,10867,Released,Adventure,1,1,4.0916364666666665,18.92145603792546,6.586513367498741,9.293577970546238
27205,Inception,160000000,825532764,148.0,2010.0,"[{""id"": 28, ""name"": ""Action""}, {""id"": 53, ""name"": ""Thriller""}, {""id"": 878, ""name"": ""Science Fiction""}, {""id"": 9648, ""name"": ""Mystery""}, {""id"": 12, ""name"": ""Adventure""}]",en,167.58371,8.1,13752,Released,Action,1,1,5.159579775,18.8906843794481,5.127432421682736,9.529012261114708
315011,Shin Godzilla,15000000,77000000,120.0,2016.0,"[{""id"": 28, ""name"": ""Action""}, {""id"": 12, ""name"": ""Adventure""}, {""id"": 18, ""name"": ""Drama""}, {""id"": 27, ""name"": ""Horror""}, {""id"": 878, ""name"": ""Science Fiction""}]",ja,9.476999,6.5,143,Released,Action,1,1,5.133333333333334,16.52356082573315,2.3491822829236533,4.969813299576001
49051,The Hobbit: An Unexpected Journey,250000000,1021103568,169.0,2012.0,"[{""id"": 12, ""name"": ""Adventure""}, {""id"": 14, ""name"": ""Fantasy""}, {""id"": 28, ""name"": ""Action""}]",en,108.849621,7.0,8297,Released,Adventure,1,1,4.084414272,19.33697147982652,4.699112348665359,9.023769800892813
9799,The Fast and the Furious,38000000,207283925,106.0,2001.0,"[{""id"": 28, ""name"": ""Action""}, {""id"": 80, ""name"": ""Crime""}, {""id"": 53, ""name"": ""Thriller""}]",en,6.909942,6.6,3428,Released,Action,1,1,5.454840131578948,17.453096744006448,2.068120449262161,8.14002395246292
4922,The Curious Case of Benjamin Button,150000000,333932083,166.0,2008.0,"[{""id"": 14, ""name"": ""Fantasy""}, {""id"": 18, ""name"": ""Drama""}, {""id"": 53, ""name"": ""Thriller""}, {""id"": 9648, ""name"": ""Mystery""}, {""id"": 10749, ""name"": ""Romance""}]",en,60.269279,7.3,3292,Released,Fantasy,1,1,2.2262138866666668,18.826145858727198,4.11527855908223,8.099554282376364
49538,X-Men: First Class,160000000,353624124,132.0,2011.0,"[{""id"": 28, ""name"": ""Action""}, {""id"": 878, ""name"": ""Science Fiction""}, {""id"": 12, ""name"": ""Adventure""}]",en,3.195174,7.1,5181,Released,Action,1,1,2.210150775,18.8906843794481,1.4339348170089237,8.552946361122055
131634,The Hunger Games: Mockingjay - Part 2,160000000,653428261,137.0,2015.0,"[{""id"": 28, ""name"": ""Action""}, {""id"": 12, ""name"": ""Adventure""}, {""id"": 878, ""name"": ""Science Fiction""}]",en,127.284427,6.6,3984,Released,Action,1,1,4.08392663125,18.8906843794481,4.854249884675382,8.290292591224315
27022,The Sorcerer's Apprentice,150000000,215283742,109.0,2010.0,"[{""id"": 14, ""name"": ""Fantasy""}, {""id"": 12, ""name"": ""Adventure""}, {""id"": 28, ""name"": ""Action""}, {""id"": 35, ""name"": ""Comedy""}, {""id"": 18, ""name"": ""Drama""}]",en,35.580815,5.8,1470,Released,Fantasy,1,1,1.435224946666667,18.826145858727198,3.599523922648916,7.293697720601438
503,Poseidon,160000000,181674817,99.0,2006.0,"[{""id"": 12, ""name"": ""Adventure""}, {""id"": 28, ""name"": ""Action""}, {""id"": 18, ""name"": ""Drama""}, {""id"": 53, ""name"": ""Thriller""}]",en,21.133748,5.5,583,Released,Adventure,1,1,1.13546760625,18.8906843794481,3.0971035025785407,6.369900982828227
241259,Alice Through the Looking Glass,170000000,299370084,113.0,2016.0,"[{""id"": 14, ""name"": ""Fantasy""}]",en,56.268916,6.5,1725,Released,Fantasy,1,1,1.7610004941176471,18.951309000896888,4.047757998341177,7.453561871643373
810,Shrek the Third,160000000,798958165,93.0,2007.0,"[{""id"": 14, ""name"": ""Fantasy""}, {""id"": 12, ""name"": ""Adventure""}, {""id"": 16, ""name"": ""Animation""}, {""id"": 35, ""name"": ""Comedy""}, {""id"": 10751, ""name"": ""Family""}]",en,42.986467,6.0,2278,Released,Fantasy,1,1,4.99348853125,18.8906843794481,3.783882018427649,7.731492029245684
68735,Warcraft,160000000,433677183,123.0,2016.0,"[{""id"": 28, ""name"": ""Action""}, {""id"": 12, ""name"": ""Adventure""}, {""id"": 14, ""name"": ""Fantasy""}]",en,63.148529,6.3,2268,Released,Action,1,1,2.71048239375,18.8906843794481,4.161201160167402,7.727094484779842
87101,Terminator Genisys,155000000,440603537,126.0,2015.0,"[{""id"": 878, ""name"": ""Science Fiction""}, {""id"": 28, ""name"": ""Action""}, {""id"": 53, ""name"": ""Thriller""}, {""id"": 12, ""name"": ""Adventure""}]",en,202.042635,5.8,3631,Released,Science Fiction,1,1,2.842603464516129,18.858935681335133,5.313415981620244,8.197538739721184
10140,The Chronicles of Narnia: The Voyage of the Dawn Treader,155000000,415686217,113.0,2010.0,"[{""id"": 12, ""name"": ""Adventure""}, {""id"": 10751, ""name"": ""Family""}, {""id"": 14, ""name"": ""Fantasy""}]",en,49.661984,6.2,1514,Released,Adventure,1,1,2.6818465612903224,18.858935681335133,3.9251758068544462,7.323170717943469
676,Pearl Harbor,140000000,449220945,183.0,2001.0,"[{""id"": 36, ""name"": ""History""}, {""id"": 10749, ""name"": ""Romance""}, {""id"": 10752, ""name"": ""War""}]",en,34.20669,6.6,1791,Released,History,1,1,3.208721035714286,18.757152987716434,3.5612361213637245,7.491087593534876
1858,Transformers,150000000,709709780,144.0,2007.0,"[{""id"": 12, ""name"": ""Adventure""}, {""id"": 878, ""name"": ""Science Fiction""}, {""id"": 28, ""name"": ""Action""}]",en,25.468493,6.6,4040,Released,Adventure,1,1,4.7313985333333335,18.826145858727198,3.2759550822420254,8.304247465078474
1966,Alexander,155000000,167298192,175.0,2004.0,"[{""id"": 10752, ""name"": ""War""}, {""id"": 36, ""name"": ""History""}, {""id"": 28, ""name"": ""Action""}, {""id"": 12, ""name"": ""Adventure""}, {""id"": 18, ""name"": ""Drama""}, {""id"": 10749, ""name"": ""Romance""}]",en,39.019229,5.6,927,Released,War,1,1,1.0793431741935484,18.858935681335133,3.6893600636026913,6.833031732786201
675,Harry Potter and the Order of the Phoenix,150000000,938212738,138.0,2007.0,"[{""id"": 12, ""name"": ""Adventure""}, {""id"": 14, ""name"": ""Fantasy""}, {""id"": 10751, ""name"": ""Family""}, {""id"": 9648, ""name"": ""Mystery""}]",en,78.144395,7.4,5494,Released,Adventure,1,1,6.254751586666667,18.826145858727198,4.371273968911125,8.611593866837723
674,Harry Potter and the Goblet of Fire,150000000,895921036,157.0,2005.0,"[{""id"": 12, ""name"": ""Adventure""}, {""id"": 14, ""name"": ""Fantasy""}, {""id"": 10751, ""name"": ""Family""}]",en,101.250416,7.5,5608,Released,Adventure,1,1,5.9728069066666665,18.826145858727198,4.6274248633742925,8.632127729508337
8960,Hancock,150000000,624029371,92.0,2008.0,"[{""id"": 14, ""name"": ""Fantasy""}, {""id"": 28, ""name"": ""Action""}]",en,56.758411,6.2,2961,Released,Fantasy,1,1,4.160195806666667,18.826145858727198,4.056268983818342,7.993619994827744
6479,I Am Legend,150000000,585349010,101.0,2007.0,"[{""id"": 18, ""name"": ""Drama""}, {""id"": 27, ""name"": ""Horror""}, {""id"": 28, ""name"": ""Action""}, {""id"": 53, ""name"": ""Thriller""}, {""id"": 878, ""name"": ""Science Fiction""}]",en,70.867401,6.9,4853,Released,Drama,1,1,3.902326733333333,18.826145858727198,4.274822768310819,8.487558386286548
118,Charlie and the Chocolate Factory,150000000,474968763,115.0,2005.0,"[{""id"": 12, ""name"": ""Adventure""}, {""id"": 35, ""name"": ""Comedy""}, {""id"": 10751, ""name"": ""Family""}, {""id"": 14, ""name"": ""Fantasy""}]",en,53.905592,6.7,3624,Released,Adventure,1,1,3.16645842,18.826145858727198,4.005615201251816,8.195609567288775
2062,Ratatouille,150000000,623722818,111.0,2007.0,"[{""id"": 16, ""name"": ""Animation""}, {""id"": 35, ""name"": ""Comedy""}, {""id"": 10751, ""name"": ""Family""}, {""id"": 14, ""name"": ""Fantasy""}]",en,65.677399,7.5,4369,Released,Animation,1,1,4.15815212,18.826145858727198,4.199866049923233,8.382518288089635
272,Batman Begins,150000000,374218673,140.0,2005.0,"[{""id"": 28, ""name"": ""Action""}, {""id"": 80, ""name"": ""Crime""}, {""id"": 18, ""name"": ""Drama""}]",en,115.040024,7.5,7359,Released,Action,1,1,2.4947911533333333,18.826145858727198,4.753935166078414,8.903815211722922
10527,Madagascar: Escape 2 Africa,150000000,603900354,89.0,2008.0,"[{""id"": 10751, ""name"": ""Family""}, {""id"": 16, ""name"": ""Animation""}]",en,44.141021,6.2,1810,Released,Family,1,1,4.02600236,18.826145858727198,3.8097913896537543,7.501634457883413
18360,Night at the Museum: Battle of the Smithsonian,150000000,413106170,105.0,2009.0,"[{""id"": 12, ""name"": ""Adventure""}, {""id"": 14, ""name"": ""Fantasy""}, {""id"": 28, ""name"": ""Action""}, {""id"": 35, ""name"": ""Comedy""}, {""id"": 10751, ""name"": ""Family""}]",en,81.781591,5.9,1971,Released,Adventure,1,1,2.754041133333333,18.826145858727198,4.416205705754157,7.586803535162581
2080,X-Men Origins: Wolverine,150000000,373062864,107.0,2009.0,"[{""id"": 12, ""name"": ""Adventure""}, {""id"": 28, ""name"": ""Action""}, {""id"": 53, ""name"": ""Thriller""}, {""id"": 878, ""name"": ""Science Fiction""}]",en,5.954334,6.2,4021,Released,Adventure,1,1,2.48708576,18.826145858727198,1.9393650623431131,8.299534570332597
605,The Matrix Revolutions,150000000,424988211,129.0,2003.0,"[{""id"": 12, ""name"": ""Adventure""}, {""id"": 28, ""name"": ""Action""}, {""id"": 53, ""name"": ""Thriller""}, {""id"": 878, ""name"": ""Science Fiction""}]",en,73.313918,6.4,3096,Released,Adventure,1,1,2.83325474,18.826145858727198,4.308298255850111,8.038189179973203
109445,Frozen,150000000,1274219009,102.0,2013.0,"[{""id"": 16, ""name"": ""Animation""}, {""id"": 12, ""name"": ""Adventure""}, {""id"": 10751, ""name"": ""Family""}]",en,165.125366,7.3,5295,Released,Animation,1,1,8.494793393333333,18.826145858727198,5.112742720191253,8.574707097616844
604,The Matrix Reloaded,150000000,738599701,138.0,2003.0,"[{""id"": 12, ""name"": ""Adventure""}, {""id"": 28, ""name"": ""Action""}, {""id"": 53, ""name"": ""Thriller""}, {""id"": 878, ""name"": ""Science Fiction""}]",en,70.78591,6.7,3443,Released,Adventure,1,1,4.923998006666666,18.826145858727198,4.27368821724236,8.144388865547622
76338,Thor: The Dark World,170000000,644571402,112.0,2013.0,"[{""id"": 28, ""name"": ""Action""}, {""id"": 12, ""name"": ""Adventure""}, {""id"": 14, ""name"": ""Fantasy""}]",en,99.499595,6.8,4755,Released,Action,1,1,3.791596482352941,18.951309000896888,4.610153697640264,8.467162257810672
76341,Mad Max: Fury Road,150000000,378858340,120.0,2015.0,"[{""id"": 28, ""name"": ""Action""}, {""id"": 12, ""name"": ""Adventure""}, {""id"": 878, ""name"": ""Science Fiction""}, {""id"": 53, ""name"": ""Thriller""}]",en,434.278564,7.2,9427,Released,Action,1,1,2.5257222666666665,18.826145858727198,6.075986203146313,9.151439264056021
13448,Angels & Demons,150000000,356613439,138.0,2009.0,"[{""id"": 53, ""name"": ""Thriller""}, {""id"": 9648, ""name"": ""Mystery""}]",en,67.447636,6.5,2129,Released,Thriller,1,1,2.3774229266666667,18.826145858727198,4.2260690149802915,7.6638772587034705
10195,Thor,150000000,449326618,115.0,2011.0,"[{""id"": 12, ""name"": ""Adventure""}, {""id"": 14, ""name"": ""Fantasy""}, {""id"": 28, ""name"": ""Action""}]",en,86.493424,6.6,6525,Released,Adventure,1,1,2.995510786666667,18.826145858727198,4.47156363625363,8.783549477153265
13053,Bolt,150000000,309979994,98.0,2008.0,"[{""id"": 16, ""name"": ""Animation""}, {""id"": 10751, ""name"": ""Family""}, {""id"": 12, ""name"": ""Adventure""}, {""id"": 35, ""name"": ""Comedy""}]",en,41.845878,6.3,1750,Released,Animation,1,1,2.0665332933333334,18.826145858727198,3.7576094443839816,7.467942332285852
19585,G-Force,150000000,292817841,88.0,2009.0,"[{""id"": 14, ""name"": ""Fantasy""}, {""id"": 28, ""name"": ""Action""}, {""id"": 12, ""name"": ""Adventure""}, {""id"": 10751, ""name"": ""Family""}, {""id"": 35, ""name"": ""Comedy""}]",en,26.710398,5.1,510,Released,Fantasy,1,1,1.95211894,18.826145858727198,3.3218077218175712,6.236369590203704
57165,Wrath of the Titans,150000000,301000000,99.0,2012.0,"[{""id"": 12, ""name"": ""Adventure""}]",en,44.927635,5.5,1431,Released,Adventure,1,1,2.006666666666667,18.826145858727198,3.827067005612018,7.266827347520591
62213,Dark Shadows,150000000,245527149,113.0,2012.0,"[{""id"": 35, ""name"": ""Comedy""}, {""id"": 14, ""name"": ""Fantasy""}]",en,50.306728,5.7,2320,Released,Comedy,1,1,1.63684766,18.826145858727198,3.9378218936747675,7.749753406274437
177677,Mission: Impossible - Rogue Nation,150000000,682330139,131.0,2015.0,"[{""id"": 28, ""name"": ""Action""}, {""id"": 12, ""name"": ""Adventure""}, {""id"": 53, ""name"": ""Thriller""}]",en,114.522237,7.1,3224,Released,Action,1,1,4.548867593333333,18.826145858727198,4.749463039569213,8.078688229229872
5559,Bee Movie,150000000,287594577,91.0,2007.0,"[{""id"": 10751, ""name"": ""Family""}, {""id"": 16, ""name"": ""Animation""}, {""id"": 12, ""name"": ""Adventure""}, {""id"": 35, ""name"": ""Comedy""}]",en,29.332905,5.7,1171,Released,Family,1,1,1.91729718,18.826145858727198,3.412233096869919,7.066466970136958
49444,Kung Fu Panda 2,150000000,665692281,91.0,2011.0,"[{""id"": 16, ""name"": ""Animation""}, {""id"": 10751, ""name"": ""Family""}]",en,51.247321,6.7,1880,Released,Animation,1,1,4.43794854,18.826145858727198,3.9559886168031566,7.53955882930103
10196,The Last Airbender,150000000,318502923,103.0,2010.0,"[{""id"": 28, ""name"": ""Action""}, {""id"": 12, ""name"": ""Adventure""}, {""id"": 10751, ""name"": ""Family""}, {""id"": 14, ""name"": ""Fantasy""}]",en,33.769336,4.7,1151,Released,Action,1,1,2.12335282,18.826145858727198,3.548735848914787,7.049254841255837
956,Mission: Impossible III,150000000,397850012,126.0,2006.0,"[{""id"": 12, ""name"": ""Adventure""}, {""id"": 28, ""name"": ""Action""}, {""id"": 53, ""name"": ""Thriller""}]",en,63.079003,6.5,2028,Released,Adventure,1,1,2.6523334133333334,18.826145858727198,4.160116743962412,7.615298339825815
117251,White House Down,150000000,205366737,131.0,2013.0,"[{""id"": 28, ""name"": ""Action""}, {""id"": 18, ""name"": ""Drama""}, {""id"": 53, ""name"": ""Thriller""}]",en,39.004588,6.4,1891,Released,Action,1,1,1.36911158,18.826145858727198,3.6889941475363943,7.545389749611823
50321,Mars Needs Moms,150000000,38992758,88.0,2011.0,"[{""id"": 12, ""name"": ""Adventure""}, {""id"": 16, ""name"": ""Animation""}, {""id"": 10751, ""name"": ""Family""}]",en,12.362599,5.5,199,Released,Adventure,1,1,0.25995172,18.826145858727198,2.5924596851169834,5.298317366548036
11619,Flushed Away,149000000,64459316,85.0,2006.0,"[{""id"": 12, ""name"": ""Adventure""}, {""id"": 16, ""name"": ""Animation""}, {""id"": 35, ""name"": ""Comedy""}, {""id"": 10751, ""name"": ""Family""}]",en,22.550135,6.0,874,Released,Adventure,1,1,0.4326128590604027,18.819456870621142,3.1591315529300728,6.774223886357614
266647,Pan,150000000,128388320,111.0,2015.0,"[{""id"": 12, ""name"": ""Adventure""}, {""id"": 10751, ""name"": ""Family""}, {""id"": 14, ""name"": ""Fantasy""}]",en,48.03528,5.9,954,Released,Adventure,1,1,0.8559221333333333,18.826145858727198,3.8925400390349756,6.86171134048073
82703,Mr. Peabody & Sherman,145000000,272912430,92.0,2014.0,"[{""id"": 16, ""name"": ""Animation""}, {""id"": 12, ""name"": ""Adventure""}, {""id"": 10751, ""name"": ""Family""}]",en,38.73494,6.7,843,Released,Animation,1,1,1.8821546896551724,18.7922443072814,3.6822309013872276,6.738152494595957
652,Troy,175000000,497409852,163.0,2004.0,"[{""id"": 12, ""name"": ""Adventure""}, {""id"": 18, ""name"": ""Drama""}, {""id"": 10752, ""name"": ""War""}]",en,66.803149,6.9,2759,Released,Adventure,1,1,2.842342011428572,18.980296537602072,4.216608639295523,7.9229859587111955
80321,Madagascar 3: Europe's Most Wanted,145000000,746921274,93.0,2012.0,"[{""id"": 16, ""name"": ""Animation""}, {""id"": 10751, ""name"": ""Family""}]",en,44.989192,6.4,1808,Released,Animation,1,1,5.1511812,18.7922443072814,3.828406412360748,7.500529485395295
36669,Die Another Day,140000000,431971116,133.0,2002.0,"[{""id"": 12, ""name"": ""Adventure""}, {""id"": 28, ""name"": ""Action""}, {""id"": 53, ""name"": ""Thriller""}]",en,54.159392,5.8,1092,Released,Adventure,1,1,3.085507971428572,18.757152987716434,4.010227030384295,6.996681488176539
43074,Ghostbusters,144000000,229147509,116.0,2016.0,"[{""id"": 28, ""name"": ""Action""}, {""id"": 14, ""name"": ""Fantasy""}, {""id"": 35, ""name"": ""Comedy""}]",en,66.21806,5.3,2142,Released,Action,1,1,1.5913021458333334,18.78532386448472,4.207941961422292,7.669961995473577
95,Armageddon,140000000,553799566,151.0,1998.0,"[{""id"": 28, ""name"": ""Action""}, {""id"": 53, ""name"": ""Thriller""}, {""id"": 878, ""name"": ""Science Fiction""}, {""id"": 12, ""name"": ""Adventure""}]",en,58.485967,6.4,2482,Released,Action,1,1,3.9557111857142857,18.757152987716434,4.0857404359954,7.817222785508166
608,Men in Black II,140000000,441818803,88.0,2002.0,"[{""id"": 28, ""name"": ""Action""}, {""id"": 12, ""name"": ""Adventure""}, {""id"": 35, ""name"": ""Comedy""}, {""id"": 878, ""name"": ""Science Fiction""}]",en,91.332849,6.0,3114,Released,Action,1,1,3.1558485928571427,18.757152987716434,4.525399972018106,8.043984431221553
2310,Beowulf,70000000,195735876,115.0,2007.0,"[{""id"": 12, ""name"": ""Adventure""}, {""id"": 28, ""name"": ""Action""}, {""id"": 16, ""name"": ""Animation""}]",en,35.601665,5.5,841,Released,Adventure,1,1,2.7962268,18.064005814299346,3.6000937311758783,6.7357800142423265
140300,Kung Fu Panda 3,145000000,521170825,95.0,2016.0,"[{""id"": 28, ""name"": ""Action""}, {""id"": 12, ""name"": ""Adventure""}, {""id"": 16, ""name"": ""Animation""}, {""id"": 35, ""name"": ""Comedy""}, {""id"": 10751, ""name"": ""Family""}]",en,56.747978,6.7,1603,Released,Action,1,1,3.594281551724138,18.7922443072814,4.056088335801921,7.38025578842646
56292,Mission: Impossible - Ghost Protocol,145000000,694713380,133.0,2011.0,"[{""id"": 28, ""name"": ""Action""}, {""id"": 53, ""name"": ""Thriller""}, {""id"": 12, ""name"": ""Adventure""}]",en,77.77477,6.8,3972,Released,Action,1,1,4.79112675862069,18.7922443072814,4.366592767931047,8.287276755814599
81188,Rise of the Guardians,145000000,306941670,97.0,2012.0,"[{""id"": 14, ""name"": ""Fantasy""}, {""id"": 16, ""name"": ""Animation""}, {""id"": 10751, ""name"": ""Family""}]",en,61.788035,7.1,1922,Released,Fantasy,1,1,2.116839103448276,18.7922443072814,4.139764529844162,7.56164174558878
7552,Fun with Dick and Jane,100000000,202026112,90.0,2005.0,"[{""id"": 35, ""name"": ""Comedy""}]",en,25.159168,5.9,627,Released,Comedy,1,1,2.02026112,18.420680753952364,3.2641997218018854,6.4425401664681985
616,The Last Samurai,140000000,456758981,154.0,2003.0,"[{""id"": 18, ""name"": ""Drama""}, {""id"": 28, ""name"": ""Action""}, {""id"": 10752, ""name"": ""War""}, {""id"": 36, ""name"": ""History""}]",en,52.341226,7.3,1895,Released,Drama,1,1,3.26256415,18.757152987716434,3.9767095031166475,7.547501682814967
147441,Exodus: Gods and Kings,140000000,268031828,150.0,2014.0,"[{""id"": 12, ""name"": ""Adventure""}, {""id"": 18, ""name"": ""Drama""}, {""id"": 28, ""name"": ""Action""}]",en,101.599427,5.6,1921,Released,Adventure,1,1,1.9145130571428568,18.757152987716434,4.630832347925753,7.561121589530238
13475,Star Trek,150000000,385680446,127.0,2009.0,"[{""id"": 878, ""name"": ""Science Fiction""}, {""id"": 28, ""name"": ""Action""}, {""id"": 12, ""name"": ""Adventure""}]",en,73.616808,7.4,4518,Released,Science Fiction,1,1,2.571202973333333,18.826145858727198,4.312365790142602,8.41604600941128
557,Spider-Man,139000000,821708551,121.0,2002.0,"[{""id"": 14, ""name"": ""Fantasy""}, {""id"": 28, ""name"": ""Action""}]",en,82.502566,6.8,5265,Released,Fantasy,1,1,5.911572309352518,18.749984498289212,4.424877361923558,8.569026340056254
82702,How to Train Your Dragon 2,145000000,609123048,102.0,2014.0,"[{""id"": 14, ""name"": ""Fantasy""}, {""id"": 28, ""name"": ""Action""}, {""id"": 12, ""name"": ""Adventure""}, {""id"": 16, ""name"": ""Animation""}, {""id"": 35, ""name"": ""Comedy""}, {""id"": 10751, ""name"": ""Family""}]",en,100.21391,7.6,3106,Released,Fantasy,1,1,4.200848606896551,18.7922443072814,4.617236198000783,8.041412909393047
205584,Gods of Egypt,140000000,150680864,127.0,2016.0,"[{""id"": 14, ""name"": ""Fantasy""}]",en,56.257249,5.3,1277,Released,Fantasy,1,1,1.0762918857142858,18.757152987716434,4.047554254506038,7.15305163493748
10048,Stealth,135000000,76932943,121.0,2005.0,"[{""id"": 28, ""name"": ""Action""}]",en,17.88953,4.9,331,Released,Action,1,1,0.5698736518518519,18.72078534381011,2.938607800314524,5.805134968916488
13183,Watchmen,130000000,185258983,163.0,2009.0,"[{""id"": 28, ""name"": ""Action""}, {""id"": 9648, ""name"": ""Mystery""}, {""id"": 878, ""name"": ""Science Fiction""}]",en,64.798873,7.0,2811,Released,Action,1,1,1.4250691,18.683045016112164,4.186602710525017,7.941651252930556
944,Lethal Weapon 4,140000000,285444603,127.0,1998.0,"[{""id"": 28, ""name"": ""Action""}, {""id"": 12, ""name"": ""Adventure""}, {""id"": 35, ""name"": ""Comedy""}, {""id"": 80, ""name"": ""Crime""}, {""id"": 53, ""name"": ""Thriller""}]",en,24.855701,6.3,767,Released,Action,1,1,2.0388900214285712,18.757152987716434,3.252531118224791,6.643789733147672
1927,Hulk,137000000,245360480,138.0,2003.0,"[{""id"": 18, ""name"": ""Drama""}, {""id"": 28, ""name"": ""Action""}, {""id"": 878, ""name"": ""Science Fiction""}]",en,34.981698,5.3,1533,Released,Drama,1,1,1.790952408759124,18.73549149109167,3.583010420293774,7.335633981927201
72559,G.I. Joe: Retaliation,130000000,371876278,110.0,2013.0,"[{""id"": 12, ""name"": ""Adventure""}, {""id"": 28, ""name"": ""Action""}, {""id"": 878, ""name"": ""Science Fiction""}, {""id"": 53, ""name"": ""Thriller""}]",en,59.325589,5.4,3025,Released,Adventure,1,1,2.860586753846154,18.683045016112164,4.099756375242958,8.0149968943483
7364,Sahara,130000000,119269486,124.0,2005.0,"[{""id"": 28, ""name"": ""Action""}, {""id"": 12, ""name"": ""Adventure""}, {""id"": 35, ""name"": ""Comedy""}, {""id"": 18, ""name"": ""Drama""}, {""id"": 9648, ""name"": ""Mystery""}]",en,21.605568,5.7,434,Released,Action,1,1,0.9174575846153846,18.683045016112164,3.1181962476151375,6.075346031088684
2114,Final Fantasy: The Spirits Within,137000000,85131830,106.0,2001.0,"[{""id"": 12, ""name"": ""Adventure""}, {""id"": 28, ""name"": ""Action""}, {""id"": 16, ""name"": ""Animation""}, {""id"": 14, ""name"": ""Fantasy""}, {""id"": 878, ""name"": ""Science Fiction""}, {""id"": 53, ""name"": ""Thriller""}]",en,26.074908,5.9,433,Released,Adventure,1,1,0.6214002189781022,18.73549149109167,3.2986073949126755,6.073044534100405
1771,Captain America: The First Avenger,140000000,370569774,124.0,2011.0,"[{""id"": 28, ""name"": ""Action""}, {""id"": 12, ""name"": ""Adventure""}, {""id"": 878, ""name"": ""Science Fiction""}]",en,74.506246,6.6,7047,Released,Action,1,1,2.646926957142857,18.757152987716434,4.324215381309989,8.860499167616016
36643,The World Is Not Enough,135000000,361832400,128.0,1999.0,"[{""id"": 12, ""name"": ""Adventure""}, {""id"": 28, ""name"": ""Action""}, {""id"": 53, ""name"": ""Thriller""}]",en,39.604363,6.0,862,Released,Adventure,1,1,2.68024,18.72078534381011,3.703875523888134,6.760414691083428
8619,Master and Commander: The Far Side of the World,150000000,212011111,138.0,2003.0,"[{""id"": 12, ""name"": ""Adventure""}]",en,36.973031,6.9,790,Released,Adventure,1,1,1.4134074066666666,18.826145858727198,3.636876197236333,6.673297967767654
50620,The Twilight Saga: Breaking Dawn - Part 2,120000000,829000000,115.0,2012.0,"[{""id"": 12, ""name"": ""Adventure""}, {""id"": 14, ""name"": ""Fantasy""}, {""id"": 18, ""name"": ""Drama""}, {""id"": 10749, ""name"": ""Romance""}]",en,99.687084,6.1,2553,Released,Adventure,1,1,6.908333333333333,18.603002309079653,4.612017529333376,7.845416036592485
65759,Happy Feet Two,130000000,150406466,100.0,2011.0,"[{""id"": 16, ""name"": ""Animation""}, {""id"": 35, ""name"": ""Comedy""}, {""id"": 10751, ""name"": ""Family""}]",en,17.7735,5.8,373,Released,Animation,1,1,1.1569728153846155,18.683045016112164,2.9324463009831785,5.924255797414532
1724,The Incredible Hulk,150000000,163712074,114.0,2008.0,"[{""id"": 878, ""name"": ""Science Fiction""}, {""id"": 28, ""name"": ""Action""}, {""id"": 12, ""name"": ""Adventure""}]",en,62.898336,6.1,3021,Released,Science Fiction,1,1,1.0914138266666666,18.826145858727198,4.157293320355849,8.013674142832684
267935,The BFG,140000000,183345589,120.0,2016.0,"[{""id"": 12, ""name"": ""Adventure""}, {""id"": 10751, ""name"": ""Family""}, {""id"": 14, ""name"": ""Fantasy""}]",en,44.19092,6.0,1000,Released,Adventure,1,1,1.30961135,18.757152987716434,3.810896181702348,6.90875477931522
281957,The Revenant,135000000,532950503,156.0,2015.0,"[{""id"": 37, ""name"": ""Western""}, {""id"": 18, ""name"": ""Drama""}, {""id"": 12, ""name"": ""Adventure""}, {""id"": 53, ""name"": ""Thriller""}]",en,100.635882,7.3,6396,Released,Western,1,1,3.947781503703704,18.72078534381011,4.621396642086125,8.763584409450138
77950,Turbo,135000000,282570682,96.0,2013.0,"[{""id"": 16, ""name"": ""Animation""}, {""id"": 10751, ""name"": ""Family""}]",en,44.765377,6.1,1074,Released,Animation,1,1,2.093116162962963,18.72078534381011,3.823527844539074,6.980075940561763
44896,Rango,135000000,245724603,107.0,2011.0,"[{""id"": 16, ""name"": ""Animation""}, {""id"": 35, ""name"": ""Comedy""}, {""id"": 10751, ""name"": ""Family""}, {""id"": 37, ""name"": ""Western""}, {""id"": 12, ""name"": ""Adventure""}]",en,29.91353,6.6,2051,Released,Animation,1,1,1.8201822444444444,18.72078534381011,3.4311939521468684,7.62657020629066
270946,Penguins of Madagascar,132000000,373552094,92.0,2014.0,"[{""id"": 10751, ""name"": ""Family""}, {""id"": 16, ""name"": ""Animation""}, {""id"": 12, ""name"": ""Adventure""}, {""id"": 35, ""name"": ""Comedy""}]",en,84.366984,6.5,1346,Released,Family,1,1,2.829940106060606,18.6983124881264,4.446959421828391,7.205635176410364
2503,The Bourne Ultimatum,70000000,442824138,115.0,2007.0,"[{""id"": 28, ""name"": ""Action""}, {""id"": 18, ""name"": ""Drama""}, {""id"": 9648, ""name"": ""Mystery""}, {""id"": 53, ""name"": ""Thriller""}]",en,45.381501,7.3,2888,Released,Action,1,1,6.326059114285714,18.064005814299346,3.83690069439125,7.968665700466235
9502,Kung Fu Panda,130000000,631744560,90.0,2008.0,"[{""id"": 12, ""name"": ""Adventure""}, {""id"": 16, ""name"": ""Animation""}, {""id"": 10751, ""name"": ""Family""}, {""id"": 35, ""name"": ""Comedy""}]",en,84.689648,6.9,3145,Released,Adventure,1,1,4.859573538461539,18.683045016112164,4.450732024842038,8.053887083618223
102899,Ant-Man,130000000,519311965,117.0,2015.0,"[{""id"": 878, ""name"": ""Science Fiction""}, {""id"": 28, ""name"": ""Action""}, {""id"": 12, ""name"": ""Adventure""}]",en,120.09361,7.0,5880,Released,Science Fiction,1,1,3.9947074230769233,18.683045016112164,4.79656388285802,8.679482094459956
101299,The Hunger Games: Catching Fire,130000000,847423452,146.0,2013.0,"[{""id"": 12, ""name"": ""Adventure""}, {""id"": 28, ""name"": ""Action""}, {""id"": 878, ""name"": ""Science Fiction""}]",en,76.310119,7.4,6495,Released,Adventure,1,1,6.518641938461538,18.683045016112164,4.347824852588733,8.778941881841513
228161,Home,135000000,368871007,94.0,2015.0,"[{""id"": 14, ""name"": ""Fantasy""}, {""id"": 35, ""name"": ""Comedy""}, {""id"": 16, ""name"": ""Animation""}, {""id"": 878, ""name"": ""Science Fiction""}, {""id"": 10751, ""name"": ""Family""}]",en,63.473086,6.8,1519,Released,Fantasy,1,1,2.732377829629629,18.72078534381011,4.166247865401996,7.326465613840322
74,War of the Worlds,132000000,591739379,116.0,2005.0,"[{""id"": 12, ""name"": ""Adventure""}, {""id"": 53, ""name"": ""Thriller""}, {""id"": 878, ""name"": ""Science Fiction""}]",en,48.572726,6.2,2322,Released,Adventure,1,1,4.482874083333333,18.6983124881264,3.903440803459704,7.750614732770409
8961,Bad Boys II,130000000,273339556,147.0,2003.0,"[{""id"": 12, ""name"": ""Adventure""}, {""id"": 28, ""name"": ""Action""}, {""id"": 35, ""name"": ""Comedy""}, {""id"": 53, ""name"": ""Thriller""}, {""id"": 80, ""name"": ""Crime""}]",en,38.068736,6.3,1564,Released,Adventure,1,1,2.102611969230769,18.683045016112164,3.6653225563552563,7.355641102974253
417859,Puss in Boots,130000000,554987477,90.0,2011.0,"[{""id"": 28, ""name"": ""Action""}, {""id"": 12, ""name"": ""Adventure""}, {""id"": 16, ""name"": ""Animation""}, {""id"": 10751, ""name"": ""Family""}, {""id"": 14, ""name"": ""Fantasy""}]",en,20.678787,6.4,451,Released,Action,1,1,4.269134438461538,18.683045016112164,3.0763342248216734,6.113682179832232
27576,Salt,110000000,293329073,100.0,2010.0,"[{""id"": 28, ""name"": ""Action""}, {""id"": 9648, ""name"": ""Mystery""}, {""id"": 53, ""name"": ""Thriller""}]",en,48.829437,6.2,2093,Released,Action,1,1,2.6666279363636365,18.5159909328476,3.908605913814876,7.646831391430482
86834,Noah,125000000,362637473,139.0,2014.0,"[{""id"": 18, ""name"": ""Drama""}, {""id"": 12, ""name"": ""Adventure""}]",en,46.115758,5.6,2350,Released,Drama,1,1,2.901099784,18.643824303266577,3.8526075098239025,7.762596048540069
17578,The Adventures of Tintin,130000000,371940071,107.0,2011.0,"[{""id"": 12, ""name"": ""Adventure""}, {""id"": 16, ""name"": ""Animation""}, {""id"": 9648, ""name"": ""Mystery""}]",en,89.938296,6.7,2061,Released,Adventure,1,1,2.861077469230769,18.683045016112164,4.510181210592107,7.631431664576906
673,Harry Potter and the Prisoner of Azkaban,130000000,789804554,141.0,2004.0,"[{""id"": 12, ""name"": ""Adventure""}, {""id"": 14, ""name"": ""Fantasy""}, {""id"": 10751, ""name"": ""Family""}]",en,79.679601,7.7,5877,Released,Adventure,1,1,6.075419646153846,18.683045016112164,4.3904857676102225,8.678971846978863
6972,Australia,130000000,49554002,165.0,2008.0,"[{""id"": 18, ""name"": ""Drama""}]",en,28.840997,6.3,694,Released,Drama,1,1,0.3811846307692307,18.683045016112164,3.3958831863055576,6.543911845564792
82700,After Earth,130000000,243843127,100.0,2013.0,"[{""id"": 878, ""name"": ""Science Fiction""}, {""id"": 28, ""name"": ""Action""}, {""id"": 12, ""name"": ""Adventure""}]",en,42.840582,5.0,2532,Released,Science Fiction,1,1,1.8757163615384616,18.683045016112164,3.780559918099086,7.837159650001675
10567,Dinosaur,127500000,354248063,82.0,2000.0,"[{""id"": 16, ""name"": ""Animation""}, {""id"": 10751, ""name"": ""Family""}]",en,26.548594,6.2,542,Released,Animation,1,1,2.7784161803921568,18.663626930405893,3.3159514998138615,6.297109319933935
181533,Night at the Museum: Secret of the Tomb,127000000,349424282,97.0,2014.0,"[{""id"": 12, ""name"": ""Adventure""}, {""id"": 35, ""name"": ""Comedy""}, {""id"": 14, ""name"": ""Fantasy""}, {""id"": 10751, ""name"": ""Family""}]",en,115.597753,6.1,1851,Released,Adventure,1,1,2.751372299212598,18.65969765229688,4.758730002718697,7.524021415206125
38055,Megamind,130000000,321887208,95.0,2010.0,"[{""id"": 16, ""name"": ""Animation""}, {""id"": 28, ""name"": ""Action""}, {""id"": 35, ""name"": ""Comedy""}, {""id"": 10751, ""name"": ""Family""}, {""id"": 878, ""name"": ""Science Fiction""}]",en,68.757242,6.7,1918,Released,Animation,1,1,2.476055446153846,18.683045016112164,4.245021243268715,7.5595594960077
671,Harry Potter and the Philosopher's Stone,125000000,976475550,152.0,2001.0,"[{""id"": 12, ""name"": ""Adventure""}, {""id"": 14, ""name"": ""Fantasy""}, {""id"": 10751, ""name"": ""Family""}]",en,109.984351,7.5,7006,Released,Adventure,1,1,7.8118044,18.643824303266577,4.709389209391459,8.854664928370534
49524,R.I.P.D.,130000000,61648500,96.0,2013.0,"[{""id"": 14, ""name"": ""Fantasy""}, {""id"": 28, ""name"": ""Action""}, {""id"": 35, ""name"": ""Comedy""}, {""id"": 80, ""name"": ""Crime""}]",en,39.448066,5.4,1260,Released,Fantasy,1,1,0.4742192307692308,18.683045016112164,3.7000188302477444,7.139660335964919
22,Pirates of the Caribbean: The Curse of the Black Pearl,140000000,655011224,143.0,2003.0,"[{""id"": 12, ""name"": ""Adventure""}, {""id"": 14, ""name"": ""Fantasy""}, {""id"": 28, ""name"": ""Action""}]",en,271.972889,7.5,6985,Released,Adventure,1,1,4.6786516,18.757152987716434,5.609372482561317,8.851663425366777
131631,The Hunger Games: Mockingjay - Part 1,125000000,752100229,123.0,2014.0,"[{""id"": 878, ""name"": ""Science Fiction""}, {""id"": 12, ""name"": ""Adventure""}, {""id"": 53, ""name"": ""Thriller""}]",en,206.227151,6.6,5584,Released,Science Fiction,1,1,6.016801832,18.643824303266577,5.333815539445434,8.6278397115033
591,The Da Vinci Code,125000000,767820459,149.0,2006.0,"[{""id"": 53, ""name"": ""Thriller""}, {""id"": 9648, ""name"": ""Mystery""}]",en,45.313197,6.5,2704,Released,Thriller,1,1,6.142563672,18.643824303266577,3.83542695287558,7.902857191280582
172385,Rio 2,103000000,500188435,102.0,2014.0,"[{""id"": 16, ""name"": ""Animation""}, {""id"": 12, ""name"": ""Adventure""}, {""id"": 35, ""name"": ""Comedy""}, {""id"": 10751, ""name"": ""Family""}]",en,42.40024,6.3,978,Released,Animation,1,1,4.856198398058252,18.450239555902648,3.7704649710449862,6.88653164253051
36658,X2,110000000,407711549,133.0,2003.0,"[{""id"": 12, ""name"": ""Adventure""}, {""id"": 28, ""name"": ""Action""}, {""id"": 878, ""name"": ""Science Fiction""}, {""id"": 53, ""name"": ""Thriller""}]",en,2.871739,6.8,3506,Released,Adventure,1,1,3.706468627272727,18.5159909328476,1.3537037601175816,8.162516250140179
51497,Fast Five,125000000,626137675,130.0,2011.0,"[{""id"": 28, ""name"": ""Action""}, {""id"": 53, ""name"": ""Thriller""}, {""id"": 80, ""name"": ""Crime""}]",en,7.255718,7.1,2438,Released,Action,1,1,5.0091014,18.643824303266577,2.1109060511791,7.79934339821592
58574,Sherlock Holmes: A Game of Shadows,125000000,334615000,129.0,2011.0,"[{""id"": 12, ""name"": ""Adventure""}, {""id"": 28, ""name"": ""Action""}, {""id"": 80, ""name"": ""Crime""}, {""id"": 9648, ""name"": ""Mystery""}]",en,81.499621,7.0,3886,Released,Adventure,1,1,2.67692,18.643824303266577,4.412793699390689,8.265392930852224
18823,Clash of the Titans,125000000,232713139,106.0,2010.0,"[{""id"": 12, ""name"": ""Adventure""}, {""id"": 14, ""name"": ""Fantasy""}, {""id"": 28, ""name"": ""Action""}]",en,47.686442,5.6,2233,Released,Adventure,1,1,1.861705112,18.643824303266577,3.885400592971238,7.711548979629146
861,Total Recall,65000000,261317921,113.0,1990.0,"[{""id"": 28, ""name"": ""Action""}, {""id"": 12, ""name"": ""Adventure""}, {""id"": 878, ""name"": ""Science Fiction""}]",en,43.129703,7.1,1710,Released,Action,1,1,4.020275707692308,17.989897843244528,3.787133093143241,7.444833273892193
1911,The 13th Warrior,160000000,61698899,102.0,1999.0,"[{""id"": 12, ""name"": ""Adventure""}, {""id"": 14, ""name"": ""Fantasy""}, {""id"": 28, ""name"": ""Action""}]",en,27.220157,6.4,510,Released,Adventure,1,1,0.38561811875,18.8906843794481,3.3400365098393836,6.236369590203704
49040,The Bourne Legacy,130000000,276572938,120.0,2012.0,"[{""id"": 28, ""name"": ""Action""}, {""id"": 53, ""name"": ""Thriller""}]",en,90.33681,6.0,2651,Released,Action,1,1,2.1274841384615386,18.683045016112164,4.514553882688911,7.883069351305753
415,Batman & Robin,125000000,238207122,125.0,1997.0,"[{""id"": 28, ""name"": ""Action""}, {""id"": 80, ""name"": ""Crime""}, {""id"": 14, ""name"": ""Fantasy""}]",en,50.073575,4.2,1418,Released,Action,1,1,1.905656976,18.643824303266577,3.9332672401676265,7.257707677160043
8871,How the Grinch Stole Christmas,123000000,345141403,104.0,2000.0,"[{""id"": 10751, ""name"": ""Family""}, {""id"": 35, ""name"": ""Comedy""}, {""id"": 14, ""name"": ""Fantasy""}]",en,45.419668,6.2,1386,Released,Family,1,1,2.8060276666666666,18.627694921466773,3.8377232487310984,7.234898420314831
435,The Day After Tomorrow,125000000,544272402,124.0,2004.0,"[{""id"": 28, ""name"": ""Action""}, {""id"": 12, ""name"": ""Adventure""}, {""id"": 878, ""name"": ""Science Fiction""}, {""id"": 53, ""name"": ""Thriller""}]",en,41.380094,6.2,2392,Released,Action,1,1,4.354179216,18.643824303266577,3.7466787708650644,7.780303087908373
955,Mission: Impossible II,125000000,546388105,123.0,2000.0,"[{""id"": 12, ""name"": ""Adventure""}, {""id"": 28, ""name"": ""Action""}, {""id"": 53, ""name"": ""Thriller""}]",en,54.931334,5.9,1928,Released,Adventure,1,1,4.37110484,18.643824303266577,4.024124759791685,7.564757012905729
2133,The Perfect Storm,120000000,325756637,130.0,2000.0,"[{""id"": 18, ""name"": ""Drama""}]",en,25.752118,6.2,597,Released,Drama,1,1,2.714638641666667,18.603002309079653,3.2866136477777306,6.393590753950631
1979,Fantastic 4: Rise of the Silver Surfer,130000000,289047763,92.0,2007.0,"[{""id"": 12, ""name"": ""Adventure""}, {""id"": 14, ""name"": ""Fantasy""}, {""id"": 28, ""name"": ""Action""}, {""id"": 53, ""name"": ""Thriller""}]",en,60.810723,5.4,2589,Released,Adventure,1,1,2.223444330769231,18.683045016112164,4.124076860739157,7.859413154693583
87827,Life of Pi,120000000,609016565,127.0,2012.0,"[{""id"": 12, ""name"": ""Adventure""}, {""id"": 18, ""name"": ""Drama""}, {""id"": 28, ""name"": ""Action""}]",en,51.328145,7.2,5797,Released,Adventure,1,1,5.0751380416666665,18.603002309079653,3.9575343716381024,8.6652683094816
1250,Ghost Rider,110000000,228738393,114.0,2007.0,"[{""id"": 53, ""name"": ""Thriller""}, {""id"": 28, ""name"": ""Action""}, {""id"": 14, ""name"": ""Fantasy""}, {""id"": 27, ""name"": ""Horror""}]",en,46.834704,5.2,1712,Released,Thriller,1,1,2.079439936363636,18.5159909328476,3.8677514011732828,7.44600149832412
324668,Jason Bourne,120000000,415484914,123.0,2016.0,"[{""id"": 28, ""name"": ""Action""}, {""id"": 53, ""name"": ""Thriller""}]",en,62.641286,5.9,2341,Released,Action,1,1,3.4623742833333333,18.603002309079653,4.153262410682138,7.758760544157663
9471,Charlie's Angels: Full Throttle,120000000,259175788,106.0,2003.0,"[{""id"": 28, ""name"": ""Action""}, {""id"": 12, ""name"": ""Adventure""}, {""id"": 35, ""name"": ""Comedy""}]",en,33.616115,5.2,914,Released,Action,1,1,2.159798233333333,18.603002309079653,3.544319325080227,6.818924065275521
70981,Prometheus,130000000,403170142,124.0,2012.0,"[{""id"": 878, ""name"": ""Science Fiction""}, {""id"": 12, ""name"": ""Adventure""}, {""id"": 9648, ""name"": ""Mystery""}]",en,68.889395,6.3,5080,Released,Science Fiction,1,1,3.1013087846153846,18.683045016112164,4.246913920991418,8.533263371593732
10996,Stuart Little 2,120000000,169956806,78.0,2002.0,"[{""id"": 10751, ""name"": ""Family""}, {""id"": 12, ""name"": ""Adventure""}, {""id"": 16, ""name"": ""Animation""}, {""id"": 35, ""name"": ""Comedy""}]",en,27.990284,5.4,613,Released,Family,1,1,1.4163067166666667,18.603002309079653,3.366960739367124,6.419994928147142
68724,Elysium,115000000,286140700,109.0,2013.0,"[{""id"": 878, ""name"": ""Science Fiction""}, {""id"": 28, ""name"": ""Action""}, {""id"": 18, ""name"": ""Drama""}, {""id"": 53, ""name"": ""Thriller""}]",en,67.33767,6.4,3439,Released,Science Fiction,1,1,2.48818,18.560442695023177,4.224461151871215,8.143226750367443
2789,The Chronicles of Riddick,105000000,115772733,119.0,2004.0,"[{""id"": 28, ""name"": ""Action""}, {""id"": 878, ""name"": ""Science Fiction""}]",en,27.835436,6.3,1570,Released,Action,1,1,1.1025974571428572,18.46947091764561,3.3616050474663273,7.359467638255621
97020,RoboCop,120000000,242688965,102.0,2014.0,"[{""id"": 28, ""name"": ""Action""}, {""id"": 878, ""name"": ""Science Fiction""}]",en,66.757869,5.7,2342,Released,Action,1,1,2.0224080416666665,18.603002309079653,4.215940600616676,7.759187438507795
7459,Speed Racer,120000000,93945766,135.0,2008.0,"[{""id"": 28, ""name"": ""Action""}, {""id"": 10751, ""name"": ""Family""}, {""id"": 878, ""name"": ""Science Fiction""}]",en,17.060695,5.7,354,Released,Action,1,1,0.7828813833333333,18.603002309079653,2.8937380300833886,5.872117789475416
42888,How Do You Know,120000000,48668907,121.0,2010.0,"[{""id"": 35, ""name"": ""Comedy""}, {""id"": 18, ""name"": ""Drama""}, {""id"": 10749, ""name"": ""Romance""}]",en,11.137655,4.9,223,Released,Comedy,1,1,0.405574225,18.603002309079653,2.496312603875759,5.4116460518550396
37834,Knight and Day,117000000,261930431,109.0,2010.0,"[{""id"": 28, ""name"": ""Action""}, {""id"": 35, ""name"": ""Comedy""}]",en,44.906918,5.9,1547,Released,Action,1,1,2.2387216324786325,18.57768450130904,3.8266158246637874,7.344719054149673
75612,Oblivion,120000000,286168572,124.0,2013.0,"[{""id"": 28, ""name"": ""Action""}, {""id"": 878, ""name"": ""Science Fiction""}, {""id"": 12, ""name"": ""Adventure""}, {""id"": 9648, ""name"": ""Mystery""}]",en,67.698004,6.4,4800,Released,Action,1,1,2.3847381,18.603002309079653,4.229720144948882,8.476579508530941
1895,Star Wars: Episode III - Revenge of the Sith,113000000,850000000,140.0,2005.0,"[{""id"": 878, ""name"": ""Science Fiction""}, {""id"": 12, ""name"": ""Adventure""}, {""id"": 28, ""name"": ""Action""}]",en,44.108427,7.1,4116,Released,Science Fiction,1,1,7.522123893805309,18.542898385526172,3.809069080495318,8.322880021769905
1894,Star Wars: Episode II - Attack of the Clones,120000000,649398328,142.0,2002.0,"[{""id"": 12, ""name"": ""Adventure""}, {""id"": 28, ""name"": ""Action""}, {""id"": 878, ""name"": ""Science Fiction""}]",en,43.987061,6.4,3992,Released,Adventure,1,1,5.411652733333334,18.603002309079653,3.806374915091352,8.292298107063221
585,"Monsters, Inc.",115000000,562816256,92.0,2001.0,"[{""id"": 16, ""name"": ""Animation""}, {""id"": 35, ""name"": ""Comedy""}, {""id"": 10751, ""name"": ""Family""}]",en,106.815545,7.5,5996,Released,Animation,1,1,4.8940544,18.560442695023177,4.6804218503051,8.69901462316851
76170,The Wolverine,120000000,415440673,126.0,2013.0,"[{""id"": 28, ""name"": ""Action""}, {""id"": 878, ""name"": ""Science Fiction""}, {""id"": 12, ""name"": ""Adventure""}, {""id"": 14, ""name"": ""Fantasy""}]",en,15.953444,6.3,4053,Released,Action,1,1,3.462005608333333,18.603002309079653,2.83047099902772,8.307459327011946
1893,Star Wars: Episode I - The Phantom Menace,115000000,924317558,136.0,1999.0,"[{""id"": 12, ""name"": ""Adventure""}, {""id"": 28, ""name"": ""Action""}, {""id"": 878, ""name"": ""Science Fiction""}]",en,54.035265,6.3,4432,Released,Adventure,1,1,8.037543982608696,18.560442695023177,4.007974161581415,8.396831834745054
49519,The Croods,135000000,585178928,98.0,2013.0,"[{""id"": 12, ""name"": ""Adventure""}, {""id"": 16, ""name"": ""Animation""}, {""id"": 35, ""name"": ""Comedy""}, {""id"": 10751, ""name"": ""Family""}, {""id"": 14, ""name"": ""Fantasy""}]",en,64.183321,6.8,2399,Released,Adventure,1,1,4.334658725925926,18.72078534381011,4.177203623323475,7.783224016336037
2395,Asterix at the Olympic Games,97250400,132900000,116.0,2008.0,"[{""id"": 14, ""name"": ""Fantasy""}, {""id"": 12, ""name"": ""Adventure""}, {""id"": 35, ""name"": ""Comedy""}, {""id"": 10751, ""name"": ""Family""}]",fr,20.344364,5.0,471,Released,Fantasy,1,1,1.366575355988253,18.392799663847644,3.0607877235608094,6.156978985585555
12100,Windtalkers,115000000,77628265,134.0,2002.0,"[{""id"": 18, ""name"": ""Drama""}, {""id"": 28, ""name"": ""Action""}, {""id"": 36, ""name"": ""History""}, {""id"": 10752, ""name"": ""War""}]",en,18.714197,5.8,341,Released,Drama,1,1,0.6750283913043478,18.560442695023177,2.981339036091766,5.834810737062605
290595,The Huntsman: Winter's War,115000000,164602163,114.0,2016.0,"[{""id"": 28, ""name"": ""Action""}, {""id"": 12, ""name"": ""Adventure""}, {""id"": 18, ""name"": ""Drama""}]",en,60.467984,6.0,1523,Released,Action,1,1,1.431323156521739,18.560442695023177,4.118516453895011,7.329093736246591
98566,Teenage Mutant Ninja Turtles,125000000,477200000,101.0,2014.0,"[{""id"": 878, ""name"": ""Science Fiction""}, {""id"": 28, ""name"": ""Action""}, {""id"": 12, ""name"": ""Adventure""}, {""id"": 14, ""name"": ""Fantasy""}, {""id"": 35, ""name"": ""Comedy""}]",en,143.350376,5.8,2636,Released,Science Fiction,1,1,3.8176,18.643824303266577,4.9722435108856,7.877397186353287
49047,Gravity,105000000,716392705,91.0,2013.0,"[{""id"": 878, ""name"": ""Science Fiction""}, {""id"": 53, ""name"": ""Thriller""}, {""id"": 18, ""name"": ""Drama""}]",en,110.153618,7.3,5751,Released,Science Fiction,1,1,6.822787666666667,18.46947091764561,4.710913190487734,8.657302899400882
9619,Dante's Peak,116000000,178127760,108.0,1997.0,"[{""id"": 28, ""name"": ""Action""}, {""id"": 12, ""name"": ""Adventure""}, {""id"": 53, ""name"": ""Thriller""}]",en,16.90444,5.7,428,Released,Action,1,1,1.5355841379310344,18.569100757691327,2.885048726781448,6.061456918928017
308531,Teenage Mutant Ninja Turtles: Out of the Shadows,135000000,245623848,112.0,2016.0,"[{""id"": 14, ""name"": ""Fantasy""}, {""id"": 28, ""name"": ""Action""}, {""id"": 12, ""name"": ""Adventure""}, {""id"": 35, ""name"": ""Comedy""}]",en,39.873791,5.8,963,Released,Fantasy,1,1,1.8194359111111111,18.72078534381011,3.710489050798329,6.871091294610546
166424,Fantastic Four,120000000,167977596,100.0,2015.0,"[{""id"": 28, ""name"": ""Action""}, {""id"": 12, ""name"": ""Adventure""}, {""id"": 878, ""name"": ""Science Fiction""}]",en,38.126095,4.4,2278,Released,Action,1,1,1.3998133,18.603002309079653,3.6667896356891294,7.731492029245684
1593,Night at the Museum,110000000,574480841,108.0,2006.0,"[{""id"": 28, ""name"": ""Action""}, {""id"": 12, ""name"": ""Adventure""}, {""id"": 35, ""name"": ""Comedy""}, {""id"": 10751, ""name"": ""Family""}, {""id"": 14, ""name"": ""Fantasy""}]",en,48.780039,6.3,2862,Released,Action,1,1,5.2225531,18.5159909328476,3.9076140803863066,7.959625305098115
254128,San Andreas,110000000,470490832,114.0,2015.0,"[{""id"": 28, ""name"": ""Action""}, {""id"": 18, ""name"": ""Drama""}, {""id"": 53, ""name"": ""Thriller""}]",en,100.412364,6.0,2968,Released,Action,1,1,4.277189381818181,18.5159909328476,4.619195016662722,7.99598047476376
714,Tomorrow Never Dies,110000000,333011068,119.0,1997.0,"[{""id"": 12, ""name"": ""Adventure""}, {""id"": 28, ""name"": ""Action""}, {""id"": 53, ""name"": ""Thriller""}]",en,42.887121,6.0,925,Released,Adventure,1,1,3.0273733454545453,18.5159909328476,3.7816209057409425,6.8308742346461795
2024,The Patriot,110000000,215294342,165.0,2000.0,"[{""id"": 18, ""name"": ""Drama""}, {""id"": 36, ""name"": ""History""}, {""id"": 10752, ""name"": ""War""}, {""id"": 28, ""name"": ""Action""}]",en,23.657284,6.8,1099,Released,Drama,1,1,1.957221290909091,18.5159909328476,3.205072353795476,7.003065458786462
163,Ocean's Twelve,110000000,362744280,125.0,2004.0,"[{""id"": 53, ""name"": ""Thriller""}, {""id"": 80, ""name"": ""Crime""}]",en,76.840712,6.4,2124,Released,Thriller,1,1,3.2976752727272727,18.5159909328476,4.354664584804056,7.661527081358517
787,Mr. & Mrs. Smith,110000000,478207520,120.0,2005.0,"[{""id"": 28, ""name"": ""Action""}, {""id"": 35, ""name"": ""Comedy""}, {""id"": 18, ""name"": ""Drama""}, {""id"": 53, ""name"": ""Thriller""}]",en,44.635452,6.5,2965,Released,Action,1,1,4.347341090909091,18.5159909328476,3.820684870598216,7.994969522697877
262500,Insurgent,110000000,295238201,119.0,2015.0,"[{""id"": 12, ""name"": ""Adventure""}, {""id"": 878, ""name"": ""Science Fiction""}, {""id"": 53, ""name"": ""Thriller""}]",en,103.718387,6.2,3829,Released,Adventure,1,1,2.6839836454545454,18.5159909328476,4.651274718503644,8.250620082174692
2567,The Aviator,116000000,102000000,170.0,2004.0,"[{""id"": 18, ""name"": ""Drama""}]",en,45.616098,7.0,1489,Released,Drama,1,1,0.8793103448275862,18.569100757691327,3.8419459321210416,7.306531398939505
38745,Gulliver's Travels,112000000,237382724,85.0,2010.0,"[{""id"": 35, ""name"": ""Comedy""}]",en,22.845143,4.9,621,Released,Comedy,1,1,2.1194886071428574,18.53400943818794,3.1715805487965794,6.432940092739179
40805,The Green Hornet,120000000,227817248,119.0,2011.0,"[{""id"": 28, ""name"": ""Action""}, {""id"": 80, ""name"": ""Crime""}, {""id"": 35, ""name"": ""Comedy""}]",en,31.703608,5.5,1251,Released,Action,1,1,1.8984770666666664,18.603002309079653,3.487485408208033,7.132497551660044
53182,300: Rise of an Empire,110000000,337580051,102.0,2014.0,"[{""id"": 28, ""name"": ""Action""}, {""id"": 10752, ""name"": ""War""}]",en,71.510596,6.1,2397,Released,Action,1,1,3.0689095545454546,18.5159909328476,4.2837327029056445,7.7823903355874595
41513,The Smurfs,110000000,563749323,103.0,2011.0,"[{""id"": 16, ""name"": ""Animation""}, {""id"": 10751, ""name"": ""Family""}, {""id"": 12, ""name"": ""Adventure""}, {""id"": 35, ""name"": ""Comedy""}, {""id"": 14, ""name"": ""Fantasy""}]",en,36.65422,5.5,1179,Released,Animation,1,1,5.124993845454545,18.5159909328476,3.628445032958209,7.07326971745971
13700,Home on the Range,110000000,103951461,76.0,2004.0,"[{""id"": 16, ""name"": ""Animation""}, {""id"": 10751, ""name"": ""Family""}]",en,19.625972,5.7,389,Released,Animation,1,1,0.9450132818181818,18.5159909328476,3.026551058383017,5.966146739123692
262504,Allegiant,110000000,179246868,121.0,2016.0,"[{""id"": 12, ""name"": ""Adventure""}, {""id"": 878, ""name"": ""Science Fiction""}]",en,86.105615,5.9,1998,Released,Adventure,1,1,1.6295169818181818,18.5159909328476,4.4671213479114895,7.6004023345004
39254,Real Steel,110000000,299268508,127.0,2011.0,"[{""id"": 28, ""name"": ""Action""}, {""id"": 878, ""name"": ""Science Fiction""}, {""id"": 18, ""name"": ""Drama""}]",en,37.195046,6.6,2692,Released,Action,1,1,2.7206228,18.5159909328476,3.6427058213387165,7.898411092811599
77931,The Smurfs 2,105000000,347434178,105.0,2013.0,"[{""id"": 14, ""name"": ""Fantasy""}, {""id"": 10751, ""name"": ""Family""}, {""id"": 35, ""name"": ""Comedy""}, {""id"": 16, ""name"": ""Animation""}]",en,32.473628,5.5,695,Released,Fantasy,1,1,3.308896933333333,18.46947091764561,3.510757904926989,6.54534966033442
1639,Speed 2: Cruise Control,160000000,164508066,121.0,1997.0,"[{""id"": 28, ""name"": ""Action""}, {""id"": 12, ""name"": ""Adventure""}, {""id"": 53, ""name"": ""Thriller""}]",en,23.336875,4.1,434,Released,Action,1,1,1.0281754125,18.8906843794481,3.191992689834412,6.075346031088684
80274,Ender's Game,110000000,125537191,114.0,2013.0,"[{""id"": 878, ""name"": ""Science Fiction""}, {""id"": 28, ""name"": ""Action""}, {""id"": 12, ""name"": ""Adventure""}]",en,45.94834,6.6,2303,Released,Science Fiction,1,1,1.1412471909090909,18.5159909328476,3.8490478482666934,7.742402021815781
1571,Live Free or Die Hard,110000000,383531464,128.0,2007.0,"[{""id"": 28, ""name"": ""Action""}, {""id"": 53, ""name"": ""Thriller""}]",en,48.93337,6.4,2089,Released,Action,1,1,3.486649672727273,18.5159909328476,3.9106895167271563,7.644919344958857
120,The Lord of the Rings: The Fellowship of the Ring,93000000,871368364,178.0,2001.0,"[{""id"": 12, ""name"": ""Adventure""}, {""id"": 14, ""name"": ""Fantasy""}, {""id"": 28, ""name"": ""Action""}]",en,138.049577,8.0,8705,Released,Adventure,1,1,9.369552301075268,18.34811006187022,4.9348305386041496,9.071767722112243
10204,Around the World in 80 Days,110000000,72178895,120.0,2004.0,"[{""id"": 28, ""name"": ""Action""}, {""id"": 12, ""name"": ""Adventure""}, {""id"": 35, ""name"": ""Comedy""}]",en,22.643776,5.7,672,Released,Action,1,1,0.6561717727272727,18.5159909328476,3.163099909054955,6.511745329644728
8489,Ali,107000000,87713825,157.0,2001.0,"[{""id"": 18, ""name"": ""Drama""}]",en,18.866672,6.7,447,Released,Drama,1,1,0.8197553738317757,18.488339401771974,2.9890435538595344,6.104793232414985
2048,"I, Robot",120000000,347234916,115.0,2004.0,"[{""id"": 28, ""name"": ""Action""}, {""id"": 878, ""name"": ""Science Fiction""}]",en,95.914473,6.7,3793,Released,Action,1,1,2.8936243,18.603002309079653,4.573828867908721,8.24117615049496
1495,Kingdom of Heaven,130000000,211643158,144.0,2005.0,"[{""id"": 18, ""name"": ""Drama""}, {""id"": 28, ""name"": ""Action""}, {""id"": 12, ""name"": ""Adventure""}, {""id"": 36, ""name"": ""History""}, {""id"": 10752, ""name"": ""War""}]",en,44.490453,6.6,1157,Released,Drama,1,1,1.6280242923076924,18.683045016112164,3.8175024797649084,7.05444965813294
10137,Stuart Little,133000000,300135367,84.0,1999.0,"[{""id"": 16, ""name"": ""Animation""}, {""id"": 14, ""name"": ""Fantasy""}, {""id"": 10751, ""name"": ""Family""}, {""id"": 35, ""name"": ""Comedy""}]",en,30.475297,5.8,959,Released,Animation,1,1,2.256656894736842,18.705859693704824,3.449203015946257,6.866933284461882
10198,The Princess and the Frog,105000000,267045765,97.0,2009.0,"[{""id"": 10749, ""name"": ""Romance""}, {""id"": 10751, ""name"": ""Family""}, {""id"": 16, ""name"": ""Animation""}, {""id"": 10402, ""name"": ""Music""}]",en,62.479574,6.7,1247,Released,Romance,1,1,2.543293,18.46947091764561,4.150718184860644,7.129297548929373
286217,The Martian,108000000,630161890,141.0,2015.0,"[{""id"": 18, ""name"": ""Drama""}, {""id"": 12, ""name"": ""Adventure""}, {""id"": 878, ""name"": ""Science Fiction""}]",en,167.93287,7.6,7268,Released,Drama,1,1,5.834832314814815,18.497641794347754,5.129501417075823,8.891374009484636
1635,The Island,126000000,162949164,136.0,2005.0,"[{""id"": 28, ""name"": ""Action""}, {""id"": 53, ""name"": ""Thriller""}, {""id"": 878, ""name"": ""Science Fiction""}, {""id"": 12, ""name"": ""Adventure""}]",en,37.68056,6.5,1770,Released,Action,1,1,1.2932473333333334,18.65179247285226,3.6553371482465793,7.479299637782834
24113,Town & Country,90000000,10372291,104.0,2001.0,"[{""id"": 35, ""name"": ""Comedy""}, {""id"": 10749, ""name"": ""Romance""}]",en,1.004579,3.7,16,Released,Comedy,1,1,0.1152476777777777,18.31532023940565,0.6954340636483386,2.833213344056216
9679,Gone in Sixty Seconds,90000000,237202299,118.0,2000.0,"[{""id"": 28, ""name"": ""Action""}, {""id"": 80, ""name"": ""Crime""}, {""id"": 53, ""name"": ""Thriller""}]",en,52.995628,6.1,1485,Released,Action,1,1,2.6355811,18.31532023940565,3.988903080323634,7.303843225277705
98,Gladiator,103000000,457640427,155.0,2000.0,"[{""id"": 28, ""name"": ""Action""}, {""id"": 18, ""name"": ""Drama""}, {""id"": 12, ""name"": ""Adventure""}]",en,95.301296,7.9,5439,Released,Action,1,1,4.443110941747573,18.450239555902648,4.567481776657448,8.601534339849989
180,Minority Report,102000000,358372926,145.0,2002.0,"[{""id"": 28, ""name"": ""Action""}, {""id"": 53, ""name"": ""Thriller""}, {""id"": 878, ""name"": ""Science Fiction""}, {""id"": 9648, ""name"": ""Mystery""}]",en,65.948959,7.1,2608,Released,Action,1,1,3.5134600588235294,18.440483381052466,4.203930523099194,7.866722285136729
672,Harry Potter and the Chamber of Secrets,100000000,876688482,161.0,2002.0,"[{""id"": 12, ""name"": ""Adventure""}, {""id"": 14, ""name"": ""Fantasy""}, {""id"": 10751, ""name"": ""Family""}]",en,132.397737,7.4,5815,Released,Adventure,1,1,8.76688482,18.420680753952364,4.893335169319641,8.668368019213355
36557,Casino Royale,150000000,599045960,144.0,2006.0,"[{""id"": 12, ""name"": ""Adventure""}, {""id"": 28, ""name"": ""Action""}, {""id"": 53, ""name"": ""Thriller""}]",en,88.935165,7.3,3855,Released,Adventure,1,1,3.9936397333333336,18.826145858727198,4.499089021836616,8.257385655730436
869,Planet of the Apes,100000000,362211740,119.0,2001.0,"[{""id"": 53, ""name"": ""Thriller""}, {""id"": 878, ""name"": ""Science Fiction""}, {""id"": 28, ""name"": ""Action""}, {""id"": 12, ""name"": ""Adventure""}]",en,51.188633,5.6,1243,Released,Thriller,1,1,3.6221174,18.420680753952364,3.9548647125550525,7.126087273299125
280,Terminator 2: Judgment Day,100000000,520000000,137.0,1991.0,"[{""id"": 28, ""name"": ""Action""}, {""id"": 53, ""name"": ""Thriller""}, {""id"": 878, ""name"": ""Science Fiction""}]",en,101.74155,7.7,4185,Released,Action,1,1,5.2,18.420680753952364,4.632216611551756,8.339500903005945
11322,Public Enemies,80000000,214104620,140.0,2009.0,"[{""id"": 36, ""name"": ""History""}, {""id"": 80, ""name"": ""Crime""}, {""id"": 18, ""name"": ""Drama""}]",en,33.691694,6.5,1344,Released,History,1,1,2.67630775,18.197537205138154,3.546500292305965,7.20414929203594
4982,American Gangster,100000000,266465037,157.0,2007.0,"[{""id"": 18, ""name"": ""Drama""}, {""id"": 80, ""name"": ""Crime""}]",en,42.361215,7.4,1502,Released,Drama,1,1,2.66465037,18.420680753952364,3.769565377956516,7.315218389752975
36955,True Lies,115000000,378882411,141.0,1994.0,"[{""id"": 28, ""name"": ""Action""}, {""id"": 53, ""name"": ""Thriller""}]",en,38.729418,6.8,1116,Released,Action,1,1,3.2946296608695653,18.560442695023177,3.682091920839272,7.018401799069201
18487,The Taking of Pelham 1 2 3,100000000,150166126,106.0,2009.0,"[{""id"": 53, ""name"": ""Thriller""}, {""id"": 18, ""name"": ""Drama""}, {""id"": 80, ""name"": ""Crime""}]",en,40.597856,6.2,954,Released,Thriller,1,1,1.50166126,18.420680753952364,3.728048627477527,6.86171134048073
39451,Little Fockers,100000000,310650585,98.0,2010.0,"[{""id"": 35, ""name"": ""Comedy""}, {""id"": 10749, ""name"": ""Romance""}]",en,32.389353,5.4,1060,Released,Comedy,1,1,3.10650585,18.420680753952364,3.508237076708826,6.966967138613983
27581,The Other Guys,100000000,170432927,107.0,2010.0,"[{""id"": 28, ""name"": ""Action""}, {""id"": 35, ""name"": ""Comedy""}, {""id"": 80, ""name"": ""Crime""}]",en,24.399642,6.1,1383,Released,Action,1,1,1.70432927,18.420680753952364,3.2347350794369736,7.232733136177615
9268,Eraser,100000000,242295562,115.0,1996.0,"[{""id"": 28, ""name"": ""Action""}, {""id"": 18, ""name"": ""Drama""}, {""id"": 9648, ""name"": ""Mystery""}, {""id"": 53, ""name"": ""Thriller""}]",en,24.507987,5.6,543,Released,Action,1,1,2.42295562,18.420680753952364,3.238991618808862,6.298949246855942
68718,Django Unchained,100000000,425368238,165.0,2012.0,"[{""id"": 18, ""name"": ""Drama""}, {""id"": 37, ""name"": ""Western""}]",en,82.121691,7.8,10099,Released,Drama,1,1,4.25368238,18.420680753952364,4.420305690664881,9.22029070282935
10545,The Hunchback of Notre Dame,100000000,100138851,91.0,1996.0,"[{""id"": 18, ""name"": ""Drama""}, {""id"": 16, ""name"": ""Animation""}, {""id"": 10751, ""name"": ""Family""}]",en,46.727941,6.8,1129,Released,Drama,1,1,1.00138851,18.420680753952364,3.865516991599989,7.029972911706386
11688,The Emperor's New Groove,100000000,169327687,78.0,2000.0,"[{""id"": 12, ""name"": ""Adventure""}, {""id"": 16, ""name"": ""Animation""}, {""id"": 35, ""name"": ""Comedy""}, {""id"": 10751, ""name"": ""Family""}, {""id"": 14, ""name"": ""Fantasy""}]",en,51.113717,7.2,1490,Released,Adventure,1,1,1.69327687,18.420680753952364,3.9534281962563704,7.307202314764738
76163,The Expendables 2,100000000,312573423,103.0,2012.0,"[{""id"": 28, ""name"": ""Action""}, {""id"": 12, ""name"": ""Adventure""}, {""id"": 53, ""name"": ""Thriller""}]",en,53.732892,6.1,2896,Released,Action,1,1,3.12573423,18.420680753952364,4.002464844980316,7.9714309977693505
2059,National Treasure,100000000,347451894,131.0,2004.0,"[{""id"": 12, ""name"": ""Adventure""}, {""id"": 28, ""name"": ""Action""}, {""id"": 53, ""name"": ""Thriller""}, {""id"": 9648, ""name"": ""Mystery""}]",en,58.849256,6.4,1926,Released,Adventure,1,1,3.47451894,18.420680753952364,4.091829000849021,7.563719668414366
2486,Eragon,100000000,249288105,104.0,2006.0,"[{""id"": 14, ""name"": ""Fantasy""}, {""id"": 28, ""name"": ""Action""}, {""id"": 12, ""name"": ""Adventure""}, {""id"": 10751, ""name"": ""Family""}]",en,30.863434,4.9,967,Released,Fantasy,1,1,2.49288105,18.420680753952364,3.4614590827288603,6.875232087276577
16523,Where the Wild Things Are,100000000,100086793,101.0,2009.0,"[{""id"": 10751, ""name"": ""Family""}, {""id"": 14, ""name"": ""Fantasy""}]",en,31.586215,6.4,572,Released,Family,1,1,1.00086793,18.420680753952364,3.4838893461844864,6.35088571671474
116711,Epic,100000000,268426634,102.0,2013.0,"[{""id"": 16, ""name"": ""Animation""}, {""id"": 12, ""name"": ""Adventure""}, {""id"": 10751, ""name"": ""Family""}, {""id"": 14, ""name"": ""Fantasy""}]",en,36.711378,6.4,1121,Released,Animation,1,1,2.68426634,18.420680753952364,3.6299618526339135,7.022868086082641
37710,The Tourist,100000000,278731369,103.0,2010.0,"[{""id"": 28, ""name"": ""Action""}, {""id"": 53, ""name"": ""Thriller""}, {""id"": 10749, ""name"": ""Romance""}]",en,41.426678,6.0,1699,Released,Action,1,1,2.78731369,18.420680753952364,3.747777362488979,7.438383530044307
9946,End of Days,100000000,211989043,121.0,1999.0,"[{""id"": 28, ""name"": ""Action""}, {""id"": 14, ""name"": ""Fantasy""}, {""id"": 27, ""name"": ""Horror""}, {""id"": 9648, ""name"": ""Mystery""}]",en,20.652943,5.5,482,Released,Action,1,1,2.11989043,18.420680753952364,3.075141380545001,6.180016653652572
1372,Blood Diamond,100000000,170877916,143.0,2006.0,"[{""id"": 18, ""name"": ""Drama""}, {""id"": 53, ""name"": ""Thriller""}, {""id"": 28, ""name"": ""Action""}]",en,52.792678,7.3,2281,Released,Drama,1,1,1.70877916,18.420680753952364,3.9851373612514736,7.732807530422021
106646,The Wolf of Wall Street,100000000,392000694,180.0,2013.0,"[{""id"": 80, ""name"": ""Crime""}, {""id"": 18, ""name"": ""Drama""}, {""id"": 35, ""name"": ""Comedy""}]",en,95.007934,7.9,6571,Released,Crime,1,1,3.92000694,18.420680753952364,4.564430833886191,8.790573479157159
414,Batman Forever,100000000,336529144,121.0,1995.0,"[{""id"": 28, ""name"": ""Action""}, {""id"": 80, ""name"": ""Crime""}, {""id"": 14, ""name"": ""Fantasy""}]",en,48.205606,5.2,1498,Released,Action,1,1,3.36529144,18.420680753952364,3.8960075600966726,7.312553498102598
563,Starship Troopers,105000000,121214377,129.0,1997.0,"[{""id"": 12, ""name"": ""Adventure""}, {""id"": 28, ""name"": ""Action""}, {""id"": 53, ""name"": ""Thriller""}, {""id"": 878, ""name"": ""Science Fiction""}]",en,58.782359,6.7,1560,Released,Adventure,1,1,1.154422638095238,18.46947091764561,4.090710617435526,7.353081920515432
83542,Cloud Atlas,102000000,130482868,172.0,2012.0,"[{""id"": 18, ""name"": ""Drama""}, {""id"": 878, ""name"": ""Science Fiction""}]",en,73.872343,6.6,2977,Released,Drama,1,1,1.2792438039215686,18.440483381052466,4.3157845699962945,7.999007213243955
41216,Legend of the Guardians: The Owls of Ga'Hoole,80000000,140073390,97.0,2010.0,"[{""id"": 16, ""name"": ""Animation""}, {""id"": 12, ""name"": ""Adventure""}, {""id"": 10751, ""name"": ""Family""}, {""id"": 14, ""name"": ""Fantasy""}]",en,37.321848,6.5,703,Released,Animation,1,1,1.750917375,18.197537205138154,3.6460201774095777,6.556778356158042
314,Catwoman,100000000,82102379,104.0,2004.0,"[{""id"": 28, ""name"": ""Action""}, {""id"": 80, ""name"": ""Crime""}]",en,32.271938,4.2,808,Released,Action,1,1,0.82102379,18.420680753952364,3.5047143390101656,6.695798917058491
184315,Hercules,100000000,243400000,99.0,2014.0,"[{""id"": 28, ""name"": ""Action""}, {""id"": 12, ""name"": ""Adventure""}]",en,76.842247,5.6,1680,Released,Action,1,1,2.434,18.420680753952364,4.354684304367583,7.427144133408616
9016,Treasure Planet,140000000,109578115,95.0,2002.0,"[{""id"": 12, ""name"": ""Adventure""}, {""id"": 16, ""name"": ""Animation""}, {""id"": 10751, ""name"": ""Family""}, {""id"": 14, ""name"": ""Fantasy""}, {""id"": 878, ""name"": ""Science Fiction""}]",en,38.924136,7.2,948,Released,Adventure,1,1,0.7827008214285714,18.757152987716434,3.686981053290835,6.855408798609928
18162,Land of the Lost,100000000,68688831,102.0,2009.0,"[{""id"": 12, ""name"": ""Adventure""}, {""id"": 35, ""name"": ""Comedy""}, {""id"": 878, ""name"": ""Science Fiction""}]",en,19.38841,5.3,381,Released,Adventure,1,1,0.68688831,18.420680753952364,3.0149666021441446,5.945420608606575
138103,The Expendables 3,90000000,206172544,127.0,2014.0,"[{""id"": 28, ""name"": ""Action""}, {""id"": 12, ""name"": ""Adventure""}, {""id"": 53, ""name"": ""Thriller""}]",en,61.025639,6.1,1795,Released,Action,1,1,2.2908060444444445,18.31532023940565,4.127547831822257,7.493317248862145
257088,Point Break,105000000,133718711,114.0,2015.0,"[{""id"": 28, ""name"": ""Action""}, {""id"": 80, ""name"": ""Crime""}, {""id"": 53, ""name"": ""Thriller""}]",en,33.507289,5.5,783,Released,Action,1,1,1.2735115333333331,18.46947091764561,3.5411705770841366,6.664409020350408
205775,In the Heart of the Sea,100000000,93820758,122.0,2015.0,"[{""id"": 53, ""name"": ""Thriller""}, {""id"": 18, ""name"": ""Drama""}, {""id"": 12, ""name"": ""Adventure""}, {""id"": 28, ""name"": ""Action""}, {""id"": 36, ""name"": ""History""}]",en,50.767332,6.5,1276,Released,Thriller,1,1,0.93820758,18.420680753952364,3.946759293947403,7.152268856032539
11692,The Adventures of Pluto Nash,100000000,7103973,95.0,2002.0,"[{""id"": 28, ""name"": ""Action""}, {""id"": 35, ""name"": ""Comedy""}, {""id"": 878, ""name"": ""Science Fiction""}]",en,12.092241,4.4,142,Released,Action,1,1,0.07103973,18.420680753952364,2.572019764657712,4.962844630259907
22972,Green Zone,100000000,94882889,115.0,2010.0,"[{""id"": 10752, ""name"": ""War""}, {""id"": 28, ""name"": ""Action""}, {""id"": 12, ""name"": ""Adventure""}, {""id"": 18, ""name"": ""Drama""}, {""id"": 53, ""name"": ""Thriller""}]",en,30.254021,6.4,717,Released,War,1,1,0.94882889,18.420680753952364,3.442148039904879,6.576469569048224
227973,The Peanuts Movie,99000000,246233113,88.0,2015.0,"[{""id"": 16, ""name"": ""Animation""}]",en,34.308098,6.5,604,Released,Animation,1,1,2.4872031616161614,18.410630418199872,3.564112342729075,6.405228458030842
29193,The Spanish Prisoner,10000000,13835130,110.0,1997.0,"[{""id"": 80, ""name"": ""Crime""}, {""id"": 18, ""name"": ""Drama""}, {""id"": 9648, ""name"": ""Mystery""}, {""id"": 53, ""name"": ""Thriller""}]",en,3.091077,7.1,73,Released,Crime,1,1,1.383513,16.118095750958314,1.4088082605740935,4.304065093204169
1734,The Mummy Returns,98000000,433013274,130.0,2001.0,"[{""id"": 12, ""name"": ""Adventure""}, {""id"": 28, ""name"": ""Action""}, {""id"": 14, ""name"": ""Fantasy""}]",en,41.862983,6.0,2206,Released,Adventure,1,1,4.418502795918367,18.400478046838927,3.7580085863169748,7.699389406256737
3131,Gangs of New York,100000000,193772504,167.0,2002.0,"[{""id"": 18, ""name"": ""Drama""}, {""id"": 36, ""name"": ""History""}, {""id"": 80, ""name"": ""Crime""}]",en,46.160048,7.1,1910,Released,Drama,1,1,1.93772504,18.420680753952364,3.853547093480357,7.555381944240273
76758,The Flowers of War,94000000,95311434,145.0,2011.0,"[{""id"": 18, ""name"": ""Drama""}, {""id"": 36, ""name"": ""History""}, {""id"": 10752, ""name"": ""War""}]",zh,12.516546,7.1,187,Released,Drama,1,1,1.0139514255319149,18.358805350872576,2.603914564603156,5.236441962829949
9408,Surf's Up,85000000,149044513,85.0,2007.0,"[{""id"": 16, ""name"": ""Animation""}, {""id"": 35, ""name"": ""Comedy""}, {""id"": 10751, ""name"": ""Family""}]",en,23.230851,5.9,601,Released,Animation,1,1,1.753464858823529,18.258161826219297,3.187626655961577,6.400257445308821
9890,The Stepford Wives,90000000,102000000,93.0,2004.0,"[{""id"": 28, ""name"": ""Action""}, {""id"": 35, ""name"": ""Comedy""}, {""id"": 878, ""name"": ""Science Fiction""}]",en,19.224754,5.4,334,Released,Action,1,1,1.1333333333333333,18.31532023940565,3.006907299706183,5.814130531825066
855,Black Hawk Down,92000000,172989651,144.0,2001.0,"[{""id"": 28, ""name"": ""Action""}, {""id"": 36, ""name"": ""History""}, {""id"": 10752, ""name"": ""War""}]",en,44.455166,7.2,1811,Released,Action,1,1,1.8803222934782609,18.33729914588288,3.8167264775306333,7.502186486602925
18,The Fifth Element,90000000,263920180,126.0,1997.0,"[{""id"": 12, ""name"": ""Adventure""}, {""id"": 14, ""name"": ""Fantasy""}, {""id"": 28, ""name"": ""Action""}, {""id"": 53, ""name"": ""Thriller""}, {""id"": 878, ""name"": ""Science Fiction""}]",en,109.528572,7.3,3885,Released,Adventure,1,1,2.9324464444444445,18.31532023940565,4.705274057670058,8.265135629937385
37786,Sex and the City 2,100000000,288347692,146.0,2010.0,"[{""id"": 35, ""name"": ""Comedy""}, {""id"": 18, ""name"": ""Drama""}, {""id"": 10749, ""name"": ""Romance""}]",en,18.325897,5.4,426,Released,Comedy,1,1,2.88347692,18.420680753952364,2.9614460099551323,6.056784013228625
10501,The Road to El Dorado,95000000,76432727,89.0,2000.0,"[{""id"": 12, ""name"": ""Adventure""}, {""id"": 16, ""name"": ""Animation""}, {""id"": 35, ""name"": ""Comedy""}, {""id"": 10751, ""name"": ""Family""}]",en,37.054554,7.0,858,Released,Adventure,1,1,0.8045550210526315,18.36938746009113,3.639020761771554,6.755768921984256
57800,Ice Age: Continental Drift,95000000,877244782,88.0,2012.0,"[{""id"": 16, ""name"": ""Animation""}, {""id"": 35, ""name"": ""Comedy""}, {""id"": 12, ""name"": ""Adventure""}, {""id"": 10751, ""name"": ""Family""}]",en,65.229868,6.2,2672,Released,Animation,1,1,9.2341556,18.36938746009113,4.193131539440395,7.890956716138919
150689,Cinderella,95000000,543514353,105.0,2015.0,"[{""id"": 10749, ""name"": ""Romance""}, {""id"": 14, ""name"": ""Fantasy""}, {""id"": 10751, ""name"": ""Family""}, {""id"": 18, ""name"": ""Drama""}]",en,101.187052,6.7,2374,Released,Romance,1,1,5.721203715789474,18.36938746009113,4.626804976984103,7.772752716468742
7980,The Lovely Bones,65000000,93525586,136.0,2009.0,"[{""id"": 14, ""name"": ""Fantasy""}, {""id"": 18, ""name"": ""Drama""}]",en,29.257137,6.6,1065,Released,Fantasy,1,1,1.4388551692307692,17.989897843244528,3.409732090533126,6.97166860472579
12,Finding Nemo,94000000,940335536,100.0,2003.0,"[{""id"": 16, ""name"": ""Animation""}, {""id"": 10751, ""name"": ""Family""}]",en,85.688789,7.6,6122,Released,Animation,1,1,10.003569531914891,18.358805350872576,4.462324567467024,8.719807451477955
122,The Lord of the Rings: The Return of the King,94000000,1118888979,201.0,2003.0,"[{""id"": 12, ""name"": ""Adventure""}, {""id"": 14, ""name"": ""Fantasy""}, {""id"": 28, ""name"": ""Action""}]",en,123.630332,8.1,8064,Released,Adventure,1,1,11.903074244680852,18.358805350872576,4.825352011719837,8.99528899055931
121,The Lord of the Rings: The Two Towers,79000000,926287400,179.0,2002.0,"[{""id"": 12, ""name"": ""Adventure""}, {""id"": 14, ""name"": ""Fantasy""}, {""id"": 28, ""name"": ""Action""}]",en,106.914973,8.0,7487,Released,Adventure,1,1,11.725156962025316,18.184958423089522,4.681343630013989,8.921057018157429
68737,Seventh Son,95000000,114178613,102.0,2014.0,"[{""id"": 12, ""name"": ""Adventure""}, {""id"": 14, ""name"": ""Fantasy""}]",en,63.628459,5.2,957,Released,Adventure,1,1,1.2018801368421053,18.36938746009113,4.168654855574175,6.86484777797086
1995,Lara Croft: Tomb Raider,115000000,274703340,100.0,2001.0,"[{""id"": 12, ""name"": ""Adventure""}, {""id"": 14, ""name"": ""Fantasy""}, {""id"": 28, ""name"": ""Action""}, {""id"": 53, ""name"": ""Thriller""}]",en,41.498631,5.7,2192,Released,Adventure,1,1,2.388724695652174,18.560442695023177,3.749471863646855,7.693025748417888
157353,Transcendence,100000000,103039258,119.0,2014.0,"[{""id"": 53, ""name"": ""Thriller""}, {""id"": 878, ""name"": ""Science Fiction""}, {""id"": 18, ""name"": ""Drama""}, {""id"": 9648, ""name"": ""Mystery""}]",en,58.991388,5.9,2295,Released,Thriller,1,1,1.03039258,18.420680753952364,4.0942010185868725,7.738923757439457
331,Jurassic Park III,93000000,368780809,92.0,2001.0,"[{""id"": 12, ""name"": ""Adventure""}, {""id"": 28, ""name"": ""Action""}, {""id"": 53, ""name"": ""Thriller""}, {""id"": 878, ""name"": ""Science Fiction""}]",en,1.859364,5.7,2077,Released,Adventure,1,1,3.9653850430107527,18.34811006187022,1.0505992224798137,7.639161171659173
61791,Rise of the Planet of the Apes,93000000,482860185,105.0,2011.0,"[{""id"": 53, ""name"": ""Thriller""}, {""id"": 28, ""name"": ""Action""}, {""id"": 18, ""name"": ""Drama""}, {""id"": 878, ""name"": ""Science Fiction""}]",en,138.433168,7.0,4347,Released,Thriller,1,1,5.192045,18.34811006187022,4.937585404027487,8.3774712482411
8204,The Spiderwick Chronicles,90000000,162839667,95.0,2008.0,"[{""id"": 12, ""name"": ""Adventure""}, {""id"": 10751, ""name"": ""Family""}, {""id"": 14, ""name"": ""Fantasy""}]",en,21.436682,6.3,572,Released,Adventure,1,1,1.8093296333333333,18.31532023940565,3.110697208759419,6.35088571671474
47964,A Good Day to Die Hard,92000000,304654182,98.0,2013.0,"[{""id"": 28, ""name"": ""Action""}, {""id"": 53, ""name"": ""Thriller""}]",en,65.402595,5.2,3493,Released,Action,1,1,3.3114585,18.33729914588288,4.195736137044034,8.158802490694002
10733,The Alamo,145000000,25819961,137.0,2004.0,"[{""id"": 37, ""name"": ""Western""}, {""id"": 36, ""name"": ""History""}, {""id"": 10752, ""name"": ""War""}]",en,10.660441,5.8,106,Released,Western,1,1,0.1780686965517241,18.7922443072814,2.4562020018194772,4.672828834461906
9806,The Incredibles,92000000,631442092,115.0,2004.0,"[{""id"": 28, ""name"": ""Action""}, {""id"": 12, ""name"": ""Adventure""}, {""id"": 16, ""name"": ""Animation""}, {""id"": 10751, ""name"": ""Family""}]",en,77.817571,7.4,5152,Released,Action,1,1,6.863501,18.33729914588288,4.367135954240493,8.547334348328224
1408,Cutthroat Island,98000000,10017322,119.0,1995.0,"[{""id"": 28, ""name"": ""Action""}, {""id"": 12, ""name"": ""Adventure""}]",en,7.029308,5.7,136,Released,Action,1,1,0.1022175714285714,18.400478046838927,2.0830983474083715,4.919980925828125
32657,Percy Jackson & the Olympians: The Lightning Thief,95000000,226497209,118.0,2010.0,"[{""id"": 12, ""name"": ""Adventure""}, {""id"": 14, ""name"": ""Fantasy""}, {""id"": 10751, ""name"": ""Family""}]",en,61.121717,6.0,2010,Released,Adventure,1,1,2.384181147368421,18.36938746009113,4.12909563795002,7.606387389772652
607,Men in Black,90000000,589390539,98.0,1997.0,"[{""id"": 28, ""name"": ""Action""}, {""id"": 12, ""name"": ""Adventure""}, {""id"": 35, ""name"": ""Comedy""}, {""id"": 878, ""name"": ""Science Fiction""}]",en,104.121555,6.9,4412,Released,Action,1,1,6.548783766666666,18.31532023940565,4.655117347244851,8.392310009269547
863,Toy Story 2,90000000,497366869,92.0,1999.0,"[{""id"": 16, ""name"": ""Animation""}, {""id"": 35, ""name"": ""Comedy""}, {""id"": 10751, ""name"": ""Family""}]",en,73.575118,7.3,3806,Released,Animation,1,1,5.526298544444445,18.31532023940565,4.311806912699259,8.244596756382498
44048,Unstoppable,100000000,167805466,98.0,2010.0,"[{""id"": 28, ""name"": ""Action""}, {""id"": 53, ""name"": ""Thriller""}]",en,37.698465,6.3,1165,Released,Action,1,1,1.67805466,18.420680753952364,3.6557999351664083,7.061334366910438
5175,Rush Hour 2,90000000,347325802,90.0,2001.0,"[{""id"": 28, ""name"": ""Action""}, {""id"": 35, ""name"": ""Comedy""}, {""id"": 80, ""name"": ""Crime""}, {""id"": 53, ""name"": ""Thriller""}]",en,35.814765,6.4,1054,Released,Action,1,1,3.8591755777777776,18.31532023940565,3.6058989875326173,6.961296045910167
2655,What Lies Beneath,100000000,155464351,130.0,2000.0,"[{""id"": 18, ""name"": ""Drama""}, {""id"": 27, ""name"": ""Horror""}, {""id"": 9648, ""name"": ""Mystery""}, {""id"": 53, ""name"": ""Thriller""}]",en,15.835672,6.3,488,Released,Drama,1,1,1.55464351,18.420680753952364,2.8234999686562987,6.192362489474872
22794,Cloudy with a Chance of Meatballs,100000000,242988466,90.0,2009.0,"[{""id"": 16, ""name"": ""Animation""}, {""id"": 35, ""name"": ""Comedy""}, {""id"": 10751, ""name"": ""Family""}]",en,46.781182,6.5,1747,Released,Animation,1,1,2.42988466,18.420680753952364,3.866631879975936,7.466227556215481
8355,Ice Age: Dawn of the Dinosaurs,90000000,886686817,94.0,2009.0,"[{""id"": 16, ""name"": ""Animation""}, {""id"": 35, ""name"": ""Comedy""}, {""id"": 10751, ""name"": ""Family""}, {""id"": 12, ""name"": ""Adventure""}]",en,69.457898,6.5,2271,Released,Animation,1,1,9.852075744444443,18.31532023940565,4.255015339938998,7.7284157798410416
116745,The Secret Life of Walter Mitty,90000000,188133322,114.0,2013.0,"[{""id"": 12, ""name"": ""Adventure""}, {""id"": 35, ""name"": ""Comedy""}, {""id"": 18, ""name"": ""Drama""}, {""id"": 14, ""name"": ""Fantasy""}]",en,43.348022,7.0,3144,Released,Adventure,1,1,2.0903702444444443,18.31532023940565,3.792068107986468,8.05356916913454
4327,Charlie's Angels,92000000,264105545,98.0,2000.0,"[{""id"": 28, ""name"": ""Action""}, {""id"": 12, ""name"": ""Adventure""}, {""id"": 35, ""name"": ""Comedy""}, {""id"": 80, ""name"": ""Crime""}, {""id"": 53, ""name"": ""Thriller""}]",en,40.20395,5.6,1232,Released,Action,1,1,2.870712445652174,18.33729914588288,3.7185341255462907,7.117205503164344
1422,The Departed,90000000,289847354,151.0,2006.0,"[{""id"": 18, ""name"": ""Drama""}, {""id"": 53, ""name"": ""Thriller""}, {""id"": 80, ""name"": ""Crime""}]",en,63.429157,7.9,4339,Released,Drama,1,1,3.2205261555555555,18.31532023940565,4.165566279097859,8.375629627094451
10674,Mulan,90000000,304320254,88.0,1998.0,"[{""id"": 16, ""name"": ""Animation""}, {""id"": 10751, ""name"": ""Family""}, {""id"": 12, ""name"": ""Adventure""}]",en,67.427755,7.6,2008,Released,Animation,1,1,3.381336155555556,18.31532023940565,4.225778517177954,7.605392364814934
7446,Tropic Thunder,92000000,188072649,107.0,2008.0,"[{""id"": 28, ""name"": ""Action""}, {""id"": 35, ""name"": ""Comedy""}]",en,43.192048,6.5,1667,Released,Action,1,1,2.0442679239130435,18.33729914588288,3.7885448633957344,7.419380582918692
65754,The Girl with the Dragon Tattoo,90000000,232617430,158.0,2011.0,"[{""id"": 53, ""name"": ""Thriller""}, {""id"": 80, ""name"": ""Crime""}, {""id"": 9648, ""name"": ""Mystery""}, {""id"": 18, ""name"": ""Drama""}]",en,47.651083,7.2,2434,Released,Thriller,1,1,2.584638111111111,18.31532023940565,3.884674069432545,7.79770203551669
1572,Die Hard: With a Vengeance,90000000,366101666,128.0,1995.0,"[{""id"": 28, ""name"": ""Action""}, {""id"": 53, ""name"": ""Thriller""}]",en,51.881077,6.9,2066,Released,Action,1,1,4.067796288888889,18.31532023940565,3.96804556220441,7.633853559681768
10528,Sherlock Holmes,90000000,524028679,128.0,2009.0,"[{""id"": 28, ""name"": ""Action""}, {""id"": 12, ""name"": ""Adventure""}, {""id"": 80, ""name"": ""Crime""}, {""id"": 9648, ""name"": ""Mystery""}]",en,57.834787,7.0,5766,Released,Action,1,1,5.822540877777778,18.31532023940565,4.074733295615296,8.659907293615413
271969,Ben-Hur,100000000,94061311,125.0,2016.0,"[{""id"": 18, ""name"": ""Drama""}]",en,29.608322,5.3,621,Released,Drama,1,1,0.94061311,18.420680753952364,3.4212719327680183,6.432940092739179
10865,Atlantis: The Lost Empire,120000000,186053725,95.0,2001.0,"[{""id"": 16, ""name"": ""Animation""}, {""id"": 10751, ""name"": ""Family""}, {""id"": 12, ""name"": ""Adventure""}, {""id"": 878, ""name"": ""Science Fiction""}]",en,51.548589,6.7,1224,Released,Animation,1,1,1.5504477083333332,18.603002309079653,3.961738246344017,7.110696122978827
2253,Valkyrie,75000000,200276000,121.0,2008.0,"[{""id"": 18, ""name"": ""Drama""}, {""id"": 53, ""name"": ""Thriller""}, {""id"": 36, ""name"": ""History""}, {""id"": 10752, ""name"": ""War""}]",en,38.832842,6.7,1173,Released,Drama,1,1,2.670346666666666,18.132998684833918,3.6846917478993486,7.068172000388042
10661,You Don't Mess with the Zohan,90000000,201596308,113.0,2008.0,"[{""id"": 35, ""name"": ""Comedy""}, {""id"": 28, ""name"": ""Action""}]",en,40.597344,5.5,1048,Released,Comedy,1,1,2.239958977777778,18.31532023940565,3.728036319075119,6.955592608396297
257344,Pixels,88000000,243637091,105.0,2015.0,"[{""id"": 28, ""name"": ""Action""}, {""id"": 35, ""name"": ""Comedy""}, {""id"": 878, ""name"": ""Science Fiction""}]",en,140.849495,5.6,2513,Released,Action,1,1,2.7686033068181817,18.292847383806116,4.954766601149827,7.829630389150193
644,A.I. Artificial Intelligence,100000000,235926552,146.0,2001.0,"[{""id"": 18, ""name"": ""Drama""}, {""id"": 878, ""name"": ""Science Fiction""}, {""id"": 12, ""name"": ""Adventure""}]",en,34.035114,6.8,1974,Released,Drama,1,1,2.35926552,18.420680753952364,3.5563508157061716,7.5883236773352225
10756,The Haunted Mansion,90000000,182290266,99.0,2003.0,"[{""id"": 53, ""name"": ""Thriller""}, {""id"": 14, ""name"": ""Fantasy""}, {""id"": 35, ""name"": ""Comedy""}, {""id"": 10751, ""name"": ""Family""}, {""id"": 9648, ""name"": ""Mystery""}]",en,16.302378,5.2,466,Released,Thriller,1,1,2.0254474,18.31532023940565,2.8508439487048327,6.1463292576688975
686,Contact,90000000,171120329,150.0,1997.0,"[{""id"": 18, ""name"": ""Drama""}, {""id"": 878, ""name"": ""Science Fiction""}, {""id"": 9648, ""name"": ""Mystery""}]",en,55.249434,7.2,1308,Released,Drama,1,1,1.901336988888889,18.31532023940565,4.029795978811682,7.1770187659099
9383,Hollow Man,95000000,190213455,112.0,2000.0,"[{""id"": 28, ""name"": ""Action""}, {""id"": 878, ""name"": ""Science Fiction""}, {""id"": 53, ""name"": ""Thriller""}]",en,28.200874,5.6,634,Released,Action,1,1,2.002246894736842,18.36938746009113,3.3741986403331468,6.453624998892692
179,The Interpreter,80000000,162944923,128.0,2005.0,"[{""id"": 80, ""name"": ""Crime""}, {""id"": 53, ""name"": ""Thriller""}]",en,18.69984,6.2,392,Released,Crime,1,1,2.0368115375,18.197537205138154,2.9806105138835495,5.973809611869261
76285,Percy Jackson: Sea of Monsters,90000000,174578751,106.0,2013.0,"[{""id"": 12, ""name"": ""Adventure""}, {""id"": 10751, ""name"": ""Family""}, {""id"": 14, ""name"": ""Fantasy""}]",en,40.262261,5.9,1648,Released,Adventure,1,1,1.9397639,18.31532023940565,3.71994830497835,7.407924322559599
1996,Lara Croft Tomb Raider: The Cradle of Life,95000000,156505388,117.0,2003.0,"[{""id"": 28, ""name"": ""Action""}, {""id"": 12, ""name"": ""Adventure""}, {""id"": 14, ""name"": ""Fantasy""}, {""id"": 53, ""name"": ""Thriller""}]",en,56.811056,5.5,1418,Released,Action,1,1,1.6474251368421051,18.36938746009113,4.057180037663409,7.257707677160043
291805,Now You See Me 2,90000000,334901337,129.0,2016.0,"[{""id"": 28, ""name"": ""Action""}, {""id"": 12, ""name"": ""Adventure""}, {""id"": 35, ""name"": ""Comedy""}, {""id"": 80, ""name"": ""Crime""}, {""id"": 9648, ""name"": ""Mystery""}, {""id"": 53, ""name"": ""Thriller""}]",en,51.535701,6.7,3235,Released,Action,1,1,3.7211259666666665,18.31532023940565,3.961492957537011,8.082093278178382
10003,The Saint,68000000,118063304,116.0,1997.0,"[{""id"": 53, ""name"": ""Thriller""}, {""id"": 28, ""name"": ""Action""}, {""id"": 10749, ""name"": ""Romance""}, {""id"": 878, ""name"": ""Science Fiction""}, {""id"": 12, ""name"": ""Adventure""}]",en,20.913852,5.9,302,Released,Thriller,1,1,1.7362250588235295,18.035018277846262,3.0871189482869443,5.713732805509369
1535,Spy Game,92000000,143049560,126.0,2001.0,"[{""id"": 28, ""name"": ""Action""}, {""id"": 80, ""name"": ""Crime""}, {""id"": 53, ""name"": ""Thriller""}]",en,27.166757,6.8,579,Released,Action,1,1,1.5548865217391303,18.33729914588288,3.3381424527904673,6.363028103540465
2067,Mission to Mars,90000000,60874615,114.0,2000.0,"[{""id"": 878, ""name"": ""Science Fiction""}]",en,16.058284,5.7,369,Released,Science Fiction,1,1,0.6763846111111111,18.31532023940565,2.836635950837934,5.91350300563827
46195,Rio,90000000,484635760,96.0,2011.0,"[{""id"": 16, ""name"": ""Animation""}, {""id"": 12, ""name"": ""Adventure""}, {""id"": 35, ""name"": ""Comedy""}, {""id"": 10751, ""name"": ""Family""}]",en,46.200042,6.5,2166,Released,Animation,1,1,5.384841777777778,18.31532023940565,3.8543947824216223,7.681099001536359
2277,Bicentennial Man,100000000,93700000,131.0,1999.0,"[{""id"": 35, ""name"": ""Comedy""}, {""id"": 878, ""name"": ""Science Fiction""}]",en,24.939295,6.9,963,Released,Comedy,1,1,0.937,18.420680753952364,3.2557590004156514,6.871091294610546
4477,The Devil's Own,90000000,140807547,107.0,1997.0,"[{""id"": 80, ""name"": ""Crime""}, {""id"": 53, ""name"": ""Thriller""}, {""id"": 18, ""name"": ""Drama""}]",en,15.350451,5.9,290,Released,Crime,1,1,1.5645283,18.31532023940565,2.7942554810606874,5.673323267171493
8665,K-19: The Widowmaker,100000000,35168966,138.0,2002.0,"[{""id"": 18, ""name"": ""Drama""}, {""id"": 36, ""name"": ""History""}, {""id"": 53, ""name"": ""Thriller""}]",en,15.625949,6.1,264,Released,Drama,1,1,0.35168966,18.420680753952364,2.8109646676195292,5.579729825986222
9387,Conan the Barbarian,20000000,79114085,129.0,1982.0,"[{""id"": 12, ""name"": ""Adventure""}, {""id"": 14, ""name"": ""Fantasy""}, {""id"": 28, ""name"": ""Action""}]",en,31.802807,6.6,650,Released,Adventure,1,1,3.95570425,16.811242881518265,3.4905140909966943,6.478509642208569
921,Cinderella Man,88000000,108539911,144.0,2005.0,"[{""id"": 10749, ""name"": ""Romance""}, {""id"": 18, ""name"": ""Drama""}, {""id"": 36, ""name"": ""History""}]",en,24.100863,7.3,616,Released,Romance,1,1,1.2334080795454545,18.292847383806116,3.2229022280167943,6.424869023905388
49852,The Nutcracker: The Untold Story,90000000,16178959,110.0,2010.0,"[{""id"": 14, ""name"": ""Fantasy""}, {""id"": 28, ""name"": ""Action""}, {""id"": 10751, ""name"": ""Family""}]",en,3.593349,5.4,50,Released,Fantasy,1,1,0.1797662111111111,18.31532023940565,1.5246093876517894,3.9318256327243257
4464,Seabiscuit,87000000,148336445,141.0,2003.0,"[{""id"": 18, ""name"": ""Drama""}, {""id"": 36, ""name"": ""History""}]",en,14.824166,6.7,216,Released,Drama,1,1,1.7050166091954022,18.28141868811311,2.76153826521967,5.37989735354046
664,Twister,92000000,494471524,113.0,1996.0,"[{""id"": 28, ""name"": ""Action""}, {""id"": 12, ""name"": ""Adventure""}, {""id"": 18, ""name"": ""Drama""}]",en,32.079995,6.1,950,Released,Action,1,1,5.374690478260869,18.33729914588288,3.4989287190067486,6.85751406254539
8358,Cast Away,90000000,429632142,143.0,2000.0,"[{""id"": 12, ""name"": ""Adventure""}, {""id"": 18, ""name"": ""Drama""}]",en,57.739713,7.5,3218,Released,Adventure,1,1,4.773690466666666,18.31532023940565,4.073116039820506,8.076826031298808
9836,Happy Feet,100000000,384335608,108.0,2006.0,"[{""id"": 16, ""name"": ""Animation""}, {""id"": 35, ""name"": ""Comedy""}]",en,37.272385,5.9,1410,Released,Animation,1,1,3.84335608,18.420680753952364,3.6447286178511478,7.2520539518528135
2502,The Bourne Supremacy,75000000,288500217,108.0,2004.0,"[{""id"": 28, ""name"": ""Action""}, {""id"": 18, ""name"": ""Drama""}, {""id"": 53, ""name"": ""Thriller""}]",en,53.213931,7.2,2825,Released,Action,1,1,3.84666956,18.132998684833918,3.9929379049394678,7.946617563244473
9772,Air Force One,85000000,315156409,124.0,1997.0,"[{""id"": 28, ""name"": ""Action""}, {""id"": 53, ""name"": ""Thriller""}]",en,36.38795,6.2,840,Released,Action,1,1,3.70772245882353,18.258161826219297,3.621348459991958,6.734591659972948
161,Ocean's Eleven,85000000,450717150,116.0,2001.0,"[{""id"": 53, ""name"": ""Thriller""}, {""id"": 80, ""name"": ""Crime""}]",en,60.929352,7.2,3783,Released,Thriller,1,1,5.302554705882353,18.258161826219297,4.125994251468779,8.238536930171769
52451,The Three Musketeers,75000000,132274484,110.0,2011.0,"[{""id"": 12, ""name"": ""Adventure""}, {""id"": 28, ""name"": ""Action""}, {""id"": 53, ""name"": ""Thriller""}]",en,36.605246,5.6,924,Released,Adventure,1,1,1.7636597866666666,18.132998684833918,3.6271435619402563,6.829793737512425
76492,Hotel Transylvania,85000000,358375603,91.0,2012.0,"[{""id"": 16, ""name"": ""Animation""}, {""id"": 35, ""name"": ""Comedy""}, {""id"": 10751, ""name"": ""Family""}, {""id"": 14, ""name"": ""Fantasy""}]",en,56.257411,6.8,2566,Released,Animation,1,1,4.216183564705882,18.258161826219297,4.047557083838108,7.8504931808711405
4523,Enchanted,85000000,340487652,107.0,2007.0,"[{""id"": 35, ""name"": ""Comedy""}, {""id"": 10751, ""name"": ""Family""}, {""id"": 14, ""name"": ""Fantasy""}, {""id"": 10749, ""name"": ""Romance""}]",en,29.21998,6.6,1449,Released,Comedy,1,1,4.005737082352941,18.258161826219297,3.408503295031006,7.27931883541462
59961,Safe House,85000000,208076205,115.0,2012.0,"[{""id"": 28, ""name"": ""Action""}, {""id"": 53, ""name"": ""Thriller""}]",en,34.773106,6.3,1345,Released,Action,1,1,2.4479553529411766,18.258161826219297,3.5771963820424353,7.204892510204673
10481,102 Dalmatians,85000000,183611771,100.0,2000.0,"[{""id"": 35, ""name"": ""Comedy""}, {""id"": 10751, ""name"": ""Family""}]",en,9.895061,5.1,313,Released,Comedy,1,1,2.160138482352941,18.258161826219297,2.388309567279487,5.749392985908253
59108,Tower Heist,75000000,152930623,104.0,2011.0,"[{""id"": 28, ""name"": ""Action""}, {""id"": 35, ""name"": ""Comedy""}]",en,36.743324,5.8,932,Released,Action,1,1,2.0390749733333333,18.132998684833918,3.6308086123735195,6.838405200847344
1581,The Holiday,85000000,194168700,136.0,2006.0,"[{""id"": 35, ""name"": ""Comedy""}, {""id"": 10749, ""name"": ""Romance""}]",en,44.967453,6.7,1225,Released,Comedy,1,1,2.284337647058824,18.258161826219297,3.827933602583815,7.111512116496157
9798,Enemy of the State,90000000,250649836,132.0,1998.0,"[{""id"": 28, ""name"": ""Action""}, {""id"": 18, ""name"": ""Drama""}, {""id"": 53, ""name"": ""Thriller""}]",en,41.207568,6.7,1240,Released,Action,1,1,2.7849981777777777,18.31532023940565,3.7425995414559905,7.123672785204607
22897,It's Complicated,85000000,219103655,121.0,2009.0,"[{""id"": 35, ""name"": ""Comedy""}, {""id"": 10749, ""name"": ""Romance""}]",en,16.479851,6.2,360,Released,Comedy,1,1,2.577690058823529,18.258161826219297,2.8610488461636,5.8888779583328805
298,Ocean's Thirteen,85000000,311312624,122.0,2007.0,"[{""id"": 80, ""name"": ""Crime""}, {""id"": 53, ""name"": ""Thriller""}]",en,42.069993,6.5,1999,Released,Crime,1,1,3.6625014588235296,18.258161826219297,3.762826536539886,7.600902459542082
7484,Open Season,85000000,197309027,83.0,2006.0,"[{""id"": 12, ""name"": ""Adventure""}, {""id"": 16, ""name"": ""Animation""}, {""id"": 10751, ""name"": ""Family""}]",en,26.61951,6.1,656,Released,Adventure,1,1,2.3212826705882352,18.258161826219297,3.318522407056217,6.487684018484611
157350,Divergent,85000000,288747895,139.0,2014.0,"[{""id"": 12, ""name"": ""Adventure""}, {""id"": 28, ""name"": ""Action""}, {""id"": 878, ""name"": ""Science Fiction""}]",en,80.316463,6.9,4663,Released,Adventure,1,1,3.3970340588235293,18.258161826219297,4.398348492978999,8.447628728030327
853,Enemy at the Gates,68000000,96976270,131.0,2001.0,"[{""id"": 10752, ""name"": ""War""}]",en,41.273567,7.2,999,Released,War,1,1,1.4261216176470588,18.035018277846262,3.7441619971078177,6.907755278982137
10159,The Rundown,85000000,80916492,104.0,2003.0,"[{""id"": 12, ""name"": ""Adventure""}, {""id"": 28, ""name"": ""Action""}, {""id"": 35, ""name"": ""Comedy""}, {""id"": 53, ""name"": ""Thriller""}]",en,24.107835,6.4,514,Released,Adventure,1,1,0.9519587294117648,18.258161826219297,3.2231799488230504,6.244166900663736
9593,Last Action Hero,85000000,137298489,130.0,1993.0,"[{""id"": 12, ""name"": ""Adventure""}, {""id"": 14, ""name"": ""Fantasy""}, {""id"": 28, ""name"": ""Action""}, {""id"": 35, ""name"": ""Comedy""}, {""id"": 10751, ""name"": ""Family""}]",en,32.044191,6.1,712,Released,Adventure,1,1,1.6152763411764706,18.258161826219297,3.4978457868554456,6.569481420414296
1904,Memoirs of a Geisha,85000000,162242962,145.0,2005.0,"[{""id"": 18, ""name"": ""Drama""}, {""id"": 36, ""name"": ""History""}, {""id"": 10749, ""name"": ""Romance""}]",en,16.595874,7.3,652,Released,Drama,1,1,1.9087407294117649,18.258161826219297,2.86766444274249,6.481577129276431
9615,The Fast and the Furious: Tokyo Drift,85000000,158468292,104.0,2006.0,"[{""id"": 28, ""name"": ""Action""}, {""id"": 80, ""name"": ""Crime""}, {""id"": 18, ""name"": ""Drama""}, {""id"": 53, ""name"": ""Thriller""}]",en,8.282876,6.1,1705,Released,Action,1,1,1.864332847058824,18.258161826219297,2.228171412577853,7.441906728051625
297,Meet Joe Black,90000000,142940100,178.0,1998.0,"[{""id"": 14, ""name"": ""Fantasy""}, {""id"": 18, ""name"": ""Drama""}, {""id"": 9648, ""name"": ""Mystery""}]",en,36.069611,6.9,1147,Released,Fantasy,1,1,1.588223333333333,18.31532023940565,3.61279752344694,7.045776576879511
9884,Collateral Damage,85000000,78382433,108.0,2002.0,"[{""id"": 28, ""name"": ""Action""}, {""id"": 53, ""name"": ""Thriller""}, {""id"": 18, ""name"": ""Drama""}]",en,18.827753,5.5,427,Released,Action,1,1,0.9221462705882352,18.258161826219297,2.987082622949407,6.059123195581797
62764,Mirror Mirror,85000000,183018522,106.0,2012.0,"[{""id"": 12, ""name"": ""Adventure""}, {""id"": 14, ""name"": ""Fantasy""}, {""id"": 18, ""name"": ""Drama""}, {""id"": 35, ""name"": ""Comedy""}, {""id"": 878, ""name"": ""Science Fiction""}, {""id"": 10751, ""name"": ""Family""}]",en,48.126297,5.5,1114,Released,Adventure,1,1,2.153159082352941,18.258161826219297,3.894394471876521,7.016609683894219
22538,Scott Pilgrim vs. the World,60000000,47664559,112.0,2010.0,"[{""id"": 28, ""name"": ""Action""}, {""id"": 12, ""name"": ""Adventure""}, {""id"": 35, ""name"": ""Comedy""}]",en,38.885195,7.2,2126,Released,Action,1,1,0.7944093166666667,17.909855136853043,3.6860052024071774,7.6624678152002375
9341,The Core,60000000,74208267,136.0,2003.0,"[{""id"": 28, ""name"": ""Action""}, {""id"": 53, ""name"": ""Thriller""}, {""id"": 12, ""name"": ""Adventure""}, {""id"": 878, ""name"": ""Science Fiction""}]",en,29.211255,5.4,516,Released,Action,1,1,1.23680445,17.909855136853043,3.4082145370712977,6.248042874508429
12107,Nutty Professor II: The Klumps,84000000,123307945,106.0,2000.0,"[{""id"": 14, ""name"": ""Fantasy""}, {""id"": 35, ""name"": ""Comedy""}, {""id"": 10749, ""name"": ""Romance""}, {""id"": 878, ""name"": ""Science Fiction""}]",en,17.783361,4.7,332,Released,Fantasy,1,1,1.4679517261904762,18.24632736871235,2.9329714247535916,5.808142489980444
9637,Scooby-Doo,84000000,275650703,88.0,2002.0,"[{""id"": 9648, ""name"": ""Mystery""}, {""id"": 12, ""name"": ""Adventure""}, {""id"": 35, ""name"": ""Comedy""}]",en,31.435539,5.4,820,Released,Mystery,1,1,3.281555988095238,18.24632736871235,3.4792547043780306,6.710523109452428
49049,Dredd,50000000,41037742,95.0,2012.0,"[{""id"": 28, ""name"": ""Action""}, {""id"": 878, ""name"": ""Science Fiction""}]",en,57.673932,6.6,1940,Released,Action,1,1,0.82075484,17.72753358339242,4.071995539611481,7.57095858316901
9339,Click,82500000,237681299,107.0,2006.0,"[{""id"": 35, ""name"": ""Comedy""}, {""id"": 18, ""name"": ""Drama""}, {""id"": 14, ""name"": ""Fantasy""}, {""id"": 10749, ""name"": ""Romance""}]",en,41.176631,6.0,2104,Released,Comedy,1,1,2.8809854424242425,18.228308863426122,3.7418662998834518,7.652070746116482
16281,Creepshow,8000000,21028755,120.0,1982.0,"[{""id"": 27, ""name"": ""Horror""}, {""id"": 35, ""name"": ""Comedy""}, {""id"": 14, ""name"": ""Fantasy""}]",en,13.661289,6.7,226,Released,Horror,1,1,2.628594375,15.894952224644102,2.6852106189233624,5.424950017481403
39691,Cats & Dogs 2 : The Revenge of Kitty Galore,85000000,112483764,82.0,2010.0,"[{""id"": 35, ""name"": ""Comedy""}, {""id"": 10751, ""name"": ""Family""}]",en,11.77398,4.9,119,Released,Comedy,1,1,1.3233384,18.258161826219297,2.5474102894578836,4.787491742782046
8247,Jumper,85000000,222231186,88.0,2008.0,"[{""id"": 12, ""name"": ""Adventure""}, {""id"": 14, ""name"": ""Fantasy""}, {""id"": 878, ""name"": ""Science Fiction""}]",en,21.218,5.9,1799,Released,Adventure,1,1,2.6144845411764708,18.258161826219297,3.1009027711595305,7.495541943884256
11253,Hellboy II: The Golden Army,85000000,160388063,120.0,2008.0,"[{""id"": 12, ""name"": ""Adventure""}, {""id"": 14, ""name"": ""Fantasy""}, {""id"": 878, ""name"": ""Science Fiction""}]",en,58.57976,6.5,1527,Released,Adventure,1,1,1.886918388235294,18.258161826219297,4.087315919079641,7.331714969726466
1949,Zodiac,65000000,84785914,157.0,2007.0,"[{""id"": 80, ""name"": ""Crime""}, {""id"": 18, ""name"": ""Drama""}, {""id"": 9648, ""name"": ""Mystery""}, {""id"": 53, ""name"": ""Thriller""}]",en,51.970905,7.3,2023,Released,Crime,1,1,1.3043986769230769,17.989897843244528,3.9697428005530195,7.6128310304073565
8452,The 6th Day,82000000,96085477,123.0,2000.0,"[{""id"": 878, ""name"": ""Science Fiction""}]",en,18.447479,5.7,595,Released,Science Fiction,1,1,1.1717741097560976,18.22222981742365,2.967717447267897,6.39024066706535
310,Bruce Almighty,80000000,484572835,101.0,2003.0,"[{""id"": 14, ""name"": ""Fantasy""}, {""id"": 35, ""name"": ""Comedy""}]",en,109.684788,6.4,3012,Released,Fantasy,1,1,6.0571604375,18.197537205138154,4.706686413831256,8.0106915391303
27578,The Expendables,80000000,274470394,103.0,2010.0,"[{""id"": 53, ""name"": ""Thriller""}, {""id"": 12, ""name"": ""Adventure""}, {""id"": 28, ""name"": ""Action""}]",en,77.580661,6.0,2926,Released,Thriller,1,1,3.430879925,18.197537205138154,4.364125625904555,7.9817332866918855
954,Mission: Impossible,80000000,457696359,110.0,1996.0,"[{""id"": 12, ""name"": ""Adventure""}, {""id"": 28, ""name"": ""Action""}, {""id"": 53, ""name"": ""Thriller""}]",en,75.290998,6.7,2631,Released,Adventure,1,1,5.7212044875,18.197537205138154,4.334554949678653,7.875499292445208
70160,The Hunger Games,75000000,691210692,142.0,2012.0,"[{""id"": 878, ""name"": ""Science Fiction""}, {""id"": 12, ""name"": ""Adventure""}, {""id"": 14, ""name"": ""Fantasy""}]",en,68.550698,6.9,9455,Released,Science Fiction,1,1,9.21614256,18.132998684833918,4.242055954264456,9.15440473964588
45243,The Hangover Part II,80000000,254455986,102.0,2011.0,"[{""id"": 35, ""name"": ""Comedy""}]",en,58.040149,6.2,3739,Released,Comedy,1,1,3.180699825,18.197537205138154,4.078217704001769,8.226840890408578
364,Batman Returns,80000000,280000000,126.0,1992.0,"[{""id"": 28, ""name"": ""Action""}, {""id"": 14, ""name"": ""Fantasy""}]",en,59.113174,6.6,1673,Released,Action,1,1,3.5,18.197537205138154,4.096229018851175,7.422971251049421
7518,Over the Hedge,80000000,343397247,83.0,2006.0,"[{""id"": 35, ""name"": ""Comedy""}, {""id"": 16, ""name"": ""Animation""}, {""id"": 10751, ""name"": ""Family""}]",en,36.32705,6.3,1074,Released,Comedy,1,1,4.2924655875,18.197537205138154,3.619718264890921,6.980075940561763
11544,Lilo & Stitch,80000000,145771527,85.0,2002.0,"[{""id"": 16, ""name"": ""Animation""}, {""id"": 10751, ""name"": ""Family""}]",en,55.659988,7.1,1314,Released,Animation,1,1,1.8221440875,18.197537205138154,4.037068282612726,7.181591944611865
9986,Charlotte's Web,85000000,144000000,97.0,2006.0,"[{""id"": 35, ""name"": ""Comedy""}, {""id"": 10751, ""name"": ""Family""}, {""id"": 14, ""name"": ""Fantasy""}]",en,14.132583,5.8,288,Released,Comedy,1,1,1.6941176470588235,18.258161826219297,2.7168502336521922,5.666426688112432
8656,Deep Impact,75000000,140464664,120.0,1998.0,"[{""id"": 28, ""name"": ""Action""}, {""id"": 18, ""name"": ""Drama""}, {""id"": 10749, ""name"": ""Romance""}]",en,34.070054,5.9,855,Released,Action,1,1,1.8728621866666664,18.132998684833918,3.557347603928489,6.752270376141742
9291,The Longest Yard,82000000,190320568,113.0,2005.0,"[{""id"": 35, ""name"": ""Comedy""}, {""id"": 18, ""name"": ""Drama""}]",en,26.065735,6.2,785,Released,Comedy,1,1,2.320982536585366,18.22222981742365,3.298268536724834,6.666956792429207
55301,Alvin and the Chipmunks: Chipwrecked,75000000,342695435,87.0,2011.0,"[{""id"": 35, ""name"": ""Comedy""}, {""id"": 14, ""name"": ""Fantasy""}, {""id"": 10751, ""name"": ""Family""}, {""id"": 10402, ""name"": ""Music""}, {""id"": 16, ""name"": ""Animation""}]",en,23.473004,5.4,484,Released,Comedy,1,1,4.569272466666667,18.132998684833918,3.197570632486281,6.184148890937483
109418,Grown Ups 2,80000000,246984278,100.0,2013.0,"[{""id"": 35, ""name"": ""Comedy""}]",en,45.589568,5.8,1155,Released,Comedy,1,1,3.087303475,18.197537205138154,3.8413766534096703,7.052721049232323
11665,Get Smart,80000000,230685453,110.0,2008.0,"[{""id"": 28, ""name"": ""Action""}, {""id"": 35, ""name"": ""Comedy""}, {""id"": 53, ""name"": ""Thriller""}]",en,23.496054,6.0,1051,Released,Action,1,1,2.8835681625,18.197537205138154,3.1985120433544396,6.9584483932976555
6964,Something's Gotta Give,80000000,266728738,128.0,2003.0,"[{""id"": 18, ""name"": ""Drama""}, {""id"": 35, ""name"": ""Comedy""}, {""id"": 10749, ""name"": ""Romance""}]",en,16.939441,6.3,410,Released,Drama,1,1,3.334109225,18.197537205138154,2.8870016967248953,6.018593214496234
11324,Shutter Island,80000000,294804195,138.0,2010.0,"[{""id"": 18, ""name"": ""Drama""}, {""id"": 53, ""name"": ""Thriller""}, {""id"": 9648, ""name"": ""Mystery""}]",en,81.914696,7.8,6336,Released,Drama,1,1,3.6850524375,18.197537205138154,4.417812320253986,8.754160749323518
12193,Four Christmases,80000000,163733697,88.0,2008.0,"[{""id"": 35, ""name"": ""Comedy""}, {""id"": 10749, ""name"": ""Romance""}, {""id"": 18, ""name"": ""Drama""}]",en,19.500893,5.3,331,Released,Comedy,1,1,2.0466712125,18.197537205138154,3.0204684461712206,5.805134968916488
9928,Robots,75000000,260696994,91.0,2005.0,"[{""id"": 16, ""name"": ""Animation""}, {""id"": 35, ""name"": ""Comedy""}, {""id"": 10751, ""name"": ""Family""}, {""id"": 878, ""name"": ""Science Fiction""}]",en,29.558157,6.0,1333,Released,Animation,1,1,3.47595992,18.132998684833918,3.419631654888121,7.195937226475569
754,Face/Off,80000000,245676146,138.0,1997.0,"[{""id"": 28, ""name"": ""Action""}, {""id"": 80, ""name"": ""Crime""}, {""id"": 878, ""name"": ""Science Fiction""}, {""id"": 53, ""name"": ""Thriller""}]",en,46.075037,6.8,1583,Released,Action,1,1,3.070951825,18.197537205138154,3.8517428605227266,7.367708572374371
10202,Bedtime Stories,80000000,212874442,99.0,2008.0,"[{""id"": 14, ""name"": ""Fantasy""}, {""id"": 35, ""name"": ""Comedy""}, {""id"": 10751, ""name"": ""Family""}, {""id"": 10749, ""name"": ""Romance""}]",en,23.531721,5.9,901,Released,Fantasy,1,1,2.660930525,18.197537205138154,3.1999670147983643,6.804614520062624
4147,Road to Perdition,80000000,181001478,117.0,2002.0,"[{""id"": 53, ""name"": ""Thriller""}, {""id"": 80, ""name"": ""Crime""}, {""id"": 18, ""name"": ""Drama""}]",en,49.078546,7.3,1077,Released,Thriller,1,1,2.262518475,18.197537205138154,3.913592692824036,6.982862751468942
50546,Just Go with It,80000000,214918407,117.0,2011.0,"[{""id"": 10749, ""name"": ""Romance""}, {""id"": 35, ""name"": ""Comedy""}]",en,37.02665,6.3,1543,Released,Romance,1,1,2.6864800875,18.197537205138154,3.63828722970886,7.342131730584722
1701,Con Air,75000000,224012234,115.0,1997.0,"[{""id"": 28, ""name"": ""Action""}, {""id"": 53, ""name"": ""Thriller""}, {""id"": 80, ""name"": ""Crime""}]",en,45.154631,6.5,1270,Released,Action,1,1,2.9868297866666667,18.132998684833918,3.8319973026100262,7.147559271189454
13027,Eagle Eye,80000000,178066569,118.0,2008.0,"[{""id"": 9648, ""name"": ""Mystery""}, {""id"": 53, ""name"": ""Thriller""}, {""id"": 28, ""name"": ""Action""}]",en,46.887983,6.3,1018,Released,Mystery,1,1,2.2258321125,18.197537205138154,3.8688645961152917,6.926577033222725
2289,Cold Mountain,79000000,173013509,154.0,2003.0,"[{""id"": 18, ""name"": ""Drama""}]",en,24.598479,6.7,533,Released,Drama,1,1,2.190044417721519,18.184958423089522,3.2425329356579313,6.280395838960195
20504,The Book of Eli,80000000,157107755,118.0,2010.0,"[{""id"": 28, ""name"": ""Action""}, {""id"": 53, ""name"": ""Thriller""}, {""id"": 878, ""name"": ""Science Fiction""}]",en,32.363538,6.6,2164,Released,Action,1,1,1.9638469375,18.197537205138154,3.507463627022971,7.68017564043659
9574,Flubber,80000000,177977226,93.0,1997.0,"[{""id"": 35, ""name"": ""Comedy""}, {""id"": 10751, ""name"": ""Family""}, {""id"": 878, ""name"": ""Science Fiction""}]",en,11.50396,5.3,695,Released,Comedy,1,1,2.224715325,18.197537205138154,2.526045394137731,6.54534966033442
11618,The Haunting,80000000,91188905,113.0,1999.0,"[{""id"": 27, ""name"": ""Horror""}, {""id"": 53, ""name"": ""Thriller""}, {""id"": 14, ""name"": ""Fantasy""}, {""id"": 9648, ""name"": ""Mystery""}]",en,19.375768,5.2,369,Released,Horror,1,1,1.1398613125,18.197537205138154,3.0143463516680873,5.91350300563827
2300,Space Jam,80000000,250200000,88.0,1996.0,"[{""id"": 16, ""name"": ""Animation""}, {""id"": 35, ""name"": ""Comedy""}, {""id"": 18, ""name"": ""Drama""}, {""id"": 10751, ""name"": ""Family""}, {""id"": 14, ""name"": ""Fantasy""}]",en,36.125715,6.5,1288,Released,Animation,1,1,3.1275,18.197537205138154,3.614309856196666,7.161622002939187
10200,The Day the Earth Stood Still,80000000,233093859,104.0,2008.0,"[{""id"": 18, ""name"": ""Drama""}, {""id"": 878, ""name"": ""Science Fiction""}, {""id"": 53, ""name"": ""Thriller""}]",en,41.890722,5.2,1043,Released,Drama,1,1,2.9136732375,18.197537205138154,3.7586555321478863,6.950814768442584
8834,Conspiracy Theory,75000000,136982834,135.0,1997.0,"[{""id"": 28, ""name"": ""Action""}, {""id"": 18, ""name"": ""Drama""}, {""id"": 9648, ""name"": ""Mystery""}, {""id"": 53, ""name"": ""Thriller""}]",en,22.179658,6.5,431,Released,Action,1,1,1.8264377866666663,18.132998684833918,3.143275083704402,6.068425588244111
228150,Fury,68000000,211817906,135.0,2014.0,"[{""id"": 10752, ""name"": ""War""}, {""id"": 18, ""name"": ""Drama""}, {""id"": 28, ""name"": ""Action""}]",en,139.575085,7.4,3946,Released,War,1,1,3.114969205882353,18.035018277846262,4.945741758837517,8.280711075662847
6068,Six Days Seven Nights,70000000,164000000,98.0,1998.0,"[{""id"": 28, ""name"": ""Action""}, {""id"": 12, ""name"": ""Adventure""}, {""id"": 35, ""name"": ""Comedy""}, {""id"": 10749, ""name"": ""Romance""}]",en,18.264635,5.6,332,Released,Action,1,1,2.342857142857143,18.064005814299346,2.9582710316230085,5.808142489980444
41515,Yogi Bear,80000000,201584141,80.0,2010.0,"[{""id"": 35, ""name"": ""Comedy""}, {""id"": 10751, ""name"": ""Family""}, {""id"": 16, ""name"": ""Animation""}, {""id"": 12, ""name"": ""Adventure""}]",en,11.187696,5.2,220,Released,Comedy,1,1,2.5198017625,18.197537205138154,2.5004269182459327,5.3981627015177525
9023,Spirit: Stallion of the Cimarron,80000000,122563539,83.0,2002.0,"[{""id"": 37, ""name"": ""Western""}, {""id"": 16, ""name"": ""Animation""}, {""id"": 12, ""name"": ""Adventure""}, {""id"": 35, ""name"": ""Comedy""}, {""id"": 10751, ""name"": ""Family""}]",en,41.670544,7.4,831,Released,Western,1,1,1.5320442375,18.197537205138154,3.753508846122625,6.723832440821209
38317,Zookeeper,80000000,169852759,102.0,2011.0,"[{""id"": 35, ""name"": ""Comedy""}, {""id"": 10749, ""name"": ""Romance""}, {""id"": 10751, ""name"": ""Family""}]",en,27.46264,5.3,498,Released,Comedy,1,1,2.1231594875,18.197537205138154,3.348592350130506,6.212606095751519
2157,Lost in Space,80000000,136159423,130.0,1998.0,"[{""id"": 12, ""name"": ""Adventure""}, {""id"": 10751, ""name"": ""Family""}, {""id"": 878, ""name"": ""Science Fiction""}]",en,17.455024,5.0,388,Released,Adventure,1,1,1.7019927875,18.197537205138154,2.915336636941696,5.963579343618446
14462,The Manchurian Candidate,80000000,96105964,129.0,2004.0,"[{""id"": 18, ""name"": ""Drama""}, {""id"": 53, ""name"": ""Thriller""}, {""id"": 9648, ""name"": ""Mystery""}]",en,21.394281,6.2,393,Released,Drama,1,1,1.20132455,18.197537205138154,3.1088056137632094,5.976350909297934
159824,Hotel Transylvania 2,80000000,473226958,89.0,2015.0,"[{""id"": 16, ""name"": ""Animation""}, {""id"": 35, ""name"": ""Comedy""}, {""id"": 10751, ""name"": ""Family""}]",en,61.692197,6.7,1497,Released,Animation,1,1,5.915336975,18.197537205138154,4.138236990133596,7.311886164077165
49948,Fantasia 2000,80000000,90874570,74.0,1999.0,"[{""id"": 16, ""name"": ""Animation""}, {""id"": 10751, ""name"": ""Family""}, {""id"": 10402, ""name"": ""Music""}]",en,14.530946,7.0,292,Released,Animation,1,1,1.135932125,18.197537205138154,2.742834549664696,5.680172609017068
2135,The Time Machine,80000000,123729176,96.0,2002.0,"[{""id"": 878, ""name"": ""Science Fiction""}, {""id"": 12, ""name"": ""Adventure""}, {""id"": 28, ""name"": ""Action""}]",en,25.978555,5.8,631,Released,Science Fiction,1,1,1.5466147,18.197537205138154,3.2950422911540658,6.448889394146858
9705,Swordfish,102000000,147080413,99.0,2001.0,"[{""id"": 28, ""name"": ""Action""}, {""id"": 80, ""name"": ""Crime""}, {""id"": 53, ""name"": ""Thriller""}]",en,36.788745,6.1,932,Released,Action,1,1,1.4419648333333333,18.440483381052466,3.6320113069660644,6.838405200847344
1656,The Legend of Zorro,75000000,142400065,129.0,2005.0,"[{""id"": 28, ""name"": ""Action""}, {""id"": 12, ""name"": ""Adventure""}]",en,31.054334,5.9,893,Released,Action,1,1,1.8986675333333332,18.132998684833918,3.4674324004334878,6.795705775173515
12159,What Dreams May Come,85000000,71485043,113.0,1998.0,"[{""id"": 18, ""name"": ""Drama""}, {""id"": 14, ""name"": ""Fantasy""}, {""id"": 10749, ""name"": ""Romance""}]",en,21.891078,6.8,577,Released,Drama,1,1,0.841000505882353,18.258161826219297,3.1307472276567734,6.359573868672378
4442,The Brothers Grimm,88000000,105316267,118.0,2005.0,"[{""id"": 12, ""name"": ""Adventure""}, {""id"": 14, ""name"": ""Fantasy""}, {""id"": 28, ""name"": ""Action""}, {""id"": 35, ""name"": ""Comedy""}, {""id"": 53, ""name"": ""Thriller""}]",en,40.138009,5.6,818,Released,Adventure,1,1,1.1967757613636365,18.292847383806116,3.7169324873317753,6.70808408385307
75,Mars Attacks!,70000000,101371017,106.0,1996.0,"[{""id"": 35, ""name"": ""Comedy""}, {""id"": 14, ""name"": ""Fantasy""}, {""id"": 878, ""name"": ""Science Fiction""}]",en,44.090535,6.1,1509,Released,Comedy,1,1,1.4481573857142858,18.064005814299346,3.808672357521174,7.31986492980897
19959,Surrogates,80000000,122444772,89.0,2009.0,"[{""id"": 28, ""name"": ""Action""}, {""id"": 878, ""name"": ""Science Fiction""}, {""id"": 53, ""name"": ""Thriller""}]",en,36.664991,5.9,1195,Released,Action,1,1,1.53055965,18.197537205138154,3.6287310423290036,7.086737934510577
11973,Thirteen Days,80000000,34566746,145.0,2000.0,"[{""id"": 18, ""name"": ""Drama""}, {""id"": 53, ""name"": ""Thriller""}]",en,18.26121,6.9,189,Released,Drama,1,1,0.432084325,18.197537205138154,2.9580932289033526,5.247024072160486
11228,Daylight,80000000,159212469,115.0,1996.0,"[{""id"": 28, ""name"": ""Action""}, {""id"": 12, ""name"": ""Adventure""}, {""id"": 53, ""name"": ""Thriller""}]",en,16.681269,5.8,378,Released,Action,1,1,1.9901558625,18.197537205138154,2.872505830651822,5.937536205082426
77951,Walking With Dinosaurs,80000000,126546518,87.0,2013.0,"[{""id"": 16, ""name"": ""Animation""}, {""id"": 10751, ""name"": ""Family""}, {""id"": 12, ""name"": ""Adventure""}]",en,10.088006,5.2,133,Released,Animation,1,1,1.581831475,18.197537205138154,2.4058639835729423,4.897839799950911
5491,Battlefield Earth,44000000,21400000,118.0,2000.0,"[{""id"": 28, ""name"": ""Action""}, {""id"": 878, ""name"": ""Science Fiction""}, {""id"": 10752, ""name"": ""War""}]",en,7.89147,3.0,255,Released,Action,1,1,0.4863636363636364,17.599700214609808,2.1850923901870014,5.545177444479562
10715,Looney Tunes: Back in Action,80000000,68514844,90.0,2003.0,"[{""id"": 16, ""name"": ""Animation""}, {""id"": 35, ""name"": ""Comedy""}, {""id"": 10751, ""name"": ""Family""}]",en,16.715631,5.6,297,Released,Animation,1,1,0.85643555,18.197537205138154,2.8744473572145455,5.697093486505405
10197,Nine,80000000,53825515,112.0,2009.0,"[{""id"": 18, ""name"": ""Drama""}, {""id"": 10402, ""name"": ""Music""}, {""id"": 10749, ""name"": ""Romance""}]",en,9.357734,5.1,165,Released,Drama,1,1,0.6728189375,18.197537205138154,2.3377334870386197,5.111987788356544
9562,Timeline,80000000,19480739,116.0,2003.0,"[{""id"": 28, ""name"": ""Action""}, {""id"": 12, ""name"": ""Adventure""}, {""id"": 878, ""name"": ""Science Fiction""}]",en,11.22268,5.4,318,Released,Action,1,1,0.2435092375,18.197537205138154,2.5032932423002476,5.765191102784844
9922,The Postman,80000000,17626234,177.0,1997.0,"[{""id"": 18, ""name"": ""Drama""}, {""id"": 12, ""name"": ""Adventure""}]",en,14.564667,6.1,299,Released,Drama,1,1,0.220327925,18.197537205138154,2.7450034095111637,5.703782474656201
9447,Babe: Pig in the City,90000000,69131860,92.0,1998.0,"[{""id"": 12, ""name"": ""Adventure""}, {""id"": 35, ""name"": ""Comedy""}, {""id"": 18, ""name"": ""Drama""}, {""id"": 10751, ""name"": ""Family""}, {""id"": 14, ""name"": ""Fantasy""}]",en,11.356079,5.2,305,Released,Adventure,1,1,0.7681317777777777,18.31532023940565,2.5141481686908005,5.723585101952381
274854,The Last Witch Hunter,90000000,146936910,106.0,2015.0,"[{""id"": 14, ""name"": ""Fantasy""}, {""id"": 28, ""name"": ""Action""}, {""id"": 12, ""name"": ""Adventure""}]",en,52.612025,5.7,1316,Released,Fantasy,1,1,1.6326323333333332,18.31532023940565,3.9817733899296535,7.183111701743281
8870,Red Planet,80000000,33463969,106.0,2000.0,"[{""id"": 53, ""name"": ""Thriller""}, {""id"": 28, ""name"": ""Action""}, {""id"": 878, ""name"": ""Science Fiction""}]",en,13.800656,5.4,267,Released,Thriller,1,1,0.4182996125,18.197537205138154,2.6946715041120997,5.5909869805108565
9992,Arthur and the Invisibles,86000000,107944236,94.0,2006.0,"[{""id"": 12, ""name"": ""Adventure""}, {""id"": 14, ""name"": ""Fantasy""}, {""id"": 16, ""name"": ""Animation""}, {""id"": 10751, ""name"": ""Family""}]",en,27.097932,6.0,639,Released,Adventure,1,1,1.255165534883721,18.26985786584569,3.3356959793254566,6.461468176353717
10077,A Sound of Thunder,80000000,5989640,110.0,2005.0,"[{""id"": 53, ""name"": ""Thriller""}, {""id"": 878, ""name"": ""Science Fiction""}, {""id"": 12, ""name"": ""Adventure""}, {""id"": 28, ""name"": ""Action""}]",en,7.342892,4.8,111,Released,Thriller,1,1,0.0748705,18.197537205138154,2.121409918852332,4.718498871295094
76649,Pompeii,130000000,117831631,105.0,2014.0,"[{""id"": 28, ""name"": ""Action""}, {""id"": 12, ""name"": ""Adventure""}, {""id"": 36, ""name"": ""History""}, {""id"": 10749, ""name"": ""Romance""}, {""id"": 18, ""name"": ""Drama""}]",en,50.561849,5.2,1267,Released,Action,1,1,0.9063971615384616,18.683045016112164,3.9427820385606527,7.145196134997171
453,A Beautiful Mind,60000000,313542341,135.0,2001.0,"[{""id"": 18, ""name"": ""Drama""}, {""id"": 10749, ""name"": ""Romance""}]",en,59.248437,7.7,3009,Released,Drama,1,1,5.2257056833333335,17.909855136853043,4.098476630125553,8.009695357742922
8587,The Lion King,45000000,788241776,89.0,1994.0,"[{""id"": 10751, ""name"": ""Family""}, {""id"": 16, ""name"": ""Animation""}, {""id"": 18, ""name"": ""Drama""}]",en,90.457886,8.0,5376,Released,Family,1,1,17.516483911111113,17.622173069956816,4.515878604033191,8.589885876809678
72545,Journey 2: The Mysterious Island,79000000,355692760,94.0,2012.0,"[{""id"": 12, ""name"": ""Adventure""}, {""id"": 28, ""name"": ""Action""}, {""id"": 878, ""name"": ""Science Fiction""}]",en,40.723459,5.8,1030,Released,Adventure,1,1,4.50244,18.184958423089522,3.7310635365710976,6.93828448401696
109451,Cloudy with a Chance of Meatballs 2,78000000,248384621,95.0,2013.0,"[{""id"": 16, ""name"": ""Animation""}, {""id"": 10751, ""name"": ""Family""}, {""id"": 35, ""name"": ""Comedy""}]",en,41.247402,6.4,915,Released,Animation,1,1,3.184418217948718,18.17221939747438,3.7435428607882657,6.82001636467413
9533,Red Dragon,78000000,209196298,124.0,2002.0,"[{""id"": 80, ""name"": ""Crime""}, {""id"": 53, ""name"": ""Thriller""}, {""id"": 27, ""name"": ""Horror""}]",en,10.083905,6.7,1115,Released,Crime,1,1,2.6820038205128207,18.17221939747438,2.4054940560509737,7.017506142941256
2023,Hidalgo,100000000,108103450,136.0,2004.0,"[{""id"": 37, ""name"": ""Western""}, {""id"": 12, ""name"": ""Adventure""}]",en,16.759252,6.5,318,Released,Western,1,1,1.0810345,18.420680753952364,2.876906619559956,5.765191102784844
71880,Jack and Jill,79000000,149673788,91.0,2011.0,"[{""id"": 35, ""name"": ""Comedy""}]",en,22.132418,4.1,604,Released,Comedy,1,1,1.894604911392405,18.184958423089522,3.1412350103384834,6.405228458030842
584,2 Fast 2 Furious,76000000,236350661,107.0,2003.0,"[{""id"": 28, ""name"": ""Action""}, {""id"": 80, ""name"": ""Crime""}, {""id"": 53, ""name"": ""Thriller""}]",en,10.520961,6.2,2028,Released,Action,1,1,3.1098771184210525,18.1462439114085,2.4441680719273675,7.615298339825815
309809,The Little Prince,64000000,97571250,92.0,2015.0,"[{""id"": 12, ""name"": ""Adventure""}, {""id"": 16, ""name"": ""Animation""}, {""id"": 14, ""name"": ""Fantasy""}]",en,35.384423,7.6,756,Released,Adventure,1,1,1.52455078125,17.974393656948944,3.59414074348999,6.6293632534374485
4858,The Invasion,80000000,15071514,99.0,2007.0,"[{""id"": 878, ""name"": ""Science Fiction""}, {""id"": 53, ""name"": ""Thriller""}]",en,15.673154,5.7,359,Released,Science Fiction,1,1,0.188393925,18.197537205138154,2.8137998810257994,5.886104031450156
17711,The Adventures of Rocky & Bullwinkle,76000000,35134820,88.0,2000.0,"[{""id"": 28, ""name"": ""Action""}, {""id"": 12, ""name"": ""Adventure""}, {""id"": 16, ""name"": ""Animation""}, {""id"": 35, ""name"": ""Comedy""}, {""id"": 10751, ""name"": ""Family""}]",en,8.981427,3.9,87,Released,Action,1,1,0.4623002631578947,18.1462439114085,2.3007260660737967,4.477336814478207
328111,The Secret Life of Pets,75000000,875958308,87.0,2016.0,"[{""id"": 16, ""name"": ""Animation""}, {""id"": 10751, ""name"": ""Family""}]",en,31.482872,5.9,3462,Released,Animation,1,1,11.679444106666669,18.132998684833918,3.4807129350296573,8.149890544402423
8698,The League of Extraordinary Gentlemen,78000000,179265204,110.0,2003.0,"[{""id"": 14, ""name"": ""Fantasy""}, {""id"": 28, ""name"": ""Action""}, {""id"": 53, ""name"": ""Thriller""}, {""id"": 878, ""name"": ""Science Fiction""}]",en,47.436675,5.7,1155,Released,Fantasy,1,1,2.2982718461538463,18.17221939747438,3.8802572747104507,7.052721049232323
93456,Despicable Me 2,76000000,970761885,98.0,2013.0,"[{""id"": 16, ""name"": ""Animation""}, {""id"": 35, ""name"": ""Comedy""}, {""id"": 10751, ""name"": ""Family""}]",en,136.886704,7.0,4637,Released,Animation,1,1,12.77318269736842,18.1462439114085,4.92643236245679,8.442038517815478
602,Independence Day,75000000,816969268,145.0,1996.0,"[{""id"": 28, ""name"": ""Action""}, {""id"": 12, ""name"": ""Adventure""}, {""id"": 878, ""name"": ""Science Fiction""}]",en,60.442593,6.7,3260,Released,Action,1,1,10.892923573333332,18.132998684833918,4.118103291724904,8.089789175789319
330,The Lost World: Jurassic Park,73000000,229074524,129.0,1997.0,"[{""id"": 12, ""name"": ""Adventure""}, {""id"": 28, ""name"": ""Action""}, {""id"": 878, ""name"": ""Science Fiction""}]",en,2.502487,6.2,2487,Released,Adventure,1,1,3.138007178082192,18.105970012811294,1.25347328758759,7.81923445385907
953,Madagascar,75000000,532680671,86.0,2005.0,"[{""id"": 10751, ""name"": ""Family""}, {""id"": 16, ""name"": ""Animation""}]",en,48.110909,6.6,3237,Released,Family,1,1,7.102408946666666,18.132998684833918,3.894081189348395,8.08271113423758
9693,Children of Men,76000000,69959751,109.0,2006.0,"[{""id"": 18, ""name"": ""Drama""}, {""id"": 28, ""name"": ""Action""}, {""id"": 53, ""name"": ""Thriller""}, {""id"": 878, ""name"": ""Science Fiction""}]",en,35.387874,7.4,2071,Released,Drama,1,1,0.9205230394736842,18.1462439114085,3.5942355872738156,7.6362696033793735
36657,X-Men,75000000,296339527,104.0,2000.0,"[{""id"": 12, ""name"": ""Adventure""}, {""id"": 28, ""name"": ""Action""}, {""id"": 878, ""name"": ""Science Fiction""}]",en,4.66891,6.8,4097,Released,Adventure,1,1,3.951193693333333,18.132998684833918,1.734996859400304,8.318254328798846
8909,Wanted,75000000,258270008,110.0,2008.0,"[{""id"": 28, ""name"": ""Action""}, {""id"": 53, ""name"": ""Thriller""}, {""id"": 80, ""name"": ""Crime""}]",en,73.82289,6.4,2528,Released,Action,1,1,3.4436001066666666,18.132998684833918,4.315123854209853,7.835579246669965
9802,The Rock,75000000,335062621,136.0,1996.0,"[{""id"": 28, ""name"": ""Action""}, {""id"": 12, ""name"": ""Adventure""}, {""id"": 53, ""name"": ""Thriller""}]",en,51.469576,6.9,1456,Released,Action,1,1,4.467501613333333,18.132998684833918,3.9602334968578896,7.284134806195205
950,Ice Age: The Meltdown,80000000,660940780,91.0,2006.0,"[{""id"": 16, ""name"": ""Animation""}, {""id"": 10751, ""name"": ""Family""}, {""id"": 35, ""name"": ""Comedy""}, {""id"": 12, ""name"": ""Adventure""}]",en,85.115058,6.5,2951,Released,Animation,1,1,8.26175975,18.197537205138154,4.455684285805453,7.990238185720363
1824,50 First Dates,75000000,196482882,99.0,2004.0,"[{""id"": 35, ""name"": ""Comedy""}, {""id"": 10749, ""name"": ""Romance""}]",en,61.437586,6.6,2105,Released,Comedy,1,1,2.61977176,18.132998684833918,4.134167433785201,7.652545692693921
2976,Hairspray,50000000,90450008,117.0,2007.0,"[{""id"": 10751, ""name"": ""Family""}, {""id"": 35, ""name"": ""Comedy""}, {""id"": 10402, ""name"": ""Music""}, {""id"": 10749, ""name"": ""Romance""}]",en,31.160542,6.5,709,Released,Family,1,1,1.80900016,17.72753358339242,3.4707402974025823,6.565264970035361
11026,Exorcist: The Beginning,80000000,78000586,114.0,2004.0,"[{""id"": 27, ""name"": ""Horror""}, {""id"": 9648, ""name"": ""Mystery""}, {""id"": 53, ""name"": ""Thriller""}]",en,15.761384,4.7,183,Released,Horror,1,1,0.975007325,18.197537205138154,2.81907766921023,5.214935757608986
75656,Now You See Me,75000000,117698894,115.0,2013.0,"[{""id"": 53, ""name"": ""Thriller""}, {""id"": 80, ""name"": ""Crime""}]",en,71.124686,7.3,5487,Released,Thriller,1,1,1.5693185866666666,18.132998684833918,4.278396371265927,8.610319169405722
38365,Grown Ups,80000000,271430189,102.0,2010.0,"[{""id"": 35, ""name"": ""Comedy""}]",en,38.864027,6.0,1705,Released,Comedy,1,1,3.3928773625,18.197537205138154,3.6854743382817037,7.441906728051625
594,The Terminal,60000000,219417255,128.0,2004.0,"[{""id"": 35, ""name"": ""Comedy""}, {""id"": 18, ""name"": ""Drama""}]",en,57.753914,7.0,1910,Released,Comedy,1,1,3.65695425,17.909855136853043,4.073357772081765,7.555381944240273
15189,Hotel for Dogs,35000000,73034460,100.0,2009.0,"[{""id"": 35, ""name"": ""Comedy""}, {""id"": 10751, ""name"": ""Family""}]",en,13.25753,5.7,202,Released,Comedy,1,1,2.0866988571428573,17.370858648025116,2.6572851882020507,5.313205979041787
11678,Vertical Limit,75000000,215663859,124.0,2000.0,"[{""id"": 28, ""name"": ""Action""}, {""id"": 12, ""name"": ""Adventure""}, {""id"": 53, ""name"": ""Thriller""}]",en,13.318744,5.9,283,Released,Action,1,1,2.87551812,18.132998684833918,2.66156944818859,5.648974238161206
6538,Charlie Wilson's War,75000000,119000410,102.0,2007.0,"[{""id"": 35, ""name"": ""Comedy""}, {""id"": 18, ""name"": ""Drama""}, {""id"": 36, ""name"": ""History""}]",en,18.70031,6.5,338,Released,Comedy,1,1,1.5866721333333331,18.132998684833918,2.980634371660742,5.82600010738045
10555,Shark Tale,75000000,367275019,90.0,2004.0,"[{""id"": 16, ""name"": ""Animation""}, {""id"": 28, ""name"": ""Action""}, {""id"": 35, ""name"": ""Comedy""}, {""id"": 10751, ""name"": ""Family""}]",en,47.094369,5.8,1557,Released,Animation,1,1,4.897000253333333,18.132998684833918,3.8731651016515825,7.351158226430694
1125,Dreamgirls,70000000,154937680,134.0,2006.0,"[{""id"": 18, ""name"": ""Drama""}]",en,14.486311,6.6,284,Released,Drama,1,1,2.213395428571429,18.064005814299346,2.7399564724181795,5.652489180268651
4551,Be Cool,53000000,95226116,118.0,2005.0,"[{""id"": 35, ""name"": ""Comedy""}, {""id"": 80, ""name"": ""Crime""}]",en,18.61472,5.4,292,Released,Comedy,1,1,1.7967191698113207,17.78580249038432,2.9762803047699284,5.680172609017068
612,Munich,70000000,130358911,164.0,2005.0,"[{""id"": 18, ""name"": ""Drama""}, {""id"": 28, ""name"": ""Action""}, {""id"": 36, ""name"": ""History""}, {""id"": 53, ""name"": ""Thriller""}]",en,29.035222,6.9,696,Released,Drama,1,1,1.862270157142857,18.064005814299346,3.402370759651536,6.546785410760524
9567,Tears of the Sun,70000000,85632458,121.0,2003.0,"[{""id"": 28, ""name"": ""Action""}, {""id"": 18, ""name"": ""Drama""}, {""id"": 10752, ""name"": ""War""}]",en,27.055085,6.4,573,Released,Action,1,1,1.2233208285714283,18.064005814299346,3.3341698989613113,6.352629396319567
37821,Killers,75000000,98159963,100.0,2010.0,"[{""id"": 28, ""name"": ""Action""}, {""id"": 35, ""name"": ""Comedy""}, {""id"": 53, ""name"": ""Thriller""}, {""id"": 10749, ""name"": ""Romance""}]",en,23.004607,5.7,772,Released,Action,1,1,1.308799506666667,18.132998684833918,3.1782457702596356,6.650279048587422
203801,The Man from U.N.C.L.E.,75000000,108145109,116.0,2015.0,"[{""id"": 35, ""name"": ""Comedy""}, {""id"": 28, ""name"": ""Action""}, {""id"": 12, ""name"": ""Adventure""}]",en,48.744209,7.1,2265,Released,Comedy,1,1,1.4419347866666667,18.132998684833918,3.9068940548193116,7.725771441587952
2539,Spanglish,80000000,55041367,130.0,2004.0,"[{""id"": 35, ""name"": ""Comedy""}]",en,14.209329,5.8,369,Released,Comedy,1,1,0.6880170875,18.197537205138154,2.7219089895847284,5.91350300563827
9297,Monster House,75000000,140175006,91.0,2006.0,"[{""id"": 16, ""name"": ""Animation""}, {""id"": 35, ""name"": ""Comedy""}, {""id"": 10751, ""name"": ""Family""}, {""id"": 14, ""name"": ""Fantasy""}]",en,36.368839,6.3,874,Released,Animation,1,1,1.86900008,18.132998684833918,3.620837175313417,6.774223886357614
3172,Bandits,75000000,67631903,123.0,2001.0,"[{""id"": 28, ""name"": ""Action""}, {""id"": 35, ""name"": ""Comedy""}, {""id"": 80, ""name"": ""Crime""}, {""id"": 10749, ""name"": ""Romance""}]",en,24.353302,6.2,302,Released,Action,1,1,0.9017587066666668,18.132998684833918,3.232908977964819,5.713732805509369
6520,First Knight,55000000,127600435,134.0,1995.0,"[{""id"": 28, ""name"": ""Action""}, {""id"": 12, ""name"": ""Adventure""}, {""id"": 18, ""name"": ""Drama""}, {""id"": 10749, ""name"": ""Romance""}]",en,19.143321,5.9,311,Released,Action,1,1,2.320007909090909,17.822843761378564,3.0028727694265003,5.7430031878094825
37958,Immortals,75000000,226904017,110.0,2011.0,"[{""id"": 14, ""name"": ""Fantasy""}, {""id"": 28, ""name"": ""Action""}, {""id"": 18, ""name"": ""Drama""}]",en,37.917002,5.7,880,Released,Fantasy,1,1,3.025386893333333,18.132998684833918,3.6614312245461287,6.78105762593618
2026,Hostage,52000000,77944725,113.0,2005.0,"[{""id"": 9648, ""name"": ""Mystery""}, {""id"": 18, ""name"": ""Drama""}, {""id"": 53, ""name"": ""Thriller""}, {""id"": 80, ""name"": ""Crime""}]",en,23.663713,6.2,512,Released,Mystery,1,1,1.4989370192307692,17.76675429577647,3.2053330541230225,6.240275845170769
7450,Titan A.E.,75000000,36754634,94.0,2000.0,"[{""id"": 16, ""name"": ""Animation""}, {""id"": 28, ""name"": ""Action""}, {""id"": 878, ""name"": ""Science Fiction""}, {""id"": 10751, ""name"": ""Family""}, {""id"": 12, ""name"": ""Adventure""}]",en,14.44381,6.3,313,Released,Animation,1,1,0.4900617866666666,18.132998684833918,2.7372082758140106,5.749392985908253
11375,Hollywood Homicide,75000000,51142659,116.0,2003.0,"[{""id"": 28, ""name"": ""Action""}, {""id"": 12, ""name"": ""Adventure""}, {""id"": 35, ""name"": ""Comedy""}, {""id"": 53, ""name"": ""Thriller""}]",en,10.605084,5.0,166,Released,Action,1,1,0.68190212,18.132998684833918,2.451443277959575,5.117993812416755
9425,Soldier,75000000,14567883,99.0,1998.0,"[{""id"": 28, ""name"": ""Action""}, {""id"": 10752, ""name"": ""War""}, {""id"": 878, ""name"": ""Science Fiction""}]",en,11.873856,6.1,221,Released,Action,1,1,0.19423844,18.132998684833918,2.5551985882330843,5.402677381872279
23685,Monkeybone,75000000,5409517,93.0,2001.0,"[{""id"": 12, ""name"": ""Adventure""}, {""id"": 14, ""name"": ""Fantasy""}, {""id"": 16, ""name"": ""Animation""}, {""id"": 28, ""name"": ""Action""}, {""id"": 35, ""name"": ""Comedy""}]",en,8.098369,4.3,78,Released,Adventure,1,1,0.0721268933333333,18.132998684833918,2.20809516668982,4.3694478524670215
11866,Flight of the Phoenix,45000000,21009180,113.0,2004.0,"[{""id"": 28, ""name"": ""Action""}, {""id"": 12, ""name"": ""Adventure""}, {""id"": 18, ""name"": ""Drama""}, {""id"": 53, ""name"": ""Thriller""}]",en,20.374308,5.7,276,Released,Action,1,1,0.4668706666666666,17.622173069956816,3.06218964002976,5.6240175061873385
9741,Unbreakable,75000000,248118121,106.0,2000.0,"[{""id"": 878, ""name"": ""Science Fiction""}, {""id"": 53, ""name"": ""Thriller""}, {""id"": 18, ""name"": ""Drama""}]",en,42.006908,6.9,1946,Released,Science Fiction,1,1,3.308241613333333,18.132998684833918,3.761360753953337,7.5740450053721995
211672,Minions,74000000,1156730962,91.0,2015.0,"[{""id"": 10751, ""name"": ""Family""}, {""id"": 16, ""name"": ""Animation""}, {""id"": 12, ""name"": ""Adventure""}, {""id"": 35, ""name"": ""Comedy""}]",en,875.581305,6.4,4571,Released,Family,1,1,15.631499486486486,18.119575664681957,6.77602946104043,8.427706024914702
23629,Sucker Punch,82000000,89792502,110.0,2011.0,"[{""id"": 28, ""name"": ""Action""}, {""id"": 14, ""name"": ""Fantasy""}, {""id"": 53, ""name"": ""Thriller""}]",en,39.127082,5.9,1623,Released,Action,1,1,1.095030512195122,18.22222981742365,3.6920514679545193,7.392647520721623
8688,Snake Eyes,73000000,103891409,98.0,1998.0,"[{""id"": 80, ""name"": ""Crime""}, {""id"": 9648, ""name"": ""Mystery""}]",en,20.790703,5.8,327,Released,Crime,1,1,1.4231699863013698,18.105970012811294,3.081483410941842,5.793013608384144
10153,Sphere,75000000,13100000,134.0,1998.0,"[{""id"": 878, ""name"": ""Science Fiction""}]",en,18.65988,5.8,476,Released,Science Fiction,1,1,0.1746666666666666,18.132998684833918,2.9785800109364047,6.1675164908883415
153518,The Angry Birds Movie,73000000,349779543,97.0,2016.0,"[{""id"": 10751, ""name"": ""Family""}, {""id"": 16, ""name"": ""Animation""}]",en,45.720894,5.9,1022,Released,Family,1,1,4.791500589041096,18.105970012811294,3.8441914736108673,6.930494765951626
8676,Fool's Gold,70000000,111231041,112.0,2008.0,"[{""id"": 10749, ""name"": ""Romance""}, {""id"": 35, ""name"": ""Comedy""}, {""id"": 12, ""name"": ""Adventure""}]",en,21.789615,5.4,444,Released,Romance,1,1,1.5890148714285717,18.064005814299346,3.1263049497406112,6.09807428216624
20829,Funny People,75000000,61458982,146.0,2009.0,"[{""id"": 35, ""name"": ""Comedy""}, {""id"": 18, ""name"": ""Drama""}]",en,20.199057,5.7,390,Released,Comedy,1,1,0.8194530933333334,18.132998684833918,3.0539566995565766,5.968707559985366
4349,The Kingdom,70000000,86658558,110.0,2007.0,"[{""id"": 53, ""name"": ""Thriller""}, {""id"": 28, ""name"": ""Action""}, {""id"": 18, ""name"": ""Drama""}]",en,26.123705,6.5,513,Released,Thriller,1,1,1.2379794,18.064005814299346,3.3004080687854573,6.2422232654551655
9718,Talladega Nights: The Ballad of Ricky Bobby,72500000,162966177,116.0,2006.0,"[{""id"": 35, ""name"": ""Comedy""}]",en,12.599836,6.2,491,Released,Comedy,1,1,2.2478093379310344,18.099097133618006,2.610057733845769,6.198478716492308
10808,Dr. Dolittle 2,70000000,176104344,87.0,2001.0,"[{""id"": 35, ""name"": ""Comedy""}, {""id"": 10751, ""name"": ""Family""}, {""id"": 10749, ""name"": ""Romance""}, {""id"": 14, ""name"": ""Fantasy""}]",en,13.543053,4.9,410,Released,Comedy,1,1,2.515776342857143,18.064005814299346,2.6771134225539193,6.018593214496234
197,Braveheart,72000000,210000000,177.0,1995.0,"[{""id"": 28, ""name"": ""Action""}, {""id"": 18, ""name"": ""Drama""}, {""id"": 36, ""name"": ""History""}, {""id"": 10752, ""name"": ""War""}]",en,60.722162,7.7,3336,Released,Action,1,1,2.9166666666666665,18.09217669086922,4.12264305604542,8.112827478751374
25,Jarhead,72000000,96889998,125.0,2005.0,"[{""id"": 18, ""name"": ""Drama""}, {""id"": 10752, ""name"": ""War""}]",en,32.227223,6.6,765,Released,Drama,1,1,1.345694416666667,18.09217669086922,3.5033695098103155,6.641182169740591
35,The Simpsons Movie,75000000,527068851,87.0,2007.0,"[{""id"": 16, ""name"": ""Animation""}, {""id"": 35, ""name"": ""Comedy""}, {""id"": 10751, ""name"": ""Family""}]",en,46.875375,6.9,2264,Released,Animation,1,1,7.02758468,18.132998684833918,3.8686012803683054,7.725330037917135
11086,The Majestic,72000000,37317558,152.0,2001.0,"[{""id"": 18, ""name"": ""Drama""}, {""id"": 10749, ""name"": ""Romance""}]",en,11.215702,6.6,188,Released,Drama,1,1,0.5182994166666667,18.09217669086922,2.502722173381721,5.241747015059643
10477,Driven,94000000,54744738,116.0,2001.0,"[{""id"": 28, ""name"": ""Action""}]",en,8.468586,4.5,179,Released,Action,1,1,0.582390829787234,18.358805350872576,2.247979582427634,5.19295685089021
1997,Two Brothers,74500000,62172050,109.0,2004.0,"[{""id"": 12, ""name"": ""Adventure""}, {""id"": 18, ""name"": ""Drama""}, {""id"": 10751, ""name"": ""Family""}]",en,8.884318,6.9,180,Released,Adventure,1,1,0.8345241610738255,18.126309696772605,2.290949460818044,5.198497031265826
6947,The Village,60000000,256697520,108.0,2004.0,"[{""id"": 18, ""name"": ""Drama""}, {""id"": 9648, ""name"": ""Mystery""}, {""id"": 53, ""name"": ""Thriller""}]",en,27.491891,6.2,1071,Released,Drama,1,1,4.278292,17.909855136853043,3.3496195204735235,6.977281341630747
3050,Doctor Dolittle,71000000,294456605,85.0,1998.0,"[{""id"": 35, ""name"": ""Comedy""}, {""id"": 10751, ""name"": ""Family""}, {""id"": 14, ""name"": ""Fantasy""}]",en,21.462935,5.4,686,Released,Comedy,1,1,4.147276126760564,18.078190449090098,3.1118666175315153,6.532334292222349
2675,Signs,72000000,408247917,106.0,2002.0,"[{""id"": 18, ""name"": ""Drama""}, {""id"": 53, ""name"": ""Thriller""}, {""id"": 878, ""name"": ""Science Fiction""}, {""id"": 9648, ""name"": ""Mystery""}]",en,28.848187,6.4,1599,Released,Drama,1,1,5.670109958333334,18.09217669086922,3.396124100975618,7.3777589082278725
809,Shrek 2,150000000,919838758,93.0,2004.0,"[{""id"": 12, ""name"": ""Adventure""}, {""id"": 16, ""name"": ""Animation""}, {""id"": 35, ""name"": ""Comedy""}, {""id"": 10751, ""name"": ""Family""}, {""id"": 14, ""name"": ""Fantasy""}]",en,47.320801,6.7,2988,Released,Adventure,1,1,6.132258386666667,18.826145858727198,3.877862130475918,8.002694162283937
920,Cars,120000000,461983149,117.0,2006.0,"[{""id"": 16, ""name"": ""Animation""}, {""id"": 12, ""name"": ""Adventure""}, {""id"": 35, ""name"": ""Comedy""}, {""id"": 10751, ""name"": ""Family""}]",en,82.643036,6.6,3877,Released,Animation,1,1,3.849859575,18.603002309079653,4.426558172323468,8.263074835802596
4806,Runaway Bride,70000000,309457509,116.0,1999.0,"[{""id"": 35, ""name"": ""Comedy""}, {""id"": 10749, ""name"": ""Romance""}]",en,20.230535,5.7,455,Released,Comedy,1,1,4.420821557142857,18.064005814299346,3.055440475586058,6.1224928095143865
7451,xXx,70000000,277448382,124.0,2002.0,"[{""id"": 28, ""name"": ""Action""}, {""id"": 12, ""name"": ""Adventure""}, {""id"": 53, ""name"": ""Thriller""}]",en,46.217769,5.8,1424,Released,Action,1,1,3.963548314285714,18.064005814299346,3.854770283611928,7.261927092702751
228165,The SpongeBob Movie: Sponge Out of Water,74000000,311594032,93.0,2015.0,"[{""id"": 16, ""name"": ""Animation""}, {""id"": 12, ""name"": ""Adventure""}, {""id"": 35, ""name"": ""Comedy""}, {""id"": 10751, ""name"": ""Family""}]",en,36.952268,5.8,719,Released,Animation,1,1,4.210730162162162,18.119575664681957,3.636329264901761,6.579251212010101
3595,Ransom,80000000,309492681,117.0,1996.0,"[{""id"": 28, ""name"": ""Action""}, {""id"": 53, ""name"": ""Thriller""}]",en,16.411345,6.4,470,Released,Action,1,1,3.8686585125,18.197537205138154,2.8571220052475907,6.154858094016418
16869,Inglourious Basterds,70000000,319131050,153.0,2009.0,"[{""id"": 18, ""name"": ""Drama""}, {""id"": 28, ""name"": ""Action""}, {""id"": 53, ""name"": ""Thriller""}, {""id"": 10752, ""name"": ""War""}]",en,72.595961,7.9,6430,Released,Drama,1,1,4.559015,18.064005814299346,4.298590146511602,8.768885326134864
879,Hook,70000000,300854823,144.0,1991.0,"[{""id"": 12, ""name"": ""Adventure""}, {""id"": 14, ""name"": ""Fantasy""}, {""id"": 35, ""name"": ""Comedy""}, {""id"": 10751, ""name"": ""Family""}]",en,33.648404,6.6,1532,Released,Adventure,1,1,4.297926042857143,18.064005814299346,3.5452516639690295,7.334981878871814
1573,Die Hard 2,70000000,240031094,124.0,1990.0,"[{""id"": 28, ""name"": ""Action""}, {""id"": 53, ""name"": ""Thriller""}]",en,57.69847,6.6,1896,Released,Action,1,1,3.4290156285714284,18.064005814299346,4.072413661758414,7.5480289699350145
9257,S.W.A.T.,80000000,116643346,117.0,2003.0,"[{""id"": 28, ""name"": ""Action""}, {""id"": 53, ""name"": ""Thriller""}, {""id"": 80, ""name"": ""Crime""}]",en,34.052253,5.8,770,Released,Action,1,1,1.458041825,18.197537205138154,3.5568398910153247,6.647688373563329
1903,Vanilla Sky,68000000,203388341,136.0,2001.0,"[{""id"": 18, ""name"": ""Drama""}, {""id"": 9648, ""name"": ""Mystery""}, {""id"": 10749, ""name"": ""Romance""}, {""id"": 878, ""name"": ""Science Fiction""}, {""id"": 53, ""name"": ""Thriller""}]",en,27.299301,6.5,1078,Released,Drama,1,1,2.991005014705882,18.035018277846262,3.3428371046975074,6.983789965258135
9697,Lady in the Water,75000000,42285169,110.0,2006.0,"[{""id"": 18, ""name"": ""Drama""}, {""id"": 53, ""name"": ""Thriller""}, {""id"": 14, ""name"": ""Fantasy""}, {""id"": 9648, ""name"": ""Mystery""}]",en,20.219385,5.3,409,Released,Drama,1,1,0.5638022533333333,18.132998684833918,3.0549151506734824,6.016157159698354
395,AVP: Alien vs. Predator,70000000,171183863,101.0,2004.0,"[{""id"": 12, ""name"": ""Adventure""}, {""id"": 878, ""name"": ""Science Fiction""}, {""id"": 28, ""name"": ""Action""}]",en,42.957216,5.5,1217,Released,Adventure,1,1,2.445483757142857,18.064005814299346,3.7832167972296995,7.1049654482698426
23398,Alvin and the Chipmunks: The Squeakquel,75000000,443140005,88.0,2009.0,"[{""id"": 35, ""name"": ""Comedy""}, {""id"": 10751, ""name"": ""Family""}, {""id"": 16, ""name"": ""Animation""}, {""id"": 14, ""name"": ""Fantasy""}, {""id"": 10402, ""name"": ""Music""}]",en,29.412262,5.4,666,Released,Comedy,1,1,5.9085334,18.132998684833918,3.414845882349468,6.502790045915623
10590,We Were Soldiers,75000000,114660784,138.0,2002.0,"[{""id"": 28, ""name"": ""Action""}, {""id"": 36, ""name"": ""History""}, {""id"": 10752, ""name"": ""War""}]",en,19.708731,6.7,521,Released,Action,1,1,1.528810453333333,18.132998684833918,3.0305553987836196,6.257667587882639
117263,Olympus Has Fallen,70000000,161025640,120.0,2013.0,"[{""id"": 28, ""name"": ""Action""}, {""id"": 53, ""name"": ""Thriller""}]",en,59.428223,6.2,2981,Released,Action,1,1,2.300366285714286,18.064005814299346,4.101456264016894,8.000349495324684
200,Star Trek: Insurrection,70000000,118000000,103.0,1998.0,"[{""id"": 878, ""name"": ""Science Fiction""}, {""id"": 28, ""name"": ""Action""}, {""id"": 12, ""name"": ""Adventure""}, {""id"": 53, ""name"": ""Thriller""}]",en,19.711951,6.3,391,Released,Science Fiction,1,1,1.6857142857142855,18.064005814299346,3.030710876668145,5.971261839790462
44943,Battle: Los Angeles,70000000,202466756,116.0,2011.0,"[{""id"": 28, ""name"": ""Action""}, {""id"": 878, ""name"": ""Science Fiction""}]",en,49.199234,5.5,1448,Released,Action,1,1,2.8923822285714285,18.064005814299346,3.9159997676171208,7.278628942320682
587,Big Fish,70000000,122919055,125.0,2003.0,"[{""id"": 12, ""name"": ""Adventure""}, {""id"": 14, ""name"": ""Fantasy""}, {""id"": 18, ""name"": ""Drama""}]",en,46.199482,7.6,1994,Released,Adventure,1,1,1.7559865,18.064005814299346,3.8543829179550175,7.598399329323964
57212,War Horse,66000000,177584879,146.0,2011.0,"[{""id"": 18, ""name"": ""Drama""}, {""id"": 10752, ""name"": ""War""}]",en,29.505574,7.0,992,Released,Drama,1,1,2.690679984848485,18.005165315142214,3.4179094210142305,6.900730664045173
152760,The Monuments Men,70000000,154984035,118.0,2014.0,"[{""id"": 10752, ""name"": ""War""}, {""id"": 18, ""name"": ""Drama""}, {""id"": 36, ""name"": ""History""}, {""id"": 28, ""name"": ""Action""}]",en,43.873266,5.8,1523,Released,War,1,1,2.214057642857143,18.064005814299346,3.8038422053933494,7.329093736246591
2756,The Abyss,70000000,90000098,139.0,1989.0,"[{""id"": 12, ""name"": ""Adventure""}, {""id"": 28, ""name"": ""Action""}, {""id"": 53, ""name"": ""Thriller""}, {""id"": 878, ""name"": ""Science Fiction""}]",en,24.961625,7.1,808,Released,Adventure,1,1,1.2857156857142855,18.064005814299346,3.256619486178826,6.695798917058491
33909,Wall Street: Money Never Sleeps,70000000,134748021,133.0,2010.0,"[{""id"": 18, ""name"": ""Drama""}, {""id"": 80, ""name"": ""Crime""}]",en,23.25645,5.8,493,Released,Drama,1,1,1.9249717285714285,18.064005814299346,3.188682561398691,6.202535517187923
49017,Dracula Untold,70000000,215529201,92.0,2014.0,"[{""id"": 27, ""name"": ""Horror""}, {""id"": 28, ""name"": ""Action""}, {""id"": 18, ""name"": ""Drama""}, {""id"": 14, ""name"": ""Fantasy""}, {""id"": 10752, ""name"": ""War""}]",en,64.457947,6.2,2389,Released,Horror,1,1,3.078988585714286,18.064005814299346,4.181407905916993,7.779048644925556
9882,The Siege,70000000,116672912,116.0,1998.0,"[{""id"": 18, ""name"": ""Drama""}, {""id"": 28, ""name"": ""Action""}, {""id"": 53, ""name"": ""Thriller""}, {""id"": 80, ""name"": ""Crime""}]",en,20.089933,6.0,352,Released,Drama,1,1,1.6667558857142857,18.064005814299346,3.0487958176245655,5.8664680569332965
2270,Stardust,70000000,135560026,127.0,2007.0,"[{""id"": 12, ""name"": ""Adventure""}, {""id"": 14, ""name"": ""Fantasy""}, {""id"": 10749, ""name"": ""Romance""}, {""id"": 10751, ""name"": ""Family""}]",en,48.032734,7.1,1184,Released,Adventure,1,1,1.9365718,18.064005814299346,3.892488115887015,7.077498053569231
978,Seven Years in Tibet,70000000,131457682,136.0,1997.0,"[{""id"": 12, ""name"": ""Adventure""}, {""id"": 18, ""name"": ""Drama""}, {""id"": 36, ""name"": ""History""}]",en,16.92991,7.0,630,Released,Adventure,1,1,1.8779668857142855,18.064005814299346,2.8864702680840866,6.447305862541213
44564,The Dilemma,70000000,67112664,111.0,2011.0,"[{""id"": 35, ""name"": ""Comedy""}, {""id"": 18, ""name"": ""Drama""}]",en,14.780634,5.2,304,Released,Comedy,1,1,0.9587523428571428,18.064005814299346,2.7587834920504335,5.720311776607412
3132,Bad Company,70000000,65977295,116.0,2002.0,"[{""id"": 28, ""name"": ""Action""}, {""id"": 12, ""name"": ""Adventure""}, {""id"": 35, ""name"": ""Comedy""}, {""id"": 53, ""name"": ""Thriller""}]",en,14.086292,5.4,228,Released,Action,1,1,0.9425327857142856,18.064005814299346,2.713786516938141,5.43372200355424
8814,Doom,60000000,55987321,105.0,2005.0,"[{""id"": 12, ""name"": ""Adventure""}, {""id"": 28, ""name"": ""Action""}, {""id"": 27, ""name"": ""Horror""}]",en,29.261348,5.0,609,Released,Adventure,1,1,0.9331220166666668,17.909855136853043,3.4098712546251155,6.413458957167357
8427,I Spy,70000000,33561137,97.0,2002.0,"[{""id"": 28, ""name"": ""Action""}, {""id"": 12, ""name"": ""Adventure""}, {""id"": 35, ""name"": ""Comedy""}, {""id"": 53, ""name"": ""Thriller""}]",en,13.267631,5.2,269,Released,Action,1,1,0.4794448142857143,18.064005814299346,2.6579934050932503,5.598421958998375
52520,Underworld: Awakening,70000000,160112671,88.0,2012.0,"[{""id"": 14, ""name"": ""Fantasy""}, {""id"": 28, ""name"": ""Action""}, {""id"": 27, ""name"": ""Horror""}]",en,58.401204,6.1,1862,Released,Fantasy,1,1,2.2873238714285717,18.064005814299346,4.084314495523448,7.529943370601589
80585,Rock of Ages,75000000,59418613,123.0,2012.0,"[{""id"": 35, ""name"": ""Comedy""}, {""id"": 18, ""name"": ""Drama""}, {""id"": 10402, ""name"": ""Music""}, {""id"": 10749, ""name"": ""Romance""}]",en,23.515938,6.0,385,Released,Comedy,1,1,0.7922481733333333,18.132998684833918,3.1993234366596086,5.955837369464831
10592,Hart's War,70000000,32287044,125.0,2002.0,"[{""id"": 18, ""name"": ""Drama""}, {""id"": 10752, ""name"": ""War""}]",en,14.244518,5.9,241,Released,Drama,1,1,0.4612434857142857,18.064005814299346,2.724219963016811,5.488937726156687
49021,Killer Elite,66000000,57777106,116.0,2011.0,"[{""id"": 28, ""name"": ""Action""}, {""id"": 12, ""name"": ""Adventure""}, {""id"": 53, ""name"": ""Thriller""}]",en,29.501489,6.1,695,Released,Action,1,1,0.875410696969697,18.005165315142214,3.4177755020938556,6.54534966033442
10550,Ballistic: Ecks vs. Sever,70000000,19924033,91.0,2002.0,"[{""id"": 28, ""name"": ""Action""}, {""id"": 12, ""name"": ""Adventure""}, {""id"": 53, ""name"": ""Thriller""}]",en,8.37378,4.3,97,Released,Action,1,1,0.2846290428571428,18.064005814299346,2.2379164300550642,4.584967478670572
11258,Hard Rain,70000000,19870567,97.0,1998.0,"[{""id"": 53, ""name"": ""Thriller""}]",en,10.930537,5.5,179,Released,Thriller,1,1,0.2838652428571429,18.064005814299346,2.4791012476701337,5.19295685089021
12610,Osmosis Jones,75000000,13596911,95.0,2001.0,"[{""id"": 12, ""name"": ""Adventure""}, {""id"": 16, ""name"": ""Animation""}, {""id"": 28, ""name"": ""Action""}, {""id"": 35, ""name"": ""Comedy""}, {""id"": 10751, ""name"": ""Family""}]",en,10.54544,5.9,228,Released,Adventure,1,1,0.1812921466666666,18.132998684833918,2.4462905538169073,5.43372200355424
59981,Legends of Oz: Dorothy's Return,70000000,18662027,88.0,2013.0,"[{""id"": 16, ""name"": ""Animation""}, {""id"": 10402, ""name"": ""Music""}, {""id"": 10751, ""name"": ""Family""}]",en,6.682006,5.9,43,Released,Animation,1,1,0.2666003857142857,18.064005814299346,2.0388807109700107,3.784189633918261
201088,Blackhat,70000000,17752940,133.0,2015.0,"[{""id"": 80, ""name"": ""Crime""}, {""id"": 18, ""name"": ""Drama""}, {""id"": 9648, ""name"": ""Mystery""}]",en,46.832372,5.1,826,Released,Crime,1,1,0.2536134285714285,18.064005814299346,3.8677026487686317,6.717804695023691
5137,Sky Captain and the World of Tomorrow,70000000,57958696,107.0,2004.0,"[{""id"": 9648, ""name"": ""Mystery""}, {""id"": 28, ""name"": ""Action""}, {""id"": 53, ""name"": ""Thriller""}, {""id"": 878, ""name"": ""Science Fiction""}, {""id"": 12, ""name"": ""Adventure""}]",en,24.664776,5.7,439,Released,Mystery,1,1,0.8279813714285714,18.064005814299346,3.2451194681347086,6.0867747269123065
3093,Basic Instinct 2,70000000,38629478,114.0,2006.0,"[{""id"": 80, ""name"": ""Crime""}, {""id"": 9648, ""name"": ""Mystery""}, {""id"": 53, ""name"": ""Thriller""}]",en,13.483387,4.6,180,Released,Crime,1,1,0.5518496857142857,18.064005814299346,2.6730022684449417,5.198497031265826
107846,Escape Plan,50000000,122915111,115.0,2013.0,"[{""id"": 28, ""name"": ""Action""}, {""id"": 53, ""name"": ""Thriller""}]",en,44.478043,6.7,1659,Released,Action,1,1,2.45830222,17.72753358339242,3.817229638053268,7.414572881350589
188207,The Legend of Hercules,70000000,61279452,99.0,2014.0,"[{""id"": 28, ""name"": ""Action""}, {""id"": 12, ""name"": ""Adventure""}]",en,25.020428,4.4,533,Released,Action,1,1,0.8754207428571429,18.064005814299346,3.2588819218345506,6.280395838960195
4614,The Sum of All Fears,68000000,193000000,124.0,2002.0,"[{""id"": 53, ""name"": ""Thriller""}, {""id"": 28, ""name"": ""Action""}, {""id"": 18, ""name"": ""Drama""}]",en,22.392544,5.9,437,Released,Thriller,1,1,2.838235294117647,18.035018277846262,3.1524173391109094,6.082218910376446
24021,The Twilight Saga: Eclipse,68000000,698491347,124.0,2010.0,"[{""id"": 12, ""name"": ""Adventure""}, {""id"": 14, ""name"": ""Fantasy""}, {""id"": 18, ""name"": ""Drama""}, {""id"": 10749, ""name"": ""Romance""}]",en,107.069763,5.8,2301,Released,Adventure,1,1,10.271931573529413,18.035018277846262,4.682776972289629,7.741533589281828
11371,The Score,68000000,71069884,124.0,2001.0,"[{""id"": 28, ""name"": ""Action""}, {""id"": 80, ""name"": ""Crime""}, {""id"": 53, ""name"": ""Thriller""}]",en,22.572323,6.7,423,Released,Action,1,1,1.0451453529411765,18.035018277846262,3.160073269579902,6.049733455231958
20352,Despicable Me,69000000,543513985,95.0,2010.0,"[{""id"": 16, ""name"": ""Animation""}, {""id"": 10751, ""name"": ""Family""}]",en,113.858273,7.1,6478,Released,Animation,1,1,7.877014275362319,18.049617077054286,4.7436989596274834,8.776321456449958
11517,Money Train,60000000,35431113,103.0,1995.0,"[{""id"": 28, ""name"": ""Action""}, {""id"": 35, ""name"": ""Comedy""}, {""id"": 80, ""name"": ""Crime""}]",en,10.004564,5.4,222,Released,Action,1,1,0.59051855,17.909855136853043,2.3983100958383043,5.407171771460119
214756,Ted 2,68000000,217022588,115.0,2015.0,"[{""id"": 35, ""name"": ""Comedy""}]",en,68.734513,6.2,2463,Released,Comedy,1,1,3.191508647058824,18.035018277846262,4.244695360205574,7.80954132465341
26428,Agora,70000000,39041505,127.0,2009.0,"[{""id"": 12, ""name"": ""Adventure""}, {""id"": 18, ""name"": ""Drama""}, {""id"": 36, ""name"": ""History""}]",en,18.888806,6.9,395,Released,Adventure,1,1,0.5577357857142857,18.064005814299346,2.9901570608980856,5.981414211254481
9824,Mystery Men,68000000,29762011,121.0,1999.0,"[{""id"": 12, ""name"": ""Adventure""}, {""id"": 14, ""name"": ""Fantasy""}, {""id"": 28, ""name"": ""Action""}, {""id"": 35, ""name"": ""Comedy""}, {""id"": 878, ""name"": ""Science Fiction""}]",en,12.948627,5.7,250,Released,Adventure,1,1,0.4376766323529412,18.035018277846262,2.6353810804844513,5.5254529391317835
48988,Hall Pass,36000000,83160734,105.0,2011.0,"[{""id"": 35, ""name"": ""Comedy""}]",en,27.11589,5.4,611,Released,Comedy,1,1,2.310020388888889,17.399029524198163,3.3363348969429385,6.416732282512326
9008,The Insider,90000000,60289912,157.0,1999.0,"[{""id"": 18, ""name"": ""Drama""}, {""id"": 53, ""name"": ""Thriller""}]",en,26.153669,7.3,481,Released,Drama,1,1,0.6698879111111111,18.31532023940565,3.3015121753711583,6.1779441140506
300673,The Finest Hours,80000000,52099090,114.0,2016.0,"[{""id"": 28, ""name"": ""Action""}, {""id"": 18, ""name"": ""Drama""}, {""id"": 36, ""name"": ""History""}, {""id"": 53, ""name"": ""Thriller""}]",en,28.223664,6.3,588,Released,Action,1,1,0.651238625,18.197537205138154,3.374978792027488,6.3784261836515865
12113,Body of Lies,70000000,113280098,128.0,2008.0,"[{""id"": 28, ""name"": ""Action""}, {""id"": 18, ""name"": ""Drama""}, {""id"": 53, ""name"": ""Thriller""}]",en,37.507136,6.5,895,Released,Action,1,1,1.6182871142857145,18.064005814299346,3.65084357476778,6.79794041297493
38778,Dinner for Schmucks,69000000,86387857,114.0,2010.0,"[{""id"": 35, ""name"": ""Comedy""}]",en,11.023691,5.5,531,Released,Comedy,1,1,1.2519979275362318,18.049617077054286,2.4868789535176643,6.2766434893416445
72331,Abraham Lincoln: Vampire Hunter,69000000,112265139,94.0,2012.0,"[{""id"": 28, ""name"": ""Action""}, {""id"": 14, ""name"": ""Fantasy""}, {""id"": 27, ""name"": ""Horror""}]",en,38.634767,5.5,1269,Released,Action,1,1,1.627031,18.049617077054286,3.679706687629226,7.146772179452637
1844,Entrapment,66000000,212404396,112.0,1999.0,"[{""id"": 10749, ""name"": ""Romance""}, {""id"": 18, ""name"": ""Drama""}, {""id"": 9648, ""name"": ""Mystery""}]",en,25.877794,6.0,602,Released,Romance,1,1,3.2182484242424243,18.005165315142214,3.291300443834768,6.401917196727186
846,The X Files,66000000,189198313,121.0,1998.0,"[{""id"": 9648, ""name"": ""Mystery""}, {""id"": 878, ""name"": ""Science Fiction""}, {""id"": 53, ""name"": ""Thriller""}]",en,18.59991,6.6,488,Released,Mystery,1,1,2.866641106060606,18.005165315142214,2.9755249743891943,6.192362489474872
9703,The Last Legion,67000000,25303038,102.0,2007.0,"[{""id"": 28, ""name"": ""Action""}, {""id"": 12, ""name"": ""Adventure""}, {""id"": 14, ""name"": ""Fantasy""}, {""id"": 10752, ""name"": ""War""}]",en,12.282911,5.0,207,Released,Action,1,1,0.3776572835820895,18.020203192280615,2.586478321834311,5.337538079701318
857,Saving Private Ryan,70000000,481840909,169.0,1998.0,"[{""id"": 18, ""name"": ""Drama""}, {""id"": 36, ""name"": ""History""}, {""id"": 10752, ""name"": ""War""}]",en,76.041867,7.9,5048,Released,Drama,1,1,6.8834415571428575,18.064005814299346,4.344349001360298,8.526945482858915
136797,Need for Speed,66000000,203277636,130.0,2014.0,"[{""id"": 28, ""name"": ""Action""}, {""id"": 80, ""name"": ""Crime""}, {""id"": 18, ""name"": ""Drama""}, {""id"": 53, ""name"": ""Thriller""}]",en,54.81489,6.1,1520,Released,Action,1,1,3.0799641818181818,18.005165315142214,4.022040679668373,7.327123292259293
3981,What Women Want,70000000,374111707,127.0,2000.0,"[{""id"": 35, ""name"": ""Comedy""}, {""id"": 10749, ""name"": ""Romance""}]",en,31.39165,6.1,992,Released,Comedy,1,1,5.344452957142857,18.064005814299346,3.477900673534413,6.900730664045173
425,Ice Age,59000000,383257136,81.0,2002.0,"[{""id"": 16, ""name"": ""Animation""}, {""id"": 35, ""name"": ""Comedy""}, {""id"": 10751, ""name"": ""Family""}, {""id"": 12, ""name"": ""Adventure""}]",en,99.561972,7.1,3857,Released,Animation,1,1,6.495883661016949,17.893048018819147,4.61077417427269,8.257904193465674
6171,Dreamcatcher,68000000,75715436,136.0,2003.0,"[{""id"": 18, ""name"": ""Drama""}, {""id"": 27, ""name"": ""Horror""}, {""id"": 878, ""name"": ""Science Fiction""}, {""id"": 53, ""name"": ""Thriller""}]",en,26.792794,5.3,567,Released,Drama,1,1,1.113462294117647,18.035018277846262,3.324776778463134,6.342121418721152
72976,Lincoln,65000000,275293450,149.0,2012.0,"[{""id"": 36, ""name"": ""History""}, {""id"": 18, ""name"": ""Drama""}]",en,36.307296,6.7,1429,Released,History,1,1,4.235283846153847,17.989897843244528,3.619188910739113,7.265429723253953
603,The Matrix,63000000,463517383,136.0,1999.0,"[{""id"": 28, ""name"": ""Action""}, {""id"": 878, ""name"": ""Science Fiction""}]",en,104.309993,7.9,8907,Released,Action,1,1,7.357418777777778,17.958645300228824,4.656908314922083,9.094705028377259
568,Apollo 13,52000000,355237933,140.0,1995.0,"[{""id"": 18, ""name"": ""Drama""}]",en,68.140214,7.3,1599,Released,Drama,1,1,6.831498711538462,17.76675429577647,4.2361365296579105,7.3777589082278725
9021,The Santa Clause 2,65000000,172855065,104.0,2002.0,"[{""id"": 14, ""name"": ""Fantasy""}, {""id"": 35, ""name"": ""Comedy""}, {""id"": 10751, ""name"": ""Family""}]",en,14.646884,5.5,297,Released,Fantasy,1,1,2.6593086923076923,17.989897843244528,2.7502717917307344,5.697093486505405
82695,Les Misérables,61000000,441809770,157.0,2012.0,"[{""id"": 18, ""name"": ""Drama""}, {""id"": 10402, ""name"": ""Music""}, {""id"": 10749, ""name"": ""Romance""}]",en,48.356214,7.1,1884,Released,Drama,1,1,7.242783114754098,17.926384438531027,3.89906367487258,7.541683099882111
9489,You've Got Mail,65000000,250821495,119.0,1998.0,"[{""id"": 35, ""name"": ""Comedy""}, {""id"": 10749, ""name"": ""Romance""}]",en,28.540267,6.3,838,Released,Comedy,1,1,3.858792230769231,17.989897843244528,3.385754315654126,6.732210706467206
12133,Step Brothers,65000000,128107642,98.0,2008.0,"[{""id"": 35, ""name"": ""Comedy""}]",en,22.977983,6.5,1062,Released,Comedy,1,1,1.9708868,17.989897843244528,3.177136034301976,6.968850378341948
9342,The Mask of Zorro,95000000,250288523,136.0,1998.0,"[{""id"": 28, ""name"": ""Action""}, {""id"": 12, ""name"": ""Adventure""}]",en,31.086791,6.3,1183,Released,Action,1,1,2.6346160315789477,18.36938746009113,3.468444450121432,7.076653815443951
41733,Due Date,65000000,211780824,95.0,2010.0,"[{""id"": 35, ""name"": ""Comedy""}, {""id"": 18, ""name"": ""Drama""}]",en,43.865294,6.2,1685,Released,Comedy,1,1,3.2581665230769232,17.989897843244528,3.8036645337208603,7.430114138561801
227306,Unbroken,65000000,163442937,137.0,2014.0,"[{""id"": 18, ""name"": ""Drama""}, {""id"": 10752, ""name"": ""War""}]",en,43.055253,7.3,1400,Released,Drama,1,1,2.514506723076923,17.989897843244528,3.7854445961236762,7.244941546337007
5551,Space Cowboys,65000000,128884132,130.0,2000.0,"[{""id"": 28, ""name"": ""Action""}, {""id"": 12, ""name"": ""Adventure""}, {""id"": 53, ""name"": ""Thriller""}]",en,15.772081,6.3,403,Released,Action,1,1,1.9828328,17.989897843244528,2.8197156587745553,6.0014148779611505
9350,Cliffhanger,70000000,255000211,112.0,1993.0,"[{""id"": 28, ""name"": ""Action""}, {""id"": 12, ""name"": ""Adventure""}, {""id"": 53, ""name"": ""Thriller""}]",en,26.19909,6.1,588,Released,Action,1,1,3.642860157142857,18.064005814299346,3.303183516859938,6.3784261836515865
9208,Broken Arrow,50000000,150270147,108.0,1996.0,"[{""id"": 28, ""name"": ""Action""}, {""id"": 12, ""name"": ""Adventure""}, {""id"": 18, ""name"": ""Drama""}, {""id"": 53, ""name"": ""Thriller""}]",en,22.769108,5.7,453,Released,Action,1,1,3.00540294,17.72753358339242,3.168386754374326,6.118097198041348
4244,The Kid,65000000,69700000,104.0,2000.0,"[{""id"": 14, ""name"": ""Fantasy""}, {""id"": 35, ""name"": ""Comedy""}, {""id"": 10751, ""name"": ""Family""}]",en,18.281798,6.0,238,Released,Fantasy,1,1,1.0723076923076924,17.989897843244528,2.959161542095622,5.476463551931511
1852,World Trade Center,63000000,162945894,128.0,2006.0,"[{""id"": 18, ""name"": ""Drama""}, {""id"": 36, ""name"": ""History""}, {""id"": 53, ""name"": ""Thriller""}]",en,24.697533,5.9,447,Released,Drama,1,1,2.586442761904762,17.958645300228824,3.2463949950757276,6.104793232414985
76493,The Dictator,65000000,179379533,83.0,2012.0,"[{""id"": 35, ""name"": ""Comedy""}]",en,31.349143,5.9,1743,Released,Comedy,1,1,2.759685123076923,17.989897843244528,3.4765875290967765,7.463936604468925
345,Eyes Wide Shut,65000000,162091208,159.0,1999.0,"[{""id"": 9648, ""name"": ""Mystery""}, {""id"": 18, ""name"": ""Drama""}]",en,27.870312,7.1,1234,Released,Mystery,1,1,2.4937108923076923,17.989897843244528,3.3628138006826065,7.118826249062078
196867,Annie,65000000,133821816,119.0,2014.0,"[{""id"": 35, ""name"": ""Comedy""}, {""id"": 18, ""name"": ""Drama""}, {""id"": 10751, ""name"": ""Family""}]",en,33.439187,6.0,466,Released,Comedy,1,1,2.058797169230769,17.989897843244528,3.5391950730091204,6.1463292576688975
256591,Focus,50100000,153962963,105.0,2015.0,"[{""id"": 10749, ""name"": ""Romance""}, {""id"": 35, ""name"": ""Comedy""}, {""id"": 80, ""name"": ""Crime""}, {""id"": 18, ""name"": ""Drama""}]",en,59.634029,6.7,2542,Released,Romance,1,1,3.0731130339321355,17.729531586015174,4.104856270127147,7.841099765422119
59962,This Means War,65000000,156974557,103.0,2012.0,"[{""id"": 28, ""name"": ""Action""}, {""id"": 35, ""name"": ""Comedy""}, {""id"": 10749, ""name"": ""Romance""}]",en,38.994297,5.9,1389,Released,Action,1,1,2.4149931846153847,17.989897843244528,3.688736868949155,7.237059026124737
36648,Blade: Trinity,65000000,128905366,123.0,2004.0,"[{""id"": 878, ""name"": ""Science Fiction""}, {""id"": 28, ""name"": ""Action""}, {""id"": 27, ""name"": ""Horror""}, {""id"": 53, ""name"": ""Thriller""}, {""id"": 12, ""name"": ""Adventure""}, {""id"": 14, ""name"": ""Fantasy""}]",en,49.660055,5.7,1252,Released,Science Fiction,1,1,1.983159476923077,17.989897843244528,3.9251377302421067,7.133295954896068
1880,Red Dawn,4200000,38376497,114.0,1984.0,"[{""id"": 28, ""name"": ""Action""}, {""id"": 53, ""name"": ""Thriller""}]",en,11.743085,6.4,215,Released,Action,1,1,9.13726119047619,15.250595321348806,2.5449887715367034,5.375278407684165
71679,Resident Evil: Retribution,65000000,240159255,95.0,2012.0,"[{""id"": 28, ""name"": ""Action""}, {""id"": 27, ""name"": ""Horror""}, {""id"": 878, ""name"": ""Science Fiction""}]",en,6.227675,5.6,1600,Released,Action,1,1,3.69475776923077,17.989897843244528,1.9779174076902928,7.3783837129967145
10483,Death Race,45000000,73762516,105.0,2008.0,"[{""id"": 28, ""name"": ""Action""}, {""id"": 53, ""name"": ""Thriller""}, {""id"": 878, ""name"": ""Science Fiction""}]",en,42.57877,6.0,1175,Released,Action,1,1,1.6391670222222223,17.622173069956816,3.774570105162227,7.069874128458572
11412,The Long Kiss Goodnight,65000000,89456761,120.0,1996.0,"[{""id"": 80, ""name"": ""Crime""}, {""id"": 28, ""name"": ""Action""}, {""id"": 9648, ""name"": ""Mystery""}, {""id"": 53, ""name"": ""Thriller""}]",en,15.858629,6.5,314,Released,Crime,1,1,1.3762578615384615,17.989897843244528,2.8248626325413464,5.752572638825633
6795,Zathura: A Space Adventure,65000000,64321501,101.0,2005.0,"[{""id"": 10751, ""name"": ""Family""}, {""id"": 14, ""name"": ""Fantasy""}, {""id"": 878, ""name"": ""Science Fiction""}, {""id"": 12, ""name"": ""Adventure""}]",en,15.194239,6.1,779,Released,Family,1,1,0.989561553846154,17.989897843244528,2.7846555617075666,6.659293919683638
550,Fight Club,63000000,100853753,139.0,1999.0,"[{""id"": 18, ""name"": ""Drama""}]",en,146.757391,8.3,9413,Released,Drama,1,1,1.6008532222222225,17.958645300228824,4.995571678723728,9.149953221961088
11170,We Are Marshall,65000000,43545364,124.0,2006.0,"[{""id"": 18, ""name"": ""Drama""}]",en,8.629665,6.7,186,Released,Drama,1,1,0.6699286769230769,17.989897843244528,2.264848438081376,5.231108616854587
9292,Hudson Hawk,65000000,17218080,100.0,1991.0,"[{""id"": 28, ""name"": ""Action""}, {""id"": 12, ""name"": ""Adventure""}, {""id"": 35, ""name"": ""Comedy""}]",en,16.803457,5.4,269,Released,Action,1,1,0.2648935384615384,17.989897843244528,2.8793926519241886,5.598421958998375
100241,"I, Frankenstein",65000000,71154592,92.0,2014.0,"[{""id"": 27, ""name"": ""Horror""}, {""id"": 53, ""name"": ""Thriller""}]",en,31.324734,5.0,687,Released,Horror,1,1,1.0946860307692308,17.989897843244528,3.475832695699083,6.5337888379333435
257,Oliver Twist,50000000,42093706,130.0,2005.0,"[{""id"": 80, ""name"": ""Crime""}, {""id"": 18, ""name"": ""Drama""}, {""id"": 10751, ""name"": ""Family""}]",en,20.415572,6.7,274,Released,Crime,1,1,0.84187412,17.72753358339242,3.064118320960447,5.616771097666572
9947,Elektra,43000000,56681566,97.0,2005.0,"[{""id"": 28, ""name"": ""Action""}, {""id"": 14, ""name"": ""Fantasy""}]",en,28.613892,4.8,575,Released,Action,1,1,1.318175953488372,17.57671069691365,3.3882435755561247,6.3561076606958915
189,Sin City: A Dame to Kill For,65000000,39407616,102.0,2014.0,"[{""id"": 80, ""name"": ""Crime""}, {""id"": 53, ""name"": ""Thriller""}]",en,85.428395,6.3,1286,Released,Crime,1,1,0.6062710153846154,17.989897843244528,4.459316267651131,7.160069207596127
12618,Random Hearts,64000000,74608570,133.0,1999.0,"[{""id"": 18, ""name"": ""Drama""}, {""id"": 10749, ""name"": ""Romance""}]",en,4.137237,5.3,63,Released,Drama,1,1,1.16575890625,17.974393656948944,1.636515386297875,4.1588830833596715
253412,Everest,55000000,203427584,121.0,2015.0,"[{""id"": 12, ""name"": ""Adventure""}, {""id"": 18, ""name"": ""Drama""}]",en,60.246978,6.7,1772,Released,Adventure,1,1,3.698683345454546,17.822843761378564,4.114914509432129,7.480428306074208
1427,Perfume: The Story of a Murderer,50000000,132180323,147.0,2006.0,"[{""id"": 80, ""name"": ""Crime""}, {""id"": 14, ""name"": ""Fantasy""}, {""id"": 18, ""name"": ""Drama""}]",en,42.551902,7.1,1165,Released,Crime,1,1,2.64360646,17.72753358339242,3.7739533762828352,7.061334366910438
818,Austin Powers in Goldmember,63000000,296655431,94.0,2002.0,"[{""id"": 35, ""name"": ""Comedy""}, {""id"": 80, ""name"": ""Crime""}, {""id"": 878, ""name"": ""Science Fiction""}]",en,40.137264,5.9,979,Released,Comedy,1,1,4.7088163650793655,17.958645300228824,3.7169143773949047,6.887552571664617
16577,Astro Boy,65000000,44091067,94.0,2009.0,"[{""id"": 16, ""name"": ""Animation""}, {""id"": 28, ""name"": ""Action""}, {""id"": 10751, ""name"": ""Family""}, {""id"": 878, ""name"": ""Science Fiction""}]",en,24.857079,6.1,409,Released,Animation,1,1,0.6783241076923077,17.989897843244528,3.2525844125942034,6.016157159698354
329,Jurassic Park,63000000,920100000,127.0,1993.0,"[{""id"": 12, ""name"": ""Adventure""}, {""id"": 878, ""name"": ""Science Fiction""}]",en,40.413191,7.6,4856,Released,Adventure,1,1,14.604761904761904,17.958645300228824,3.723599453270086,8.488176242345745
12160,Wyatt Earp,63000000,25052000,191.0,1994.0,"[{""id"": 18, ""name"": ""Drama""}, {""id"": 28, ""name"": ""Action""}, {""id"": 37, ""name"": ""Western""}]",en,13.859307,6.5,202,Released,Drama,1,1,0.3976507936507936,17.958645300228824,2.698626402939706,5.313205979041787
9331,Clear and Present Danger,62000000,215887717,141.0,1994.0,"[{""id"": 28, ""name"": ""Action""}, {""id"": 18, ""name"": ""Drama""}, {""id"": 53, ""name"": ""Thriller""}]",en,18.832471,6.4,386,Released,Action,1,1,3.482059951612903,17.9426449591384,2.9873205439466393,5.958424693029782
300168,Dragon Blade,65000000,121545703,127.0,2015.0,"[{""id"": 28, ""name"": ""Action""}, {""id"": 18, ""name"": ""Drama""}, {""id"": 12, ""name"": ""Adventure""}]",zh,9.568884,5.9,145,Released,Action,1,1,1.869933892307692,17.989897843244528,2.357914212472609,4.983606621708336
9072,Little Man,64000000,101595121,98.0,2006.0,"[{""id"": 35, ""name"": ""Comedy""}, {""id"": 80, ""name"": ""Crime""}]",en,12.421504,5.3,261,Released,Comedy,1,1,1.587423765625,17.974393656948944,2.5968581967990128,5.568344503761097
3536,U-571,62000000,127666415,116.0,2000.0,"[{""id"": 28, ""name"": ""Action""}, {""id"": 18, ""name"": ""Drama""}, {""id"": 53, ""name"": ""Thriller""}, {""id"": 10752, ""name"": ""War""}]",en,18.096884,6.1,340,Released,Action,1,1,2.059135725806452,17.9426449591384,2.949525180382328,5.831882477283517
9087,The American President,62000000,107879496,106.0,1995.0,"[{""id"": 35, ""name"": ""Comedy""}, {""id"": 18, ""name"": ""Drama""}, {""id"": 10749, ""name"": ""Romance""}]",en,11.056763,6.5,195,Released,Comedy,1,1,1.739991870967742,17.9426449591384,2.489625747310977,5.278114659230518
12177,The Love Guru,62000000,41819064,87.0,2008.0,"[{""id"": 35, ""name"": ""Comedy""}, {""id"": 10749, ""name"": ""Romance""}]",en,13.218008,4.3,242,Released,Comedy,1,1,0.6745010322580646,17.9426449591384,2.6545093301741747,5.493061443340548
12138,3000 Miles to Graceland,62000000,18720175,125.0,2001.0,"[{""id"": 28, ""name"": ""Action""}, {""id"": 12, ""name"": ""Adventure""}, {""id"": 35, ""name"": ""Comedy""}, {""id"": 53, ""name"": ""Thriller""}, {""id"": 80, ""name"": ""Crime""}]",en,11.262655,5.8,178,Released,Action,1,1,0.3019383064516129,17.9426449591384,2.5065584649746944,5.187385805840755
273248,The Hateful Eight,44000000,155760117,167.0,2015.0,"[{""id"": 80, ""name"": ""Crime""}, {""id"": 18, ""name"": ""Drama""}, {""id"": 9648, ""name"": ""Mystery""}, {""id"": 37, ""name"": ""Western""}]",en,68.717016,7.6,4274,Released,Crime,1,1,3.5400026590909093,17.599700214609808,4.244444419965373,8.360539381370861
50359,Hop,63000000,183953723,95.0,2011.0,"[{""id"": 16, ""name"": ""Animation""}, {""id"": 35, ""name"": ""Comedy""}, {""id"": 10751, ""name"": ""Family""}]",en,16.791058,5.5,331,Released,Animation,1,1,2.919900365079365,17.958645300228824,2.8786959715226432,5.805134968916488
1271,300,65000000,422610419,117.0,2006.0,"[{""id"": 28, ""name"": ""Action""}, {""id"": 12, ""name"": ""Adventure""}, {""id"": 10752, ""name"": ""War""}]",en,65.197968,7.0,4997,Released,Action,1,1,6.501698753846154,17.989897843244528,4.192649767607818,8.516793111394898
693,Meet the Fockers,80000000,516642939,115.0,2004.0,"[{""id"": 35, ""name"": ""Comedy""}, {""id"": 10749, ""name"": ""Romance""}]",en,32.829538,6.1,1373,Released,Comedy,1,1,6.4580367375,18.197537205138154,3.5213343261814827,7.2254814727822945
14306,Marley & Me,60000000,244082376,115.0,2008.0,"[{""id"": 35, ""name"": ""Comedy""}, {""id"": 10751, ""name"": ""Family""}]",en,30.951203,6.9,1343,Released,Comedy,1,1,4.0680396,17.909855136853043,3.464209832696863,7.203405521083095
497,The Green Mile,60000000,284600000,189.0,1999.0,"[{""id"": 14, ""name"": ""Fantasy""}, {""id"": 18, ""name"": ""Drama""}, {""id"": 80, ""name"": ""Crime""}]",en,103.698022,8.2,4048,Released,Fantasy,1,1,4.743333333333333,17.909855136853043,4.651080225625446,8.30622521603216
9982,Chicken Little,150000000,314432665,81.0,2005.0,"[{""id"": 16, ""name"": ""Animation""}, {""id"": 10751, ""name"": ""Family""}, {""id"": 35, ""name"": ""Comedy""}]",en,47.973995,5.6,944,Released,Animation,1,1,2.096217766666667,18.826145858727198,3.8912894429462392,6.851184927493743
210577,Gone Girl,61000000,369330363,145.0,2014.0,"[{""id"": 9648, ""name"": ""Mystery""}, {""id"": 53, ""name"": ""Thriller""}, {""id"": 18, ""name"": ""Drama""}]",en,143.041543,7.9,5862,Released,Mystery,1,1,6.054596114754099,17.926384438531027,4.970101751025436,8.676416696964216
2501,The Bourne Identity,60000000,214034224,119.0,2002.0,"[{""id"": 28, ""name"": ""Action""}, {""id"": 18, ""name"": ""Drama""}, {""id"": 9648, ""name"": ""Mystery""}, {""id"": 53, ""name"": ""Thriller""}]",en,86.476817,7.3,3583,Released,Action,1,1,3.567237066666667,17.909855136853043,4.4713738096870665,8.18423477409482
710,GoldenEye,58000000,352194034,130.0,1995.0,"[{""id"": 12, ""name"": ""Adventure""}, {""id"": 28, ""name"": ""Action""}, {""id"": 53, ""name"": ""Thriller""}]",en,59.824565,6.6,1174,Released,Adventure,1,1,6.072310931034483,17.87595358575207,4.1079937369794015,7.069023426578259
2275,The General's Daughter,60000000,149705852,116.0,1999.0,"[{""id"": 80, ""name"": ""Crime""}, {""id"": 18, ""name"": ""Drama""}, {""id"": 9648, ""name"": ""Mystery""}, {""id"": 53, ""name"": ""Thriller""}]",en,18.345613,6.1,205,Released,Crime,1,1,2.4950975333333334,17.909855136853043,2.9624656754250482,5.327876168789581
37165,The Truman Show,60000000,264118201,103.0,1998.0,"[{""id"": 35, ""name"": ""Comedy""}, {""id"": 18, ""name"": ""Drama""}]",en,56.488027,7.8,4537,Released,Comedy,1,1,4.401970016666667,17.909855136853043,4.051576700034286,8.420241665339788
9837,The Prince of Egypt,70000000,218613188,99.0,1998.0,"[{""id"": 12, ""name"": ""Adventure""}, {""id"": 16, ""name"": ""Animation""}, {""id"": 18, ""name"": ""Drama""}, {""id"": 10751, ""name"": ""Family""}, {""id"": 10402, ""name"": ""Music""}]",en,29.464852,6.8,817,Released,Adventure,1,1,3.123045542857142,18.064005814299346,3.416573625654848,6.706862336602747
10708,Daddy Day Care,60000000,164433867,92.0,2003.0,"[{""id"": 35, ""name"": ""Comedy""}, {""id"": 10751, ""name"": ""Family""}]",en,18.106021,5.6,506,Released,Comedy,1,1,2.74056445,17.909855136853043,2.9500035209783757,6.2285110035911835
136400,2 Guns,61000000,131940411,109.0,2013.0,"[{""id"": 28, ""name"": ""Action""}, {""id"": 35, ""name"": ""Comedy""}, {""id"": 80, ""name"": ""Crime""}]",en,42.881415,6.6,1589,Released,Action,1,1,2.162957557377049,17.926384438531027,3.7814908819244795,7.371489295214277
10992,Cats & Dogs,60000000,93375151,87.0,2001.0,"[{""id"": 35, ""name"": ""Comedy""}, {""id"": 10751, ""name"": ""Family""}]",en,18.735024,5.0,352,Released,Comedy,1,1,1.5562525166666668,17.909855136853043,2.9823949252275748,5.8664680569332965
9654,The Italian Job,60000000,176070171,110.0,2003.0,"[{""id"": 28, ""name"": ""Action""}, {""id"": 80, ""name"": ""Crime""}]",en,62.766854,6.6,1919,Released,Action,1,1,2.93450285,17.909855136853043,4.155233525567823,7.560080465021827
2642,Two Weeks Notice,60000000,93354918,101.0,2002.0,"[{""id"": 10749, ""name"": ""Romance""}, {""id"": 35, ""name"": ""Comedy""}]",en,24.153567,5.9,487,Released,Romance,1,1,1.5559153,17.909855136853043,3.224999715514808,6.1903154058531475
8916,Antz,60000000,171757863,83.0,1998.0,"[{""id"": 12, ""name"": ""Adventure""}, {""id"": 16, ""name"": ""Animation""}, {""id"": 35, ""name"": ""Comedy""}, {""id"": 10751, ""name"": ""Family""}]",en,41.515702,6.0,1272,Released,Adventure,1,1,2.86263105,17.909855136853043,3.749873466520795,7.149131598557407
19899,Couples Retreat,70000000,171844840,113.0,2009.0,"[{""id"": 35, ""name"": ""Comedy""}, {""id"": 10749, ""name"": ""Romance""}]",en,26.676487,5.3,588,Released,Comedy,1,1,2.454926285714285,18.064005814299346,3.3205832079552273,6.3784261836515865
2119,Days of Thunder,60000000,157920733,107.0,1990.0,"[{""id"": 12, ""name"": ""Adventure""}]",en,16.278022,5.9,353,Released,Adventure,1,1,2.632012216666667,17.909855136853043,2.849435289231402,5.869296913133774
9641,Cheaper by the Dozen 2,60000000,129181830,94.0,2005.0,"[{""id"": 35, ""name"": ""Comedy""}]",en,18.831023,5.7,526,Released,Comedy,1,1,2.1530305,17.909855136853043,2.9872475297033327,6.267200548541362
294254,Maze Runner: The Scorch Trials,61000000,311256926,132.0,2015.0,"[{""id"": 28, ""name"": ""Action""}]",en,113.161483,6.4,3040,Released,Action,1,1,5.102572557377049,17.926384438531027,4.737613963623798,8.019941687677365
38167,Eat Pray Love,60000000,204594016,133.0,2010.0,"[{""id"": 18, ""name"": ""Drama""}]",en,28.800112,5.8,636,Released,Drama,1,1,3.4099002666666665,17.909855136853043,3.394512151893558,6.456769655572163
39514,RED,58000000,71664962,111.0,2010.0,"[{""id"": 28, ""name"": ""Action""}, {""id"": 12, ""name"": ""Adventure""}, {""id"": 35, ""name"": ""Comedy""}, {""id"": 80, ""name"": ""Crime""}, {""id"": 53, ""name"": ""Thriller""}]",en,41.430245,6.6,2808,Released,Action,1,1,1.2356027931034483,17.87595358575207,3.7478614334139193,7.940583827104244
9563,Any Given Sunday,55000000,100230832,163.0,1999.0,"[{""id"": 18, ""name"": ""Drama""}]",en,23.127561,6.8,422,Released,Drama,1,1,1.8223787636363635,17.822843761378564,3.1833547970313743,6.0473721790462776
547,The Horse Whisperer,60000000,186883563,170.0,1998.0,"[{""id"": 18, ""name"": ""Drama""}, {""id"": 10749, ""name"": ""Romance""}]",en,12.867352,6.7,292,Released,Drama,1,1,3.11472605,17.909855136853043,2.629537300454751,5.680172609017068
1538,Collateral,65000000,217764291,120.0,2004.0,"[{""id"": 18, ""name"": ""Drama""}, {""id"": 80, ""name"": ""Crime""}, {""id"": 53, ""name"": ""Thriller""}]",en,44.815022,7.0,1451,Released,Drama,1,1,3.350219861538461,17.989897843244528,3.8246120286091383,7.280697195384741
9334,The Scorpion King,60000000,165333180,92.0,2002.0,"[{""id"": 28, ""name"": ""Action""}, {""id"": 14, ""name"": ""Fantasy""}, {""id"": 12, ""name"": ""Adventure""}]",en,37.537093,5.3,779,Released,Action,1,1,2.755553,17.909855136853043,3.6516212320147545,6.659293919683638
11128,Ladder 49,60000000,74541707,115.0,2004.0,"[{""id"": 18, ""name"": ""Drama""}, {""id"": 28, ""name"": ""Action""}, {""id"": 53, ""name"": ""Thriller""}]",en,10.99991,6.2,207,Released,Drama,1,1,1.2423617833333334,17.909855136853043,2.484899149759875,5.337538079701318
75780,Jack Reacher,60000000,218340595,130.0,2012.0,"[{""id"": 80, ""name"": ""Crime""}, {""id"": 18, ""name"": ""Drama""}, {""id"": 53, ""name"": ""Thriller""}]",en,56.868399,6.3,2998,Released,Crime,1,1,3.6390099166666663,17.909855136853043,4.058171449745992,8.00603417874901
8914,Deep Blue Sea,60000000,73648228,105.0,1999.0,"[{""id"": 28, ""name"": ""Action""}, {""id"": 878, ""name"": ""Science Fiction""}, {""id"": 53, ""name"": ""Thriller""}]",en,22.991269,5.6,604,Released,Action,1,1,1.2274704666666667,17.909855136853043,3.1776899724930376,6.405228458030842
39538,Contagion,60000000,137551594,106.0,2011.0,"[{""id"": 18, ""name"": ""Drama""}, {""id"": 53, ""name"": ""Thriller""}, {""id"": 878, ""name"": ""Science Fiction""}]",en,38.820858,6.2,1325,Released,Drama,1,1,2.2925265666666665,17.909855136853043,3.6843908453652436,7.189922170745808
14836,Coraline,60000000,124596398,100.0,2009.0,"[{""id"": 16, ""name"": ""Animation""}, {""id"": 10751, ""name"": ""Family""}]",en,51.146047,7.3,1386,Released,Animation,1,1,2.0766066333333333,17.909855136853043,3.954048377998509,7.234898420314831
8645,The Happening,60000000,163403799,91.0,2008.0,"[{""id"": 53, ""name"": ""Thriller""}, {""id"": 878, ""name"": ""Science Fiction""}]",en,20.501582,4.9,950,Released,Thriller,1,1,2.72339665,17.909855136853043,3.068126513821988,6.85751406254539
9509,Man on Fire,70000000,130293714,146.0,2004.0,"[{""id"": 28, ""name"": ""Action""}, {""id"": 18, ""name"": ""Drama""}, {""id"": 53, ""name"": ""Thriller""}, {""id"": 80, ""name"": ""Crime""}]",en,45.299089,7.3,1553,Released,Action,1,1,1.8613387714285716,18.064005814299346,3.835122284872695,7.348587530927593
10067,The Shaggy Dog,50000000,61112916,98.0,2006.0,"[{""id"": 35, ""name"": ""Comedy""}, {""id"": 10751, ""name"": ""Family""}]",en,4.280619,4.5,137,Released,Comedy,1,1,1.22225832,17.72753358339242,1.6640433256951872,4.927253685157205
9384,Starsky & Hutch,60000000,170268750,101.0,2004.0,"[{""id"": 35, ""name"": ""Comedy""}, {""id"": 80, ""name"": ""Crime""}]",en,28.848842,5.6,644,Released,Comedy,1,1,2.8378125,17.909855136853043,3.3961460451162564,6.4692503167957724
9279,Jingle All the Way,60000000,129832389,89.0,1996.0,"[{""id"": 10751, ""name"": ""Family""}, {""id"": 35, ""name"": ""Comedy""}]",en,22.501041,5.5,575,Released,Family,1,1,2.16387315,17.909855136853043,3.157044718041332,6.3561076606958915
1487,Hellboy,66000000,99318987,122.0,2004.0,"[{""id"": 14, ""name"": ""Fantasy""}, {""id"": 28, ""name"": ""Action""}, {""id"": 878, ""name"": ""Science Fiction""}]",en,47.479755,6.5,2225,Released,Fantasy,1,1,1.5048331363636365,18.005165315142214,3.881146288117926,7.70796153183549
9422,A Civil Action,70000000,56702901,115.0,1998.0,"[{""id"": 18, ""name"": ""Drama""}]",en,10.147321,6.1,109,Released,Drama,1,1,0.8100414428571429,18.064005814299346,2.411199199978597,4.700480365792417
77174,ParaNorman,60000000,107139399,90.0,2012.0,"[{""id"": 10751, ""name"": ""Family""}, {""id"": 16, ""name"": ""Animation""}, {""id"": 12, ""name"": ""Adventure""}, {""id"": 35, ""name"": ""Comedy""}]",en,39.539045,6.7,789,Released,Family,1,1,1.78565665,17.909855136853043,3.7022655837656244,6.672032945461067
4824,The Jackal,60000000,159330280,124.0,1997.0,"[{""id"": 28, ""name"": ""Action""}, {""id"": 53, ""name"": ""Thriller""}, {""id"": 12, ""name"": ""Adventure""}, {""id"": 80, ""name"": ""Crime""}]",en,19.747459,6.1,527,Released,Action,1,1,2.655504666666667,17.909855136853043,3.0324237813468096,6.269096283706261
9620,Paycheck,60000000,96269812,119.0,2003.0,"[{""id"": 28, ""name"": ""Action""}, {""id"": 12, ""name"": ""Adventure""}, {""id"": 9648, ""name"": ""Mystery""}, {""id"": 878, ""name"": ""Science Fiction""}, {""id"": 53, ""name"": ""Thriller""}]",en,29.018826,5.9,581,Released,Action,1,1,1.6044968666666666,17.909855136853043,3.4018247181787817,6.366470447731438
10199,The Tale of Despereaux,60000000,50877145,93.0,2008.0,"[{""id"": 12, ""name"": ""Adventure""}, {""id"": 16, ""name"": ""Animation""}, {""id"": 10751, ""name"": ""Family""}]",en,16.493576,5.8,258,Released,Adventure,1,1,0.8479524166666667,17.909855136853043,2.861833727822729,5.556828061699537
3512,Under Siege 2: Dark Territory,60000000,104324083,100.0,1995.0,"[{""id"": 28, ""name"": ""Action""}, {""id"": 53, ""name"": ""Thriller""}]",en,13.080725,5.6,210,Released,Action,1,1,1.738734716666667,17.909855136853043,2.6448068408815284,5.351858133476067
137094,Jack Ryan: Shadow Recruit,60000000,50549107,105.0,2014.0,"[{""id"": 28, ""name"": ""Action""}, {""id"": 18, ""name"": ""Drama""}, {""id"": 53, ""name"": ""Thriller""}]",en,42.538258,5.9,1173,Released,Action,1,1,0.8424851166666667,17.909855136853043,3.773640045819058,7.068172000388042
274479,Joy,60000000,101134059,124.0,2015.0,"[{""id"": 18, ""name"": ""Drama""}, {""id"": 35, ""name"": ""Comedy""}]",en,29.876507,6.4,1581,Released,Drama,1,1,1.68556765,17.909855136853043,3.429995603473585,7.366445148327599
267860,London Has Fallen,60000000,205754447,99.0,2016.0,"[{""id"": 28, ""name"": ""Action""}, {""id"": 80, ""name"": ""Crime""}, {""id"": 53, ""name"": ""Thriller""}]",en,61.849521,5.8,1621,Released,Action,1,1,3.4292407833333334,17.909855136853043,4.14074331368661,7.3914152346753585
8078,Alien: Resurrection,70000000,162000000,109.0,1997.0,"[{""id"": 878, ""name"": ""Science Fiction""}, {""id"": 27, ""name"": ""Horror""}, {""id"": 28, ""name"": ""Action""}]",en,37.44963,5.9,1365,Released,Science Fiction,1,1,2.3142857142857145,18.064005814299346,3.6493490730184868,7.2196420401307355
7485,Shooter,61000000,95696996,124.0,2007.0,"[{""id"": 28, ""name"": ""Action""}, {""id"": 18, ""name"": ""Drama""}, {""id"": 9648, ""name"": ""Mystery""}, {""id"": 53, ""name"": ""Thriller""}, {""id"": 80, ""name"": ""Crime""}]",en,37.378081,6.9,1462,Released,Action,1,1,1.568803213114754,17.926384438531027,3.6474864893295122,7.288244401020124
170687,The Boxtrolls,60000000,108255770,97.0,2014.0,"[{""id"": 16, ""name"": ""Animation""}, {""id"": 35, ""name"": ""Comedy""}, {""id"": 10751, ""name"": ""Family""}, {""id"": 14, ""name"": ""Fantasy""}]",en,30.656345,6.6,668,Released,Animation,1,1,1.8042628333333333,17.909855136853043,3.454938602431621,6.505784060128229
6435,Practical Magic,75000000,46683377,104.0,1998.0,"[{""id"": 18, ""name"": ""Drama""}, {""id"": 14, ""name"": ""Fantasy""}, {""id"": 35, ""name"": ""Comedy""}]",en,15.142701,6.3,338,Released,Drama,1,1,0.6224450266666667,18.132998684833918,2.781467997043876,5.82600010738045
137106,The Lego Movie,60000000,469160692,100.0,2014.0,"[{""id"": 12, ""name"": ""Adventure""}, {""id"": 16, ""name"": ""Animation""}, {""id"": 35, ""name"": ""Comedy""}, {""id"": 10751, ""name"": ""Family""}, {""id"": 14, ""name"": ""Fantasy""}]",en,59.547928,7.5,3070,Released,Adventure,1,1,7.819344866666666,17.909855136853043,4.103435249760416,8.029758520440822
6278,Reign of Fire,60000000,43061982,101.0,2002.0,"[{""id"": 12, ""name"": ""Adventure""}, {""id"": 28, ""name"": ""Action""}, {""id"": 14, ""name"": ""Fantasy""}]",en,27.615108,6.0,669,Released,Adventure,1,1,0.7176997,17.909855136853043,3.3539348300982206,6.507277712385012
82682,Gangster Squad,60000000,105200903,113.0,2013.0,"[{""id"": 80, ""name"": ""Crime""}, {""id"": 18, ""name"": ""Drama""}, {""id"": 28, ""name"": ""Action""}, {""id"": 53, ""name"": ""Thriller""}]",en,29.041198,6.2,1778,Released,Crime,1,1,1.7533483833333334,17.909855136853043,3.4025697062605285,7.483806687665835
17610,Year One,60000000,62357900,97.0,2009.0,"[{""id"": 35, ""name"": ""Comedy""}, {""id"": 12, ""name"": ""Adventure""}]",en,25.293538,4.6,524,Released,Comedy,1,1,1.0392983333333334,17.909855136853043,3.2693232055716344,6.263398262591624
22954,Invictus,60000000,122233971,134.0,2009.0,"[{""id"": 18, ""name"": ""Drama""}, {""id"": 36, ""name"": ""History""}]",en,23.85119,7.0,1125,Released,Drama,1,1,2.03723285,17.909855136853043,3.21290563872002,7.026426808699636
16995,State of Play,60000000,87784194,127.0,2009.0,"[{""id"": 28, ""name"": ""Action""}]",en,21.685719,6.7,484,Released,Action,1,1,1.4630699,17.909855136853043,3.1217356075662646,6.184148890937483
16558,Duplicity,78146652,60000000,125.0,2009.0,"[{""id"": 10749, ""name"": ""Romance""}, {""id"": 35, ""name"": ""Comedy""}, {""id"": 80, ""name"": ""Crime""}]",en,13.630049,5.7,201,Released,Romance,1,1,0.7677872111526928,18.174097786019544,2.6830775643087206,5.308267697401205
9849,My Favorite Martian,65000000,36850101,94.0,1999.0,"[{""id"": 35, ""name"": ""Comedy""}, {""id"": 18, ""name"": ""Drama""}, {""id"": 10751, ""name"": ""Family""}, {""id"": 878, ""name"": ""Science Fiction""}]",en,6.80692,5.1,80,Released,Comedy,1,1,0.5669246307692307,17.989897843244528,2.055010519871612,4.394449154672439
5820,The Sentinel,60000000,77920346,108.0,2006.0,"[{""id"": 28, ""name"": ""Action""}, {""id"": 53, ""name"": ""Thriller""}, {""id"": 80, ""name"": ""Crime""}]",en,15.352807,5.8,225,Released,Action,1,1,1.2986724333333333,17.909855136853043,2.794399564564788,5.420534999272286
16866,Planet 51,70000000,104945765,91.0,2009.0,"[{""id"": 878, ""name"": ""Science Fiction""}, {""id"": 16, ""name"": ""Animation""}, {""id"": 10751, ""name"": ""Family""}, {""id"": 35, ""name"": ""Comedy""}, {""id"": 12, ""name"": ""Adventure""}]",en,23.661071,5.6,556,Released,Science Fiction,1,1,1.4992252142857143,18.064005814299346,3.2052259274500488,6.322565239927284
201,Star Trek: Nemesis,60000000,67312826,117.0,2002.0,"[{""id"": 878, ""name"": ""Science Fiction""}, {""id"": 28, ""name"": ""Action""}, {""id"": 12, ""name"": ""Adventure""}, {""id"": 53, ""name"": ""Thriller""}]",en,21.605533,6.1,479,Released,Science Fiction,1,1,1.1218804333333334,17.909855136853043,3.1181946993228276,6.173786103901937
11775,Intolerable Cruelty,60000000,119940815,100.0,2003.0,"[{""id"": 80, ""name"": ""Crime""}, {""id"": 35, ""name"": ""Comedy""}, {""id"": 10749, ""name"": ""Romance""}]",en,22.620125,5.8,391,Released,Crime,1,1,1.9990135833333331,17.909855136853043,3.1620991028805308,5.971261839790462
12201,Edge of Darkness,80000000,74901339,117.0,2010.0,"[{""id"": 80, ""name"": ""Crime""}, {""id"": 18, ""name"": ""Drama""}, {""id"": 9648, ""name"": ""Mystery""}, {""id"": 53, ""name"": ""Thriller""}]",en,24.657931,6.2,487,Released,Crime,1,1,0.9362667375,18.197537205138154,3.244852724603796,6.1903154058531475
11015,The Relic,60000000,33956608,110.0,1997.0,"[{""id"": 27, ""name"": ""Horror""}, {""id"": 9648, ""name"": ""Mystery""}, {""id"": 53, ""name"": ""Thriller""}]",en,12.621769,5.8,130,Released,Horror,1,1,0.5659434666666666,17.909855136853043,2.6116691748130587,4.875197323201151
9932,Analyze That,60000000,55003135,96.0,2002.0,"[{""id"": 35, ""name"": ""Comedy""}, {""id"": 80, ""name"": ""Crime""}]",en,21.08952,5.7,380,Released,Comedy,1,1,0.9167189166666668,17.909855136853043,3.09510328790667,5.942799375126701
13389,Righteous Kill,60000000,73174566,101.0,2008.0,"[{""id"": 28, ""name"": ""Action""}, {""id"": 80, ""name"": ""Crime""}, {""id"": 18, ""name"": ""Drama""}, {""id"": 53, ""name"": ""Thriller""}]",en,18.380176,5.9,375,Released,Action,1,1,1.2195761,17.909855136853043,2.964250687948731,5.929589143389895
17332,The Soloist,60000000,31720158,109.0,2009.0,"[{""id"": 18, ""name"": ""Drama""}]",en,17.299333,6.6,234,Released,Drama,1,1,0.5286693,17.909855136853043,2.906864611095696,5.459585514144159
4958,The Legend of Bagger Vance,80000000,39459427,126.0,2000.0,"[{""id"": 14, ""name"": ""Fantasy""}, {""id"": 18, ""name"": ""Drama""}]",en,16.848899,6.3,251,Released,Fantasy,1,1,0.4932428375,18.197537205138154,2.8819418256510483,5.529429087511423
786,Almost Famous,60000000,47383689,122.0,2000.0,"[{""id"": 18, ""name"": ""Drama""}, {""id"": 10402, ""name"": ""Music""}]",en,21.547446,7.4,797,Released,Drama,1,1,0.78972815,17.909855136853043,3.1156218001108513,6.682108597449809
11679,xXx: State of the Union,60000000,71073932,101.0,2005.0,"[{""id"": 28, ""name"": ""Action""}, {""id"": 12, ""name"": ""Adventure""}, {""id"": 80, ""name"": ""Crime""}, {""id"": 18, ""name"": ""Drama""}, {""id"": 9648, ""name"": ""Mystery""}, {""id"": 53, ""name"": ""Thriller""}]",en,36.689223,4.7,549,Released,Action,1,1,1.1845655333333334,17.909855136853043,3.62937419151865,6.309918278226516
38321,Priest,60000000,78309131,87.0,2011.0,"[{""id"": 28, ""name"": ""Action""}, {""id"": 878, ""name"": ""Science Fiction""}, {""id"": 14, ""name"": ""Fantasy""}, {""id"": 53, ""name"": ""Thriller""}, {""id"": 27, ""name"": ""Horror""}]",en,28.350927,5.4,692,Released,Action,1,1,1.3051521833333333,17.909855136853043,3.3793241301024177,6.541029999189903
14411,Sinbad: Legend of the Seven Seas,60000000,26288320,86.0,2003.0,"[{""id"": 10751, ""name"": ""Family""}, {""id"": 16, ""name"": ""Animation""}, {""id"": 12, ""name"": ""Adventure""}]",en,18.815442,6.6,372,Released,Family,1,1,0.4381386666666667,17.909855136853043,2.9864615327272013,5.921578419643816
8413,Event Horizon,60000000,26673242,96.0,1997.0,"[{""id"": 27, ""name"": ""Horror""}, {""id"": 878, ""name"": ""Science Fiction""}, {""id"": 9648, ""name"": ""Mystery""}]",en,29.787135,6.5,742,Released,Horror,1,1,0.4445540333333333,17.909855136853043,3.4270969079155598,6.610696044717759
10052,Dragonfly,60000000,52322400,104.0,2002.0,"[{""id"": 18, ""name"": ""Drama""}]",en,8.927137,6.1,204,Released,Drama,1,1,0.87204,17.909855136853043,2.295272118257797,5.3230099791384085
9676,The Black Dahlia,50000000,49111202,121.0,2006.0,"[{""id"": 18, ""name"": ""Drama""}]",en,15.213484,5.7,287,Released,Drama,1,1,0.98222404,17.72753358339242,2.7858432417097823,5.662960480135946
9664,Flyboys,60000000,17800000,140.0,2006.0,"[{""id"": 28, ""name"": ""Action""}, {""id"": 12, ""name"": ""Adventure""}, {""id"": 18, ""name"": ""Drama""}, {""id"": 36, ""name"": ""History""}, {""id"": 10749, ""name"": ""Romance""}, {""id"": 10752, ""name"": ""War""}]",en,13.155999,6.3,271,Released,Action,1,1,0.2966666666666667,17.909855136853043,2.6501384918417905,5.605802066295998
2100,The Last Castle,72000000,27642707,131.0,2001.0,"[{""id"": 28, ""name"": ""Action""}, {""id"": 18, ""name"": ""Drama""}, {""id"": 53, ""name"": ""Thriller""}]",en,15.433244,7.0,285,Released,Action,1,1,0.3839264861111111,18.09217669086922,2.7993063562602822,5.655991810819852
10384,Supernova,90000000,14828081,91.0,2000.0,"[{""id"": 27, ""name"": ""Horror""}, {""id"": 878, ""name"": ""Science Fiction""}, {""id"": 53, ""name"": ""Thriller""}]",en,5.762037,4.9,109,Released,Horror,1,1,0.1647564555555555,18.31532023940565,1.9113241760246433,4.700480365792417
137321,Winter's Tale,60000000,30800231,118.0,2014.0,"[{""id"": 18, ""name"": ""Drama""}, {""id"": 14, ""name"": ""Fantasy""}, {""id"": 9648, ""name"": ""Mystery""}, {""id"": 10749, ""name"": ""Romance""}]",en,22.736038,6.0,487,Released,Drama,1,1,0.5133371833333333,17.909855136853043,3.1669944839309534,6.1903154058531475
123553,The Mortal Instruments: City of Bones,60000000,90565421,130.0,2013.0,"[{""id"": 28, ""name"": ""Action""}, {""id"": 12, ""name"": ""Adventure""}, {""id"": 18, ""name"": ""Drama""}, {""id"": 9648, ""name"": ""Mystery""}, {""id"": 10749, ""name"": ""Romance""}, {""id"": 14, ""name"": ""Fantasy""}]",en,45.514031,6.2,1602,Released,Action,1,1,1.5094236833333334,17.909855136853043,3.8397540090138524,7.3796321526095525
11260,Meet Dave,60000000,50650079,90.0,2008.0,"[{""id"": 35, ""name"": ""Comedy""}, {""id"": 878, ""name"": ""Science Fiction""}, {""id"": 12, ""name"": ""Adventure""}, {""id"": 10751, ""name"": ""Family""}]",en,18.676291,5.0,371,Released,Comedy,1,1,0.8441679833333333,17.909855136853043,2.9794144084151086,5.918893854273146
9009,Dark Water,30000000,25473093,105.0,2005.0,"[{""id"": 18, ""name"": ""Drama""}, {""id"": 27, ""name"": ""Horror""}, {""id"": 53, ""name"": ""Thriller""}]",en,14.376463,5.3,274,Released,Drama,1,1,0.8491031,17.216707972959764,2.732837963637227,5.616771097666572
2309,Inkheart,60000000,57490374,106.0,2008.0,"[{""id"": 12, ""name"": ""Adventure""}, {""id"": 10751, ""name"": ""Family""}, {""id"": 14, ""name"": ""Fantasy""}]",en,27.018886,6.0,592,Released,Adventure,1,1,0.9581729,17.909855136853043,3.332878782802315,6.385194398997726
8285,The Spirit,60000000,39031337,103.0,2008.0,"[{""id"": 28, ""name"": ""Action""}, {""id"": 35, ""name"": ""Comedy""}, {""id"": 53, ""name"": ""Thriller""}, {""id"": 80, ""name"": ""Crime""}, {""id"": 878, ""name"": ""Science Fiction""}]",en,14.84856,4.7,320,Released,Action,1,1,0.6505222833333333,17.909855136853043,2.763078644461005,5.771441123130016
210860,Mortdecai,60000000,30418560,106.0,2015.0,"[{""id"": 35, ""name"": ""Comedy""}, {""id"": 12, ""name"": ""Adventure""}]",en,52.417529,5.4,1055,Released,Comedy,1,1,0.506976,17.909855136853043,3.9781389505281055,6.962243464266207
381902,The Monkey King 2,68490000,193677158,120.0,2016.0,"[{""id"": 28, ""name"": ""Action""}, {""id"": 12, ""name"": ""Adventure""}, {""id"": 14, ""name"": ""Fantasy""}]",zh,4.72629,6.0,24,Released,Action,1,1,2.8278165863629727,18.04219832177476,1.7450678515687896,3.2188758248682006
13922,The Great Raid,80000000,10166502,132.0,2005.0,"[{""id"": 28, ""name"": ""Action""}, {""id"": 36, ""name"": ""History""}, {""id"": 10752, ""name"": ""War""}]",en,8.923215,6.8,91,Released,Action,1,1,0.127081275,18.197537205138154,2.2948769615320086,4.5217885770490405
293660,Deadpool,58000000,783112979,108.0,2016.0,"[{""id"": 28, ""name"": ""Action""}, {""id"": 12, ""name"": ""Adventure""}, {""id"": 35, ""name"": ""Comedy""}]",en,514.569956,7.4,10995,Released,Action,1,1,13.501947913793105,17.87595358575207,6.245272999390545,9.305286849285137
190859,American Sniper,58800000,542307423,133.0,2014.0,"[{""id"": 10752, ""name"": ""War""}, {""id"": 28, ""name"": ""Action""}]",en,87.53437,7.4,4469,Released,War,1,1,9.222915357142858,17.889652429875657,4.483390838202965,8.405143687607614
257445,Goosebumps,58000000,158162788,103.0,2015.0,"[{""id"": 12, ""name"": ""Adventure""}, {""id"": 27, ""name"": ""Horror""}, {""id"": 35, ""name"": ""Comedy""}]",en,45.351617,6.2,995,Released,Adventure,1,1,2.7269446206896557,17.87595358575207,3.836256178134728,6.903747257584598
9007,Just Like Heaven,58000000,102854431,95.0,2005.0,"[{""id"": 35, ""name"": ""Comedy""}, {""id"": 14, ""name"": ""Fantasy""}, {""id"": 10749, ""name"": ""Romance""}]",en,13.43573,6.5,579,Released,Comedy,1,1,1.7733522586206896,17.87595358575207,2.669706383363739,6.363028103540465
889,The Flintstones in Viva Rock Vegas,83000000,59468275,90.0,2000.0,"[{""id"": 878, ""name"": ""Science Fiction""}, {""id"": 35, ""name"": ""Comedy""}, {""id"": 10751, ""name"": ""Family""}, {""id"": 10749, ""name"": ""Romance""}]",en,6.248309,4.4,134,Released,Science Fiction,1,1,0.7164852409638555,18.234351177809064,1.9807682002822722,4.90527477843843
1370,Rambo III,63000000,189015611,102.0,1988.0,"[{""id"": 28, ""name"": ""Action""}, {""id"": 12, ""name"": ""Adventure""}, {""id"": 53, ""name"": ""Thriller""}, {""id"": 10752, ""name"": ""War""}]",en,31.294717,5.7,690,Released,Action,1,1,3.000247793650794,17.958645300228824,3.4749036564796376,6.53813982376767
4942,Leatherheads,58000000,41299492,114.0,2008.0,"[{""id"": 35, ""name"": ""Comedy""}, {""id"": 10749, ""name"": ""Romance""}, {""id"": 18, ""name"": ""Drama""}]",en,7.739276,5.7,130,Released,Comedy,1,1,0.7120602068965517,17.87595358575207,2.1678273487076223,4.875197323201151
24438,Did You Hear About the Morgans?,58000000,85280250,103.0,2009.0,"[{""id"": 35, ""name"": ""Comedy""}]",en,14.403696,5.1,276,Released,Comedy,1,1,1.4703491379310345,17.87595358575207,2.7346074806241907,5.6240175061873385
116741,The Internship,58000000,44000000,119.0,2013.0,"[{""id"": 35, ""name"": ""Comedy""}]",en,1.551497,6.1,1658,Released,Comedy,1,1,0.7586206896551724,17.87595358575207,0.9366802457422443,7.413970290190444
35791,Resident Evil: Afterlife,60000000,300228084,97.0,2010.0,"[{""id"": 28, ""name"": ""Action""}, {""id"": 12, ""name"": ""Adventure""}, {""id"": 27, ""name"": ""Horror""}, {""id"": 878, ""name"": ""Science Fiction""}]",en,2.143764,5.8,1363,Released,Action,1,1,5.0038014,17.909855136853043,1.1454208081363146,7.218176838403408
72431,Red Tails,58000000,50365377,125.0,2012.0,"[{""id"": 18, ""name"": ""Drama""}, {""id"": 28, ""name"": ""Action""}, {""id"": 12, ""name"": ""Adventure""}, {""id"": 36, ""name"": ""History""}, {""id"": 10752, ""name"": ""War""}]",en,12.29603,5.9,178,Released,Drama,1,1,0.8683685689655173,17.87595358575207,2.5874654944282365,5.187385805840755
1813,The Devil's Advocate,57000000,152944660,144.0,1997.0,"[{""id"": 18, ""name"": ""Drama""}, {""id"": 27, ""name"": ""Horror""}, {""id"": 9648, ""name"": ""Mystery""}, {""id"": 53, ""name"": ""Thriller""}]",en,33.8473,7.2,1374,Released,Drama,1,1,2.683239649122807,17.858561843342684,3.5509756593128023,7.226209010100671
87428,That's My Boy,70000000,58058367,116.0,2012.0,"[{""id"": 35, ""name"": ""Comedy""}]",en,21.723897,5.5,453,Released,Comedy,1,1,0.8294052428571429,18.064005814299346,3.123417102031906,6.118097198041348
8840,DragonHeart,57000000,115267375,103.0,1996.0,"[{""id"": 14, ""name"": ""Fantasy""}]",en,31.791979,6.4,535,Released,Fantasy,1,1,2.022234649122807,17.858561843342684,3.490183942801734,6.284134161070802
10589,After the Sunset,60000000,61347797,97.0,2004.0,"[{""id"": 28, ""name"": ""Action""}, {""id"": 35, ""name"": ""Comedy""}, {""id"": 80, ""name"": ""Crime""}, {""id"": 18, ""name"": ""Drama""}]",en,14.113066,6.0,226,Released,Action,1,1,1.0224632833333334,17.909855136853043,2.715559667679619,5.424950017481403
71676,Ghost Rider: Spirit of Vengeance,57000000,149217355,95.0,2011.0,"[{""id"": 28, ""name"": ""Action""}, {""id"": 14, ""name"": ""Fantasy""}, {""id"": 53, ""name"": ""Thriller""}]",en,48.622278,4.7,1135,Released,Action,1,1,2.6178483333333333,17.858561843342684,3.9044398861175718,7.035268599281097
1722,Captain Corelli's Mandolin,57000000,62112895,131.0,2001.0,"[{""id"": 18, ""name"": ""Drama""}, {""id"": 36, ""name"": ""History""}, {""id"": 10749, ""name"": ""Romance""}]",en,9.061866,5.5,145,Released,Drama,1,1,1.0896999122807018,17.858561843342684,2.3087526345485267,4.983606621708336
10022,The Pacifier,56000000,113006880,95.0,2005.0,"[{""id"": 28, ""name"": ""Action""}, {""id"": 35, ""name"": ""Comedy""}, {""id"": 18, ""name"": ""Drama""}, {""id"": 10751, ""name"": ""Family""}, {""id"": 53, ""name"": ""Thriller""}]",en,35.4763,5.8,842,Released,Action,1,1,2.01798,17.840862266556567,3.5966627346236266,6.736966958001855
11358,Walking Tall,56000000,57223890,86.0,2004.0,"[{""id"": 12, ""name"": ""Adventure""}, {""id"": 18, ""name"": ""Drama""}, {""id"": 28, ""name"": ""Action""}, {""id"": 53, ""name"": ""Thriller""}]",en,23.438398,6.0,381,Released,Adventure,1,1,1.0218551785714285,17.840862266556567,3.1961555838735065,5.945420608606575
13,Forrest Gump,55000000,677945399,142.0,1994.0,"[{""id"": 35, ""name"": ""Comedy""}, {""id"": 18, ""name"": ""Drama""}, {""id"": 10749, ""name"": ""Romance""}]",en,138.133331,8.2,7927,Released,Comedy,1,1,12.326279981818182,17.822843761378564,4.935432689204506,8.978156076009824
6477,Alvin and the Chipmunks,60000000,361366633,92.0,2007.0,"[{""id"": 35, ""name"": ""Comedy""}, {""id"": 10402, ""name"": ""Music""}, {""id"": 10751, ""name"": ""Family""}, {""id"": 14, ""name"": ""Fantasy""}, {""id"": 16, ""name"": ""Animation""}]",en,47.336034,5.5,1177,Released,Comedy,1,1,6.022777216666666,17.909855136853043,3.878177328053536,7.071573364211532
1597,Meet the Parents,55000000,330444045,108.0,2000.0,"[{""id"": 35, ""name"": ""Comedy""}, {""id"": 10749, ""name"": ""Romance""}]",en,29.97224,6.6,1698,Released,Comedy,1,1,6.008073545454545,17.822843761378564,3.433091319428976,7.4377951216719325
10530,Pocahontas,55000000,346079773,81.0,1995.0,"[{""id"": 12, ""name"": ""Adventure""}, {""id"": 16, ""name"": ""Animation""}, {""id"": 18, ""name"": ""Drama""}, {""id"": 10751, ""name"": ""Family""}]",en,47.845589,6.7,1457,Released,Adventure,1,1,6.292359509090909,17.822843761378564,3.8886640775847665,7.284820912568604
1924,Superman,55000000,300218018,143.0,1978.0,"[{""id"": 28, ""name"": ""Action""}, {""id"": 12, ""name"": ""Adventure""}, {""id"": 14, ""name"": ""Fantasy""}, {""id"": 878, ""name"": ""Science Fiction""}]",en,48.507081,6.9,1022,Released,Action,1,1,5.458509418181818,17.822843761378564,3.9021157098489474,6.930494765951626
9327,The Nutty Professor,54000000,128769345,95.0,1996.0,"[{""id"": 14, ""name"": ""Fantasy""}, {""id"": 35, ""name"": ""Comedy""}, {""id"": 10749, ""name"": ""Romance""}, {""id"": 878, ""name"": ""Science Fiction""}]",en,20.28119,5.4,702,Released,Fantasy,1,1,2.3846175,17.804494623047066,3.057823583962551,6.555356891810665
8488,Hitch,70000000,368100420,118.0,2005.0,"[{""id"": 35, ""name"": ""Comedy""}, {""id"": 18, ""name"": ""Drama""}, {""id"": 10749, ""name"": ""Romance""}]",en,34.576913,6.4,1665,Released,Comedy,1,1,5.258577428571429,18.064005814299346,3.5716969162476597,7.418180822726788
8273,American Wedding,55000000,231449203,103.0,2003.0,"[{""id"": 35, ""name"": ""Comedy""}, {""id"": 10749, ""name"": ""Romance""}]",en,36.194802,6.0,1129,Released,Comedy,1,1,4.208167327272728,17.822843761378564,3.616169020332994,7.029972911706386
109424,Captain Phillips,55000000,95000000,134.0,2013.0,"[{""id"": 28, ""name"": ""Action""}, {""id"": 18, ""name"": ""Drama""}, {""id"": 53, ""name"": ""Thriller""}]",en,52.786917,7.6,2454,Released,Action,1,1,1.7272727272727273,17.822843761378564,3.985030259156406,7.805882040228621
35056,Date Night,55000000,152263880,97.0,2010.0,"[{""id"": 35, ""name"": ""Comedy""}]",en,38.06168,5.9,1122,Released,Comedy,1,1,2.768434181818182,17.822843761378564,3.665141935276285,7.023758954738443
8839,Casper,50000000,287928194,100.0,1995.0,"[{""id"": 14, ""name"": ""Fantasy""}, {""id"": 35, ""name"": ""Comedy""}, {""id"": 10751, ""name"": ""Family""}]",en,19.830132,6.0,1019,Released,Fantasy,1,1,5.75856388,17.72753358339242,3.036400592266724,6.927557906278317
156022,The Equalizer,55000000,192330738,132.0,2014.0,"[{""id"": 53, ""name"": ""Thriller""}, {""id"": 28, ""name"": ""Action""}, {""id"": 80, ""name"": ""Crime""}]",en,79.922059,7.1,2954,Released,Thriller,1,1,3.496922509090909,17.822843761378564,4.393486456859665,7.991253929840198
7303,Maid in Manhattan,55000000,154906693,105.0,2002.0,"[{""id"": 35, ""name"": ""Comedy""}, {""id"": 18, ""name"": ""Drama""}, {""id"": 10749, ""name"": ""Romance""}]",en,19.738215,5.6,485,Released,Comedy,1,1,2.8164853272727277,17.822843761378564,3.031978133523757,6.186208623900494
8963,Crimson Tide,53000000,157387195,116.0,1995.0,"[{""id"": 28, ""name"": ""Action""}, {""id"": 53, ""name"": ""Thriller""}, {""id"": 18, ""name"": ""Drama""}]",en,20.334629,7.0,498,Released,Action,1,1,2.969569716981132,17.78580249038432,3.0603315272223046,6.212606095751519
1402,The Pursuit of Happyness,55000000,307077295,117.0,2006.0,"[{""id"": 18, ""name"": ""Drama""}]",en,80.581367,7.7,2525,Released,Drama,1,1,5.583223545454546,17.822843761378564,4.4016008903070025,7.8343923029104365
9315,Flightplan,55000000,223387299,98.0,2005.0,"[{""id"": 53, ""name"": ""Thriller""}, {""id"": 18, ""name"": ""Drama""}, {""id"": 9648, ""name"": ""Mystery""}]",en,32.05145,6.1,772,Released,Thriller,1,1,4.061587254545454,17.822843761378564,3.4980654382551255,6.650279048587422
8984,Disclosure,55000000,214015089,123.0,1994.0,"[{""id"": 18, ""name"": ""Drama""}, {""id"": 53, ""name"": ""Thriller""}, {""id"": 80, ""name"": ""Crime""}, {""id"": 9648, ""name"": ""Mystery""}, {""id"": 10749, ""name"": ""Romance""}]",en,15.064058,5.9,210,Released,Drama,1,1,3.891183436363636,17.822843761378564,2.7765843540605695,5.351858133476067
795,City of Angels,55000000,198685114,114.0,1998.0,"[{""id"": 18, ""name"": ""Drama""}, {""id"": 14, ""name"": ""Fantasy""}, {""id"": 10749, ""name"": ""Romance""}]",en,21.272734,6.4,529,Released,Drama,1,1,3.612456618181818,17.822843761378564,3.103363239787127,6.272877006546167
24,Kill Bill: Vol. 1,30000000,180949000,111.0,2003.0,"[{""id"": 28, ""name"": ""Action""}, {""id"": 80, ""name"": ""Crime""}]",en,79.754966,7.7,4949,Released,Action,1,1,6.031633333333334,17.216707972959764,4.391419458663826,8.507142855562735
393,Kill Bill: Vol. 2,30000000,152159461,136.0,2004.0,"[{""id"": 28, ""name"": ""Action""}, {""id"": 80, ""name"": ""Crime""}, {""id"": 53, ""name"": ""Thriller""}]",en,50.622607,7.6,3948,Released,Action,1,1,5.071982033333334,17.216707972959764,3.9439596966959436,8.28121766128665
9618,Tango & Cash,55000000,63408614,104.0,1989.0,"[{""id"": 28, ""name"": ""Action""}, {""id"": 12, ""name"": ""Adventure""}, {""id"": 35, ""name"": ""Comedy""}]",en,22.787667,6.1,458,Released,Action,1,1,1.1528838909090908,17.822843761378564,3.1691672530915813,6.129050210060545
9374,Death Becomes Her,55000000,149022650,104.0,1992.0,"[{""id"": 14, ""name"": ""Fantasy""}, {""id"": 35, ""name"": ""Comedy""}]",en,29.498304,6.3,636,Released,Fantasy,1,1,2.7095027272727275,17.822843761378564,3.417671075509887,6.456769655572163
8584,Shanghai Noon,55000000,56932305,110.0,2000.0,"[{""id"": 12, ""name"": ""Adventure""}, {""id"": 28, ""name"": ""Action""}, {""id"": 35, ""name"": ""Comedy""}, {""id"": 37, ""name"": ""Western""}]",en,25.400935,6.2,735,Released,Adventure,1,1,1.0351328181818182,17.822843761378564,3.273399426191782,6.601230118728877
2320,Executive Decision,55000000,121969216,133.0,1996.0,"[{""id"": 28, ""name"": ""Action""}, {""id"": 12, ""name"": ""Adventure""}, {""id"": 18, ""name"": ""Drama""}, {""id"": 53, ""name"": ""Thriller""}]",en,17.231675,5.8,256,Released,Action,1,1,2.217622109090909,17.822843761378564,2.903160465983712,5.54907608489522
58224,Mr. Popper's Penguins,55000000,187361754,94.0,2011.0,"[{""id"": 35, ""name"": ""Comedy""}, {""id"": 10751, ""name"": ""Family""}]",en,32.835777,5.7,751,Released,Comedy,1,1,3.4065773454545454,17.822843761378564,3.521518733806502,6.62273632394984
1729,The Forbidden Kingdom,55000000,127906624,104.0,2008.0,"[{""id"": 28, ""name"": ""Action""}, {""id"": 12, ""name"": ""Adventure""}, {""id"": 14, ""name"": ""Fantasy""}]",en,17.097041,6.3,461,Released,Action,1,1,2.325574981818182,17.822843761378564,2.8957484442443766,6.135564891081739
175574,Free Birds,55000000,110000000,91.0,2013.0,"[{""id"": 16, ""name"": ""Animation""}, {""id"": 35, ""name"": ""Comedy""}, {""id"": 10751, ""name"": ""Family""}]",en,14.414937,5.7,254,Released,Animation,1,1,2.0,17.822843761378564,2.7353369744014455,5.541263545158426
8077,Alien³,50000000,159773545,114.0,1992.0,"[{""id"": 878, ""name"": ""Science Fiction""}, {""id"": 28, ""name"": ""Action""}, {""id"": 27, ""name"": ""Horror""}]",en,45.856409,6.2,1633,Released,Science Fiction,1,1,3.1954709,17.72753358339242,3.8470877976208206,7.3987862754199485
8818,Evita,55000000,141047179,134.0,1996.0,"[{""id"": 36, ""name"": ""History""}, {""id"": 18, ""name"": ""Drama""}, {""id"": 10402, ""name"": ""Music""}]",en,7.027139,5.9,120,Released,History,1,1,2.564494163636364,17.822843761378564,2.0828281755561315,4.795790545596741
8195,Ronin,55000000,41610884,122.0,1998.0,"[{""id"": 28, ""name"": ""Action""}, {""id"": 53, ""name"": ""Thriller""}, {""id"": 80, ""name"": ""Crime""}, {""id"": 12, ""name"": ""Adventure""}]",en,32.657488,6.7,658,Released,Action,1,1,0.7565615272727273,17.822843761378564,3.51623555733847,6.490723534502507
10586,The Ghost and the Darkness,50000000,75000000,109.0,1996.0,"[{""id"": 12, ""name"": ""Adventure""}]",en,12.46525,6.4,236,Released,Adventure,1,1,1.5,17.72753358339242,2.600112292745493,5.4680601411351315
116149,Paddington,55000000,259207227,95.0,2014.0,"[{""id"": 10751, ""name"": ""Family""}, {""id"": 35, ""name"": ""Comedy""}]",en,39.882276,7.0,883,Released,Family,1,1,4.712858672727273,17.822843761378564,3.7106966194924165,6.784457062637643
80035,The Watch,68000000,68267862,98.0,2012.0,"[{""id"": 35, ""name"": ""Comedy""}]",en,39.395881,5.3,881,Released,Comedy,1,1,1.0039391470588237,18.035018277846262,3.69872782432375,6.782192056006791
10632,The Hunted,55000000,34234008,94.0,2003.0,"[{""id"": 18, ""name"": ""Drama""}, {""id"": 28, ""name"": ""Action""}, {""id"": 53, ""name"": ""Thriller""}, {""id"": 80, ""name"": ""Crime""}]",en,8.634954,6.0,189,Released,Drama,1,1,0.6224365090909091,17.822843761378564,2.2653975275944243,5.247024072160486
1792,Stuck on You,55000000,33828318,118.0,2003.0,"[{""id"": 35, ""name"": ""Comedy""}]",en,8.802525,5.1,188,Released,Comedy,1,1,0.6150603272727273,17.822843761378564,2.282640005550901,5.241747015059643
72197,The Pirates! In an Adventure with Scientists!,60000000,118338361,88.0,2012.0,"[{""id"": 16, ""name"": ""Animation""}, {""id"": 12, ""name"": ""Adventure""}, {""id"": 10751, ""name"": ""Family""}, {""id"": 35, ""name"": ""Comedy""}]",en,23.700759,6.4,374,Released,Animation,1,1,1.9723060166666664,17.909855136853043,3.2068339719067525,5.926926025970411
3580,Changeling,55000000,113020255,141.0,2008.0,"[{""id"": 80, ""name"": ""Crime""}, {""id"": 18, ""name"": ""Drama""}, {""id"": 9648, ""name"": ""Mystery""}]",en,27.50916,7.3,1131,Released,Crime,1,1,2.054913727272728,17.822843761378564,3.3502254391443334,7.0317412587631285
12123,Chain Reaction,50000000,60209334,107.0,1996.0,"[{""id"": 28, ""name"": ""Action""}, {""id"": 18, ""name"": ""Drama""}, {""id"": 878, ""name"": ""Science Fiction""}, {""id"": 53, ""name"": ""Thriller""}]",en,20.58862,5.3,284,Released,Action,1,1,1.20418668,17.72753358339242,3.0721663240030646,5.652489180268651
9566,The Fan,55000000,18626419,116.0,1996.0,"[{""id"": 18, ""name"": ""Drama""}, {""id"": 9648, ""name"": ""Mystery""}, {""id"": 53, ""name"": ""Thriller""}]",en,4.366488,5.7,194,Released,Drama,1,1,0.3386621636363636,17.822843761378564,1.6801736908426534,5.272999558563747
9833,The Phantom of the Opera,70000000,154648887,143.0,2004.0,"[{""id"": 53, ""name"": ""Thriller""}, {""id"": 18, ""name"": ""Drama""}, {""id"": 10749, ""name"": ""Romance""}]",en,18.927463,7.0,438,Released,Thriller,1,1,2.2092698142857143,18.064005814299346,2.992098830587569,6.0844994130751715
4517,Elizabeth: The Golden Age,55000000,74237563,114.0,2007.0,"[{""id"": 18, ""name"": ""Drama""}, {""id"": 36, ""name"": ""History""}, {""id"": 10749, ""name"": ""Romance""}]",en,15.274137,6.6,303,Released,Drama,1,1,1.3497738727272728,17.822843761378564,2.7895771605750275,5.717027701406222
8202,Æon Flux,62000000,52304001,93.0,2005.0,"[{""id"": 28, ""name"": ""Action""}, {""id"": 878, ""name"": ""Science Fiction""}]",en,29.954302,5.4,703,Released,Action,1,1,0.8436129193548387,17.9426449591384,3.4325119878557158,6.556778356158042
16072,Gods and Generals,56000000,12923936,214.0,2003.0,"[{""id"": 18, ""name"": ""Drama""}, {""id"": 36, ""name"": ""History""}, {""id"": 10752, ""name"": ""War""}]",en,4.362535,6.1,48,Released,Drama,1,1,0.2307845714285714,17.840862266556567,1.6794368110393627,3.8918202981106265
34314,Turbulence,55000000,11466088,100.0,1997.0,"[{""id"": 28, ""name"": ""Action""}, {""id"": 53, ""name"": ""Thriller""}, {""id"": 80, ""name"": ""Crime""}]",en,4.700024,5.2,62,Released,Action,1,1,0.2084743272727272,17.822843761378564,1.740470385357956,4.143134726391533
145220,Muppets Most Wanted,50000000,80383290,112.0,2014.0,"[{""id"": 35, ""name"": ""Comedy""}, {""id"": 12, ""name"": ""Adventure""}, {""id"": 80, ""name"": ""Crime""}, {""id"": 10751, ""name"": ""Family""}]",en,14.808304,6.2,316,Released,Comedy,1,1,1.6076658,17.72753358339242,2.760535371589834,5.75890177387728
14623,Thunderbirds,57000000,28283637,95.0,2004.0,"[{""id"": 28, ""name"": ""Action""}, {""id"": 12, ""name"": ""Adventure""}, {""id"": 35, ""name"": ""Comedy""}, {""id"": 10751, ""name"": ""Family""}, {""id"": 14, ""name"": ""Fantasy""}, {""id"": 878, ""name"": ""Science Fiction""}]",en,9.27875,4.2,91,Released,Action,1,1,0.4962041578947368,17.858561843342684,2.3300786573029684,4.5217885770490405
42297,Burlesque,55000000,89519773,119.0,2010.0,"[{""id"": 18, ""name"": ""Drama""}, {""id"": 10749, ""name"": ""Romance""}]",en,22.863516,6.9,573,Released,Drama,1,1,1.6276322363636364,17.822843761378564,3.172350765411064,6.352629396319567
802,Lolita,2000000,9250000,153.0,1962.0,"[{""id"": 18, ""name"": ""Drama""}, {""id"": 10749, ""name"": ""Romance""}]",en,23.962109,7.3,395,Released,Drama,1,1,4.625,14.508658238524095,3.217359035124017,5.981414211254481
10375,D-Tox,55000000,6416302,96.0,2002.0,"[{""id"": 28, ""name"": ""Action""}, {""id"": 53, ""name"": ""Thriller""}]",en,12.669778,5.3,123,Released,Action,1,1,0.1166600363636363,17.822843761378564,2.6151874106625113,4.820281565605037
36586,Blade II,54000000,155010032,117.0,2002.0,"[{""id"": 14, ""name"": ""Fantasy""}, {""id"": 27, ""name"": ""Horror""}, {""id"": 28, ""name"": ""Action""}, {""id"": 53, ""name"": ""Thriller""}]",en,67.169587,6.2,1528,Released,Fantasy,1,1,2.870556148148148,17.804494623047066,4.221998526972889,7.332369205929062
11321,Seven Pounds,55000000,168167691,123.0,2008.0,"[{""id"": 18, ""name"": ""Drama""}]",en,41.472404,7.5,2039,Released,Drama,1,1,3.057594381818182,17.822843761378564,3.7488545473853105,7.620705086838262
70074,Bullet to the Head,55000000,9489829,92.0,2013.0,"[{""id"": 28, ""name"": ""Action""}, {""id"": 80, ""name"": ""Crime""}, {""id"": 53, ""name"": ""Thriller""}]",en,22.503935,5.2,481,Released,Action,1,1,0.1725423454545454,17.822843761378564,3.1571678539409715,6.1779441140506
242,The Godfather: Part III,54000000,136766062,162.0,1990.0,"[{""id"": 80, ""name"": ""Crime""}, {""id"": 18, ""name"": ""Drama""}, {""id"": 53, ""name"": ""Thriller""}]",en,59.194915,7.1,1546,Released,Crime,1,1,2.532704851851852,17.804494623047066,4.097587880308578,7.344072850573066
9621,Elizabethtown,57000000,52034889,123.0,2005.0,"[{""id"": 35, ""name"": ""Comedy""}, {""id"": 18, ""name"": ""Drama""}, {""id"": 10749, ""name"": ""Romance""}]",en,22.894898,6.1,327,Released,Comedy,1,1,0.9128927894736842,17.858561843342684,3.173664963345556,5.793013608384144
1819,"You, Me and Dupree",54000000,130431368,108.0,2006.0,"[{""id"": 35, ""name"": ""Comedy""}, {""id"": 10749, ""name"": ""Romance""}]",en,18.600367,5.4,407,Released,Comedy,1,1,2.4153957037037035,17.804494623047066,2.9755482905509663,6.0112671744041615
8536,Superman II,54000000,190458706,127.0,1980.0,"[{""id"": 28, ""name"": ""Action""}, {""id"": 12, ""name"": ""Adventure""}, {""id"": 14, ""name"": ""Fantasy""}, {""id"": 878, ""name"": ""Science Fiction""}]",en,30.515175,6.5,629,Released,Action,1,1,3.527013074074074,17.804494623047066,3.450469175860968,6.4457198193855785
8046,Gigli,54000000,7266209,121.0,2003.0,"[{""id"": 18, ""name"": ""Drama""}]",en,9.053456,3.5,104,Released,Drama,1,1,0.1345594259259259,17.804494623047066,2.307916455988719,4.653960350157523
1717,All the King's Men,55000000,9450897,125.0,2006.0,"[{""id"": 18, ""name"": ""Drama""}, {""id"": 53, ""name"": ""Thriller""}]",en,7.768223,5.7,95,Released,Drama,1,1,0.1718344909090909,17.822843761378564,2.171134163276397,4.564348191467836
479,Shaft,46000000,107196498,99.0,2000.0,"[{""id"": 28, ""name"": ""Action""}, {""id"": 12, ""name"": ""Adventure""}, {""id"": 80, ""name"": ""Crime""}, {""id"": 53, ""name"": ""Thriller""}]",en,19.643365,5.5,308,Released,Action,1,1,2.330358652173913,17.6441519761925,3.027393960270672,5.733341276897746
9444,Anastasia,53000000,139804348,94.0,1997.0,"[{""id"": 16, ""name"": ""Animation""}, {""id"": 10751, ""name"": ""Family""}]",en,45.565918,7.4,1432,Released,Animation,1,1,2.637817886792453,17.78580249038432,3.840868900157047,7.267525427828172
824,Moulin Rouge!,52500000,179213434,127.0,2001.0,"[{""id"": 18, ""name"": ""Drama""}, {""id"": 10402, ""name"": ""Music""}, {""id"": 10749, ""name"": ""Romance""}]",en,57.374341,7.4,1300,Released,Drama,1,1,3.413589219047619,17.77632374660947,4.06687642684611,7.170888478512505
11456,Domestic Disturbance,75000000,54249294,89.0,2001.0,"[{""id"": 9648, ""name"": ""Mystery""}, {""id"": 53, ""name"": ""Thriller""}, {""id"": 80, ""name"": ""Crime""}]",en,8.41856,5.4,113,Released,Mystery,1,1,0.72332392,18.132998684833918,2.2426822106609987,4.736198448394496
261023,Black Mass,53000000,98837872,122.0,2015.0,"[{""id"": 80, ""name"": ""Crime""}, {""id"": 18, ""name"": ""Drama""}]",en,46.049902,6.3,1242,Released,Crime,1,1,1.8648655094339623,17.78580249038432,3.8512087831386776,7.1252830915107115
3683,Flags of Our Fathers,90000000,65900249,132.0,2006.0,"[{""id"": 10752, ""name"": ""War""}, {""id"": 18, ""name"": ""Drama""}, {""id"": 36, ""name"": ""History""}]",en,23.9366,6.7,526,Released,War,1,1,0.7322249888888889,18.31532023940565,3.2163366037732506,6.267200548541362
22803,Law Abiding Citizen,53000000,126690726,109.0,2009.0,"[{""id"": 18, ""name"": ""Drama""}, {""id"": 80, ""name"": ""Crime""}, {""id"": 53, ""name"": ""Thriller""}]",en,49.593978,7.2,1486,Released,Drama,1,1,2.3903910566037734,17.78580249038432,3.923832557353239,7.304515946460155
285923,Grindhouse,67000000,25037897,191.0,2007.0,"[{""id"": 53, ""name"": ""Thriller""}, {""id"": 28, ""name"": ""Action""}, {""id"": 27, ""name"": ""Horror""}]",en,16.637642,6.8,459,Released,Thriller,1,1,0.3736999552238806,18.020203192280615,2.870035368174163,6.131226489483141
640,Catch Me If You Can,52000000,352114312,141.0,2002.0,"[{""id"": 18, ""name"": ""Drama""}, {""id"": 80, ""name"": ""Crime""}]",en,73.944049,7.7,3795,Released,Drama,1,1,6.771429076923077,17.76675429577647,4.316741821796558,8.241703159729818
97630,Zero Dark Thirty,40000000,132820716,157.0,2012.0,"[{""id"": 53, ""name"": ""Thriller""}, {""id"": 18, ""name"": ""Drama""}, {""id"": 36, ""name"": ""History""}]",en,38.306954,6.7,1702,Released,Thriller,1,1,3.3205179,17.50439003707821,3.671401449786904,7.440146680662688
9767,The Break-Up,52000000,204999686,106.0,2006.0,"[{""id"": 10749, ""name"": ""Romance""}, {""id"": 35, ""name"": ""Comedy""}]",en,26.251217,5.6,832,Released,Romance,1,1,3.9423016538461537,17.76675429577647,3.3050981806624593,6.725033642166843
11631,Mamma Mia!,52000000,609841637,108.0,2008.0,"[{""id"": 35, ""name"": ""Comedy""}, {""id"": 10749, ""name"": ""Romance""}]",en,30.780599,6.4,1386,Released,Comedy,1,1,11.72772378846154,17.76675429577647,3.4588560092632266,7.234898420314831
32856,Valentine's Day,52000000,216485654,125.0,2010.0,"[{""id"": 35, ""name"": ""Comedy""}, {""id"": 10749, ""name"": ""Romance""}]",en,25.41929,5.7,1013,Released,Comedy,1,1,4.163185653846154,17.76675429577647,3.2740944251524575,6.921658184151129
6519,The Dukes of Hazzard,50000000,110803676,104.0,2005.0,"[{""id"": 28, ""name"": ""Action""}, {""id"": 12, ""name"": ""Adventure""}, {""id"": 35, ""name"": ""Comedy""}]",en,15.98212,5.1,316,Released,Action,1,1,2.21607352,17.72753358339242,2.8321610258577055,5.75890177387728
8741,The Thin Red Line,52000000,98126565,170.0,1998.0,"[{""id"": 18, ""name"": ""Drama""}, {""id"": 36, ""name"": ""History""}, {""id"": 10752, ""name"": ""War""}]",en,40.072583,7.2,771,Released,Drama,1,1,1.887049326923077,17.76675429577647,3.715340818613161,6.648984550024776
49520,The Change-Up,52000000,75450437,112.0,2011.0,"[{""id"": 35, ""name"": ""Comedy""}]",en,32.015477,5.9,736,Released,Comedy,1,1,1.4509699423076925,17.76675429577647,3.4969764515203554,6.602587892189336
1850,Man on the Moon,82000000,47434430,118.0,1999.0,"[{""id"": 35, ""name"": ""Comedy""}, {""id"": 18, ""name"": ""Drama""}, {""id"": 10749, ""name"": ""Romance""}]",en,24.444186,6.9,435,Released,Comedy,1,1,0.5784686585365854,18.22222981742365,3.2364872689611954,6.077642243349034
524,Casino,52000000,116112375,178.0,1995.0,"[{""id"": 18, ""name"": ""Drama""}, {""id"": 80, ""name"": ""Crime""}]",en,40.06688,7.8,1307,Released,Drama,1,1,2.2329302884615383,17.76675429577647,3.7152019572230115,7.176254532017144
26389,From Paris with Love,52000000,52826594,92.0,2010.0,"[{""id"": 28, ""name"": ""Action""}, {""id"": 80, ""name"": ""Crime""}, {""id"": 53, ""name"": ""Thriller""}]",en,27.916284,6.1,675,Released,Action,1,1,1.0158960384615383,17.76675429577647,3.3644048966419016,6.516193076042964
2123,"Me, Myself & Irene",51000000,149270999,116.0,2000.0,"[{""id"": 35, ""name"": ""Comedy""}]",en,39.001682,6.1,927,Released,Comedy,1,1,2.9268823333333334,17.747336210296442,3.68892150322986,6.833031732786201
9907,Barnyard,51000000,72779000,90.0,2006.0,"[{""id"": 16, ""name"": ""Animation""}, {""id"": 35, ""name"": ""Comedy""}, {""id"": 10751, ""name"": ""Family""}]",en,10.430832,5.3,225,Released,Animation,1,1,1.4270392156862746,17.747336210296442,2.4363142660587274,5.420534999272286
18239,The Twilight Saga: New Moon,50000000,709827462,130.0,2009.0,"[{""id"": 12, ""name"": ""Adventure""}, {""id"": 14, ""name"": ""Fantasy""}, {""id"": 18, ""name"": ""Drama""}, {""id"": 10749, ""name"": ""Romance""}]",en,94.815867,5.6,2436,Released,Adventure,1,1,14.19654924,17.72753358339242,4.562428297567094,7.798523053625206
808,Shrek,60000000,484409218,90.0,2001.0,"[{""id"": 12, ""name"": ""Adventure""}, {""id"": 16, ""name"": ""Animation""}, {""id"": 35, ""name"": ""Comedy""}, {""id"": 10751, ""name"": ""Family""}, {""id"": 14, ""name"": ""Fantasy""}]",en,67.298732,7.3,4056,Released,Adventure,1,1,8.073486966666668,17.909855136853043,4.223891201250677,8.308199063206446
38050,The Adjustment Bureau,50200000,127869379,106.0,2011.0,"[{""id"": 878, ""name"": ""Science Fiction""}, {""id"": 53, ""name"": ""Thriller""}, {""id"": 10749, ""name"": ""Romance""}]",en,26.60772,6.5,1652,Released,Science Fiction,1,1,2.5471987848605577,17.731525604582277,3.3180954437564423,7.410347097821024
8367,Robin Hood: Prince of Thieves,48000000,390493908,143.0,1991.0,"[{""id"": 12, ""name"": ""Adventure""}]",en,28.803729,6.6,909,Released,Adventure,1,1,8.13528975,17.6867115897055,3.3946335199109123,6.813444599510896
9390,Jerry Maguire,50000000,273552592,139.0,1996.0,"[{""id"": 35, ""name"": ""Comedy""}, {""id"": 18, ""name"": ""Drama""}, {""id"": 10749, ""name"": ""Romance""}]",en,27.039636,6.7,913,Released,Comedy,1,1,5.47105184,17.72753358339242,3.3336190806270656,6.81783057145415
72105,Ted,50000000,549368315,106.0,2012.0,"[{""id"": 35, ""name"": ""Comedy""}, {""id"": 14, ""name"": ""Fantasy""}]",en,68.87691,6.3,4697,Released,Comedy,1,1,10.9873663,17.72753358339242,4.246735265627621,8.454892165218858
2898,As Good as It Gets,50000000,314178011,139.0,1997.0,"[{""id"": 35, ""name"": ""Comedy""}, {""id"": 10749, ""name"": ""Romance""}]",en,37.885022,7.2,915,Released,Comedy,1,1,6.28356022,17.72753358339242,3.6606091379176093,6.82001636467413
10312,Patch Adams,50000000,202292902,115.0,1998.0,"[{""id"": 35, ""name"": ""Comedy""}, {""id"": 18, ""name"": ""Drama""}]",en,35.537397,7.0,832,Released,Comedy,1,1,4.04585804,17.72753358339242,3.5983363114118374,6.725033642166843
109443,Anchorman 2: The Legend Continues,50000000,173649015,119.0,2013.0,"[{""id"": 35, ""name"": ""Comedy""}]",en,38.125008,6.0,923,Released,Comedy,1,1,3.4729803,17.72753358339242,3.66676185333314,6.828712071641684
2022,Mr. Deeds,50000000,171269535,96.0,2002.0,"[{""id"": 35, ""name"": ""Comedy""}, {""id"": 10749, ""name"": ""Romance""}]",en,18.121404,5.6,644,Released,Comedy,1,1,3.4253907,17.72753358339242,2.9508083358896773,6.4692503167957724
37686,Super 8,50000000,260095987,112.0,2011.0,"[{""id"": 53, ""name"": ""Thriller""}, {""id"": 878, ""name"": ""Science Fiction""}, {""id"": 9648, ""name"": ""Mystery""}]",en,37.069253,6.6,2435,Released,Thriller,1,1,5.20191974,17.72753358339242,3.6394069484524882,7.798112628829788
462,Erin Brockovich,52000000,256271286,131.0,2000.0,"[{""id"": 18, ""name"": ""Drama""}]",en,30.347332,7.1,716,Released,Drama,1,1,4.928293961538461,17.76675429577647,3.4451291597891456,6.57507584059962
9919,How to Lose a Guy in 10 Days,50000000,177371441,116.0,2003.0,"[{""id"": 35, ""name"": ""Comedy""}, {""id"": 10749, ""name"": ""Romance""}]",en,23.854701,6.3,850,Released,Comedy,1,1,3.54742882,17.72753358339242,3.213046909701596,6.7464121285733745
187017,22 Jump Street,50000000,188441614,112.0,2014.0,"[{""id"": 80, ""name"": ""Crime""}, {""id"": 35, ""name"": ""Comedy""}, {""id"": 28, ""name"": ""Action""}]",en,52.380982,7.0,3319,Released,Crime,1,1,3.76883228,17.72753358339242,3.9774545402103136,8.107720061910534
628,Interview with the Vampire,60000000,223664608,123.0,1994.0,"[{""id"": 27, ""name"": ""Horror""}, {""id"": 10749, ""name"": ""Romance""}]",en,50.163785,7.2,1516,Released,Horror,1,1,3.7277434666666656,17.909855136853043,3.9350319575549144,7.324489979348532
10201,Yes Man,70000000,225990978,104.0,2008.0,"[{""id"": 35, ""name"": ""Comedy""}]",en,43.849351,6.4,1813,Released,Comedy,1,1,3.228442542857143,18.064005814299346,3.803309117943028,7.503289630675082
302699,Central Intelligence,50000000,216972543,107.0,2016.0,"[{""id"": 28, ""name"": ""Action""}, {""id"": 35, ""name"": ""Comedy""}]",en,45.318703,6.2,1650,Released,Action,1,1,4.33945086,17.72753358339242,3.8355458320091502,7.409136443920128
274167,Daddy's Home,50000000,242786137,96.0,2015.0,"[{""id"": 35, ""name"": ""Comedy""}]",en,38.616744,5.8,854,Released,Comedy,1,1,4.85572274,17.72753358339242,3.679251857176575,6.75110146893676
224141,Into the Woods,50000000,212902372,125.0,2014.0,"[{""id"": 14, ""name"": ""Fantasy""}, {""id"": 35, ""name"": ""Comedy""}, {""id"": 10402, ""name"": ""Music""}]",en,65.90161,5.6,1652,Released,Fantasy,1,1,4.25804744,17.72753358339242,4.203223032614413,7.410347097821024
388,Inside Man,45000000,184376254,129.0,2006.0,"[{""id"": 80, ""name"": ""Crime""}, {""id"": 18, ""name"": ""Drama""}, {""id"": 53, ""name"": ""Thriller""}]",en,45.220386,7.3,1630,Released,Crime,1,1,4.097250088888889,17.622173069956816,3.8334209561744084,7.396948602621014
2112,Payback,90000000,161626121,100.0,1999.0,"[{""id"": 18, ""name"": ""Drama""}, {""id"": 28, ""name"": ""Action""}, {""id"": 53, ""name"": ""Thriller""}, {""id"": 80, ""name"": ""Crime""}]",en,17.457947,6.7,548,Released,Drama,1,1,1.7958457888888888,18.31532023940565,2.9154950094555807,6.3080984415095305
10329,Congo,50000000,152022101,109.0,1995.0,"[{""id"": 28, ""name"": ""Action""}, {""id"": 12, ""name"": ""Adventure""}, {""id"": 18, ""name"": ""Drama""}, {""id"": 9648, ""name"": ""Mystery""}, {""id"": 878, ""name"": ""Science Fiction""}, {""id"": 53, ""name"": ""Thriller""}]",en,10.755847,5.0,213,Released,Action,1,1,3.04044202,17.72753358339242,2.4643507338411528,5.365976015021851
74465,We Bought a Zoo,50000000,120081841,124.0,2011.0,"[{""id"": 18, ""name"": ""Drama""}, {""id"": 35, ""name"": ""Comedy""}, {""id"": 10751, ""name"": ""Family""}]",en,38.629763,6.5,909,Released,Drama,1,1,2.40163682,17.72753358339242,3.6795804268665204,6.813444599510896
13811,Knowing,50000000,155446362,121.0,2009.0,"[{""id"": 28, ""name"": ""Action""}, {""id"": 12, ""name"": ""Adventure""}, {""id"": 18, ""name"": ""Drama""}, {""id"": 9648, ""name"": ""Mystery""}, {""id"": 878, ""name"": ""Science Fiction""}, {""id"": 53, ""name"": ""Thriller""}]",en,32.693093,5.9,1486,Released,Action,1,1,3.10892724,17.72753358339242,3.517292860862455,7.304515946460155
6877,Failure to Launch,50000000,88715192,97.0,2006.0,"[{""id"": 35, ""name"": ""Comedy""}]",en,18.806031,5.5,399,Released,Comedy,1,1,1.77430384,17.72753358339242,2.985986487280154,5.991464547107982
10320,The Ring Two,50000000,161451538,110.0,2005.0,"[{""id"": 18, ""name"": ""Drama""}, {""id"": 27, ""name"": ""Horror""}, {""id"": 53, ""name"": ""Thriller""}]",en,32.233713,5.4,632,Released,Drama,1,1,3.22903076,17.72753358339242,3.503564812507245,6.450470422144176
50646,"Crazy, Stupid, Love.",50000000,142851197,118.0,2011.0,"[{""id"": 35, ""name"": ""Comedy""}, {""id"": 18, ""name"": ""Drama""}, {""id"": 10749, ""name"": ""Romance""}]",en,37.990705,7.0,2443,Released,Comedy,1,1,2.85702394,17.72753358339242,3.663323284390411,7.8013913202914855
8920,Garfield,50000000,200804534,80.0,2004.0,"[{""id"": 16, ""name"": ""Animation""}, {""id"": 35, ""name"": ""Comedy""}, {""id"": 10751, ""name"": ""Family""}]",en,17.667826,5.2,820,Released,Animation,1,1,4.01609068,17.72753358339242,2.926801507281328,6.710523109452428
60308,Moneyball,50000000,110206216,133.0,2011.0,"[{""id"": 18, ""name"": ""Drama""}]",en,46.180421,7.0,1381,Released,Drama,1,1,2.20412432,17.72753358339242,3.85397899721229,7.231287004327616
6950,Outbreak,50000000,189859560,127.0,1995.0,"[{""id"": 28, ""name"": ""Action""}, {""id"": 18, ""name"": ""Drama""}, {""id"": 878, ""name"": ""Science Fiction""}, {""id"": 53, ""name"": ""Thriller""}]",en,30.397496,6.3,513,Released,Action,1,1,3.7971912,17.72753358339242,3.4467281445114586,6.2422232654551655
225574,Non-Stop,50000000,222809600,106.0,2014.0,"[{""id"": 28, ""name"": ""Action""}, {""id"": 53, ""name"": ""Thriller""}, {""id"": 9648, ""name"": ""Mystery""}]",en,83.295796,6.8,2268,Released,Action,1,1,4.456192,17.72753358339242,4.434331994250642,7.727094484779842
13836,Race to Witch Mountain,50000000,106303988,98.0,2009.0,"[{""id"": 12, ""name"": ""Adventure""}, {""id"": 10751, ""name"": ""Family""}, {""id"": 14, ""name"": ""Fantasy""}, {""id"": 878, ""name"": ""Science Fiction""}, {""id"": 53, ""name"": ""Thriller""}, {""id"": 28, ""name"": ""Action""}]",en,23.935053,5.5,509,Released,Adventure,1,1,2.12607976,17.72753358339242,3.2162745645221955,6.234410725718371
752,V for Vendetta,54000000,132511035,132.0,2006.0,"[{""id"": 28, ""name"": ""Action""}, {""id"": 53, ""name"": ""Thriller""}, {""id"": 14, ""name"": ""Fantasy""}]",en,84.630969,7.7,4442,Released,Action,1,1,2.4539080555555555,17.804494623047066,4.450047005101599,8.399085102935908
6038,Shanghai Knights,50000000,88323487,115.0,2003.0,"[{""id"": 28, ""name"": ""Action""}, {""id"": 12, ""name"": ""Adventure""}, {""id"": 35, ""name"": ""Comedy""}, {""id"": 37, ""name"": ""Western""}]",en,16.251204,6.0,692,Released,Action,1,1,1.76646974,17.72753358339242,2.847881938143114,6.541029999189903
9975,Curious George,50000000,69834815,86.0,2006.0,"[{""id"": 12, ""name"": ""Adventure""}, {""id"": 16, ""name"": ""Animation""}, {""id"": 35, ""name"": ""Comedy""}, {""id"": 10751, ""name"": ""Family""}]",en,9.894346,6.2,106,Released,Adventure,1,1,1.3966963,17.72753358339242,2.3882439390592918,4.672828834461906
11451,Herbie Fully Loaded,50000000,66002004,101.0,2005.0,"[{""id"": 35, ""name"": ""Comedy""}, {""id"": 10751, ""name"": ""Family""}, {""id"": 12, ""name"": ""Adventure""}, {""id"": 14, ""name"": ""Fantasy""}, {""id"": 10749, ""name"": ""Romance""}]",en,12.050755,5.1,542,Released,Comedy,1,1,1.32004008,17.72753358339242,2.568845986501331,6.297109319933935
12103,Don't Say a Word,50000000,100020092,113.0,2001.0,"[{""id"": 53, ""name"": ""Thriller""}]",en,11.596207,6.0,220,Released,Thriller,1,1,2.00040184,17.72753358339242,2.533395736892249,5.3981627015177525
60304,Hansel & Gretel: Witch Hunters,50000000,224803475,88.0,2013.0,"[{""id"": 14, ""name"": ""Fantasy""}, {""id"": 27, ""name"": ""Horror""}, {""id"": 28, ""name"": ""Action""}]",en,53.02787,5.7,3239,Released,Fantasy,1,1,4.4960695,17.72753358339242,3.989500024535854,8.083328608786376
2251,Unfaithful,50000000,119137784,124.0,2002.0,"[{""id"": 53, ""name"": ""Thriller""}, {""id"": 18, ""name"": ""Drama""}]",en,14.382253,6.3,276,Released,Thriller,1,1,2.38275568,17.72753358339242,2.733214442295724,5.6240175061873385
46529,I Am Number Four,50000000,144492830,109.0,2011.0,"[{""id"": 28, ""name"": ""Action""}, {""id"": 53, ""name"": ""Thriller""}, {""id"": 878, ""name"": ""Science Fiction""}, {""id"": 12, ""name"": ""Adventure""}]",en,43.450266,5.9,1567,Released,Action,1,1,2.8898566,17.72753358339242,3.7943709461939763,7.357556200910353
231,Syriana,50000000,94000000,128.0,2005.0,"[{""id"": 18, ""name"": ""Drama""}, {""id"": 53, ""name"": ""Thriller""}]",en,16.871194,6.3,451,Released,Drama,1,1,1.88,17.72753358339242,2.8831901428318116,6.113682179832232
300671,13 Hours: The Secret Soldiers of Benghazi,50000000,69411370,144.0,2016.0,"[{""id"": 28, ""name"": ""Action""}, {""id"": 18, ""name"": ""Drama""}, {""id"": 36, ""name"": ""History""}, {""id"": 53, ""name"": ""Thriller""}, {""id"": 10752, ""name"": ""War""}]",en,42.526529,7.0,938,Released,Action,1,1,1.3882274,17.72753358339242,3.7733706142733068,6.844815479208263
228326,The Book of Life,50000000,97437106,95.0,2014.0,"[{""id"": 10749, ""name"": ""Romance""}, {""id"": 16, ""name"": ""Animation""}, {""id"": 12, ""name"": ""Adventure""}, {""id"": 35, ""name"": ""Comedy""}, {""id"": 10751, ""name"": ""Family""}, {""id"": 14, ""name"": ""Fantasy""}]",en,34.890999,7.3,755,Released,Romance,1,1,1.94874212,17.72753358339242,3.5804865398236743,6.628041376179533
9754,Firewall,45000000,82800000,105.0,2006.0,"[{""id"": 53, ""name"": ""Thriller""}]",en,18.186026,5.6,267,Released,Thriller,1,1,1.84,17.622173069956816,2.9541822015496377,5.5909869805108565
66,Absolute Power,50000000,50068310,121.0,1997.0,"[{""id"": 80, ""name"": ""Crime""}, {""id"": 18, ""name"": ""Drama""}, {""id"": 53, ""name"": ""Thriller""}]",en,13.576765,6.4,223,Released,Crime,1,1,1.0013662,17.72753358339242,2.6794288226749674,5.4116460518550396
4421,G.I. Jane,50000000,48169156,125.0,1997.0,"[{""id"": 28, ""name"": ""Action""}, {""id"": 18, ""name"": ""Drama""}]",en,19.434672,6.0,395,Released,Action,1,1,0.96338312,17.72753358339242,3.017233065994348,5.981414211254481
2649,The Game,50000000,109423648,129.0,1997.0,"[{""id"": 18, ""name"": ""Drama""}, {""id"": 53, ""name"": ""Thriller""}, {""id"": 9648, ""name"": ""Mystery""}]",en,62.925175,7.5,1506,Released,Drama,1,1,2.18847296,17.72753358339242,4.157713258756608,7.317876198626496
588,Silent Hill,50000000,97607453,125.0,2006.0,"[{""id"": 27, ""name"": ""Horror""}, {""id"": 9648, ""name"": ""Mystery""}]",en,32.927994,6.3,1067,Released,Horror,1,1,1.95214906,17.72753358339242,3.52424045532719,6.97354301952014
71552,American Reunion,50000000,234989584,113.0,2012.0,"[{""id"": 35, ""name"": ""Comedy""}]",en,39.920035,6.1,1611,Released,Comedy,1,1,4.69979168,17.72753358339242,3.711619796410528,7.385230923066573
9631,The Negotiator,50000000,44547681,140.0,1998.0,"[{""id"": 28, ""name"": ""Action""}, {""id"": 12, ""name"": ""Adventure""}, {""id"": 80, ""name"": ""Crime""}, {""id"": 18, ""name"": ""Drama""}, {""id"": 9648, ""name"": ""Mystery""}, {""id"": 53, ""name"": ""Thriller""}]",en,28.725621,6.8,582,Released,Action,1,1,0.89095362,17.72753358339242,3.3920093338640878,6.368187186350492
216282,Into the Storm,50000000,160602194,89.0,2014.0,"[{""id"": 28, ""name"": ""Action""}, {""id"": 53, ""name"": ""Thriller""}]",en,20.566554,5.8,817,Released,Action,1,1,3.21204388,17.72753358339242,3.071143688713817,6.706862336602747
306,Beverly Hills Cop III,50000000,119208989,104.0,1994.0,"[{""id"": 28, ""name"": ""Action""}, {""id"": 35, ""name"": ""Comedy""}, {""id"": 80, ""name"": ""Crime""}]",en,20.333953,5.5,434,Released,Action,1,1,2.38417978,17.72753358339242,3.06029984114471,6.075346031088684
928,Gremlins 2: The New Batch,50000000,41482207,106.0,1990.0,"[{""id"": 35, ""name"": ""Comedy""}, {""id"": 27, ""name"": ""Horror""}, {""id"": 14, ""name"": ""Fantasy""}]",en,33.98637,6.2,652,Released,Comedy,1,1,0.82964414,17.72753358339242,3.554958557070987,6.481577129276431
205587,The Judge,50000000,83719388,141.0,2014.0,"[{""id"": 18, ""name"": ""Drama""}]",en,42.472324,7.2,1417,Released,Drama,1,1,1.67438776,17.72753358339242,3.7721245057294603,7.257002707092073
1577,Resident Evil: Apocalypse,45000000,129394835,94.0,2004.0,"[{""id"": 27, ""name"": ""Horror""}, {""id"": 28, ""name"": ""Action""}, {""id"": 878, ""name"": ""Science Fiction""}]",en,29.880122,6.1,1267,Released,Horror,1,1,2.875440777777778,17.622173069956816,3.4301126759259732,7.145196134997171
9801,Bridget Jones: The Edge of Reason,50000000,40203020,108.0,2004.0,"[{""id"": 35, ""name"": ""Comedy""}, {""id"": 10749, ""name"": ""Romance""}]",en,28.803802,6.1,750,Released,Comedy,1,1,0.8040604,17.72753358339242,3.3946359692658437,6.621405651764134
2116,Out of Time,50000000,55495563,105.0,2003.0,"[{""id"": 53, ""name"": ""Thriller""}, {""id"": 80, ""name"": ""Crime""}, {""id"": 18, ""name"": ""Drama""}]",en,14.993459,6.1,298,Released,Thriller,1,1,1.10991126,17.72753358339242,2.7721798261531694,5.700443573390686
9624,On Deadly Ground,50000000,49000000,102.0,1994.0,"[{""id"": 28, ""name"": ""Action""}, {""id"": 53, ""name"": ""Thriller""}]",en,9.114168,4.5,104,Released,Action,1,1,0.98,17.72753358339242,2.313937213158555,4.653960350157523
14199,The Adventures of Sharkboy and Lavagirl,50000000,69425966,92.0,2005.0,"[{""id"": 12, ""name"": ""Adventure""}, {""id"": 10751, ""name"": ""Family""}, {""id"": 878, ""name"": ""Science Fiction""}]",en,12.31101,4.4,269,Released,Adventure,1,1,1.38851932,17.72753358339242,2.5885915123229575,5.598421958998375
1907,The Beach,40000000,144056873,119.0,2000.0,"[{""id"": 18, ""name"": ""Drama""}, {""id"": 12, ""name"": ""Adventure""}, {""id"": 10749, ""name"": ""Romance""}, {""id"": 53, ""name"": ""Thriller""}]",en,41.362082,6.3,1233,Released,Drama,1,1,3.601421825,17.50439003707821,3.7462536696670203,7.1180162044653335
4599,Raising Helen,50000000,49718611,119.0,2004.0,"[{""id"": 18, ""name"": ""Drama""}, {""id"": 35, ""name"": ""Comedy""}, {""id"": 10749, ""name"": ""Romance""}]",en,13.298205,5.9,189,Released,Drama,1,1,0.99437222,17.72753358339242,2.6601340049114808,5.247024072160486
22832,Ninja Assassin,40000000,60462347,99.0,2009.0,"[{""id"": 28, ""name"": ""Action""}, {""id"": 80, ""name"": ""Crime""}, {""id"": 53, ""name"": ""Thriller""}]",en,19.085403,6.2,371,Released,Action,1,1,1.511558675,17.50439003707821,2.9999933323348706,5.918893854273146
9879,Striptease,50000000,113309743,115.0,1996.0,"[{""id"": 18, ""name"": ""Drama""}, {""id"": 53, ""name"": ""Thriller""}, {""id"": 80, ""name"": ""Crime""}]",en,11.106006,4.4,205,Released,Drama,1,1,2.26619486,17.72753358339242,2.4937016930913782,5.327876168789581
38579,Marmaduke,50000000,83761844,87.0,2010.0,"[{""id"": 10751, ""name"": ""Family""}, {""id"": 35, ""name"": ""Comedy""}]",en,12.25622,5.0,149,Released,Family,1,1,1.67523688,17.72753358339242,2.5844668762448437,5.0106352940962555
44603,Hereafter,50000000,105197635,129.0,2010.0,"[{""id"": 18, ""name"": ""Drama""}, {""id"": 14, ""name"": ""Fantasy""}]",en,13.365715,5.8,510,Released,Drama,1,1,2.1039527,17.72753358339242,2.664844464948237,6.236369590203704
11892,Murder by Numbers,50000000,56714147,120.0,2002.0,"[{""id"": 80, ""name"": ""Crime""}, {""id"": 18, ""name"": ""Drama""}, {""id"": 53, ""name"": ""Thriller""}]",en,16.167093,6.0,268,Released,Crime,1,1,1.13428294,17.72753358339242,2.842994353644655,5.594711379601839
9691,Assassins,50000000,30303072,132.0,1995.0,"[{""id"": 28, ""name"": ""Action""}, {""id"": 12, ""name"": ""Adventure""}, {""id"": 80, ""name"": ""Crime""}, {""id"": 53, ""name"": ""Thriller""}]",en,23.073933,6.0,387,Released,Action,1,1,0.60606144,17.72753358339242,3.181129636868184,5.961005339623274
1248,Hannibal Rising,50000000,82169884,121.0,2007.0,"[{""id"": 80, ""name"": ""Crime""}, {""id"": 18, ""name"": ""Drama""}, {""id"": 53, ""name"": ""Thriller""}]",en,6.567065,6.0,654,Released,Crime,1,1,1.64339768,17.72753358339242,2.0238052776054505,6.484635235635252
12220,The Story of Us,50000000,58900031,95.0,1999.0,"[{""id"": 35, ""name"": ""Comedy""}, {""id"": 18, ""name"": ""Drama""}, {""id"": 10749, ""name"": ""Romance""}]",en,6.22577,5.9,75,Released,Comedy,1,1,1.17800062,17.72753358339242,1.9776538027143122,4.330733340286331
72710,The Host,44000000,63327201,125.0,2013.0,"[{""id"": 28, ""name"": ""Action""}, {""id"": 12, ""name"": ""Adventure""}, {""id"": 10749, ""name"": ""Romance""}, {""id"": 878, ""name"": ""Science Fiction""}, {""id"": 53, ""name"": ""Thriller""}]",en,42.933027,6.0,1817,Released,Action,1,1,1.439254568181818,17.599700214609808,3.7826663606901003,7.505492274737424
10782,Basic,50000000,42792561,98.0,2003.0,"[{""id"": 28, ""name"": ""Action""}, {""id"": 18, ""name"": ""Drama""}, {""id"": 9648, ""name"": ""Mystery""}, {""id"": 53, ""name"": ""Thriller""}, {""id"": 80, ""name"": ""Crime""}]",en,19.226763,6.2,286,Released,Action,1,1,0.85585122,17.72753358339242,3.007006628490399,5.659482215759621
9573,Blood Work,50000000,26199517,110.0,2002.0,"[{""id"": 80, ""name"": ""Crime""}, {""id"": 18, ""name"": ""Drama""}, {""id"": 9648, ""name"": ""Mystery""}, {""id"": 53, ""name"": ""Thriller""}]",en,10.089065,6.1,206,Released,Crime,1,1,0.52399034,17.72753358339242,2.405959487618612,5.332718793265369
4959,The International,50000000,60161391,118.0,2009.0,"[{""id"": 18, ""name"": ""Drama""}, {""id"": 53, ""name"": ""Thriller""}, {""id"": 80, ""name"": ""Crime""}]",en,13.391833,6.0,368,Released,Drama,1,1,1.20322782,17.72753358339242,2.666660892912204,5.910796644040527
10061,Escape from L.A.,50000000,42277365,97.0,1996.0,"[{""id"": 28, ""name"": ""Action""}, {""id"": 12, ""name"": ""Adventure""}, {""id"": 878, ""name"": ""Science Fiction""}, {""id"": 53, ""name"": ""Thriller""}]",en,21.637234,5.6,373,Released,Action,1,1,0.8455473,17.72753358339242,3.119596072726359,5.924255797414532
10386,The Iron Giant,70000000,23159305,86.0,1999.0,"[{""id"": 12, ""name"": ""Adventure""}, {""id"": 16, ""name"": ""Animation""}, {""id"": 10751, ""name"": ""Family""}, {""id"": 14, ""name"": ""Fantasy""}, {""id"": 878, ""name"": ""Science Fiction""}]",en,61.245957,7.6,1436,Released,Adventure,1,1,0.3308472142857143,18.064005814299346,4.131093585444453,7.270312886079025
421,The Life Aquatic with Steve Zissou,50000000,34808403,119.0,2004.0,"[{""id"": 12, ""name"": ""Adventure""}, {""id"": 35, ""name"": ""Comedy""}, {""id"": 18, ""name"": ""Drama""}]",en,25.237969,7.1,775,Released,Adventure,1,1,0.69616806,17.72753358339242,3.267207560165649,6.654152520183219
316152,Free State of Jones,50000000,25035950,139.0,2016.0,"[{""id"": 10752, ""name"": ""War""}, {""id"": 28, ""name"": ""Action""}, {""id"": 18, ""name"": ""Drama""}, {""id"": 36, ""name"": ""History""}, {""id"": 53, ""name"": ""Thriller""}]",en,21.589393,6.6,428,Released,War,1,1,0.500719,17.72753358339242,3.117480459822308,6.061456918928017
11615,The Life of David Gale,50000000,38955598,130.0,2003.0,"[{""id"": 18, ""name"": ""Drama""}, {""id"": 53, ""name"": ""Thriller""}, {""id"": 80, ""name"": ""Crime""}]",en,22.442241,7.3,480,Released,Drama,1,1,0.77911196,17.72753358339242,3.154539565940916,6.175867270105761
241554,Run All Night,50000000,71561644,114.0,2015.0,"[{""id"": 28, ""name"": ""Action""}, {""id"": 80, ""name"": ""Crime""}, {""id"": 18, ""name"": ""Drama""}, {""id"": 9648, ""name"": ""Mystery""}, {""id"": 53, ""name"": ""Thriller""}]",en,74.64653,6.3,1148,Released,Action,1,1,1.43123288,17.72753358339242,4.326071570048174,7.046647277848756
2252,Eastern Promises,51500000,55112356,100.0,2007.0,"[{""id"": 53, ""name"": ""Thriller""}, {""id"": 80, ""name"": ""Crime""}, {""id"": 9648, ""name"": ""Mystery""}]",en,35.481169,7.2,848,Released,Thriller,1,1,1.0701428349514563,17.75709238505144,3.5967962096488426,6.744059186311348
11968,Into the Blue,50000000,44434439,110.0,2005.0,"[{""id"": 28, ""name"": ""Action""}, {""id"": 53, ""name"": ""Thriller""}, {""id"": 12, ""name"": ""Adventure""}, {""id"": 80, ""name"": ""Crime""}]",en,14.723467,5.8,458,Released,Action,1,1,0.88868878,17.72753358339242,2.755154309757921,6.129050210060545
10047,The Messenger: The Story of Joan of Arc,60000000,66976317,148.0,1999.0,"[{""id"": 12, ""name"": ""Adventure""}, {""id"": 18, ""name"": ""Drama""}, {""id"": 28, ""name"": ""Action""}, {""id"": 36, ""name"": ""History""}, {""id"": 10752, ""name"": ""War""}]",fr,21.084542,6.2,367,Released,Adventure,1,1,1.11627195,17.909855136853043,3.094877906775948,5.908082938168931
38319,Your Highness,49900000,26121638,102.0,2011.0,"[{""id"": 35, ""name"": ""Comedy""}]",en,21.408222,5.2,501,Released,Comedy,1,1,0.5234797194388777,17.725531580761828,3.1094279450847404,6.218600119691729
69668,Dream House,50000000,38502340,84.0,2011.0,"[{""id"": 18, ""name"": ""Drama""}, {""id"": 53, ""name"": ""Thriller""}, {""id"": 9648, ""name"": ""Mystery""}]",en,19.267479,5.8,391,Released,Drama,1,1,0.7700468,17.72753358339242,3.0090175817375826,5.971261839790462
9770,Mad City,50000000,10541523,114.0,1997.0,"[{""id"": 28, ""name"": ""Action""}, {""id"": 18, ""name"": ""Drama""}, {""id"": 53, ""name"": ""Thriller""}]",en,3.314004,5.9,81,Released,Action,1,1,0.21083046,17.72753358339242,1.4618664751802575,4.406719247264253
11212,Baby's Day Out,50000000,16671505,99.0,1994.0,"[{""id"": 28, ""name"": ""Action""}, {""id"": 12, ""name"": ""Adventure""}, {""id"": 35, ""name"": ""Comedy""}, {""id"": 10751, ""name"": ""Family""}]",en,21.312186,5.8,274,Released,Action,1,1,0.3334301,17.72753358339242,3.105132986611703,5.616771097666572
10533,The Scarlet Letter,50000000,10382407,135.0,1995.0,"[{""id"": 18, ""name"": ""Drama""}, {""id"": 36, ""name"": ""History""}, {""id"": 10749, ""name"": ""Romance""}]",en,7.44268,5.5,108,Released,Drama,1,1,0.20764814,17.72753358339242,2.133299793749148,4.6913478822291435
38363,Fair Game,22000000,24188922,108.0,2010.0,"[{""id"": 18, ""name"": ""Drama""}, {""id"": 53, ""name"": ""Thriller""}]",en,12.54949,6.5,235,Released,Drama,1,1,1.0994964545454546,16.906553056777135,2.6063489082409848,5.4638318050256105
9923,Domino,50000000,22944502,127.0,2005.0,"[{""id"": 28, ""name"": ""Action""}, {""id"": 80, ""name"": ""Crime""}]",en,18.394571,6.0,444,Released,Action,1,1,0.45889004,17.72753358339242,2.964993181544438,6.09807428216624
11863,Jade,50000000,9851610,95.0,1995.0,"[{""id"": 28, ""name"": ""Action""}, {""id"": 53, ""name"": ""Thriller""}, {""id"": 9648, ""name"": ""Mystery""}, {""id"": 10749, ""name"": ""Romance""}]",en,8.189406,5.2,44,Released,Action,1,1,0.1970322,17.72753358339242,2.218051298805293,3.8066624897703196
18501,Gamer,50000000,40828540,95.0,2009.0,"[{""id"": 28, ""name"": ""Action""}, {""id"": 53, ""name"": ""Thriller""}, {""id"": 878, ""name"": ""Science Fiction""}]",en,27.631262,5.6,760,Released,Action,1,1,0.8165708,17.72753358339242,3.3544991977752896,6.634633357861686
109491,Beautiful Creatures,60000000,60052138,124.0,2013.0,"[{""id"": 14, ""name"": ""Fantasy""}, {""id"": 18, ""name"": ""Drama""}, {""id"": 10749, ""name"": ""Romance""}]",en,40.721373,5.6,984,Released,Fantasy,1,1,1.0008689666666666,17.909855136853043,3.7310135394664132,6.892641641172089
329833,Zoolander 2,50000000,55969000,100.0,2016.0,"[{""id"": 35, ""name"": ""Comedy""}]",en,37.253774,4.7,797,Released,Comedy,1,1,1.11938,17.72753358339242,3.644242222071976,6.682108597449809
12634,The Big Bounce,50000000,6808550,88.0,2004.0,"[{""id"": 35, ""name"": ""Comedy""}, {""id"": 80, ""name"": ""Crime""}]",en,6.397388,5.0,76,Released,Comedy,1,1,0.136171,17.72753358339242,2.0011269649275283,4.343805421853684
47327,Drive Angry,50000000,28931401,105.0,2011.0,"[{""id"": 14, ""name"": ""Fantasy""}, {""id"": 53, ""name"": ""Thriller""}, {""id"": 28, ""name"": ""Action""}, {""id"": 80, ""name"": ""Crime""}]",en,30.387148,5.3,600,Released,Fantasy,1,1,0.57862802,17.72753358339242,3.446398509765303,6.398594934535208
15268,Street Fighter: The Legend of Chun-Li,50000000,12764201,97.0,2009.0,"[{""id"": 28, ""name"": ""Action""}, {""id"": 12, ""name"": ""Adventure""}, {""id"": 878, ""name"": ""Science Fiction""}, {""id"": 53, ""name"": ""Thriller""}]",en,8.139676,3.9,112,Released,Action,1,1,0.25528402,17.72753358339242,2.2126249362600623,4.727387818712341
10796,The One,49000000,72700000,87.0,2001.0,"[{""id"": 28, ""name"": ""Action""}, {""id"": 878, ""name"": ""Science Fiction""}, {""id"": 53, ""name"": ""Thriller""}]",en,21.746245,5.7,437,Released,Action,1,1,1.4836734693877551,17.707330876483063,3.124400076828838,6.082218910376446
9548,The Adventures of Ford Fairlane,49000000,20423389,104.0,1990.0,"[{""id"": 28, ""name"": ""Action""}, {""id"": 35, ""name"": ""Comedy""}, {""id"": 53, ""name"": ""Thriller""}, {""id"": 80, ""name"": ""Crime""}, {""id"": 9648, ""name"": ""Mystery""}]",en,2.808428,6.2,71,Released,Action,1,1,0.4168038571428571,17.707330876483063,1.3372165055712621,4.276666119016055
18947,The Boat That Rocked,50000000,36348784,116.0,2009.0,"[{""id"": 18, ""name"": ""Drama""}, {""id"": 35, ""name"": ""Comedy""}]",en,31.02233,7.2,666,Released,Drama,1,1,0.72697568,17.72753358339242,3.4664334719417895,6.502790045915623
1900,Traffic,48000000,207515725,147.0,2000.0,"[{""id"": 53, ""name"": ""Thriller""}, {""id"": 18, ""name"": ""Drama""}, {""id"": 80, ""name"": ""Crime""}]",en,25.170217,6.9,562,Released,Thriller,1,1,4.323244270833333,17.6867115897055,3.2646220084450093,6.333279628139691
89,Indiana Jones and the Last Crusade,48000000,474171806,127.0,1989.0,"[{""id"": 12, ""name"": ""Adventure""}, {""id"": 28, ""name"": ""Action""}]",en,80.972475,7.6,3152,Released,Adventure,1,1,9.878579291666666,17.6867115897055,4.406383520182516,8.056109659545061
198184,Chappie,49000000,104399548,120.0,2015.0,"[{""id"": 80, ""name"": ""Crime""}, {""id"": 28, ""name"": ""Action""}, {""id"": 878, ""name"": ""Science Fiction""}]",en,116.700319,6.6,3062,Released,Crime,1,1,2.1306030204081634,17.707330876483063,4.768141724542932,8.027150106832774
9481,The Bone Collector,73000000,151493655,118.0,1999.0,"[{""id"": 18, ""name"": ""Drama""}, {""id"": 9648, ""name"": ""Mystery""}, {""id"": 53, ""name"": ""Thriller""}, {""id"": 80, ""name"": ""Crime""}]",en,33.884459,6.5,826,Released,Drama,1,1,2.075255547945205,18.105970012811294,3.552041429172912,6.717804695023691
4547,Panic Room,48000000,196397415,111.0,2002.0,"[{""id"": 80, ""name"": ""Crime""}, {""id"": 18, ""name"": ""Drama""}, {""id"": 53, ""name"": ""Thriller""}]",en,53.043124,6.5,1267,Released,Crime,1,1,4.0916128125,17.6867115897055,3.9897823204514684,7.145196134997171
6415,Three Kings,75000000,108000000,114.0,1999.0,"[{""id"": 28, ""name"": ""Action""}, {""id"": 12, ""name"": ""Adventure""}, {""id"": 35, ""name"": ""Comedy""}]",en,34.973086,6.6,692,Released,Action,1,1,1.44,18.132998684833918,3.5827710477444485,6.541029999189903
181283,Child 44,50000000,3324330,137.0,2015.0,"[{""id"": 80, ""name"": ""Crime""}, {""id"": 53, ""name"": ""Thriller""}]",en,40.371098,6.1,547,Released,Crime,1,1,0.0664866,17.72753358339242,3.7225825210928334,6.306275286948016
9896,Rat Race,48000000,85498534,112.0,2001.0,"[{""id"": 12, ""name"": ""Adventure""}, {""id"": 35, ""name"": ""Comedy""}]",en,18.60049,6.0,518,Released,Adventure,1,1,1.7812194583333334,17.6867115897055,2.975554565923977,6.251903883165888
167,K-PAX,48000000,50315140,120.0,2001.0,"[{""id"": 18, ""name"": ""Drama""}, {""id"": 878, ""name"": ""Science Fiction""}]",en,30.920075,7.1,695,Released,Drama,1,1,1.0482320833333334,17.6867115897055,3.463235122202908,6.54534966033442
1636,Bedazzled,48000000,90383208,93.0,2000.0,"[{""id"": 14, ""name"": ""Fantasy""}, {""id"": 35, ""name"": ""Comedy""}, {""id"": 10749, ""name"": ""Romance""}]",en,19.348007,5.6,512,Released,Fantasy,1,1,1.8829835,17.6867115897055,3.012982970974613,6.240275845170769
2148,The Cotton Club,58000000,25928721,127.0,1984.0,"[{""id"": 10402, ""name"": ""Music""}, {""id"": 18, ""name"": ""Drama""}, {""id"": 80, ""name"": ""Crime""}, {""id"": 10749, ""name"": ""Romance""}]",en,8.59075,6.6,68,Released,Music,1,1,0.4470469137931034,17.87595358575207,2.2607990923024484,4.23410650459726
5176,3:10 to Yuma,55000000,70016220,122.0,2007.0,"[{""id"": 37, ""name"": ""Western""}]",en,48.801089,6.9,1188,Released,Western,1,1,1.2730221818181815,17.822843761378564,3.908036851261397,7.080867896690782
260346,Taken 3,48000000,325771424,109.0,2014.0,"[{""id"": 53, ""name"": ""Thriller""}, {""id"": 28, ""name"": ""Action""}]",en,88.844777,6.1,2200,Released,Thriller,1,1,6.786904666666667,17.6867115897055,4.498083481322913,7.696667081526462
1389,Out of Sight,48000000,77745568,123.0,1998.0,"[{""id"": 10749, ""name"": ""Romance""}, {""id"": 35, ""name"": ""Comedy""}, {""id"": 80, ""name"": ""Crime""}]",en,16.000178,6.5,333,Released,Romance,1,1,1.6196993333333334,17.6867115897055,2.833223814589635,5.8111409929767
9894,The Cable Guy,47000000,102825796,96.0,1996.0,"[{""id"": 35, ""name"": ""Comedy""}, {""id"": 18, ""name"": ""Drama""}, {""id"": 53, ""name"": ""Thriller""}]",en,19.525659,5.7,594,Released,Comedy,1,1,2.187782893617021,17.665658180950928,3.0216757620094254,6.38856140554563
8592,Dick Tracy,47000000,103738726,103.0,1990.0,"[{""id"": 12, ""name"": ""Adventure""}, {""id"": 28, ""name"": ""Action""}, {""id"": 35, ""name"": ""Comedy""}, {""id"": 53, ""name"": ""Thriller""}, {""id"": 80, ""name"": ""Crime""}]",en,7.859226,5.9,251,Released,Adventure,1,1,2.2072069361702127,17.665658180950928,2.1814594018844984,5.529429087511423
913,The Thomas Crown Affair,48000000,124305181,113.0,1999.0,"[{""id"": 18, ""name"": ""Drama""}, {""id"": 80, ""name"": ""Crime""}, {""id"": 10749, ""name"": ""Romance""}]",en,18.102572,6.6,339,Released,Drama,1,1,2.5896912708333333,17.6867115897055,2.9498229856726463,5.8289456176102075
11091,Riding in Cars with Boys,48000000,35743308,132.0,2001.0,"[{""id"": 35, ""name"": ""Comedy""}, {""id"": 18, ""name"": ""Drama""}, {""id"": 10749, ""name"": ""Romance""}]",en,7.226115,6.5,103,Released,Comedy,1,1,0.74465225,17.6867115897055,2.1073138497737265,4.6443908991413725
1368,First Blood,15000000,125212904,93.0,1982.0,"[{""id"": 28, ""name"": ""Action""}, {""id"": 12, ""name"": ""Adventure""}, {""id"": 53, ""name"": ""Thriller""}, {""id"": 10752, ""name"": ""War""}]",en,63.071046,7.2,1488,Released,Action,1,1,8.347526933333333,16.52356082573315,4.159992561411218,7.305860032684009
5393,Happily N'Ever After,47000000,38085778,75.0,2006.0,"[{""id"": 16, ""name"": ""Animation""}, {""id"": 35, ""name"": ""Comedy""}, {""id"": 10751, ""name"": ""Family""}, {""id"": 14, ""name"": ""Fantasy""}, {""id"": 878, ""name"": ""Science Fiction""}]",en,10.410933,4.6,104,Released,Animation,1,1,0.8103357021276596,17.665658180950928,2.4345719309078317,4.653960350157523
9095,Mary Reilly,47000000,12379402,104.0,1996.0,"[{""id"": 18, ""name"": ""Drama""}, {""id"": 27, ""name"": ""Horror""}, {""id"": 53, ""name"": ""Thriller""}, {""id"": 10749, ""name"": ""Romance""}]",en,6.067212,5.7,74,Released,Drama,1,1,0.2633915319148936,17.665658180950928,1.955466059843741,4.31748811353631
8874,My Best Friend's Wedding,38000000,299288605,105.0,1997.0,"[{""id"": 35, ""name"": ""Comedy""}, {""id"": 10749, ""name"": ""Romance""}]",en,15.401855,6.3,584,Released,Comedy,1,1,7.876015921052631,17.453096744006448,2.797394438189824,6.371611847231857
320,Insomnia,46000000,113714830,118.0,2002.0,"[{""id"": 80, ""name"": ""Crime""}, {""id"": 9648, ""name"": ""Mystery""}, {""id"": 53, ""name"": ""Thriller""}]",en,41.322708,6.8,1148,Released,Crime,1,1,2.47206152173913,17.6441519761925,3.745323774160702,7.046647277848756
199,Star Trek: First Contact,46000000,150000000,111.0,1996.0,"[{""id"": 878, ""name"": ""Science Fiction""}, {""id"": 28, ""name"": ""Action""}, {""id"": 12, ""name"": ""Adventure""}, {""id"": 53, ""name"": ""Thriller""}]",en,25.6713,7.0,661,Released,Science Fiction,1,1,3.260869565217391,17.6441519761925,3.2835880809129887,6.495265555937008
20533,Jonah Hex,47000000,10539000,80.0,2010.0,"[{""id"": 28, ""name"": ""Action""}, {""id"": 37, ""name"": ""Western""}, {""id"": 18, ""name"": ""Drama""}, {""id"": 14, ""name"": ""Fantasy""}, {""id"": 53, ""name"": ""Thriller""}]",en,22.581313,4.4,420,Released,Action,1,1,0.2242340425531915,17.665658180950928,3.160454576341015,6.042632833682381
10684,Courage Under Fire,46000000,100860818,117.0,1996.0,"[{""id"": 18, ""name"": ""Drama""}, {""id"": 53, ""name"": ""Thriller""}, {""id"": 9648, ""name"": ""Mystery""}, {""id"": 10752, ""name"": ""War""}]",en,12.971122,6.2,232,Released,Drama,1,1,2.1926264782608698,17.6441519761925,2.6369924850044266,5.4510384535657
1624,Liar Liar,45000000,181000000,86.0,1997.0,"[{""id"": 35, ""name"": ""Comedy""}]",en,26.721386,6.4,1424,Released,Comedy,1,1,4.022222222222222,17.622173069956816,3.322204173071744,7.261927092702751
325789,The Infiltrator,25000000,15436808,127.0,2016.0,"[{""id"": 80, ""name"": ""Crime""}, {""id"": 18, ""name"": ""Drama""}, {""id"": 53, ""name"": ""Thriller""}]",en,24.672234,6.6,573,Released,Crime,1,1,0.61747232,17.034386422832473,3.245410018755108,6.352629396319567
113464,Inchon,46000000,5200000,140.0,1981.0,"[{""id"": 18, ""name"": ""Drama""}, {""id"": 36, ""name"": ""History""}, {""id"": 10752, ""name"": ""War""}]",en,0.146783,6.5,2,Released,Drama,1,1,0.1130434782608695,17.6441519761925,0.13696063105951228,1.0986122886681096
888,The Flintstones,46000000,341631208,91.0,1994.0,"[{""id"": 14, ""name"": ""Fantasy""}, {""id"": 35, ""name"": ""Comedy""}, {""id"": 10751, ""name"": ""Family""}]",en,28.964162,5.0,543,Released,Fantasy,1,1,7.426765391304348,17.6441519761925,3.4000020675588067,6.298949246855942
82675,Taken 2,45000000,376141306,91.0,2012.0,"[{""id"": 28, ""name"": ""Action""}, {""id"": 80, ""name"": ""Crime""}, {""id"": 53, ""name"": ""Thriller""}]",en,49.353524,6.1,2757,Released,Action,1,1,8.358695688888888,17.622173069956816,3.919068606784894,7.922261058353247
4256,Scary Movie 3,48000000,220673217,84.0,2003.0,"[{""id"": 35, ""name"": ""Comedy""}]",en,36.585509,5.8,912,Released,Comedy,1,1,4.5973586875,17.6867115897055,3.6266185771744217,6.816735880594968
1493,Miss Congeniality,45000000,212000000,111.0,2000.0,"[{""id"": 35, ""name"": ""Comedy""}, {""id"": 80, ""name"": ""Crime""}, {""id"": 28, ""name"": ""Action""}]",en,32.624355,6.1,961,Released,Comedy,1,1,4.711111111111111,17.622173069956816,3.5152506555818896,6.8690144506657065
88751,Journey to the Center of the Earth,45000000,101702060,93.0,2008.0,"[{""id"": 28, ""name"": ""Action""}, {""id"": 878, ""name"": ""Science Fiction""}, {""id"": 12, ""name"": ""Adventure""}, {""id"": 35, ""name"": ""Comedy""}, {""id"": 10751, ""name"": ""Family""}]",en,53.090422,5.8,1309,Released,Action,1,1,2.2600457777777776,17.622173069956816,3.9906571276646967,7.177782416195197
11130,The Princess Diaries 2: Royal Engagement,40000000,95149435,113.0,2004.0,"[{""id"": 35, ""name"": ""Comedy""}, {""id"": 18, ""name"": ""Drama""}, {""id"": 10751, ""name"": ""Family""}, {""id"": 10749, ""name"": ""Romance""}]",en,30.002907,6.0,697,Released,Comedy,1,1,2.378735875,17.50439003707821,3.43408097428217,6.548219102762372
9944,The Pelican Brief,45000000,195268056,141.0,1993.0,"[{""id"": 18, ""name"": ""Drama""}, {""id"": 9648, ""name"": ""Mystery""}, {""id"": 53, ""name"": ""Thriller""}, {""id"": 80, ""name"": ""Crime""}]",en,17.923254,6.3,371,Released,Drama,1,1,4.339290133333333,17.622173069956816,2.94039153615062,5.918893854273146
10731,The Client,45000000,117615211,119.0,1994.0,"[{""id"": 18, ""name"": ""Drama""}, {""id"": 53, ""name"": ""Thriller""}, {""id"": 80, ""name"": ""Crime""}, {""id"": 9648, ""name"": ""Mystery""}]",en,17.746719,6.4,278,Released,Drama,1,1,2.613671355555556,17.622173069956816,2.9310187504378002,5.631211781821365
7350,The Bucket List,45000000,175372502,97.0,2007.0,"[{""id"": 18, ""name"": ""Drama""}, {""id"": 35, ""name"": ""Comedy""}]",en,31.305336,7.0,1111,Released,Drama,1,1,3.8971667111111112,17.622173069956816,3.475232417822779,7.013915474810528
9869,Patriot Games,45000000,178051587,117.0,1992.0,"[{""id"": 18, ""name"": ""Drama""}, {""id"": 28, ""name"": ""Action""}, {""id"": 53, ""name"": ""Thriller""}, {""id"": 80, ""name"": ""Crime""}]",en,19.637704,6.3,433,Released,Drama,1,1,3.9567019333333335,17.622173069956816,3.027119694115622,6.073044534100405
4379,Monster-in-Law,43000000,154749918,101.0,2005.0,"[{""id"": 10749, ""name"": ""Romance""}, {""id"": 35, ""name"": ""Comedy""}]",en,10.411996,5.6,406,Released,Romance,1,1,3.598835302325581,17.57671069691365,2.4346650828429555,6.008813185442595
146233,Prisoners,46000000,122126687,153.0,2013.0,"[{""id"": 18, ""name"": ""Drama""}, {""id"": 53, ""name"": ""Thriller""}, {""id"": 80, ""name"": ""Crime""}]",en,88.496873,7.9,3085,Released,Drama,1,1,2.654927978260869,17.6441519761925,4.494203686122958,8.034631032923107
2034,Training Day,45000000,104876233,122.0,2001.0,"[{""id"": 28, ""name"": ""Action""}, {""id"": 80, ""name"": ""Crime""}, {""id"": 18, ""name"": ""Drama""}, {""id"": 53, ""name"": ""Thriller""}]",en,52.081131,7.3,1634,Released,Action,1,1,2.330582955555556,17.622173069956816,3.9718215166974433,7.399398083331354
926,Galaxy Quest,45000000,90683916,102.0,1999.0,"[{""id"": 35, ""name"": ""Comedy""}, {""id"": 10751, ""name"": ""Family""}, {""id"": 878, ""name"": ""Science Fiction""}]",en,30.816341,6.9,710,Released,Comedy,1,1,2.015198133333333,17.622173069956816,3.4599800257257507,6.566672429803241
4248,Scary Movie 2,45000000,141220678,83.0,2001.0,"[{""id"": 35, ""name"": ""Comedy""}]",en,35.376971,5.4,982,Released,Comedy,1,1,3.138237288888889,17.622173069956816,3.593935909590682,6.890609120147166
64328,The Muppets,45000000,165184237,103.0,2011.0,"[{""id"": 35, ""name"": ""Comedy""}, {""id"": 10751, ""name"": ""Family""}, {""id"": 10402, ""name"": ""Music""}]",en,17.047276,6.5,501,Released,Comedy,1,1,3.6707608222222223,17.622173069956816,2.892994759262783,6.218600119691729
36647,Blade,45000000,131183530,120.0,1998.0,"[{""id"": 27, ""name"": ""Horror""}, {""id"": 28, ""name"": ""Action""}]",en,43.815492,6.5,1905,Released,Horror,1,1,2.915189555555556,17.622173069956816,3.8025538832160932,7.552762084214147
7214,Coach Carter,30000000,76669806,136.0,2005.0,"[{""id"": 18, ""name"": ""Drama""}]",en,23.234651,7.3,496,Released,Drama,1,1,2.5556602,17.216707972959764,3.1877834685334467,6.208590026096629
1537,Changing Lanes,45000000,94935764,89.0,2002.0,"[{""id"": 28, ""name"": ""Action""}, {""id"": 12, ""name"": ""Adventure""}, {""id"": 80, ""name"": ""Crime""}, {""id"": 53, ""name"": ""Thriller""}]",en,17.270539,5.9,299,Released,Action,1,1,2.1096836444444445,17.622173069956816,2.905289871870451,5.703782474656201
9360,Anaconda,45000000,136885767,89.0,1997.0,"[{""id"": 12, ""name"": ""Adventure""}, {""id"": 27, ""name"": ""Horror""}, {""id"": 53, ""name"": ""Thriller""}]",en,27.684779,4.7,610,Released,Adventure,1,1,3.041905933333333,17.622173069956816,3.3563666336490465,6.415096959171596
6282,Coyote Ugly,45000000,113916474,100.0,2000.0,"[{""id"": 35, ""name"": ""Comedy""}]",en,26.79781,5.8,575,Released,Comedy,1,1,2.5314772,17.622173069956816,3.324957240615105,6.3561076606958915
508,Love Actually,40000000,244931766,135.0,2003.0,"[{""id"": 35, ""name"": ""Comedy""}, {""id"": 10749, ""name"": ""Romance""}, {""id"": 18, ""name"": ""Drama""}]",en,37.073127,7.0,1869,Released,Comedy,1,1,6.12329415,17.50439003707821,3.6395087051877866,7.533693709848633
9487,A Bug's Life,120000000,363258859,95.0,1998.0,"[{""id"": 12, ""name"": ""Adventure""}, {""id"": 16, ""name"": ""Animation""}, {""id"": 35, ""name"": ""Comedy""}, {""id"": 10751, ""name"": ""Family""}]",en,87.350802,6.8,2303,Released,Adventure,1,1,3.027157158333333,18.603002309079653,4.481315276257046,7.742402021815781
768,From Hell,35000000,74558115,122.0,2001.0,"[{""id"": 27, ""name"": ""Horror""}, {""id"": 9648, ""name"": ""Mystery""}, {""id"": 53, ""name"": ""Thriller""}]",en,26.134678,6.6,741,Released,Horror,1,1,2.1302318571428573,17.370858648025116,3.3008125408519984,6.60934924316738
2636,The Specialist,45000000,170362582,110.0,1994.0,"[{""id"": 28, ""name"": ""Action""}, {""id"": 53, ""name"": ""Thriller""}]",en,16.582709,5.5,313,Released,Action,1,1,3.785835155555556,17.622173069956816,2.866915975948669,5.749392985908253
10478,Tin Cup,45000000,53854588,135.0,1996.0,"[{""id"": 35, ""name"": ""Comedy""}, {""id"": 18, ""name"": ""Drama""}, {""id"": 10749, ""name"": ""Romance""}]",en,10.731574,5.9,150,Released,Comedy,1,1,1.1967686222222222,17.622173069956816,2.462283839511521,5.017279836814924
9981,Kicking & Screaming,45000000,56070433,95.0,2005.0,"[{""id"": 10749, ""name"": ""Romance""}, {""id"": 35, ""name"": ""Comedy""}, {""id"": 10751, ""name"": ""Family""}]",en,8.99269,5.6,176,Released,Romance,1,1,1.246009622222222,17.622173069956816,2.3018538256832684,5.176149732573829
7453,The Hitchhiker's Guide to the Galaxy,50000000,104478416,109.0,2005.0,"[{""id"": 12, ""name"": ""Adventure""}, {""id"": 35, ""name"": ""Comedy""}, {""id"": 10751, ""name"": ""Family""}, {""id"": 878, ""name"": ""Science Fiction""}]",en,51.742065,6.6,1315,Released,Adventure,1,1,2.08956832,17.72753358339242,3.965413334500685,7.182352111885263
7737,Resident Evil: Extinction,45000000,148412065,94.0,2007.0,"[{""id"": 27, ""name"": ""Horror""}, {""id"": 28, ""name"": ""Action""}, {""id"": 878, ""name"": ""Science Fiction""}]",en,12.06538,6.1,1292,Released,Horror,1,1,3.298045888888889,17.622173069956816,2.5699659838921236,7.164720378771857
232672,Blended,40000000,123494610,117.0,2014.0,"[{""id"": 35, ""name"": ""Comedy""}]",en,44.120328,6.6,1006,Released,Comedy,1,1,3.08736525,17.50439003707821,3.809332876666927,6.914730892718563
17379,Last Holiday,45000000,38399961,112.0,2006.0,"[{""id"": 12, ""name"": ""Adventure""}, {""id"": 35, ""name"": ""Comedy""}, {""id"": 18, ""name"": ""Drama""}]",en,6.156015,6.4,119,Released,Adventure,1,1,0.8533324666666666,17.622173069956816,1.9679532617873725,4.787491742782046
82525,Savages,45000000,82966152,131.0,2012.0,"[{""id"": 80, ""name"": ""Crime""}, {""id"": 18, ""name"": ""Drama""}, {""id"": 53, ""name"": ""Thriller""}]",en,31.856589,6.2,766,Released,Crime,1,1,1.8436922666666664,17.622173069956816,3.49215230320407,6.642486801367256
9759,Cellular,25000000,56422687,94.0,2004.0,"[{""id"": 28, ""name"": ""Action""}, {""id"": 12, ""name"": ""Adventure""}, {""id"": 80, ""name"": ""Crime""}, {""id"": 53, ""name"": ""Thriller""}]",en,24.459948,6.1,537,Released,Action,1,1,2.25690748,17.034386422832473,3.237106550707693,6.2878585601617845
9486,Johnny English,40000000,160583018,88.0,2003.0,"[{""id"": 12, ""name"": ""Adventure""}, {""id"": 28, ""name"": ""Action""}, {""id"": 35, ""name"": ""Comedy""}]",en,28.029015,6.0,852,Released,Adventure,1,1,4.01457545,17.50439003707821,3.3682958470440787,6.748759547491679
9906,The Ant Bully,50000000,55181129,88.0,2006.0,"[{""id"": 14, ""name"": ""Fantasy""}, {""id"": 12, ""name"": ""Adventure""}, {""id"": 16, ""name"": ""Animation""}, {""id"": 35, ""name"": ""Comedy""}, {""id"": 10751, ""name"": ""Family""}]",en,20.239061,5.5,366,Released,Fantasy,1,1,1.10362258,17.72753358339242,3.0558419863569415,5.905361848054571
841,Dune,40000000,30925690,137.0,1984.0,"[{""id"": 28, ""name"": ""Action""}, {""id"": 878, ""name"": ""Science Fiction""}, {""id"": 12, ""name"": ""Adventure""}]",en,25.876582,6.5,562,Released,Action,1,1,0.77314225,17.50439003707821,3.291255349831623,6.333279628139691
4148,Revolutionary Road,35000000,75225693,119.0,2008.0,"[{""id"": 18, ""name"": ""Drama""}, {""id"": 10749, ""name"": ""Romance""}]",en,20.360549,6.7,796,Released,Drama,1,1,2.1493055142857145,17.370858648025116,3.061545716008888,6.680854678790215
2207,16 Blocks,55000000,65664721,105.0,2006.0,"[{""id"": 28, ""name"": ""Action""}, {""id"": 12, ""name"": ""Adventure""}, {""id"": 80, ""name"": ""Crime""}, {""id"": 53, ""name"": ""Thriller""}]",en,32.31022,6.2,661,Released,Action,1,1,1.193904018181818,17.822843761378564,3.505864256807014,6.495265555937008
9381,Babylon A.D.,70000000,72108608,101.0,2008.0,"[{""id"": 28, ""name"": ""Action""}, {""id"": 12, ""name"": ""Adventure""}, {""id"": 878, ""name"": ""Science Fiction""}, {""id"": 53, ""name"": ""Thriller""}]",en,27.568194,5.4,676,Released,Action,1,1,1.0301229714285711,18.064005814299346,3.3522940010839877,6.517671272912275
20856,Aliens in the Attic,45000000,57881056,86.0,2009.0,"[{""id"": 12, ""name"": ""Adventure""}, {""id"": 35, ""name"": ""Comedy""}, {""id"": 10751, ""name"": ""Family""}, {""id"": 14, ""name"": ""Fantasy""}, {""id"": 878, ""name"": ""Science Fiction""}]",en,13.707183,5.3,244,Released,Adventure,1,1,1.286245688888889,17.622173069956816,2.6883360138950905,5.501258210544727
5955,The Pledge,35000000,29400000,123.0,2001.0,"[{""id"": 80, ""name"": ""Crime""}, {""id"": 18, ""name"": ""Drama""}, {""id"": 9648, ""name"": ""Mystery""}, {""id"": 53, ""name"": ""Thriller""}]",en,12.495436,6.5,215,Released,Crime,1,1,0.84,17.370858648025116,2.6023515542103866,5.375278407684165
9899,The Producers,45000000,38058335,134.0,2005.0,"[{""id"": 35, ""name"": ""Comedy""}, {""id"": 10402, ""name"": ""Music""}]",en,6.803965,6.1,151,Released,Comedy,1,1,0.8457407777777778,17.622173069956816,2.0546319378712585,5.0238805208462765
9826,The Phantom,45000000,17300889,100.0,1996.0,"[{""id"": 12, ""name"": ""Adventure""}, {""id"": 28, ""name"": ""Action""}]",en,9.025236,4.7,136,Released,Adventure,1,1,0.3844642,17.622173069956816,2.3051055140626766,4.919980925828125
10858,Nixon,44000000,13681765,192.0,1995.0,"[{""id"": 36, ""name"": ""History""}, {""id"": 18, ""name"": ""Drama""}]",en,3.770161,7.1,71,Released,History,1,1,0.3109492045454545,17.599700214609808,1.562380056951188,4.276666119016055
11439,The Ghost Writer,45000000,60222298,128.0,2010.0,"[{""id"": 53, ""name"": ""Thriller""}, {""id"": 9648, ""name"": ""Mystery""}]",en,21.118196,6.7,670,Released,Thriller,1,1,1.3382732888888889,17.622173069956816,3.096400618174625,6.508769136971682
9457,Deep Rising,45000000,11203026,106.0,1998.0,"[{""id"": 12, ""name"": ""Adventure""}, {""id"": 28, ""name"": ""Action""}, {""id"": 27, ""name"": ""Horror""}, {""id"": 878, ""name"": ""Science Fiction""}]",en,6.513856,6.0,154,Released,Adventure,1,1,0.2489561333333333,17.622173069956816,2.0167487827413644,5.043425116919247
12412,Miracle at St. Anna,45000000,9323833,160.0,2008.0,"[{""id"": 18, ""name"": ""Drama""}, {""id"": 10752, ""name"": ""War""}]",en,11.387408,6.3,90,Released,Drama,1,1,0.2071962888888888,17.622173069956816,2.516680472786953,4.51085950651685
13184,Bangkok Dangerous,45000000,42487390,99.0,2008.0,"[{""id"": 28, ""name"": ""Action""}, {""id"": 80, ""name"": ""Crime""}, {""id"": 53, ""name"": ""Thriller""}]",en,14.813057,5.0,332,Released,Action,1,1,0.9441642222222222,17.622173069956816,2.7608359911637854,5.808142489980444
2185,Big Trouble,40000000,8493890,85.0,2002.0,"[{""id"": 28, ""name"": ""Action""}, {""id"": 35, ""name"": ""Comedy""}, {""id"": 53, ""name"": ""Thriller""}]",en,5.201688,6.3,80,Released,Action,1,1,0.21234725,17.50439003707821,1.8248215130600607,4.394449154672439
6639,Love in the Time of Cholera,45000000,4607608,139.0,2007.0,"[{""id"": 18, ""name"": ""Drama""}, {""id"": 10749, ""name"": ""Romance""}]",en,5.361699,6.4,81,Released,Drama,1,1,0.1023912888888888,17.622173069956816,1.8502954800417108,4.406719247264253
38153,Shadow Conspiracy,45000000,2154540,103.0,1997.0,"[{""id"": 28, ""name"": ""Action""}, {""id"": 53, ""name"": ""Thriller""}]",en,3.848893,4.0,11,Released,Action,1,1,0.0478786666666666,17.622173069956816,1.5787504314743042,2.4849066497880004
58233,Johnny English Reborn,45000000,160078586,101.0,2011.0,"[{""id"": 80, ""name"": ""Crime""}, {""id"": 12, ""name"": ""Adventure""}, {""id"": 28, ""name"": ""Action""}, {""id"": 35, ""name"": ""Comedy""}, {""id"": 53, ""name"": ""Thriller""}]",en,35.6585,6.0,1007,Released,Crime,1,1,3.5573019111111117,17.622173069956816,3.6016453250441764,6.915723448631314
116977,Foodfight!,65000000,73706,87.0,2012.0,"[{""id"": 16, ""name"": ""Animation""}, {""id"": 28, ""name"": ""Action""}, {""id"": 35, ""name"": ""Comedy""}, {""id"": 10751, ""name"": ""Family""}]",en,5.258726,2.3,28,Released,Animation,1,1,0.0011339384615384,17.989897843244528,1.8339766500231494,3.367295829986474
68734,Argo,44500000,232324128,120.0,2012.0,"[{""id"": 18, ""name"": ""Drama""}, {""id"": 53, ""name"": ""Thriller""}]",en,62.01056,7.1,3423,Released,Drama,1,1,5.220766921348314,17.61099976960838,4.143302331392649,8.138564737261632
5503,The Fugitive,44000000,368875760,130.0,1993.0,"[{""id"": 12, ""name"": ""Adventure""}, {""id"": 28, ""name"": ""Action""}, {""id"": 53, ""name"": ""Thriller""}, {""id"": 80, ""name"": ""Crime""}, {""id"": 9648, ""name"": ""Mystery""}]",en,54.884297,7.2,1220,Released,Adventure,1,1,8.38354,17.599700214609808,4.02328342835432,7.107425474110705
27573,The Bounty Hunter,40000000,136000000,110.0,2010.0,"[{""id"": 28, ""name"": ""Action""}]",en,33.747825,5.5,858,Released,Action,1,1,3.4,17.50439003707821,3.548116980123912,6.755768921984256
819,Sleepers,44000000,165615285,147.0,1996.0,"[{""id"": 80, ""name"": ""Crime""}, {""id"": 18, ""name"": ""Drama""}, {""id"": 53, ""name"": ""Thriller""}]",en,16.245068,7.3,715,Released,Crime,1,1,3.76398375,17.599700214609808,2.8475261895529638,6.573680166960646
1369,Rambo: First Blood Part II,44000000,300400432,96.0,1985.0,"[{""id"": 28, ""name"": ""Action""}, {""id"": 12, ""name"": ""Adventure""}, {""id"": 53, ""name"": ""Thriller""}, {""id"": 10752, ""name"": ""War""}]",en,38.653969,6.3,864,Released,Action,1,1,6.827282545454546,17.599700214609808,3.6801910439538217,6.762729506931879
10895,Pinocchio,2600000,84300000,88.0,1940.0,"[{""id"": 16, ""name"": ""Animation""}, {""id"": 10751, ""name"": ""Family""}]",en,46.007991,6.9,1355,Released,Animation,1,1,32.42307692307692,14.77102238760702,3.850317608534675,7.212294468500341
10935,Heaven's Gate,44000000,3484331,219.0,1980.0,"[{""id"": 28, ""name"": ""Action""}, {""id"": 18, ""name"": ""Drama""}, {""id"": 36, ""name"": ""History""}, {""id"": 37, ""name"": ""Western""}]",en,5.380124,6.4,55,Released,Action,1,1,0.0791893409090909,17.599700214609808,1.8531875329045042,4.02535169073515
834,Underworld: Evolution,50000000,111340801,106.0,2006.0,"[{""id"": 14, ""name"": ""Fantasy""}, {""id"": 28, ""name"": ""Action""}, {""id"": 878, ""name"": ""Science Fiction""}, {""id"": 53, ""name"": ""Thriller""}]",en,49.020045,6.4,1528,Released,Fantasy,1,1,2.22681602,17.72753358339242,3.9124238250892125,7.332369205929062
228066,Victor Frankenstein,40000000,34227298,109.0,2015.0,"[{""id"": 18, ""name"": ""Drama""}, {""id"": 878, ""name"": ""Science Fiction""}, {""id"": 53, ""name"": ""Thriller""}]",en,24.821138,5.6,685,Released,Drama,1,1,0.85568245,17.50439003707821,3.2511934588082108,6.530877627725885
711,Finding Forrester,43000000,80049764,136.0,2000.0,"[{""id"": 18, ""name"": ""Drama""}]",en,19.043286,7.0,302,Released,Drama,1,1,1.861622418604651,17.57671069691365,2.997894234830604,5.713732805509369
10027,Unleashed,45000000,50871113,103.0,2005.0,"[{""id"": 28, ""name"": ""Action""}, {""id"": 80, ""name"": ""Crime""}]",en,25.999888,6.6,518,Released,Action,1,1,1.1304691777777778,17.622173069956816,3.2958327178475773,6.251903883165888
11812,The Sweetest Thing,43000000,68696770,84.0,2002.0,"[{""id"": 10749, ""name"": ""Romance""}, {""id"": 35, ""name"": ""Comedy""}]",en,18.65632,5.3,280,Released,Romance,1,1,1.5975993023255814,17.57671069691365,2.97839891510264,5.638354669333745
37233,The Firm,42000000,270248367,154.0,1993.0,"[{""id"": 18, ""name"": ""Drama""}, {""id"": 9648, ""name"": ""Mystery""}, {""id"": 53, ""name"": ""Thriller""}]",en,23.736535,6.6,501,Released,Drama,1,1,6.434484928571429,17.553180200057167,3.2082813005669815,6.218600119691729
37950,Charlie St. Cloud,44000000,48190704,99.0,2010.0,"[{""id"": 18, ""name"": ""Drama""}]",en,21.75433,6.8,566,Released,Drama,1,1,1.0952432727272727,17.599700214609808,3.1247554569568954,6.340359303727752
27582,The Mechanic,40000000,51070807,93.0,2011.0,"[{""id"": 28, ""name"": ""Action""}, {""id"": 53, ""name"": ""Thriller""}, {""id"": 80, ""name"": ""Crime""}]",en,44.094856,6.3,1045,Released,Action,1,1,1.276770175,17.50439003707821,3.808768182353897,6.952728644624869
64688,21 Jump Street,42000000,201585328,109.0,2012.0,"[{""id"": 28, ""name"": ""Action""}, {""id"": 35, ""name"": ""Comedy""}, {""id"": 80, ""name"": ""Crime""}]",en,62.714026,6.7,4074,Released,Action,1,1,4.7996506666666665,17.553180200057167,4.154404726723259,8.312626025674962
509,Notting Hill,42000000,363889678,124.0,1999.0,"[{""id"": 10749, ""name"": ""Romance""}, {""id"": 35, ""name"": ""Comedy""}, {""id"": 18, ""name"": ""Drama""}]",en,28.969151,7.0,1262,Released,Romance,1,1,8.664039952380952,17.553180200057167,3.4001685525989886,7.141245122350491
7443,Chicken Run,45000000,224834564,84.0,2000.0,"[{""id"": 16, ""name"": ""Animation""}, {""id"": 35, ""name"": ""Comedy""}, {""id"": 10751, ""name"": ""Family""}]",en,31.789029,6.5,1150,Released,Animation,1,1,4.996323644444445,17.622173069956816,3.490093977731298,7.048386408721883
5966,Along Came Polly,42000000,171963386,90.0,2004.0,"[{""id"": 35, ""name"": ""Comedy""}, {""id"": 10749, ""name"": ""Romance""}]",en,33.238296,5.8,773,Released,Comedy,1,1,4.094366333333333,17.553180200057167,3.533344783680015,6.651571873589727
11066,Boomerang,40000000,70100000,117.0,1992.0,"[{""id"": 35, ""name"": ""Comedy""}, {""id"": 10749, ""name"": ""Romance""}]",en,6.420434,5.4,134,Released,Comedy,1,1,1.7525,17.50439003707821,2.0042375460348203,4.90527477843843
136795,The Heat,43000000,158674180,117.0,2013.0,"[{""id"": 28, ""name"": ""Action""}, {""id"": 35, ""name"": ""Comedy""}, {""id"": 80, ""name"": ""Crime""}]",en,37.654688,6.5,1575,Released,Action,1,1,3.690097209302325,17.57671069691365,3.6546680613390103,7.362645270417825
11560,High Crimes,42000000,63781810,115.0,2002.0,"[{""id"": 18, ""name"": ""Drama""}, {""id"": 9648, ""name"": ""Mystery""}, {""id"": 53, ""name"": ""Thriller""}, {""id"": 80, ""name"": ""Crime""}]",en,14.046705,6.1,184,Released,Drama,1,1,1.518614523809524,17.553180200057167,2.7111590303476314,5.220355825078325
2637,The Mothman Prophecies,32000000,55157539,119.0,2002.0,"[{""id"": 18, ""name"": ""Drama""}, {""id"": 27, ""name"": ""Horror""}, {""id"": 9648, ""name"": ""Mystery""}]",en,14.733513,6.1,305,Released,Drama,1,1,1.72367309375,17.281246492014,2.7557930233497236,5.723585101952381
709,Licence to Kill,32000000,156167015,133.0,1989.0,"[{""id"": 12, ""name"": ""Adventure""}, {""id"": 28, ""name"": ""Action""}, {""id"": 53, ""name"": ""Thriller""}]",en,28.22119,5.9,541,Released,Adventure,1,1,4.88021921875,17.281246492014,3.37489413102375,6.295266001439646
49730,Red Riding Hood,42000000,89162162,100.0,2011.0,"[{""id"": 14, ""name"": ""Fantasy""}, {""id"": 53, ""name"": ""Thriller""}, {""id"": 27, ""name"": ""Horror""}]",en,45.151657,5.6,922,Released,Fantasy,1,1,2.122908619047619,17.553180200057167,3.8319328649630258,6.827629234502852
2749,15 Minutes,60000000,56359980,120.0,2001.0,"[{""id"": 28, ""name"": ""Action""}, {""id"": 80, ""name"": ""Crime""}, {""id"": 53, ""name"": ""Thriller""}]",en,15.205371,5.7,191,Released,Action,1,1,0.939333,17.909855136853043,2.78534273049991,5.2574953720277815
9607,Super Mario Bros.,48000000,20915465,104.0,1993.0,"[{""id"": 12, ""name"": ""Adventure""}, {""id"": 35, ""name"": ""Comedy""}, {""id"": 10751, ""name"": ""Family""}, {""id"": 14, ""name"": ""Fantasy""}]",en,14.587367,4.0,232,Released,Adventure,1,1,0.4357388541666667,17.6867115897055,2.746460778491806,5.4510384535657
1830,Lord of War,42000000,24127895,122.0,2005.0,"[{""id"": 80, ""name"": ""Crime""}, {""id"": 18, ""name"": ""Drama""}, {""id"": 53, ""name"": ""Thriller""}]",en,34.828241,7.0,1335,Released,Crime,1,1,0.5744736904761905,17.553180200057167,3.5787364371728865,7.197435354096591
79,Hero,31000000,177394432,99.0,2002.0,"[{""id"": 18, ""name"": ""Drama""}, {""id"": 12, ""name"": ""Adventure""}, {""id"": 28, ""name"": ""Action""}, {""id"": 36, ""name"": ""History""}]",zh,23.607392,7.2,635,Released,Drama,1,1,5.722401032258064,17.249497794707484,3.2030468856057768,6.455198563340122
54054,One for the Money,40000000,36893721,91.0,2012.0,"[{""id"": 28, ""name"": ""Action""}, {""id"": 35, ""name"": ""Comedy""}, {""id"": 80, ""name"": ""Crime""}]",en,19.438503,5.3,388,Released,Action,1,1,0.922343025,17.50439003707821,3.017420523905862,5.963579343618446
228967,The Interview,44000000,12342632,112.0,2014.0,"[{""id"": 28, ""name"": ""Action""}, {""id"": 35, ""name"": ""Comedy""}]",en,74.168016,6.1,2304,Released,Action,1,1,0.2805143636363636,17.599700214609808,4.319725821333014,7.742835955430749
46528,The Warrior's Way,42000000,11087569,100.0,2010.0,"[{""id"": 12, ""name"": ""Adventure""}, {""id"": 14, ""name"": ""Fantasy""}, {""id"": 28, ""name"": ""Action""}, {""id"": 37, ""name"": ""Western""}, {""id"": 53, ""name"": ""Thriller""}]",en,7.349497,6.3,136,Released,Adventure,1,1,0.263989738095238,17.553180200057167,2.1222012975273334,4.919980925828125
27936,Micmacs,33000000,14000000,100.0,2009.0,"[{""id"": 28, ""name"": ""Action""}, {""id"": 35, ""name"": ""Comedy""}, {""id"": 80, ""name"": ""Crime""}]",fr,7.663515,6.8,148,Released,Action,1,1,0.4242424242424242,17.312018149733785,2.159120529369124,5.003946305945459
65,8 Mile,41000000,215000000,110.0,2002.0,"[{""id"": 18, ""name"": ""Drama""}]",en,32.798571,6.8,1626,Released,Drama,1,1,5.243902439024391,17.529082649058825,3.5204185234887198,7.394493107219038
9476,A Knight's Tale,65000000,117487473,132.0,2001.0,"[{""id"": 12, ""name"": ""Adventure""}, {""id"": 18, ""name"": ""Drama""}, {""id"": 10749, ""name"": ""Romance""}, {""id"": 28, ""name"": ""Action""}]",en,36.670399,6.6,907,Released,Adventure,1,1,1.8074995846153843,17.989897843244528,3.6288746136308654,6.811244378601294
745,The Sixth Sense,40000000,672806292,107.0,1999.0,"[{""id"": 9648, ""name"": ""Mystery""}, {""id"": 53, ""name"": ""Thriller""}, {""id"": 18, ""name"": ""Drama""}]",en,73.085576,7.7,3147,Released,Mystery,1,1,16.8201573,17.50439003707821,4.305220857483683,8.054522609537294
49527,Man on a Ledge,42000000,46221189,102.0,2012.0,"[{""id"": 28, ""name"": ""Action""}, {""id"": 53, ""name"": ""Thriller""}, {""id"": 80, ""name"": ""Crime""}]",en,34.041407,6.2,925,Released,Action,1,1,1.1005045,17.553180200057167,3.556530419371625,6.8308742346461795
73937,The Big Year,41000000,7448385,100.0,2011.0,"[{""id"": 35, ""name"": ""Comedy""}]",en,9.419726,5.6,248,Released,Comedy,1,1,0.1816679268292683,17.529082649058825,2.3437007403940733,5.517452896464707
1885,The Karate Kid,8000000,90815558,126.0,1984.0,"[{""id"": 18, ""name"": ""Drama""}]",en,28.456572,6.9,891,Released,Drama,1,1,11.35194475,15.894952224644102,3.3829170430963136,6.79346613258001
168672,American Hustle,40000000,251171807,138.0,2013.0,"[{""id"": 18, ""name"": ""Drama""}, {""id"": 80, ""name"": ""Crime""}]",en,49.664128,6.8,2807,Released,Drama,1,1,6.279295175,17.50439003707821,3.9252181256596983,7.940227765145702
18240,The Proposal,40000000,317375031,108.0,2009.0,"[{""id"": 35, ""name"": ""Comedy""}, {""id"": 10749, ""name"": ""Romance""}, {""id"": 18, ""name"": ""Drama""}]",en,36.238968,6.7,1804,Released,Comedy,1,1,7.934375775,17.50439003707821,3.6173557398873912,7.498315870766981
10398,Double Jeopardy,70000000,177841558,105.0,1999.0,"[{""id"": 80, ""name"": ""Crime""}, {""id"": 18, ""name"": ""Drama""}, {""id"": 9648, ""name"": ""Mystery""}, {""id"": 53, ""name"": ""Thriller""}]",en,19.439386,6.2,278,Released,Crime,1,1,2.5405936857142857,18.064005814299346,3.0174637257453765,5.631211781821365
165,Back to the Future Part II,40000000,332000000,108.0,1989.0,"[{""id"": 12, ""name"": ""Adventure""}, {""id"": 35, ""name"": ""Comedy""}, {""id"": 10751, ""name"": ""Family""}, {""id"": 878, ""name"": ""Science Fiction""}]",en,43.345252,7.4,3829,Released,Adventure,1,1,8.3,17.50439003707821,3.792005645527344,8.250620082174692
240832,Lucy,40000000,126546825,89.0,2014.0,"[{""id"": 28, ""name"": ""Action""}, {""id"": 878, ""name"": ""Science Fiction""}]",en,115.241998,6.3,5878,Released,Action,1,1,3.163670625,17.50439003707821,4.755674207689667,8.679141958402255
216015,Fifty Shades of Grey,40000000,571006128,125.0,2015.0,"[{""id"": 18, ""name"": ""Drama""}, {""id"": 10749, ""name"": ""Romance""}, {""id"": 53, ""name"": ""Thriller""}]",en,98.755657,5.2,3254,Released,Drama,1,1,14.2751532,17.50439003707821,4.602723765941369,8.08794755464267
12279,Spy Kids 3-D: Game Over,38000000,197011982,84.0,2003.0,"[{""id"": 28, ""name"": ""Action""}, {""id"": 12, ""name"": ""Adventure""}, {""id"": 35, ""name"": ""Comedy""}, {""id"": 10751, ""name"": ""Family""}, {""id"": 878, ""name"": ""Science Fiction""}]",en,21.998734,4.7,511,Released,Action,1,1,5.184525842105264,17.453096744006448,3.135439170935941,6.238324625039508
1645,A Time to Kill,40000000,152266007,149.0,1996.0,"[{""id"": 80, ""name"": ""Crime""}, {""id"": 18, ""name"": ""Drama""}, {""id"": 53, ""name"": ""Thriller""}]",en,25.219805,7.0,509,Released,Crime,1,1,3.806650175,17.50439003707821,3.2665150412369606,6.234410725718371
11007,Cheaper by the Dozen,40000000,190212113,98.0,2003.0,"[{""id"": 35, ""name"": ""Comedy""}]",en,26.516624,6.0,699,Released,Comedy,1,1,4.755302825,17.50439003707821,3.3147903311214164,6.551080335043404
193756,Lone Survivor,40000000,149295601,121.0,2013.0,"[{""id"": 28, ""name"": ""Action""}, {""id"": 18, ""name"": ""Drama""}, {""id"": 53, ""name"": ""Thriller""}, {""id"": 10752, ""name"": ""War""}]",en,37.084384,7.4,1526,Released,Action,1,1,3.732390025,17.50439003707821,3.6398043293470894,7.3310603052186325
11287,A League of Their Own,40000000,107458785,128.0,1992.0,"[{""id"": 35, ""name"": ""Comedy""}]",en,21.661028,6.7,354,Released,Comedy,1,1,2.686469625,17.50439003707821,3.1206466208550427,5.872117789475416
259693,The Conjuring 2,40000000,320170008,134.0,2016.0,"[{""id"": 27, ""name"": ""Horror""}]",en,68.794673,7.0,1949,Released,Horror,1,1,8.0042502,17.50439003707821,4.2455576888043804,7.575584651557793
37799,The Social Network,40000000,224920315,120.0,2010.0,"[{""id"": 18, ""name"": ""Drama""}]",en,69.27822,7.1,3391,Released,Drama,1,1,5.623007875,17.50439003707821,4.252461935735777,8.129174996911793
10184,He's Just Not That Into You,40000000,177259441,129.0,2009.0,"[{""id"": 35, ""name"": ""Comedy""}, {""id"": 10749, ""name"": ""Romance""}, {""id"": 18, ""name"": ""Drama""}]",en,26.253357,6.2,959,Released,Comedy,1,1,4.431486025,17.50439003707821,3.305176706182211,6.866933284461882
4257,Scary Movie 4,45000000,178262620,83.0,2006.0,"[{""id"": 35, ""name"": ""Comedy""}]",en,32.549282,5.3,750,Released,Comedy,1,1,3.961391555555556,17.622173069956816,3.5130154622945007,6.621405651764134
4234,Scream 3,40000000,161834276,116.0,2000.0,"[{""id"": 27, ""name"": ""Horror""}, {""id"": 9648, ""name"": ""Mystery""}]",en,24.992057,5.7,736,Released,Horror,1,1,4.0458569,17.50439003707821,3.257790991346851,6.602587892189336
196,Back to the Future Part III,40000000,244527583,118.0,1990.0,"[{""id"": 12, ""name"": ""Adventure""}, {""id"": 35, ""name"": ""Comedy""}, {""id"": 10751, ""name"": ""Family""}, {""id"": 878, ""name"": ""Science Fiction""}]",en,45.769562,7.1,2900,Released,Adventure,1,1,6.113189575,17.50439003707821,3.8452326067163933,7.972810784121404
257091,Get Hard,40000000,111811453,100.0,2015.0,"[{""id"": 35, ""name"": ""Comedy""}]",en,36.301202,5.9,944,Released,Comedy,1,1,2.795286325,17.50439003707821,3.619025551331622,6.851184927493743
6114,Dracula,40000000,215862692,128.0,1992.0,"[{""id"": 10749, ""name"": ""Romance""}, {""id"": 27, ""name"": ""Horror""}]",en,45.022964,7.1,1056,Released,Romance,1,1,5.3965673,17.50439003707821,3.829140489312853,6.963189985870238
24803,Julie & Julia,40000000,129540499,123.0,2009.0,"[{""id"": 10749, ""name"": ""Romance""}, {""id"": 18, ""name"": ""Drama""}]",en,22.853006,6.6,560,Released,Romance,1,1,3.238512475,17.50439003707821,3.1719102471281113,6.329720905522696
109410,42,40000000,95020213,128.0,2013.0,"[{""id"": 18, ""name"": ""Drama""}]",en,31.884559,6.8,787,Released,Drama,1,1,2.375505325,17.50439003707821,3.4930032162939253,6.669498089857879
1213,The Talented Mr. Ripley,40000000,128798265,139.0,1999.0,"[{""id"": 53, ""name"": ""Thriller""}, {""id"": 80, ""name"": ""Crime""}, {""id"": 18, ""name"": ""Drama""}]",en,31.385257,7.0,767,Released,Thriller,1,1,3.219956625,17.50439003707821,3.4777032883761265,6.643789733147672
100042,Dumb and Dumber To,40000000,169837010,110.0,2014.0,"[{""id"": 35, ""name"": ""Comedy""}]",en,67.767785,5.4,1127,Released,Comedy,1,1,4.24592525,17.50439003707821,4.230735394001048,7.028201432058005
9036,Eight Below,40000000,120455994,120.0,2006.0,"[{""id"": 12, ""name"": ""Adventure""}, {""id"": 18, ""name"": ""Drama""}, {""id"": 10751, ""name"": ""Family""}]",en,24.287306,6.7,542,Released,Adventure,1,1,3.01139985,17.50439003707821,3.2303025306898436,6.297109319933935
257211,The Intern,35000000,194564672,121.0,2015.0,"[{""id"": 35, ""name"": ""Comedy""}]",en,53.114573,7.1,1881,Released,Comedy,1,1,5.558990628571428,17.370858648025116,3.9911035211126342,7.540090320145325
323675,Ride Along 2,40000000,124827316,102.0,2016.0,"[{""id"": 28, ""name"": ""Action""}, {""id"": 35, ""name"": ""Comedy""}]",en,25.136082,6.1,555,Released,Action,1,1,3.1206829,17.50439003707821,3.263316811728803,6.320768294250582
9361,The Last of the Mohicans,40000000,75505856,112.0,1992.0,"[{""id"": 28, ""name"": ""Action""}, {""id"": 12, ""name"": ""Adventure""}, {""id"": 18, ""name"": ""Drama""}, {""id"": 36, ""name"": ""History""}, {""id"": 10749, ""name"": ""Romance""}, {""id"": 10752, ""name"": ""War""}]",en,37.776566,7.1,732,Released,Action,1,1,1.8876464,17.50439003707821,3.657816095094271,6.597145701886651
1677,Ray,40000000,124731534,152.0,2004.0,"[{""id"": 18, ""name"": ""Drama""}, {""id"": 10402, ""name"": ""Music""}]",en,21.743321,7.2,467,Released,Drama,1,1,3.11828835,17.50439003707821,3.124271519875623,6.148468295917647
187,Sin City,40000000,158733820,124.0,2005.0,"[{""id"": 28, ""name"": ""Action""}, {""id"": 53, ""name"": ""Thriller""}, {""id"": 80, ""name"": ""Crime""}]",en,66.003433,7.2,2691,Released,Action,1,1,3.9683455,17.50439003707821,4.204743856884273,7.898039690764619
7461,Vantage Point,40000000,151161491,90.0,2008.0,"[{""id"": 18, ""name"": ""Drama""}, {""id"": 28, ""name"": ""Action""}, {""id"": 53, ""name"": ""Thriller""}, {""id"": 80, ""name"": ""Crime""}]",en,24.862767,6.2,716,Released,Drama,1,1,3.779037275,17.50439003707821,3.2528043668463074,6.57507584059962
16538,"I Love You, Man",41000000,91636986,105.0,2009.0,"[{""id"": 35, ""name"": ""Comedy""}]",en,25.391899,6.5,515,Released,Comedy,1,1,2.23504843902439,17.529082649058825,3.27305710700171,6.246106765481563
9889,Shallow Hal,40000000,141069860,114.0,2001.0,"[{""id"": 35, ""name"": ""Comedy""}, {""id"": 10749, ""name"": ""Romance""}]",en,29.854773,5.7,731,Released,Comedy,1,1,3.5267465,17.50439003707821,3.4292914547535838,6.595780513961311
820,JFK,40000000,205405498,189.0,1991.0,"[{""id"": 18, ""name"": ""Drama""}, {""id"": 53, ""name"": ""Thriller""}, {""id"": 36, ""name"": ""History""}]",en,26.82041,7.5,502,Released,Drama,1,1,5.13513745,17.50439003707821,3.325769923985549,6.220590170099739
11565,Big Momma's House 2,40000000,138259062,99.0,2006.0,"[{""id"": 35, ""name"": ""Comedy""}, {""id"": 80, ""name"": ""Crime""}]",en,17.61292,5.4,371,Released,Comedy,1,1,3.45647655,17.50439003707821,2.923855963235719,5.918893854273146
6073,The Mexican,57000000,147845033,123.0,2001.0,"[{""id"": 28, ""name"": ""Action""}, {""id"": 35, ""name"": ""Comedy""}, {""id"": 80, ""name"": ""Crime""}, {""id"": 10749, ""name"": ""Romance""}]",en,21.021809,5.8,441,Released,Action,1,1,2.59377250877193,17.858561843342684,3.0920332805087507,6.091309882077698
16996,17 Again,20000000,136267476,102.0,2009.0,"[{""id"": 35, ""name"": ""Comedy""}]",en,52.571674,6.1,1350,Released,Comedy,1,1,6.8133738,16.811242881518265,3.9810204582379365,7.208600337960199
193610,The Other Woman,40000000,196781193,109.0,2014.0,"[{""id"": 35, ""name"": ""Comedy""}, {""id"": 10749, ""name"": ""Romance""}]",en,34.519636,6.2,1437,Released,Comedy,1,1,4.919529825,17.50439003707821,3.570085670323713,7.271008538280992
19912,The Final Destination,40000000,186167139,82.0,2009.0,"[{""id"": 27, ""name"": ""Horror""}, {""id"": 9648, ""name"": ""Mystery""}]",en,32.478077,5.4,831,Released,Horror,1,1,4.654178475,17.50439003707821,3.510890806695705,6.723832440821209
296098,Bridge of Spies,40000000,165478348,141.0,2015.0,"[{""id"": 53, ""name"": ""Thriller""}, {""id"": 18, ""name"": ""Drama""}]",en,48.445978,7.2,2583,Released,Thriller,1,1,4.1369587,17.50439003707821,3.90088072007938,7.857093864902493
8007,Behind Enemy Lines,40000000,91753202,106.0,2001.0,"[{""id"": 28, ""name"": ""Action""}, {""id"": 18, ""name"": ""Drama""}, {""id"": 53, ""name"": ""Thriller""}, {""id"": 10752, ""name"": ""War""}]",en,24.012986,6.0,457,Released,Action,1,1,2.29383005,17.50439003707821,3.219395130005944,6.126869184114185
32823,Get Him to the Greek,40000000,90029656,109.0,2010.0,"[{""id"": 35, ""name"": ""Comedy""}]",en,17.869443,5.9,612,Released,Comedy,1,1,2.2507414,17.50439003707821,2.9375438411917543,6.418364935936212
4380,Shall We Dance?,50000000,170128460,107.0,2004.0,"[{""id"": 18, ""name"": ""Drama""}, {""id"": 10749, ""name"": ""Romance""}, {""id"": 35, ""name"": ""Comedy""}]",en,14.231899,5.9,297,Released,Drama,1,1,3.4025692,17.72753358339242,2.7233918472497147,5.697093486505405
11551,Small Soldiers,40000000,54682547,110.0,1998.0,"[{""id"": 35, ""name"": ""Comedy""}, {""id"": 12, ""name"": ""Adventure""}, {""id"": 14, ""name"": ""Fantasy""}, {""id"": 878, ""name"": ""Science Fiction""}, {""id"": 28, ""name"": ""Action""}]",en,23.088571,6.2,511,Released,Comedy,1,1,1.367063675,17.50439003707821,3.1817374956477322,6.238324625039508
10336,Spawn,40000000,87840042,96.0,1997.0,"[{""id"": 28, ""name"": ""Action""}, {""id"": 12, ""name"": ""Adventure""}, {""id"": 14, ""name"": ""Fantasy""}, {""id"": 27, ""name"": ""Horror""}, {""id"": 878, ""name"": ""Science Fiction""}, {""id"": 53, ""name"": ""Thriller""}]",en,19.833664,5.0,336,Released,Action,1,1,2.19600105,17.50439003707821,3.0365701399482874,5.820082930352362
11362,The Count of Monte Cristo,35000000,75395048,131.0,2002.0,"[{""id"": 28, ""name"": ""Action""}, {""id"": 12, ""name"": ""Adventure""}, {""id"": 18, ""name"": ""Drama""}, {""id"": 53, ""name"": ""Thriller""}]",en,26.595983,7.3,453,Released,Action,1,1,2.1541442285714285,17.370858648025116,3.3176702186523634,6.118097198041348
50348,The Lincoln Lawyer,40000000,85412898,119.0,2011.0,"[{""id"": 80, ""name"": ""Crime""}, {""id"": 18, ""name"": ""Drama""}, {""id"": 53, ""name"": ""Thriller""}]",en,26.072228,7.0,902,Released,Crime,1,1,2.13532245,17.50439003707821,3.2985084053741636,6.805722553416985
48138,Unknown,30000000,130786397,113.0,2011.0,"[{""id"": 28, ""name"": ""Action""}, {""id"": 9648, ""name"": ""Mystery""}, {""id"": 53, ""name"": ""Thriller""}]",en,38.643914,6.5,1265,Released,Action,1,1,4.359546566666666,17.216707972959764,3.6799374432352785,7.143617602704121
1124,The Prestige,40000000,109676311,130.0,2006.0,"[{""id"": 18, ""name"": ""Drama""}, {""id"": 9648, ""name"": ""Mystery""}, {""id"": 53, ""name"": ""Thriller""}]",en,74.440708,8.0,4391,Released,Drama,1,1,2.741907775,17.50439003707821,4.32334702322284,8.387539983189367
227159,Horrible Bosses 2,42000000,107670357,108.0,2014.0,"[{""id"": 35, ""name"": ""Comedy""}]",en,82.185281,6.1,1536,Released,Comedy,1,1,2.5635799285714285,17.553180200057167,4.421070421118864,7.337587743538596
68179,Escape from Planet Earth,40000000,74597643,89.0,2013.0,"[{""id"": 16, ""name"": ""Animation""}, {""id"": 35, ""name"": ""Comedy""}, {""id"": 12, ""name"": ""Adventure""}, {""id"": 10751, ""name"": ""Family""}, {""id"": 878, ""name"": ""Science Fiction""}]",en,18.14218,5.7,332,Released,Animation,1,1,1.864941075,17.50439003707821,2.951894277135626,5.808142489980444
1579,Apocalypto,40000000,120175290,139.0,2006.0,"[{""id"": 28, ""name"": ""Action""}, {""id"": 12, ""name"": ""Adventure""}, {""id"": 18, ""name"": ""Drama""}, {""id"": 53, ""name"": ""Thriller""}]",en,41.570047,7.3,1221,Released,Action,1,1,3.00438225,17.50439003707821,3.7511508839033465,7.108244139731541
708,The Living Daylights,40000000,191185897,130.0,1987.0,"[{""id"": 28, ""name"": ""Action""}, {""id"": 12, ""name"": ""Adventure""}, {""id"": 53, ""name"": ""Thriller""}]",en,23.331459,6.2,440,Released,Action,1,1,4.779647425,17.50439003707821,3.191770122116259,6.089044875446846
34851,Predators,40000000,126248813,107.0,2010.0,"[{""id"": 28, ""name"": ""Action""}, {""id"": 878, ""name"": ""Science Fiction""}, {""id"": 12, ""name"": ""Adventure""}, {""id"": 53, ""name"": ""Thriller""}]",en,47.649554,6.0,1206,Released,Action,1,1,3.156220325,17.50439003707821,3.8846426410668675,7.095893221097532
1586,Secret Window,40000000,92913171,96.0,2004.0,"[{""id"": 53, ""name"": ""Thriller""}, {""id"": 9648, ""name"": ""Mystery""}]",en,32.908414,6.4,972,Released,Thriller,1,1,2.322829275,17.50439003707821,3.5236631841797044,6.880384082186005
2044,The Lake House,40000000,114830111,99.0,2006.0,"[{""id"": 10749, ""name"": ""Romance""}, {""id"": 18, ""name"": ""Drama""}, {""id"": 9648, ""name"": ""Mystery""}]",en,29.88736,6.5,670,Released,Romance,1,1,2.870752775,17.50439003707821,3.4303470387265524,6.508769136971682
9913,The Skeleton Key,43000000,91974818,104.0,2005.0,"[{""id"": 18, ""name"": ""Drama""}, {""id"": 27, ""name"": ""Horror""}, {""id"": 9648, ""name"": ""Mystery""}, {""id"": 53, ""name"": ""Thriller""}]",en,29.105407,6.4,573,Released,Drama,1,1,2.1389492558139533,17.57671069691365,3.404704790173971,6.352629396319567
10761,Made of Honor,40000000,84601681,101.0,2008.0,"[{""id"": 35, ""name"": ""Comedy""}, {""id"": 10749, ""name"": ""Romance""}]",en,19.574774,6.0,394,Released,Comedy,1,1,2.115042025,17.50439003707821,3.0240657622986755,5.978885764901122
209451,Jersey Boys,40000000,67347013,134.0,2014.0,"[{""id"": 10402, ""name"": ""Music""}, {""id"": 18, ""name"": ""Drama""}]",en,14.199933,6.8,255,Released,Music,1,1,1.683675325,17.50439003707821,2.721291019947779,5.545177444479562
11975,The Rainmaker,40000000,45916769,135.0,1997.0,"[{""id"": 18, ""name"": ""Drama""}, {""id"": 80, ""name"": ""Crime""}, {""id"": 53, ""name"": ""Thriller""}]",en,12.229516,6.7,235,Released,Drama,1,1,1.147919225,17.50439003707821,2.5824503939353733,5.4638318050256105
4970,Gothika,40000000,141591324,98.0,2003.0,"[{""id"": 27, ""name"": ""Horror""}, {""id"": 53, ""name"": ""Thriller""}]",en,27.303608,5.8,629,Released,Horror,1,1,3.5397831,17.50439003707821,3.3429892876889618,6.4457198193855785
11831,Amistad,36000000,74000000,155.0,1997.0,"[{""id"": 18, ""name"": ""Drama""}, {""id"": 36, ""name"": ""History""}, {""id"": 9648, ""name"": ""Mystery""}]",en,3.698276,6.8,316,Released,Drama,1,1,2.055555555555556,17.399029524198163,1.5471956329146772,5.75890177387728
440,Aliens vs Predator: Requiem,40000000,41797066,94.0,2007.0,"[{""id"": 14, ""name"": ""Fantasy""}, {""id"": 28, ""name"": ""Action""}, {""id"": 878, ""name"": ""Science Fiction""}, {""id"": 53, ""name"": ""Thriller""}, {""id"": 27, ""name"": ""Horror""}]",en,39.381913,4.9,740,Released,Fantasy,1,1,1.04492665,17.50439003707821,3.6983819867006225,6.608000625296087
11172,Music and Lyrics,40000000,145896422,96.0,2007.0,"[{""id"": 35, ""name"": ""Comedy""}, {""id"": 10402, ""name"": ""Music""}, {""id"": 10749, ""name"": ""Romance""}]",en,17.659032,6.2,554,Released,Comedy,1,1,3.64741055,17.50439003707821,2.9263303184037266,6.318968113746434
39513,Paul,40000000,97552050,104.0,2011.0,"[{""id"": 12, ""name"": ""Adventure""}, {""id"": 35, ""name"": ""Comedy""}, {""id"": 878, ""name"": ""Science Fiction""}]",en,43.151268,6.5,1789,Released,Adventure,1,1,2.43880125,17.50439003707821,3.7876216469093507,7.489970898834801
82687,The Guilt Trip,40000000,41863726,95.0,2012.0,"[{""id"": 35, ""name"": ""Comedy""}]",en,15.283444,5.4,284,Released,Comedy,1,1,1.04659315,17.50439003707821,2.790148886112838,5.652489180268651
41446,Scream 4,40000000,97138686,111.0,2011.0,"[{""id"": 27, ""name"": ""Horror""}, {""id"": 9648, ""name"": ""Mystery""}]",en,35.21926,6.1,902,Released,Horror,1,1,2.42846715,17.50439003707821,3.5895910215452878,6.805722553416985
8224,8MM,40000000,96618699,123.0,1999.0,"[{""id"": 53, ""name"": ""Thriller""}, {""id"": 80, ""name"": ""Crime""}, {""id"": 9648, ""name"": ""Mystery""}]",en,25.580272,6.1,474,Released,Thriller,1,1,2.415467475,17.50439003707821,3.2801692864908287,6.163314804034641
10537,The Doors,38000000,34416893,140.0,1991.0,"[{""id"": 18, ""name"": ""Drama""}, {""id"": 10402, ""name"": ""Music""}]",en,10.794175,6.7,275,Released,Drama,1,1,0.9057077105263158,17.453096744006448,2.467605765521477,5.62040086571715
225886,Sex Tape,40000000,126069509,97.0,2014.0,"[{""id"": 35, ""name"": ""Comedy""}]",en,72.641296,5.3,1695,Released,Comedy,1,1,3.151737725,17.50439003707821,4.299205955340922,7.4360278163518485
10385,Hanging Up,40000000,36037909,94.0,2000.0,"[{""id"": 35, ""name"": ""Comedy""}, {""id"": 18, ""name"": ""Drama""}]",en,3.415534,5.0,40,Released,Comedy,1,1,0.900947725,17.50439003707821,1.4851287780442826,3.713572066704308
55779,Final Destination 5,47000000,157887643,92.0,2011.0,"[{""id"": 27, ""name"": ""Horror""}, {""id"": 9648, ""name"": ""Mystery""}]",en,38.555482,5.9,866,Released,Horror,1,1,3.359311553191489,17.665658180950928,3.67770429396352,6.7650389767805414
10647,Pay It Forward,40000000,55707411,122.0,2000.0,"[{""id"": 18, ""name"": ""Drama""}, {""id"": 10749, ""name"": ""Romance""}]",en,24.313684,7.0,432,Released,Drama,1,1,1.392685275,17.50439003707821,3.2313451190814693,6.07073772800249
11431,Fever Pitch,30000000,50451307,103.0,2005.0,"[{""id"": 35, ""name"": ""Comedy""}, {""id"": 18, ""name"": ""Drama""}, {""id"": 10749, ""name"": ""Romance""}]",en,9.965073,5.9,182,Released,Comedy,1,1,1.6817102333333334,17.216707972959764,2.3947150393944296,5.209486152841421
8850,The Shadow,25000000,48063435,108.0,1994.0,"[{""id"": 12, ""name"": ""Adventure""}, {""id"": 14, ""name"": ""Fantasy""}, {""id"": 28, ""name"": ""Action""}, {""id"": 53, ""name"": ""Thriller""}, {""id"": 878, ""name"": ""Science Fiction""}]",en,8.178203,5.4,138,Released,Adventure,1,1,1.9225374,17.034386422832473,2.2168314338365604,4.9344739331306915
64685,Extremely Loud & Incredibly Close,40000000,55247881,129.0,2011.0,"[{""id"": 18, ""name"": ""Drama""}]",en,31.066874,6.9,708,Released,Drama,1,1,1.381197025,17.50439003707821,3.4678235346791144,6.5638555265321274
38357,Morning Glory,40000000,58785180,102.0,2010.0,"[{""id"": 35, ""name"": ""Comedy""}, {""id"": 18, ""name"": ""Drama""}, {""id"": 10749, ""name"": ""Romance""}]",en,22.491388,6.1,412,Released,Comedy,1,1,1.4696295,17.50439003707821,3.1566338858991685,6.023447592961033
10060,Get Rich or Die Tryin',40000000,46442528,117.0,2005.0,"[{""id"": 18, ""name"": ""Drama""}]",en,12.885985,6.3,186,Released,Drama,1,1,1.1610632,17.50439003707821,2.6308800581058116,5.231108616854587
11398,The Art of War,40000000,30199105,117.0,2000.0,"[{""id"": 80, ""name"": ""Crime""}, {""id"": 28, ""name"": ""Action""}, {""id"": 12, ""name"": ""Adventure""}]",en,7.832337,5.6,135,Released,Crime,1,1,0.754977625,17.50439003707821,2.1784196455096896,4.912654885736052
1833,Rent,40000000,31670620,135.0,2005.0,"[{""id"": 18, ""name"": ""Drama""}, {""id"": 10749, ""name"": ""Romance""}]",en,10.433667,6.7,155,Released,Drama,1,1,0.7917655,17.50439003707821,2.436562248751419,5.049856007249537
8970,The Out-of-Towners,75000000,29000000,90.0,1999.0,"[{""id"": 35, ""name"": ""Comedy""}]",en,4.842626,5.0,45,Released,Comedy,1,1,0.3866666666666666,18.132998684833918,1.7651803533087287,3.828641396489095
9306,The Island of Dr. Moreau,40000000,49627779,96.0,1996.0,"[{""id"": 14, ""name"": ""Fantasy""}, {""id"": 27, ""name"": ""Horror""}, {""id"": 878, ""name"": ""Science Fiction""}]",en,13.210898,4.6,147,Released,Fantasy,1,1,1.240694475,17.50439003707821,2.654009135045439,4.997212273764115
11370,The Musketeer,40000000,27053815,104.0,2001.0,"[{""id"": 28, ""name"": ""Action""}, {""id"": 12, ""name"": ""Adventure""}, {""id"": 18, ""name"": ""Drama""}]",en,3.296933,5.2,56,Released,Action,1,1,0.676345375,17.50439003707821,1.457901512397618,4.04305126783455
1921,Sweet November,40000000,65754228,119.0,2001.0,"[{""id"": 18, ""name"": ""Drama""}, {""id"": 10749, ""name"": ""Romance""}]",en,19.372805,6.4,278,Released,Drama,1,1,1.6438557,17.50439003707821,3.014200923262277,5.631211781821365
1683,The Reaping,40000000,62771059,99.0,2007.0,"[{""id"": 27, ""name"": ""Horror""}]",en,13.445697,5.4,205,Released,Horror,1,1,1.569276475,17.50439003707821,2.6703965847444167,5.327876168789581
203,Mean Streets,500000,3000000,110.0,1973.0,"[{""id"": 18, ""name"": ""Drama""}, {""id"": 80, ""name"": ""Crime""}]",en,17.002096,7.2,345,Released,Drama,1,1,6.0,13.122365377402328,2.890488195561481,5.846438775057724
11858,Renaissance Man,40000000,24332324,128.0,1994.0,"[{""id"": 35, ""name"": ""Comedy""}, {""id"": 10752, ""name"": ""War""}]",en,4.516953,5.9,81,Released,Comedy,1,1,0.6083081,17.50439003707821,1.707825715131294,4.406719247264253
62835,Colombiana,40000000,60965854,108.0,2011.0,"[{""id"": 28, ""name"": ""Action""}, {""id"": 53, ""name"": ""Thriller""}, {""id"": 80, ""name"": ""Crime""}, {""id"": 18, ""name"": ""Drama""}]",en,33.785969,6.5,824,Released,Action,1,1,1.52414635,17.50439003707821,3.549214115822453,6.715383386334681
18937,Quest for Camelot,40000000,38172500,86.0,1998.0,"[{""id"": 14, ""name"": ""Fantasy""}, {""id"": 16, ""name"": ""Animation""}, {""id"": 18, ""name"": ""Drama""}, {""id"": 10749, ""name"": ""Romance""}, {""id"": 10751, ""name"": ""Family""}]",en,16.059443,6.9,190,Released,Fantasy,1,1,0.9543125,17.50439003707821,2.836703892058077,5.25227342804663
13536,City By The Sea,40000000,22433915,108.0,2002.0,"[{""id"": 80, ""name"": ""Crime""}, {""id"": 18, ""name"": ""Drama""}, {""id"": 9648, ""name"": ""Mystery""}]",en,3.476966,5.7,92,Released,Crime,1,1,0.560847875,17.50439003707821,1.4989455848587603,4.532599493153256
10718,Torque,40000000,46546197,84.0,2004.0,"[{""id"": 28, ""name"": ""Action""}]",en,7.360793,4.7,119,Released,Action,1,1,1.163654925,17.50439003707821,2.123553279057351,4.787491742782046
10802,Showgirls,45000000,20350754,128.0,1995.0,"[{""id"": 18, ""name"": ""Drama""}]",en,14.513305,4.9,256,Released,Drama,1,1,0.4522389777777778,17.622173069956816,2.7416980428184634,5.54907608489522
1887,Marie Antoinette,40000000,60474340,123.0,2006.0,"[{""id"": 18, ""name"": ""Drama""}, {""id"": 36, ""name"": ""History""}]",en,22.364549,6.5,642,Released,Drama,1,1,1.5118585,17.50439003707821,3.1512198735907484,6.466144724237619
10461,Get Carter,63600000,19412993,102.0,2000.0,"[{""id"": 28, ""name"": ""Action""}, {""id"": 18, ""name"": ""Drama""}, {""id"": 53, ""name"": ""Thriller""}, {""id"": 80, ""name"": ""Crime""}]",en,4.494788,4.8,145,Released,Action,1,1,0.3052357389937107,17.968124044033623,1.7038000065835845,4.983606621708336
80278,The Impossible,42000000,180274123,113.0,2012.0,"[{""id"": 53, ""name"": ""Thriller""}, {""id"": 18, ""name"": ""Drama""}]",en,47.559928,7.0,2025,Released,Thriller,1,1,4.292241023809524,17.553180200057167,3.882798664048331,7.613818684808629
12704,Ishtar,55000000,14375181,107.0,1987.0,"[{""id"": 28, ""name"": ""Action""}, {""id"": 12, ""name"": ""Adventure""}, {""id"": 35, ""name"": ""Comedy""}]",en,2.410546,4.2,28,Released,Action,1,1,0.2613669272727272,17.822843761378564,1.2268723957800711,3.367295829986474
10315,Fantastic Mr. Fox,40000000,46471023,87.0,2009.0,"[{""id"": 12, ""name"": ""Adventure""}, {""id"": 16, ""name"": ""Animation""}, {""id"": 35, ""name"": ""Comedy""}, {""id"": 10751, ""name"": ""Family""}]",en,41.258956,7.5,1176,Released,Adventure,1,1,1.161775575,17.50439003707821,3.743816307670736,7.0707241072602764
16643,Life or Something Like It,40000000,16872671,103.0,2002.0,"[{""id"": 35, ""name"": ""Comedy""}, {""id"": 18, ""name"": ""Drama""}, {""id"": 10749, ""name"": ""Romance""}]",en,8.980846,5.7,124,Released,Comedy,1,1,0.421816775,17.50439003707821,2.3006678562697163,4.8283137373023015
2687,Memoirs of an Invisible Man,40000000,14358033,99.0,1992.0,"[{""id"": 35, ""name"": ""Comedy""}, {""id"": 14, ""name"": ""Fantasy""}, {""id"": 878, ""name"": ""Science Fiction""}]",en,7.222985,5.7,125,Released,Comedy,1,1,0.358950825,17.50439003707821,2.1069332818353255,4.836281906951478
194,Amélie,10000000,173921954,122.0,2001.0,"[{""id"": 35, ""name"": ""Comedy""}, {""id"": 10749, ""name"": ""Romance""}]",fr,73.720244,7.8,3310,Released,Comedy,1,1,17.3921954,16.118095750958314,4.3137510594398805,8.105005537547246
8849,Alfie,60000000,13395939,103.0,2004.0,"[{""id"": 35, ""name"": ""Comedy""}]",en,15.219263,5.6,248,Released,Comedy,1,1,0.22326565,17.909855136853043,2.7861996099237456,5.517452896464707
78698,Big Miracle,40000000,24719215,107.0,2012.0,"[{""id"": 12, ""name"": ""Adventure""}, {""id"": 18, ""name"": ""Drama""}, {""id"": 10749, ""name"": ""Romance""}]",en,8.303696,6.6,152,Released,Adventure,1,1,0.617980375,17.50439003707821,2.230411740563894,5.030437921392435
30943,The Deep End of the Ocean,38000000,28121100,106.0,1999.0,"[{""id"": 18, ""name"": ""Drama""}, {""id"": 9648, ""name"": ""Mystery""}]",en,4.746085,5.9,54,Released,Drama,1,1,0.7400289473684211,17.453096744006448,1.7485187533470923,4.007333185232471
9544,FearDotCom,40000000,18902015,101.0,2002.0,"[{""id"": 27, ""name"": ""Horror""}, {""id"": 53, ""name"": ""Thriller""}]",en,6.756886,3.2,105,Released,Horror,1,1,0.472550375,17.50439003707821,2.0485809649974924,4.663439094112067
24418,Cirque du Freak: The Vampire's Assistant,40000000,28169671,109.0,2009.0,"[{""id"": 12, ""name"": ""Adventure""}, {""id"": 14, ""name"": ""Fantasy""}, {""id"": 28, ""name"": ""Action""}, {""id"": 53, ""name"": ""Thriller""}]",en,16.424807,5.5,348,Released,Adventure,1,1,0.704241775,17.50439003707821,2.857894880545076,5.855071922202427
7288,Duplex,40000000,19322135,89.0,2003.0,"[{""id"": 28, ""name"": ""Action""}, {""id"": 35, ""name"": ""Comedy""}, {""id"": 53, ""name"": ""Thriller""}]",en,15.590001,5.9,482,Released,Action,1,1,0.483053375,17.50439003707821,2.808800164479627,6.180016653652572
10366,Universal Soldier: The Return,45000000,10667893,82.0,1999.0,"[{""id"": 28, ""name"": ""Action""}, {""id"": 878, ""name"": ""Science Fiction""}]",en,14.566664,4.2,135,Released,Action,1,1,0.2370642888888889,17.622173069956816,2.7451317047005173,4.912654885736052
19898,Pandorum,33000000,20645327,108.0,2009.0,"[{""id"": 28, ""name"": ""Action""}, {""id"": 27, ""name"": ""Horror""}, {""id"": 9648, ""name"": ""Mystery""}, {""id"": 878, ""name"": ""Science Fiction""}, {""id"": 53, ""name"": ""Thriller""}]",en,28.353517,6.5,774,Released,Action,1,1,0.6256159696969696,17.312018149733785,3.379412368737356,6.652863029353347
15074,Extreme Ops,40000000,10959475,93.0,2002.0,"[{""id"": 28, ""name"": ""Action""}, {""id"": 12, ""name"": ""Adventure""}, {""id"": 18, ""name"": ""Drama""}, {""id"": 53, ""name"": ""Thriller""}]",en,2.911819,5.0,28,Released,Action,1,1,0.273986875,17.50439003707821,1.3640024832085182,3.367295829986474
1272,Sunshine,50000000,32017803,107.0,2007.0,"[{""id"": 878, ""name"": ""Science Fiction""}, {""id"": 53, ""name"": ""Thriller""}]",en,51.502884,7.0,1182,Released,Science Fiction,1,1,0.64035606,17.72753358339242,3.960868101422131,7.075808863978387
72358,A Thousand Words,40000000,22044277,91.0,2012.0,"[{""id"": 18, ""name"": ""Drama""}, {""id"": 35, ""name"": ""Comedy""}]",en,13.119133,6.0,373,Released,Drama,1,1,0.551106925,17.50439003707821,2.6475308279136107,5.924255797414532
266396,The Gunman,40000000,13644292,115.0,2015.0,"[{""id"": 28, ""name"": ""Action""}, {""id"": 18, ""name"": ""Drama""}, {""id"": 80, ""name"": ""Crime""}]",en,26.935458,5.5,392,Released,Action,1,1,0.3411073,17.50439003707821,3.3298967779798625,5.973809611869261
9978,Stormbreaker,40000000,23937870,93.0,2006.0,"[{""id"": 12, ""name"": ""Adventure""}, {""id"": 28, ""name"": ""Action""}, {""id"": 10751, ""name"": ""Family""}]",en,16.282962,5.1,213,Released,Adventure,1,1,0.59844675,17.50439003707821,2.849721160723582,5.365976015021851
8271,Disturbia,20000000,117760134,105.0,2007.0,"[{""id"": 53, ""name"": ""Thriller""}, {""id"": 18, ""name"": ""Drama""}, {""id"": 9648, ""name"": ""Mystery""}]",en,31.690456,6.6,1006,Released,Thriller,1,1,5.8880067,16.811242881518265,3.4870831698587748,6.914730892718563
10428,Hackers,20000000,7563728,107.0,1995.0,"[{""id"": 28, ""name"": ""Action""}, {""id"": 80, ""name"": ""Crime""}, {""id"": 53, ""name"": ""Thriller""}, {""id"": 18, ""name"": ""Drama""}]",en,17.842246,6.2,398,Released,Action,1,1,0.3781864,16.811242881518265,2.936101476480108,5.988961416889864
110415,Snowpiercer,39200000,86758912,126.0,2013.0,"[{""id"": 28, ""name"": ""Action""}, {""id"": 878, ""name"": ""Science Fiction""}, {""id"": 18, ""name"": ""Drama""}]",ko,64.238688,6.7,2854,Released,Action,1,1,2.2132375510204083,17.484187330270895,4.178052667188855,7.956827122090111
9495,The Crow,15000000,94000000,102.0,1994.0,"[{""id"": 14, ""name"": ""Fantasy""}, {""id"": 28, ""name"": ""Action""}, {""id"": 53, ""name"": ""Thriller""}]",en,44.690107,7.3,953,Released,Fantasy,1,1,6.266666666666667,16.52356082573315,3.8218817974415558,6.860663671448287
256040,Baahubali: The Beginning,40000000,100000000,159.0,2015.0,"[{""id"": 28, ""name"": ""Action""}, {""id"": 12, ""name"": ""Adventure""}, {""id"": 10752, ""name"": ""War""}, {""id"": 36, ""name"": ""History""}]",te,16.254032,7.5,135,Released,Action,1,1,2.5,17.50439003707821,2.848045855295069,4.912654885736052
24420,The Time Traveler's Wife,39000000,101229792,107.0,2009.0,"[{""id"": 18, ""name"": ""Drama""}, {""id"": 10749, ""name"": ""Romance""}, {""id"": 14, ""name"": ""Fantasy""}]",en,37.492928,6.7,798,Released,Drama,1,1,2.595635692307692,17.479072229734946,3.650474536109286,6.683360945766275
62214,Frankenweenie,39000000,35287788,87.0,2012.0,"[{""id"": 16, ""name"": ""Animation""}, {""id"": 35, ""name"": ""Comedy""}, {""id"": 10751, ""name"": ""Family""}]",en,27.908783,6.6,932,Released,Animation,1,1,0.9048150769230768,17.479072229734946,3.3641454589816884,6.838405200847344
16320,Serenity,39000000,38869464,119.0,2005.0,"[{""id"": 878, ""name"": ""Science Fiction""}, {""id"": 28, ""name"": ""Action""}, {""id"": 12, ""name"": ""Adventure""}, {""id"": 53, ""name"": ""Thriller""}]",en,45.388937,7.4,1264,Released,Science Fiction,1,1,0.9966529230769232,17.479072229734946,3.8370610040799016,7.142827401161621
8842,Against the Ropes,39000000,6614280,106.0,2004.0,"[{""id"": 10749, ""name"": ""Romance""}, {""id"": 18, ""name"": ""Drama""}]",en,2.817364,4.5,32,Released,Romance,1,1,0.1695969230769231,17.479072229734946,1.3395601320667512,3.4965075614664802
9531,Superman III,39000000,75850624,125.0,1983.0,"[{""id"": 35, ""name"": ""Comedy""}, {""id"": 28, ""name"": ""Action""}, {""id"": 12, ""name"": ""Adventure""}, {""id"": 14, ""name"": ""Fantasy""}, {""id"": 878, ""name"": ""Science Fiction""}]",en,22.164202,5.3,490,Released,Comedy,1,1,1.9448877948717949,17.479072229734946,3.1426080697537713,6.19644412779452
64807,Grudge Match,40000000,44907260,113.0,2013.0,"[{""id"": 35, ""name"": ""Comedy""}]",en,21.362949,6.0,433,Released,Comedy,1,1,1.1226815,17.50439003707821,3.107405526889281,6.073044534100405
12289,Red Cliff,80341000,127814609,150.0,2008.0,"[{""id"": 12, ""name"": ""Adventure""}, {""id"": 18, ""name"": ""Drama""}, {""id"": 28, ""name"": ""Action""}]",zh,14.8375,7.1,205,Released,Adventure,1,1,1.590901395302523,18.201790646364717,2.7623805456472574,5.327876168789581
11529,Sweet Home Alabama,30000000,180622424,108.0,2002.0,"[{""id"": 35, ""name"": ""Comedy""}, {""id"": 10749, ""name"": ""Romance""}]",en,18.256028,6.0,394,Released,Comedy,1,1,6.020747466666666,17.216707972959764,2.9578241545719446,5.978885764901122
20943,The Ugly Truth,38000000,205298907,96.0,2009.0,"[{""id"": 35, ""name"": ""Comedy""}, {""id"": 10749, ""name"": ""Romance""}]",en,22.332927,6.4,972,Released,Comedy,1,1,5.402602815789474,17.453096744006448,3.1498655389439048,6.880384082186005
9488,Spy Kids 2: The Island of Lost Dreams,38000000,119723358,100.0,2002.0,"[{""id"": 28, ""name"": ""Action""}, {""id"": 12, ""name"": ""Adventure""}, {""id"": 10751, ""name"": ""Family""}]",en,24.085144,5.3,521,Released,Action,1,1,3.1506146842105265,17.453096744006448,3.2222757984020998,6.257667587882639
193,Star Trek: Generations,38000000,120000000,118.0,1994.0,"[{""id"": 878, ""name"": ""Science Fiction""}, {""id"": 28, ""name"": ""Action""}, {""id"": 12, ""name"": ""Adventure""}, {""id"": 53, ""name"": ""Thriller""}]",en,14.779041,6.4,452,Released,Science Fiction,1,1,3.1578947368421053,17.453096744006448,2.7586825404404216,6.115892125483034
44865,The Grandmaster,3860000,64076736,130.0,2013.0,"[{""id"": 28, ""name"": ""Action""}, {""id"": 18, ""name"": ""Drama""}, {""id"": 36, ""name"": ""History""}]",zh,19.947265,6.3,273,Released,Action,1,1,16.60019067357513,15.166178000508337,3.0420080889198795,5.6131281063880705
55787,Water for Elephants,38000000,114156230,120.0,2011.0,"[{""id"": 18, ""name"": ""Drama""}, {""id"": 10749, ""name"": ""Romance""}]",en,16.801218,6.7,850,Released,Drama,1,1,3.0041113157894737,17.453096744006448,2.8792668819233134,6.7464121285733745
10400,The Hurricane,50000000,73956241,146.0,1999.0,"[{""id"": 18, ""name"": ""Drama""}]",en,20.825781,7.2,396,Released,Drama,1,1,1.47912482,17.72753358339242,3.0830918857360405,5.983936280687191
1957,Enough,38000000,51801187,114.0,2002.0,"[{""id"": 18, ""name"": ""Drama""}, {""id"": 53, ""name"": ""Thriller""}]",en,11.500783,6.2,264,Released,Drama,1,1,1.3631891315789473,17.453096744006448,2.525791282346453,5.579729825986222
256961,Paul Blart: Mall Cop 2,38000000,107597242,94.0,2015.0,"[{""id"": 28, ""name"": ""Action""}, {""id"": 35, ""name"": ""Comedy""}, {""id"": 10751, ""name"": ""Family""}]",en,41.258487,5.0,567,Released,Action,1,1,2.8315063684210524,17.453096744006448,3.743805209369998,6.342121418721152
5852,Angel Eyes,53000000,29700000,102.0,2001.0,"[{""id"": 18, ""name"": ""Drama""}, {""id"": 10749, ""name"": ""Romance""}, {""id"": 53, ""name"": ""Thriller""}]",en,6.454634,5.6,88,Released,Drama,1,1,0.560377358490566,17.78580249038432,2.0088358524441197,4.48863636973214
622,The Ninth Gate,38000000,58401898,133.0,1999.0,"[{""id"": 27, ""name"": ""Horror""}, {""id"": 9648, ""name"": ""Mystery""}, {""id"": 53, ""name"": ""Thriller""}]",en,30.359164,6.3,756,Released,Horror,1,1,1.536892052631579,17.453096744006448,3.4455065369636064,6.6293632534374485
11306,Extreme Measures,38000000,17380126,118.0,1996.0,"[{""id"": 18, ""name"": ""Drama""}, {""id"": 53, ""name"": ""Thriller""}]",en,3.426555,5.7,80,Released,Drama,1,1,0.4573717368421052,17.453096744006448,1.4876216291583853,4.394449154672439
12508,Rock Star,57000000,16991902,105.0,2001.0,"[{""id"": 10402, ""name"": ""Music""}, {""id"": 18, ""name"": ""Drama""}, {""id"": 35, ""name"": ""Comedy""}]",en,11.60815,6.0,190,Released,Music,1,1,0.2981035438596491,17.858561843342684,2.534343430252874,5.25227342804663
25793,Precious,10000000,47536959,110.0,2009.0,"[{""id"": 18, ""name"": ""Drama""}]",en,18.664624,6.9,417,Released,Drama,1,1,4.7536959,16.118095750958314,2.978821285436549,6.035481432524756
10534,White Squall,38000000,10300000,129.0,1996.0,"[{""id"": 28, ""name"": ""Action""}, {""id"": 18, ""name"": ""Drama""}]",en,10.047579,6.3,86,Released,Action,1,1,0.2710526315789474,17.453096744006448,2.402211308936317,4.465908118654584
1091,The Thing,15000000,19629760,109.0,1982.0,"[{""id"": 27, ""name"": ""Horror""}, {""id"": 9648, ""name"": ""Mystery""}, {""id"": 878, ""name"": ""Science Fiction""}]",en,52.731379,7.8,1588,Released,Horror,1,1,1.3086506666666666,16.52356082573315,3.9839971697752365,7.370860166536716
87421,Riddick,38000000,98337295,119.0,2013.0,"[{""id"": 878, ""name"": ""Science Fiction""}, {""id"": 28, ""name"": ""Action""}, {""id"": 53, ""name"": ""Thriller""}]",en,46.630062,6.2,2035,Released,Science Fiction,1,1,2.587823552631579,17.453096744006448,3.8634641165125307,7.618742377670413
10871,Switchback,37000000,6482195,118.0,1997.0,"[{""id"": 28, ""name"": ""Action""}, {""id"": 12, ""name"": ""Adventure""}, {""id"": 9648, ""name"": ""Mystery""}, {""id"": 53, ""name"": ""Thriller""}]",en,4.131546,5.8,52,Released,Action,1,1,0.1751944594594594,17.426428497635523,1.635406978303929,3.970291913552122
13600,City of Ember,55000000,17869048,90.0,2008.0,"[{""id"": 12, ""name"": ""Adventure""}, {""id"": 10751, ""name"": ""Family""}, {""id"": 14, ""name"": ""Fantasy""}]",en,23.465539,6.2,605,Released,Adventure,1,1,0.3248917818181818,17.822843761378564,3.197265555971931,6.406879986069314
68722,The Master,32000000,28258060,137.0,2012.0,"[{""id"": 18, ""name"": ""Drama""}]",en,25.682509,7.0,701,Released,Drama,1,1,0.883064375,17.281246492014,3.284008257105654,6.553933404025811
14324,Virgin Territory,38000000,5410749,93.0,2007.0,"[{""id"": 12, ""name"": ""Adventure""}, {""id"": 28, ""name"": ""Action""}, {""id"": 35, ""name"": ""Comedy""}, {""id"": 10749, ""name"": ""Romance""}]",en,6.760922,4.3,75,Released,Adventure,1,1,0.1423881315789473,17.453096744006448,2.049101141570241,4.330733340286331
14325,The Express,40000000,9793496,130.0,2008.0,"[{""id"": 18, ""name"": ""Drama""}]",en,3.87823,7.1,71,Released,Drama,1,1,0.2448374,17.50439003707821,1.5847824491536846,4.276666119016055
299687,The 5th Wave,38000000,109906372,112.0,2016.0,"[{""id"": 12, ""name"": ""Adventure""}, {""id"": 878, ""name"": ""Science Fiction""}]",en,57.889964,5.6,1945,Released,Adventure,1,1,2.892272947368421,17.453096744006448,4.075670685647072,7.57353126274595
312221,Creed,37000000,173567581,133.0,2015.0,"[{""id"": 18, ""name"": ""Drama""}]",en,57.773583,7.3,1915,Released,Drama,1,1,4.691015702702702,17.426428497635523,4.073692485245675,7.557994958530806
23168,The Town,37000000,154026136,125.0,2010.0,"[{""id"": 80, ""name"": ""Crime""}, {""id"": 18, ""name"": ""Drama""}, {""id"": 53, ""name"": ""Thriller""}]",en,24.218358,7.0,1468,Released,Crime,1,1,4.162868540540541,17.426428497635523,3.2275722213593263,7.292337176173877
76494,What to Expect When You're Expecting,40000000,79700000,110.0,2012.0,"[{""id"": 10749, ""name"": ""Romance""}, {""id"": 35, ""name"": ""Comedy""}, {""id"": 18, ""name"": ""Drama""}]",en,27.009723,5.8,594,Released,Romance,1,1,1.9925,17.50439003707821,3.3325516998978766,6.38856140554563
4944,Burn After Reading,37000000,163720069,96.0,2008.0,"[{""id"": 35, ""name"": ""Comedy""}, {""id"": 18, ""name"": ""Drama""}]",en,31.941347,6.5,1222,Released,Comedy,1,1,4.42486672972973,17.426428497635523,3.4947286164452938,7.109062135687172
10488,Nim's Island,37000000,100076342,96.0,2008.0,"[{""id"": 12, ""name"": ""Adventure""}, {""id"": 35, ""name"": ""Comedy""}, {""id"": 10751, ""name"": ""Family""}, {""id"": 14, ""name"": ""Fantasy""}]",en,14.353279,5.6,330,Released,Adventure,1,1,2.704766,17.426428497635523,2.7313290668558143,5.802118375377063
96721,Rush,38000000,90247624,123.0,2013.0,"[{""id"": 18, ""name"": ""Drama""}, {""id"": 28, ""name"": ""Action""}]",en,33.003828,7.7,2277,Released,Drama,1,1,2.3749374736842106,17.453096744006448,3.5264731065138757,7.731053144007127
334,Magnolia,37000000,48451803,188.0,1999.0,"[{""id"": 18, ""name"": ""Drama""}]",en,30.993736,7.5,825,Released,Drama,1,1,1.309508189189189,17.426428497635523,3.4655401336381946,6.716594773520978
23742,Cop Out,30000000,55583804,107.0,2010.0,"[{""id"": 28, ""name"": ""Action""}, {""id"": 35, ""name"": ""Comedy""}, {""id"": 80, ""name"": ""Crime""}]",en,25.825771,5.3,511,Released,Action,1,1,1.8527934666666668,17.216707972959764,3.289363029949017,6.238324625039508
259694,How to Be Single,38000000,112343513,110.0,2016.0,"[{""id"": 35, ""name"": ""Comedy""}, {""id"": 10749, ""name"": ""Romance""}]",en,46.078371,5.9,1201,Released,Comedy,1,1,2.956408236842105,17.453096744006448,3.8518136811137644,7.091742115095153
62837,Dolphin Tale,37000000,95404397,113.0,2011.0,"[{""id"": 18, ""name"": ""Drama""}, {""id"": 10751, ""name"": ""Family""}]",en,6.63839,6.7,163,Released,Drama,1,1,2.578497216216216,17.426428497635523,2.0331868479868205,5.099866427824199
8966,Twilight,37000000,392616625,122.0,2008.0,"[{""id"": 12, ""name"": ""Adventure""}, {""id"": 14, ""name"": ""Fantasy""}, {""id"": 18, ""name"": ""Drama""}, {""id"": 10749, ""name"": ""Romance""}]",en,127.084938,5.8,3561,Released,Adventure,1,1,10.611260135135137,17.426428497635523,4.852693621974003,8.178077463849608
8470,John Q,36000000,102244770,116.0,2002.0,"[{""id"": 18, ""name"": ""Drama""}, {""id"": 53, ""name"": ""Thriller""}, {""id"": 80, ""name"": ""Crime""}]",en,27.465433,7.0,594,Released,Drama,1,1,2.8401325,17.399029524198163,3.3486904739507954,6.38856140554563
11001,Blue Streak,65000000,117758500,93.0,1999.0,"[{""id"": 28, ""name"": ""Action""}, {""id"": 35, ""name"": ""Comedy""}, {""id"": 80, ""name"": ""Crime""}]",en,16.865782,6.1,352,Released,Action,1,1,1.8116692307692308,17.989897843244528,2.882887263257369,5.8664680569332965
138832,We're the Millers,37000000,269994119,110.0,2013.0,"[{""id"": 35, ""name"": ""Comedy""}, {""id"": 80, ""name"": ""Crime""}]",en,100.348805,6.8,2972,Released,Comedy,1,1,7.297138351351351,17.426428497635523,4.618568082004619,7.997326822998097
16911,The Inhabited Island,36500000,21834845,115.0,2008.0,"[{""id"": 28, ""name"": ""Action""}, {""id"": 14, ""name"": ""Fantasy""}, {""id"": 878, ""name"": ""Science Fiction""}, {""id"": 53, ""name"": ""Thriller""}]",ru,2.785832,5.3,23,Released,Action,1,1,0.5982149315068493,17.41282284594998,1.331265677793067,3.1780538303479458
2163,Breakdown,36000000,50159144,95.0,1997.0,"[{""id"": 18, ""name"": ""Drama""}, {""id"": 28, ""name"": ""Action""}, {""id"": 53, ""name"": ""Thriller""}]",en,9.176339,6.6,198,Released,Drama,1,1,1.3933095555555557,17.399029524198163,2.3200653197221235,5.293304824724492
36670,Never Say Never Again,36000000,160000000,134.0,1983.0,"[{""id"": 12, ""name"": ""Adventure""}, {""id"": 28, ""name"": ""Action""}, {""id"": 53, ""name"": ""Thriller""}]",en,23.380757,5.8,338,Released,Adventure,1,1,4.444444444444445,17.399029524198163,3.1937941736121003,5.82600010738045
23048,Hot Tub Time Machine,36000000,64572262,101.0,2010.0,"[{""id"": 878, ""name"": ""Science Fiction""}, {""id"": 35, ""name"": ""Comedy""}, {""id"": 12, ""name"": ""Adventure""}]",en,33.926473,6.0,894,Released,Science Fiction,1,1,1.7936739444444445,17.399029524198163,3.553245080345264,6.796823718274855
227735,Dolphin Tale 2,36000000,52424533,107.0,2014.0,"[{""id"": 10751, ""name"": ""Family""}, {""id"": 18, ""name"": ""Drama""}]",en,6.967857,6.7,96,Released,Family,1,1,1.456237027777778,17.399029524198163,2.075415573334103,4.574710978503383
2155,Reindeer Games,42000000,32168970,124.0,2000.0,"[{""id"": 53, ""name"": ""Thriller""}]",en,11.470135,5.4,173,Released,Thriller,1,1,0.7659278571428572,17.553180200057167,2.523336585615702,5.159055299214529
8409,A Man Apart,36000000,44350926,109.0,2003.0,"[{""id"": 28, ""name"": ""Action""}, {""id"": 18, ""name"": ""Drama""}]",en,19.854932,5.8,258,Released,Action,1,1,1.2319701666666667,17.399029524198163,3.0375904670346263,5.556828061699537
222936,Aloha,37000000,26250020,105.0,2015.0,"[{""id"": 18, ""name"": ""Drama""}, {""id"": 35, ""name"": ""Comedy""}, {""id"": 10749, ""name"": ""Romance""}]",en,29.652536,5.2,692,Released,Drama,1,1,0.70946,17.426428497635523,3.4227153995793063,6.541029999189903
48171,The Rite,37000000,96047633,114.0,2011.0,"[{""id"": 18, ""name"": ""Drama""}, {""id"": 53, ""name"": ""Thriller""}, {""id"": 27, ""name"": ""Horror""}]",en,11.492474,5.8,556,Released,Drama,1,1,2.595881972972973,17.426428497635523,2.525126382985308,6.322565239927284
782,Gattaca,36000000,12532777,106.0,1997.0,"[{""id"": 53, ""name"": ""Thriller""}, {""id"": 878, ""name"": ""Science Fiction""}, {""id"": 9648, ""name"": ""Mystery""}, {""id"": 10749, ""name"": ""Romance""}]",en,70.398356,7.5,1808,Released,Thriller,1,1,0.3481326944444444,17.399029524198163,4.268274843870371,7.500529485395295
75531,Isn't She Great,36000000,3003296,95.0,2000.0,"[{""id"": 18, ""name"": ""Drama""}, {""id"": 35, ""name"": ""Comedy""}]",de,1.068453,4.6,14,Released,Drama,1,1,0.0834248888888889,17.399029524198163,0.7268009848821188,2.70805020110221
11802,Space Chimps,37000000,63800345,81.0,2008.0,"[{""id"": 16, ""name"": ""Animation""}, {""id"": 10751, ""name"": ""Family""}]",en,6.293217,5.2,99,Released,Animation,1,1,1.724333648648649,17.426428497635523,1.9869447381186043,4.605170185988092
18785,The Hangover,35000000,459270619,100.0,2009.0,"[{""id"": 35, ""name"": ""Comedy""}]",en,82.21166,7.2,6173,Released,Comedy,1,1,13.122017685714283,17.370858648025116,4.4213874822386465,8.728102205062104
365222,Ip Man 3,36000000,156844753,105.0,2015.0,"[{""id"": 28, ""name"": ""Action""}, {""id"": 18, ""name"": ""Drama""}, {""id"": 36, ""name"": ""History""}]",cn,19.167377,6.5,379,Released,Action,1,1,4.356798694444445,17.399029524198163,3.0040662988888616,5.940171252720432
817,Austin Powers: The Spy Who Shagged Me,33000000,310940086,95.0,1999.0,"[{""id"": 12, ""name"": ""Adventure""}, {""id"": 35, ""name"": ""Comedy""}, {""id"": 80, ""name"": ""Crime""}, {""id"": 878, ""name"": ""Science Fiction""}]",en,18.316151,6.2,1011,Released,Adventure,1,1,9.422426848484848,17.312018149733785,2.9609415853342296,6.919683849847411
268,Batman,35000000,411348924,126.0,1989.0,"[{""id"": 14, ""name"": ""Fantasy""}, {""id"": 28, ""name"": ""Action""}]",en,44.104469,7.0,2096,Released,Fantasy,1,1,11.7528264,17.370858648025116,3.8089813325085435,7.64826303090192
943,Lethal Weapon 3,35000000,321731527,118.0,1992.0,"[{""id"": 12, ""name"": ""Adventure""}, {""id"": 28, ""name"": ""Action""}, {""id"": 35, ""name"": ""Comedy""}, {""id"": 53, ""name"": ""Thriller""}, {""id"": 80, ""name"": ""Crime""}]",en,36.172182,6.4,811,Released,Adventure,1,1,9.192329342857144,17.370858648025116,3.6155606858415057,6.699500340161678
22881,The Blind Side,29000000,309208309,129.0,2009.0,"[{""id"": 18, ""name"": ""Drama""}]",en,25.767395,7.2,1597,Released,Drama,1,1,10.66235548275862,17.182806422433504,3.2871845423751807,7.37650812632622
10054,Spy Kids,35000000,147934180,88.0,2001.0,"[{""id"": 28, ""name"": ""Action""}, {""id"": 35, ""name"": ""Comedy""}, {""id"": 10751, ""name"": ""Family""}, {""id"": 12, ""name"": ""Adventure""}]",en,21.543389,5.5,867,Released,Action,1,1,4.226690857142857,17.370858648025116,3.11544185223404,6.7661917146603505
51540,Horrible Bosses,35000000,117000000,98.0,2011.0,"[{""id"": 35, ""name"": ""Comedy""}, {""id"": 80, ""name"": ""Crime""}]",en,50.309843,6.5,2277,Released,Comedy,1,1,3.342857142857143,17.370858648025116,3.9378826051168008,7.731053144007127
44264,True Grit,38000000,252276927,110.0,2010.0,"[{""id"": 18, ""name"": ""Drama""}, {""id"": 12, ""name"": ""Adventure""}, {""id"": 37, ""name"": ""Western""}]",en,49.292384,7.2,1668,Released,Drama,1,1,6.6388665,17.453096744006448,3.917853654110995,7.419979923661835
350,The Devil Wears Prada,35000000,326551094,109.0,2006.0,"[{""id"": 35, ""name"": ""Comedy""}, {""id"": 18, ""name"": ""Drama""}, {""id"": 10749, ""name"": ""Romance""}]",en,83.893257,7.0,3088,Released,Comedy,1,1,9.330031257142856,17.370858648025116,4.441394667312728,8.035602692918582
152,Star Trek: The Motion Picture,35000000,139000000,132.0,1979.0,"[{""id"": 878, ""name"": ""Science Fiction""}, {""id"": 12, ""name"": ""Adventure""}, {""id"": 9648, ""name"": ""Mystery""}]",en,24.616634,6.2,530,Released,Science Fiction,1,1,3.971428571428572,17.370858648025116,3.2432419061042315,6.274762021241939
109431,Identity Thief,35000000,173965010,111.0,2013.0,"[{""id"": 35, ""name"": ""Comedy""}, {""id"": 80, ""name"": ""Crime""}]",en,34.005726,5.6,1645,Released,Comedy,1,1,4.970428857142857,17.370858648025116,3.5555116481083933,7.406103381237015
1598,Cape Fear,35000000,182300000,128.0,1991.0,"[{""id"": 80, ""name"": ""Crime""}, {""id"": 53, ""name"": ""Thriller""}]",en,27.714043,7.0,675,Released,Crime,1,1,5.208571428571428,17.370858648025116,3.3573863062317195,6.516193076042964
8065,21,35000000,69823199,123.0,2008.0,"[{""id"": 18, ""name"": ""Drama""}, {""id"": 80, ""name"": ""Crime""}]",en,45.149948,6.5,1375,Released,Drama,1,1,1.994948542857143,17.370858648025116,3.831895834187663,7.226936018493289
271718,Trainwreck,35000000,140795793,125.0,2015.0,"[{""id"": 35, ""name"": ""Comedy""}]",en,72.774941,5.9,1181,Released,Comedy,1,1,4.022736942857143,17.370858648025116,4.3010191210997775,7.074963197966044
11638,Guess Who,35000000,68915888,105.0,2005.0,"[{""id"": 35, ""name"": ""Comedy""}, {""id"": 10749, ""name"": ""Romance""}]",en,3.74263,5.5,225,Released,Comedy,1,1,1.9690253714285717,17.370858648025116,1.5565918341540268,5.420534999272286
409,The English Patient,27000000,231976425,162.0,1996.0,"[{""id"": 18, ""name"": ""Drama""}, {""id"": 10749, ""name"": ""Romance""}, {""id"": 10752, ""name"": ""War""}]",en,29.381878,7.0,542,Released,Drama,1,1,8.591719444444445,17.11134746100564,3.413846312241894,6.297109319933935
2118,L.A. Confidential,35000000,126216940,138.0,1997.0,"[{""id"": 80, ""name"": ""Crime""}, {""id"": 18, ""name"": ""Drama""}, {""id"": 9648, ""name"": ""Mystery""}, {""id"": 53, ""name"": ""Thriller""}]",en,24.860326,7.7,1310,Released,Crime,1,1,3.6061982857142856,17.370858648025116,3.252709979606093,7.1785454837637
11459,Sky High,35000000,86369815,100.0,2005.0,"[{""id"": 12, ""name"": ""Adventure""}, {""id"": 35, ""name"": ""Comedy""}, {""id"": 10751, ""name"": ""Family""}]",en,11.041659,5.8,550,Released,Adventure,1,1,2.467709,17.370858648025116,2.4883722210860832,6.311734809152915
9348,Species,35000000,113374103,108.0,1995.0,"[{""id"": 878, ""name"": ""Science Fiction""}, {""id"": 27, ""name"": ""Horror""}, {""id"": 28, ""name"": ""Action""}]",en,23.607071,5.5,453,Released,Science Fiction,1,1,3.2392600857142857,17.370858648025116,3.2030338406600256,6.118097198041348
377,A Nightmare on Elm Street,1800000,25504513,91.0,1984.0,"[{""id"": 27, ""name"": ""Horror""}]",en,38.204158,7.2,1180,Released,Horror,1,1,14.169173888888889,14.403297778421795,3.668782812599812,7.074116816197362
8843,The Cell,33000000,104155843,107.0,2000.0,"[{""id"": 27, ""name"": ""Horror""}, {""id"": 878, ""name"": ""Science Fiction""}, {""id"": 53, ""name"": ""Thriller""}]",en,25.413955,6.0,436,Released,Horror,1,1,3.1562376666666667,17.312018149733785,3.2738924689781532,6.07993319509559
39486,Secretariat,35000000,60251371,123.0,2010.0,"[{""id"": 18, ""name"": ""Drama""}]",en,9.525037,6.8,103,Released,Drama,1,1,1.7214677428571428,17.370858648025116,2.3537568950016956,4.6443908991413725
1273,TMNT,34000000,95608995,90.0,2007.0,"[{""id"": 12, ""name"": ""Adventure""}, {""id"": 16, ""name"": ""Animation""}, {""id"": 35, ""name"": ""Comedy""}, {""id"": 10751, ""name"": ""Family""}]",en,18.39217,6.0,345,Released,Adventure,1,1,2.8120292647058824,17.341871111992198,2.9648693763501286,5.846438775057724
13920,Radio,32000000,52277485,109.0,2003.0,"[{""id"": 18, ""name"": ""Drama""}]",en,9.254647,6.8,141,Released,Drama,1,1,1.63367140625,17.281246492014,2.327730968698828,4.955827057601261
50544,Friends with Benefits,35000000,150483765,109.0,2011.0,"[{""id"": 10749, ""name"": ""Romance""}, {""id"": 35, ""name"": ""Comedy""}]",en,40.526587,6.5,2237,Released,Romance,1,1,4.299536142857143,17.370858648025116,3.726333872710071,7.71333788887187
325133,Neighbors 2: Sorority Rising,35000000,108758521,91.0,2016.0,"[{""id"": 35, ""name"": ""Comedy""}]",en,50.179171,5.6,1462,Released,Comedy,1,1,3.1073863142857143,17.370858648025116,3.9353326328669684,7.288244401020124
140823,Saving Mr. Banks,35000000,112544580,125.0,2013.0,"[{""id"": 35, ""name"": ""Comedy""}, {""id"": 18, ""name"": ""Drama""}, {""id"": 36, ""name"": ""History""}]",en,31.957947,7.3,1226,Released,Comedy,1,1,3.2155594285714284,17.370858648025116,3.495232415479957,7.112327444710911
1883,Malcolm X,34000000,48169908,202.0,1992.0,"[{""id"": 18, ""name"": ""Drama""}, {""id"": 36, ""name"": ""History""}]",en,19.822791,7.2,370,Released,Drama,1,1,1.416762,17.341871111992198,3.0360481079968444,5.916202062607435
89492,This Is 40,35000000,88058786,134.0,2012.0,"[{""id"": 35, ""name"": ""Comedy""}]",en,38.429648,5.6,896,Released,Comedy,1,1,2.5159653142857143,17.370858648025116,3.674518020636906,6.799055862058796
22949,Old Dogs,35000000,92219310,88.0,2009.0,"[{""id"": 35, ""name"": ""Comedy""}, {""id"": 10751, ""name"": ""Family""}]",en,13.707843,5.2,210,Released,Comedy,1,1,2.6348374285714287,17.370858648025116,2.6883808889191756,5.351858133476067
12437,Underworld: Rise of the Lycans,35000000,91353501,92.0,2009.0,"[{""id"": 14, ""name"": ""Fantasy""}, {""id"": 28, ""name"": ""Action""}, {""id"": 12, ""name"": ""Adventure""}, {""id"": 878, ""name"": ""Science Fiction""}, {""id"": 53, ""name"": ""Thriller""}]",en,51.927471,6.2,1428,Released,Fantasy,1,1,2.6101000285714284,17.370858648025116,3.968922504641484,7.264730177929867
2959,License to Wed,35000000,69307224,91.0,2007.0,"[{""id"": 35, ""name"": ""Comedy""}]",en,14.503568,5.2,253,Released,Comedy,1,1,1.9802064,17.370858648025116,2.7410701909831183,5.537334267018537
11648,Must Love Dogs,30000000,58405313,98.0,2005.0,"[{""id"": 35, ""name"": ""Comedy""}, {""id"": 10749, ""name"": ""Romance""}]",en,11.120167,5.8,140,Released,Comedy,1,1,1.9468437666666667,17.216707972959764,2.494870759424128,4.948759890378168
9366,Donnie Brasco,35000000,41954997,127.0,1997.0,"[{""id"": 80, ""name"": ""Crime""}, {""id"": 18, ""name"": ""Drama""}, {""id"": 53, ""name"": ""Thriller""}]",en,40.370442,7.4,1147,Released,Crime,1,1,1.1987142,17.370858648025116,3.7225666644868283,7.045776576879511
1576,Resident Evil,33000000,102984862,100.0,2002.0,"[{""id"": 27, ""name"": ""Horror""}, {""id"": 28, ""name"": ""Action""}, {""id"": 878, ""name"": ""Science Fiction""}]",en,40.715623,6.4,2065,Released,Horror,1,1,3.120753393939394,17.312018149733785,3.730875710918293,7.633369649679584
609,Poltergeist,10700000,122200000,114.0,1982.0,"[{""id"": 27, ""name"": ""Horror""}]",en,36.230204,7.0,794,Released,Horror,1,1,11.42056074766355,16.185754392890075,3.617120367321668,6.678342114654332
13051,Max Payne,35000000,85416905,100.0,2008.0,"[{""id"": 28, ""name"": ""Action""}]",en,25.903237,5.2,613,Released,Action,1,1,2.440483,17.370858648025116,3.29224661394066,6.419994928147142
49530,In Time,40000000,173930596,109.0,2011.0,"[{""id"": 28, ""name"": ""Action""}, {""id"": 53, ""name"": ""Thriller""}, {""id"": 878, ""name"": ""Science Fiction""}]",en,60.231382,6.7,3417,Released,Action,1,1,4.3482649,17.50439003707821,4.11465983587046,8.136810863675537
34806,The Back-Up Plan,35000000,77477008,106.0,2010.0,"[{""id"": 35, ""name"": ""Comedy""}, {""id"": 10749, ""name"": ""Romance""}]",en,18.38292,5.7,458,Released,Comedy,1,1,2.2136288,17.370858648025116,2.9643922659075495,6.129050210060545
49022,Something Borrowed,35000000,59901913,112.0,2011.0,"[{""id"": 35, ""name"": ""Comedy""}, {""id"": 18, ""name"": ""Drama""}, {""id"": 10749, ""name"": ""Romance""}]",en,14.029012,5.9,296,Released,Comedy,1,1,1.7114832285714283,17.370858648025116,2.7099824664079564,5.6937321388027
23479,The Bad News Bears,35000000,35323292,102.0,1976.0,"[{""id"": 35, ""name"": ""Comedy""}, {""id"": 10751, ""name"": ""Family""}]",en,6.889633,6.9,97,Released,Comedy,1,1,1.0092369142857145,17.370858648025116,2.0655496192005347,4.584967478670572
11667,Street Fighter,35000000,99423521,102.0,1994.0,"[{""id"": 28, ""name"": ""Action""}, {""id"": 12, ""name"": ""Adventure""}, {""id"": 53, ""name"": ""Thriller""}]",en,19.286099,4.1,325,Released,Action,1,1,2.8406720285714284,17.370858648025116,3.0099358731548507,5.786897381366708
423,The Pianist,35000000,120072577,150.0,2002.0,"[{""id"": 18, ""name"": ""Drama""}, {""id"": 10752, ""name"": ""War""}]",en,50.587541,8.0,1864,Released,Drama,1,1,3.4306450571428573,17.370858648025116,3.9432801898445584,7.5310163320779155
10066,House of Wax,40000000,68766121,113.0,2005.0,"[{""id"": 27, ""name"": ""Horror""}]",en,17.157738,5.5,677,Released,Horror,1,1,1.719153025,17.50439003707821,2.899096805943606,6.519147287940395
2288,Closer,27000000,115505027,104.0,2004.0,"[{""id"": 18, ""name"": ""Drama""}, {""id"": 10749, ""name"": ""Romance""}]",en,22.636908,6.7,811,Released,Drama,1,1,4.277963962962963,17.11134746100564,3.162809388721184,6.699500340161678
88794,J. Edgar,35000000,84606030,137.0,2011.0,"[{""id"": 18, ""name"": ""Drama""}, {""id"": 80, ""name"": ""Crime""}, {""id"": 36, ""name"": ""History""}]",en,28.069419,6.0,741,Released,Drama,1,1,2.417315142857143,17.370858648025116,3.369686728130947,6.60934924316738
13515,Mirrors,35000000,72436439,110.0,2008.0,"[{""id"": 27, ""name"": ""Horror""}, {""id"": 9648, ""name"": ""Mystery""}, {""id"": 53, ""name"": ""Thriller""}]",en,19.774543,6.0,485,Released,Horror,1,1,2.069612542857143,17.370858648025116,3.0337283429063002,6.186208623900494
11979,Queen of the Damned,35000000,45479110,101.0,2002.0,"[{""id"": 18, ""name"": ""Drama""}, {""id"": 14, ""name"": ""Fantasy""}, {""id"": 27, ""name"": ""Horror""}]",en,11.644243,5.4,239,Released,Drama,1,1,1.2994031428571429,17.370858648025116,2.5372020127704045,5.480638923341991
169,Predator 2,35000000,57120318,108.0,1990.0,"[{""id"": 878, ""name"": ""Science Fiction""}, {""id"": 28, ""name"": ""Action""}, {""id"": 53, ""name"": ""Thriller""}]",en,27.934978,5.9,730,Released,Science Fiction,1,1,1.6320090857142855,17.370858648025116,3.365051174700647,6.594413459749778
8090,Untraceable,35000000,32483410,101.0,2008.0,"[{""id"": 18, ""name"": ""Drama""}]",en,12.677505,5.9,238,Released,Drama,1,1,0.9280974285714284,17.370858648025116,2.6157525125196592,5.476463551931511
11622,Blast from the Past,35000000,40263020,112.0,1999.0,"[{""id"": 35, ""name"": ""Comedy""}, {""id"": 10749, ""name"": ""Romance""}]",en,8.737058,6.3,245,Released,Comedy,1,1,1.150372,17.370858648025116,2.2759390186390407,5.5053315359323625
3604,Flash Gordon,35000000,27107960,111.0,1980.0,"[{""id"": 878, ""name"": ""Science Fiction""}]",en,12.343507,6.1,233,Released,Science Fiction,1,1,0.7745131428571429,17.370858648025116,2.591029899490246,5.455321115357702
9541,Jersey Girl,35000000,36098382,102.0,2004.0,"[{""id"": 35, ""name"": ""Comedy""}, {""id"": 10749, ""name"": ""Romance""}]",en,14.699342,5.8,325,Released,Comedy,1,1,1.031382342857143,17.370858648025116,2.7536188006479536,5.786897381366708
94348,Alex Cross,45000000,30353232,101.0,2012.0,"[{""id"": 28, ""name"": ""Action""}, {""id"": 53, ""name"": ""Thriller""}, {""id"": 80, ""name"": ""Crime""}, {""id"": 9648, ""name"": ""Mystery""}]",en,14.513243,5.1,300,Released,Action,1,1,0.6745162666666666,17.622173069956816,2.7416940462410806,5.707110264748875
8197,Midnight in the Garden of Good and Evil,35000000,25105255,155.0,1997.0,"[{""id"": 80, ""name"": ""Crime""}, {""id"": 18, ""name"": ""Drama""}, {""id"": 9648, ""name"": ""Mystery""}, {""id"": 53, ""name"": ""Thriller""}]",en,5.525544,6.3,157,Released,Crime,1,1,0.717293,17.370858648025116,1.875724321381044,5.062595033026967
336004,Heist,8900000,4100000,93.0,2015.0,"[{""id"": 80, ""name"": ""Crime""}, {""id"": 28, ""name"": ""Action""}, {""id"": 53, ""name"": ""Thriller""}]",en,15.079993,5.6,318,Released,Crime,1,1,0.4606741573033708,16.001561947061912,2.7775758284273424,5.765191102784844
35019,Nanny McPhee and the Big Bang,35000000,93246388,109.0,2010.0,"[{""id"": 35, ""name"": ""Comedy""}, {""id"": 14, ""name"": ""Fantasy""}]",en,23.835055,6.0,436,Released,Comedy,1,1,2.6641825142857143,17.370858648025116,3.2122561631733304,6.07993319509559
8836,The X Files: I Want to Believe,30000000,68369434,104.0,2008.0,"[{""id"": 18, ""name"": ""Drama""}, {""id"": 9648, ""name"": ""Mystery""}, {""id"": 878, ""name"": ""Science Fiction""}, {""id"": 53, ""name"": ""Thriller""}]",en,25.454549,5.5,523,Released,Drama,1,1,2.278981133333333,17.216707972959764,3.2754281283937314,6.261491684321042
14442,Ella Enchanted,31000000,27388767,96.0,2004.0,"[{""id"": 10751, ""name"": ""Family""}, {""id"": 14, ""name"": ""Fantasy""}, {""id"": 35, ""name"": ""Comedy""}]",en,22.71592,5.9,437,Released,Family,1,1,0.8835086129032258,17.249497794707484,3.1661465525893053,6.082218910376446
321741,Concussion,35000000,50363790,123.0,2015.0,"[{""id"": 18, ""name"": ""Drama""}]",en,35.120736,7.0,823,Released,Drama,1,1,1.4389654285714286,17.370858648025116,3.5868671048638885,6.714170529909472
59965,Abduction,35000000,82087155,106.0,2011.0,"[{""id"": 53, ""name"": ""Thriller""}, {""id"": 28, ""name"": ""Action""}, {""id"": 9648, ""name"": ""Mystery""}]",en,19.893646,5.6,961,Released,Thriller,1,1,2.345347285714286,17.370858648025116,3.039445093608822,6.8690144506657065
14175,Valiant,35000000,19478106,76.0,2005.0,"[{""id"": 16, ""name"": ""Animation""}, {""id"": 10751, ""name"": ""Family""}, {""id"": 12, ""name"": ""Adventure""}]",en,14.051852,5.2,235,Released,Animation,1,1,0.5565173142857143,17.370858648025116,2.711501040102463,5.4638318050256105
11918,Superhero Movie,35000000,25871834,85.0,2008.0,"[{""id"": 28, ""name"": ""Action""}, {""id"": 35, ""name"": ""Comedy""}, {""id"": 878, ""name"": ""Science Fiction""}]",en,19.088655,4.9,379,Released,Action,1,1,0.7391952571428572,17.370858648025116,3.000155227854965,5.940171252720432
98357,Broken City,56000000,19701164,109.0,2013.0,"[{""id"": 53, ""name"": ""Thriller""}, {""id"": 80, ""name"": ""Crime""}, {""id"": 18, ""name"": ""Drama""}]",en,29.490057,5.7,593,Released,Thriller,1,1,0.3518065,17.840862266556567,3.4174006304638143,6.386879319362645
10012,Cursed,35000000,19294901,97.0,2005.0,"[{""id"": 27, ""name"": ""Horror""}, {""id"": 35, ""name"": ""Comedy""}]",en,11.195593,5.1,167,Released,Horror,1,1,0.5512828857142857,17.370858648025116,2.501074656971919,5.123963979403259
49526,Premium Rush,35000000,31083599,91.0,2012.0,"[{""id"": 80, ""name"": ""Crime""}, {""id"": 28, ""name"": ""Action""}, {""id"": 53, ""name"": ""Thriller""}]",en,17.709888,6.2,832,Released,Crime,1,1,0.8881028285714285,17.370858648025116,2.9290521541643937,6.725033642166843
268920,Hot Pursuit,35000000,51680201,87.0,2015.0,"[{""id"": 28, ""name"": ""Action""}, {""id"": 35, ""name"": ""Comedy""}, {""id"": 80, ""name"": ""Crime""}]",en,18.262017,5.4,647,Released,Action,1,1,1.4765771714285714,17.370858648025116,2.958135125704995,6.473890696352274
9093,The Four Feathers,35000000,29882645,132.0,2002.0,"[{""id"": 10752, ""name"": ""War""}, {""id"": 12, ""name"": ""Adventure""}, {""id"": 18, ""name"": ""Drama""}, {""id"": 10749, ""name"": ""Romance""}]",en,10.10364,6.5,159,Released,War,1,1,0.8537898571428572,17.370858648025116,2.407272982489605,5.075173815233827
119283,Parker,35000000,46216641,118.0,2013.0,"[{""id"": 28, ""name"": ""Action""}, {""id"": 80, ""name"": ""Crime""}]",en,28.670477,5.7,1455,Released,Action,1,1,1.3204754571428572,17.370858648025116,3.3901525110187976,7.283448228756631
11823,Wimbledon,31000000,41512007,98.0,2004.0,"[{""id"": 35, ""name"": ""Comedy""}, {""id"": 10749, ""name"": ""Romance""}]",en,16.736734,6.0,293,Released,Comedy,1,1,1.339097,17.249497794707484,2.875637856211857,5.683579767338681
35169,Furry Vengeance,35000000,39340177,92.0,2010.0,"[{""id"": 35, ""name"": ""Comedy""}]",en,13.668633,4.6,149,Released,Comedy,1,1,1.124005057142857,17.370858648025116,2.6857114044456343,5.0106352940962555
849,Krull,27000000,16519460,117.0,1983.0,"[{""id"": 14, ""name"": ""Fantasy""}, {""id"": 28, ""name"": ""Action""}, {""id"": 12, ""name"": ""Adventure""}]",en,9.904881,5.8,129,Released,Fantasy,1,1,0.6118318518518518,17.11134746100564,2.3892104871685587,4.867534450455582
4515,Lions for Lambs,35000000,63215872,92.0,2007.0,"[{""id"": 28, ""name"": ""Action""}, {""id"": 12, ""name"": ""Adventure""}, {""id"": 18, ""name"": ""Drama""}, {""id"": 36, ""name"": ""History""}]",en,9.789027,6.0,216,Released,Action,1,1,1.8061677714285715,17.370858648025116,2.378529599114964,5.37989735354046
6575,Walk Hard: The Dewey Cox Story,35000000,18317151,96.0,2007.0,"[{""id"": 35, ""name"": ""Comedy""}, {""id"": 10402, ""name"": ""Music""}]",en,10.73522,6.6,212,Released,Comedy,1,1,0.5233471714285715,17.370858648025116,2.4625945764642836,5.3612921657094255
13496,American Outlaws,35000000,13678913,94.0,2001.0,"[{""id"": 28, ""name"": ""Action""}, {""id"": 37, ""name"": ""Western""}]",en,6.727949,5.7,55,Released,Action,1,1,0.3908260857142857,17.370858648025116,2.044843497509559,4.02535169073515
18320,The Young Victoria,35000000,27409889,105.0,2009.0,"[{""id"": 18, ""name"": ""Drama""}, {""id"": 36, ""name"": ""History""}, {""id"": 10749, ""name"": ""Romance""}]",en,16.343317,7.0,322,Released,Drama,1,1,0.7831396857142857,17.370858648025116,2.8532072448692922,5.777652323222656
22787,Whiteout,40000000,12206028,101.0,2009.0,"[{""id"": 28, ""name"": ""Action""}, {""id"": 80, ""name"": ""Crime""}, {""id"": 9648, ""name"": ""Mystery""}, {""id"": 53, ""name"": ""Thriller""}]",en,14.818718,5.3,220,Released,Action,1,1,0.3051507,17.50439003707821,2.7611939223934074,5.3981627015177525
8967,The Tree of Life,32000000,54674226,139.0,2011.0,"[{""id"": 18, ""name"": ""Drama""}, {""id"": 14, ""name"": ""Fantasy""}]",en,43.862456,6.5,987,Released,Drama,1,1,1.7085695625,17.281246492014,3.8036012756986555,6.895682697747868
144336,Sabotage,35000000,17508518,110.0,2014.0,"[{""id"": 28, ""name"": ""Action""}, {""id"": 18, ""name"": ""Drama""}, {""id"": 53, ""name"": ""Thriller""}, {""id"": 80, ""name"": ""Crime""}]",en,27.903999,5.5,555,Released,Action,1,1,0.5002433714285714,17.370858648025116,3.363979959248051,6.320768294250582
9616,The Order,35000000,11560806,102.0,2003.0,"[{""id"": 18, ""name"": ""Drama""}, {""id"": 14, ""name"": ""Fantasy""}, {""id"": 27, ""name"": ""Horror""}, {""id"": 9648, ""name"": ""Mystery""}, {""id"": 10749, ""name"": ""Romance""}, {""id"": 53, ""name"": ""Thriller""}]",en,3.746806,4.8,91,Released,Drama,1,1,0.3303087428571428,17.370858648025116,1.557471970817486,4.5217885770490405
13056,Punisher: War Zone,20500000,10089373,102.0,2008.0,"[{""id"": 28, ""name"": ""Action""}, {""id"": 80, ""name"": ""Crime""}]",en,17.112498,5.6,294,Released,Action,1,1,0.4921645365853658,16.835935492889124,2.8966021972258145,5.68697535633982
14113,Zoom,35000000,12506188,83.0,2006.0,"[{""id"": 10751, ""name"": ""Family""}, {""id"": 14, ""name"": ""Fantasy""}, {""id"": 35, ""name"": ""Comedy""}]",en,10.304172,4.9,135,Released,Family,1,1,0.3573196571428571,17.370858648025116,2.425171861119262,4.912654885736052
285783,The Walk,35000000,61181942,123.0,2015.0,"[{""id"": 12, ""name"": ""Adventure""}, {""id"": 18, ""name"": ""Drama""}, {""id"": 53, ""name"": ""Thriller""}]",en,37.335721,6.9,1121,Released,Adventure,1,1,1.7480554857142858,17.370858648025116,3.64638212471191,7.022868086082641
9726,A Good Year,35000000,42064105,118.0,2006.0,"[{""id"": 35, ""name"": ""Comedy""}, {""id"": 18, ""name"": ""Drama""}, {""id"": 10749, ""name"": ""Romance""}]",en,16.782471,6.5,357,Released,Comedy,1,1,1.2018315714285714,17.370858648025116,2.878213196807389,5.8805329864007
20763,Radio Flyer,35000000,4651977,114.0,1992.0,"[{""id"": 18, ""name"": ""Drama""}]",en,3.503408,6.6,53,Released,Drama,1,1,0.1329136285714285,17.370858648025116,1.5048344434774268,3.9889840465642745
9280,Femme Fatale,35000000,16838910,114.0,2002.0,"[{""id"": 53, ""name"": ""Thriller""}, {""id"": 80, ""name"": ""Crime""}, {""id"": 10749, ""name"": ""Romance""}]",en,9.07278,6.2,142,Released,Thriller,1,1,0.4811117142857143,17.370858648025116,2.309836736158152,4.962844630259907
11876,The Horseman on the Roof,35000000,15000000,135.0,1995.0,"[{""id"": 10752, ""name"": ""War""}, {""id"": 12, ""name"": ""Adventure""}, {""id"": 18, ""name"": ""Drama""}, {""id"": 10749, ""name"": ""Romance""}]",en,2.877488,6.7,25,Released,War,1,1,0.4285714285714285,17.370858648025116,1.3551875212862052,3.258096538021482
22267,Ride with the Devil,38000000,635096,138.0,1999.0,"[{""id"": 18, ""name"": ""Drama""}, {""id"": 10752, ""name"": ""War""}, {""id"": 10749, ""name"": ""Romance""}, {""id"": 37, ""name"": ""Western""}]",en,5.516207,6.6,49,Released,Drama,1,1,0.0167130526315789,17.453096744006448,1.874292458191009,3.912023005428146
1969,Bandidas,35000000,10496317,93.0,2006.0,"[{""id"": 28, ""name"": ""Action""}, {""id"": 35, ""name"": ""Comedy""}, {""id"": 37, ""name"": ""Western""}, {""id"": 80, ""name"": ""Crime""}]",es,20.27704,5.8,307,Released,Action,1,1,0.2998947714285714,17.370858648025116,3.057628557054094,5.730099782973575
198663,The Maze Runner,34000000,348319861,113.0,2014.0,"[{""id"": 28, ""name"": ""Action""}, {""id"": 9648, ""name"": ""Mystery""}, {""id"": 878, ""name"": ""Science Fiction""}, {""id"": 53, ""name"": ""Thriller""}]",en,131.815575,7.0,5371,Released,Action,1,1,10.244701794117647,17.341871111992198,4.888961511791887,8.588955557643128
239573,Unfinished Business,35000000,14431253,91.0,2015.0,"[{""id"": 35, ""name"": ""Comedy""}]",en,16.832312,5.0,320,Released,Comedy,1,1,0.4123215142857143,17.370858648025116,2.881012092565766,5.771441123130016
10436,The Age of Innocence,34000000,32255440,139.0,1993.0,"[{""id"": 18, ""name"": ""Drama""}, {""id"": 10749, ""name"": ""Romance""}]",en,9.133747,7.0,169,Released,Drama,1,1,0.948689411764706,17.341871111992198,2.315871141279277,5.135798437050262
1381,The Fountain,35000000,15304890,96.0,2006.0,"[{""id"": 18, ""name"": ""Drama""}, {""id"": 12, ""name"": ""Adventure""}, {""id"": 878, ""name"": ""Science Fiction""}, {""id"": 10749, ""name"": ""Romance""}]",en,24.606012,6.8,827,Released,Drama,1,1,0.4372825714285714,17.370858648025116,3.24282716766404,6.71901315438526
2162,Chill Factor,70000000,11263966,101.0,1999.0,"[{""id"": 28, ""name"": ""Action""}, {""id"": 35, ""name"": ""Comedy""}, {""id"": 53, ""name"": ""Thriller""}]",en,3.276912,5.3,29,Released,Action,1,1,0.1609138,18.064005814299346,1.4532312538635885,3.4011973816621555
127493,Stolen,35000000,2106557,96.0,2012.0,"[{""id"": 28, ""name"": ""Action""}, {""id"": 80, ""name"": ""Crime""}, {""id"": 18, ""name"": ""Drama""}, {""id"": 53, ""name"": ""Thriller""}]",en,16.830184,5.1,344,Released,Action,1,1,0.0601873428571428,17.370858648025116,2.880892751507724,5.84354441703136
12429,Ponyo,41677699,187479518,100.0,2008.0,"[{""id"": 16, ""name"": ""Animation""}, {""id"": 10751, ""name"": ""Family""}]",ja,39.58676,7.5,926,Released,Animation,1,1,4.498317385515933,17.545476771545133,3.703441905048404,6.831953565565855
228205,The Longest Ride,34000000,63013281,128.0,2015.0,"[{""id"": 18, ""name"": ""Drama""}, {""id"": 10749, ""name"": ""Romance""}]",en,41.946523,7.3,1064,Released,Drama,1,1,1.853331794117647,17.341871111992198,3.759955690554894,6.970730078143525
2900,The Astronaut's Wife,75000000,19598588,109.0,1999.0,"[{""id"": 18, ""name"": ""Drama""}, {""id"": 878, ""name"": ""Science Fiction""}, {""id"": 53, ""name"": ""Thriller""}]",en,20.697556,5.4,254,Released,Drama,1,1,0.2613145066666666,18.132998684833918,3.077199627475437,5.541263545158426
192136,Mandela: Long Walk to Freedom,35000000,27330000,141.0,2013.0,"[{""id"": 18, ""name"": ""Drama""}, {""id"": 36, ""name"": ""History""}]",en,15.50957,6.5,224,Released,Drama,1,1,0.7808571428571428,17.370858648025116,2.803940212771544,5.41610040220442
18254,Reds,32000000,40382659,195.0,1981.0,"[{""id"": 18, ""name"": ""Drama""}, {""id"": 36, ""name"": ""History""}]",en,4.602185,7.1,67,Released,Drama,1,1,1.26195809375,17.281246492014,1.7231567002126678,4.219507705176107
881,A Few Good Men,40000000,243240178,138.0,1992.0,"[{""id"": 18, ""name"": ""Drama""}]",en,40.379966,7.1,877,Released,Drama,1,1,6.08100445,17.50439003707821,3.722796850664087,6.777646593635117
10877,Exit Wounds,50000000,79958599,101.0,2001.0,"[{""id"": 28, ""name"": ""Action""}, {""id"": 80, ""name"": ""Crime""}, {""id"": 53, ""name"": ""Thriller""}]",en,12.601306,5.3,110,Released,Action,1,1,1.59917198,17.72753358339242,2.6101658175432423,4.709530201312334
9600,Big Momma's House,30000000,173959438,98.0,2000.0,"[{""id"": 80, ""name"": ""Crime""}, {""id"": 35, ""name"": ""Comedy""}]",en,24.389194,5.6,506,Released,Crime,1,1,5.798647933333333,17.216707972959764,3.2343236504313007,6.2285110035911835
71469,The Darkest Hour,30000000,64626786,89.0,2011.0,"[{""id"": 27, ""name"": ""Horror""}, {""id"": 28, ""name"": ""Action""}, {""id"": 53, ""name"": ""Thriller""}, {""id"": 878, ""name"": ""Science Fiction""}]",en,23.328823,4.8,469,Released,Horror,1,1,2.1542262,17.216707972959764,3.191661779135321,6.152732694704104
85446,Step Up Revolution,33000000,140470746,99.0,2012.0,"[{""id"": 10402, ""name"": ""Music""}, {""id"": 18, ""name"": ""Drama""}, {""id"": 10749, ""name"": ""Romance""}]",en,29.775441,6.7,663,Released,Music,1,1,4.2566892727272725,17.312018149733785,3.4267170017810065,6.498282149476434
326,Snakes on a Plane,33000000,62022014,105.0,2006.0,"[{""id"": 28, ""name"": ""Action""}, {""id"": 80, ""name"": ""Crime""}, {""id"": 27, ""name"": ""Horror""}, {""id"": 53, ""name"": ""Thriller""}]",en,19.642328,5.1,497,Released,Action,1,1,1.8794549696969696,17.312018149733785,3.0273437249506436,6.210600077024653
7220,The Punisher,33000000,54700105,124.0,2004.0,"[{""id"": 28, ""name"": ""Action""}, {""id"": 80, ""name"": ""Crime""}, {""id"": 18, ""name"": ""Drama""}]",en,35.099611,6.1,766,Released,Action,1,1,1.6575789393939393,17.312018149733785,3.586282089657509,6.642486801367256
9763,Goal!: The Dream Begins,30000000,27610873,118.0,2005.0,"[{""id"": 18, ""name"": ""Drama""}]",en,16.541791,6.6,238,Released,Drama,1,1,0.9203624333333332,17.216707972959764,2.8645860911953025,5.476463551931511
72387,Safe,30000000,40346186,94.0,2012.0,"[{""id"": 28, ""name"": ""Action""}, {""id"": 80, ""name"": ""Crime""}, {""id"": 53, ""name"": ""Thriller""}]",en,31.92695,6.3,799,Released,Action,1,1,1.3448728666666667,17.216707972959764,3.4942914713881117,6.684611727667927
1892,Return of the Jedi,32350000,572700000,135.0,1983.0,"[{""id"": 12, ""name"": ""Adventure""}, {""id"": 28, ""name"": ""Action""}, {""id"": 878, ""name"": ""Science Fiction""}]",en,46.509071,7.9,4665,Released,Adventure,1,1,17.7032457496136,17.292124609823084,3.8609206612295,8.448057452581375
13460,Doomsday,30000000,22211426,108.0,2008.0,"[{""id"": 28, ""name"": ""Action""}, {""id"": 53, ""name"": ""Thriller""}, {""id"": 878, ""name"": ""Science Fiction""}]",en,21.538222,5.8,363,Released,Action,1,1,0.7403808666666667,17.216707972959764,3.115212623512705,5.8971538676367405
8055,The Reader,32000000,113019290,124.0,2008.0,"[{""id"": 18, ""name"": ""Drama""}, {""id"": 10749, ""name"": ""Romance""}]",en,33.923786,7.2,813,Released,Drama,1,1,3.5318528125,17.281246492014,3.5531681443384464,6.70196036600254
50647,Wanderlust,35000000,24159934,98.0,2012.0,"[{""id"": 35, ""name"": ""Comedy""}]",en,20.908494,5.3,394,Released,Comedy,1,1,0.6902838285714286,17.370858648025116,3.08687441550786,5.978885764901122
10719,Elf,32000000,173398518,97.0,2003.0,"[{""id"": 35, ""name"": ""Comedy""}, {""id"": 10751, ""name"": ""Family""}, {""id"": 14, ""name"": ""Fantasy""}]",en,16.901954,6.4,987,Released,Comedy,1,1,5.4187036875,17.281246492014,2.884909868900144,6.895682697747868
9294,Phenomenon,32000000,152036382,123.0,1996.0,"[{""id"": 18, ""name"": ""Drama""}, {""id"": 14, ""name"": ""Fantasy""}, {""id"": 10749, ""name"": ""Romance""}, {""id"": 878, ""name"": ""Science Fiction""}]",en,15.039407,6.2,323,Released,Drama,1,1,4.7511369375,17.281246492014,2.7750486316801455,5.780743515792329
9353,Nacho Libre,32000000,80197993,92.0,2006.0,"[{""id"": 35, ""name"": ""Comedy""}, {""id"": 10751, ""name"": ""Family""}]",en,14.642055,5.6,359,Released,Comedy,1,1,2.50618728125,17.281246492014,2.74996312034764,5.886104031450156
55721,Bridesmaids,32500000,288383523,125.0,2011.0,"[{""id"": 35, ""name"": ""Comedy""}, {""id"": 10749, ""name"": ""Romance""}]",en,17.107065,6.5,1661,Released,Comedy,1,1,8.87333916923077,17.296750678069195,2.8963021936039737,7.415776975415394
109414,This Is the End,32000000,126041322,107.0,2013.0,"[{""id"": 28, ""name"": ""Action""}, {""id"": 35, ""name"": ""Comedy""}]",en,38.21708,6.3,2359,Released,Action,1,1,3.9387913125,17.281246492014,3.669112366186226,7.7664168980196555
10307,Stigmata,29000000,50041732,103.0,1999.0,"[{""id"": 27, ""name"": ""Horror""}]",en,14.993169,6.0,242,Released,Horror,1,1,1.7255769655172415,17.182806422433504,2.7721616935760185,5.493061443340548
11978,Men of Honor,32000000,48814909,129.0,2000.0,"[{""id"": 18, ""name"": ""Drama""}]",en,24.147269,7.0,544,Released,Drama,1,1,1.52546590625,17.281246492014,3.224749302180409,6.300785794663244
22907,Takers,32000000,69055695,107.0,2010.0,"[{""id"": 28, ""name"": ""Action""}, {""id"": 80, ""name"": ""Crime""}, {""id"": 18, ""name"": ""Drama""}, {""id"": 53, ""name"": ""Thriller""}]",en,18.47242,6.0,394,Released,Action,1,1,2.15799046875,17.281246492014,2.9689991054455867,5.978885764901122
87567,The Big Wedding,35000000,21819348,90.0,2013.0,"[{""id"": 35, ""name"": ""Comedy""}]",en,18.84332,5.7,414,Released,Comedy,1,1,0.6234099428571429,17.370858648025116,2.987867426566844,6.028278520230698
38322,"Big Mommas: Like Father, Like Son",32000000,83615414,107.0,2011.0,"[{""id"": 80, ""name"": ""Crime""}, {""id"": 35, ""name"": ""Comedy""}, {""id"": 28, ""name"": ""Action""}]",en,15.901137,5.3,313,Released,Crime,1,1,2.6129816875,17.281246492014,2.8273808977724664,5.749392985908253
45612,Source Code,32000000,147332697,93.0,2011.0,"[{""id"": 53, ""name"": ""Thriller""}, {""id"": 878, ""name"": ""Science Fiction""}, {""id"": 9648, ""name"": ""Mystery""}]",en,59.19888,7.1,2699,Released,Thriller,1,1,4.60414678125,17.281246492014,4.097653747490544,7.90100705199242
7305,Alive,32000000,36733909,120.0,1993.0,"[{""id"": 28, ""name"": ""Action""}, {""id"": 12, ""name"": ""Adventure""}, {""id"": 18, ""name"": ""Drama""}, {""id"": 53, ""name"": ""Thriller""}]",en,14.48851,6.7,374,Released,Action,1,1,1.14793465625,17.281246492014,2.740098458711091,5.926926025970411
3594,The Number 23,30000000,77566815,101.0,2007.0,"[{""id"": 53, ""name"": ""Thriller""}, {""id"": 18, ""name"": ""Drama""}, {""id"": 9648, ""name"": ""Mystery""}]",en,23.197408,6.3,1018,Released,Thriller,1,1,2.5855605,17.216707972959764,3.186245519988213,6.926577033222725
157841,The Young and Prodigious T.S. Spivet,33000000,9494789,105.0,2013.0,"[{""id"": 12, ""name"": ""Adventure""}, {""id"": 18, ""name"": ""Drama""}, {""id"": 10751, ""name"": ""Family""}]",en,10.651202,6.7,232,Released,Adventure,1,1,0.2877208787878788,17.312018149733785,2.455409350655101,5.4510384535657
11519,1941,35000000,31755742,113.0,1979.0,"[{""id"": 28, ""name"": ""Action""}, {""id"": 35, ""name"": ""Comedy""}]",en,10.032626,5.6,143,Released,Action,1,1,0.9073069142857144,17.370858648025116,2.4008568828985237,4.969813299576001
59,A History of Violence,32000000,60740827,96.0,2005.0,"[{""id"": 18, ""name"": ""Drama""}, {""id"": 53, ""name"": ""Thriller""}, {""id"": 80, ""name"": ""Crime""}]",en,34.628738,6.9,832,Released,Drama,1,1,1.89815084375,17.281246492014,3.5731525594002234,6.725033642166843
9335,Transporter 2,32000000,85167639,87.0,2005.0,"[{""id"": 28, ""name"": ""Action""}, {""id"": 53, ""name"": ""Thriller""}, {""id"": 80, ""name"": ""Crime""}]",en,47.5612,6.2,1061,Released,Action,1,1,2.66148871875,17.281246492014,3.8828248581427838,6.967909201801884
12106,The Quick and the Dead,32000000,18552460,107.0,1995.0,"[{""id"": 28, ""name"": ""Action""}, {""id"": 37, ""name"": ""Western""}]",en,16.473355,6.3,427,Released,Action,1,1,0.579764375,17.281246492014,2.8606771492111207,6.059123195581797
11141,Laws of Attraction,28000000,30016165,90.0,2004.0,"[{""id"": 28, ""name"": ""Action""}, {""id"": 35, ""name"": ""Comedy""}, {""id"": 10749, ""name"": ""Romance""}, {""id"": 53, ""name"": ""Thriller""}]",en,6.201404,5.6,104,Released,Action,1,1,1.0720058928571428,17.147715103853763,1.974276007011981,4.653960350157523
31867,Repo Men,32000000,18409891,111.0,2010.0,"[{""id"": 28, ""name"": ""Action""}, {""id"": 878, ""name"": ""Science Fiction""}, {""id"": 53, ""name"": ""Thriller""}, {""id"": 80, ""name"": ""Crime""}]",en,25.799697,6.2,620,Released,Action,1,1,0.57530909375,17.281246492014,3.2883905814827488,6.431331081933479
10253,Dragon Wars: D-War,70000000,53587404,90.0,2007.0,"[{""id"": 14, ""name"": ""Fantasy""}, {""id"": 18, ""name"": ""Drama""}, {""id"": 27, ""name"": ""Horror""}, {""id"": 28, ""name"": ""Action""}, {""id"": 53, ""name"": ""Thriller""}, {""id"": 878, ""name"": ""Science Fiction""}]",ko,4.822033,4.0,104,Released,Fantasy,1,1,0.7655343428571428,18.064005814299346,1.7616495134626406,4.653960350157523
124459,The Incredible Burt Wonderstone,30000000,27437881,100.0,2013.0,"[{""id"": 35, ""name"": ""Comedy""}]",en,26.9385,5.3,724,Released,Comedy,1,1,0.9145960333333332,17.216707972959764,3.3300056659166364,6.586171654854675
24662,Cats Don't Dance,32000000,3566637,75.0,1997.0,"[{""id"": 16, ""name"": ""Animation""}, {""id"": 35, ""name"": ""Comedy""}, {""id"": 10751, ""name"": ""Family""}, {""id"": 10402, ""name"": ""Music""}]",en,4.098444,7.1,24,Released,Animation,1,1,0.11145740625,17.281246492014,1.6289353951391887,3.2188758248682006
182,The Good German,32000000,5914908,108.0,2006.0,"[{""id"": 10752, ""name"": ""War""}, {""id"": 80, ""name"": ""Crime""}, {""id"": 18, ""name"": ""Drama""}, {""id"": 9648, ""name"": ""Mystery""}, {""id"": 10749, ""name"": ""Romance""}, {""id"": 53, ""name"": ""Thriller""}]",en,5.347936,5.9,86,Released,War,1,1,0.184840875,17.281246492014,1.8481297206977758,4.465908118654584
28,Apocalypse Now,31500000,89460381,153.0,1979.0,"[{""id"": 18, ""name"": ""Drama""}, {""id"": 10752, ""name"": ""War""}]",en,49.973462,8.0,2055,Released,Drama,1,1,2.8400120952380954,17.265498135541893,3.9313051443525744,7.628517626575055
38073,Going the Distance,32000000,42045846,102.0,2010.0,"[{""id"": 35, ""name"": ""Comedy""}, {""id"": 18, ""name"": ""Drama""}, {""id"": 10749, ""name"": ""Romance""}]",en,13.611544,6.0,262,Released,Comedy,1,1,1.3139326875,17.281246492014,2.6818119012191435,5.572154032177765
302156,Criminal,31500000,14708696,113.0,2016.0,"[{""id"": 28, ""name"": ""Action""}]",en,27.891012,5.7,557,Released,Action,1,1,0.4669427301587301,17.265498135541893,3.3635305432865734,6.324358962381311
606,Out of Africa,31000000,128499205,161.0,1985.0,"[{""id"": 18, ""name"": ""Drama""}]",en,13.864975,7.0,279,Released,Drama,1,1,4.14513564516129,17.249497794707484,2.699007774645754,5.634789603169249
87502,Flight,31000000,161772375,138.0,2012.0,"[{""id"": 18, ""name"": ""Drama""}]",en,42.213765,6.5,2415,Released,Drama,1,1,5.21846370967742,17.249497794707484,3.766159078756209,7.789868559054706
698,Moonraker,34000000,210308099,126.0,1979.0,"[{""id"": 28, ""name"": ""Action""}, {""id"": 12, ""name"": ""Adventure""}, {""id"": 53, ""name"": ""Thriller""}, {""id"": 878, ""name"": ""Science Fiction""}]",en,29.887404,5.9,541,Released,Action,1,1,6.185532323529412,17.341871111992198,3.430348463256479,6.295266001439646
120467,The Grand Budapest Hotel,30000000,174600318,99.0,2014.0,"[{""id"": 35, ""name"": ""Comedy""}, {""id"": 18, ""name"": ""Drama""}]",en,74.417456,8.0,4519,Released,Comedy,1,1,5.8200106,17.216707972959764,4.323038760155497,8.416267272826277
11313,Hearts in Atlantis,31000000,24185781,101.0,2001.0,"[{""id"": 18, ""name"": ""Drama""}, {""id"": 9648, ""name"": ""Mystery""}]",en,7.06762,6.4,131,Released,Drama,1,1,0.7801864838709678,17.249497794707484,2.087858519329792,4.882801922586371
6488,Arachnophobia,31000000,53208180,103.0,1990.0,"[{""id"": 35, ""name"": ""Comedy""}, {""id"": 27, ""name"": ""Horror""}]",en,15.895661,6.2,433,Released,Comedy,1,1,1.7163929032258065,17.249497794707484,2.8270568434021133,6.073044534100405
10559,Frequency,31000000,68106245,118.0,2000.0,"[{""id"": 80, ""name"": ""Crime""}, {""id"": 18, ""name"": ""Drama""}, {""id"": 878, ""name"": ""Science Fiction""}, {""id"": 53, ""name"": ""Thriller""}]",en,19.258041,7.0,462,Released,Crime,1,1,2.1969756451612903,17.249497794707484,3.0085518011543533,6.137727054086234
296099,Vacation,31000000,104384188,99.0,2015.0,"[{""id"": 35, ""name"": ""Comedy""}]",en,47.753598,6.2,1195,Released,Comedy,1,1,3.367231870967742,17.249497794707484,3.886778999848597,7.086737934510577
8012,Get Shorty,30250000,115101622,105.0,1995.0,"[{""id"": 35, ""name"": ""Comedy""}, {""id"": 53, ""name"": ""Thriller""}, {""id"": 80, ""name"": ""Crime""}]",en,15.585138,6.4,302,Released,Comedy,1,1,3.805012297520661,17.225006775498976,2.80850699313618,5.713732805509369
1574,Chicago,45000000,306776732,113.0,2002.0,"[{""id"": 28, ""name"": ""Action""}, {""id"": 35, ""name"": ""Comedy""}, {""id"": 80, ""name"": ""Crime""}, {""id"": 18, ""name"": ""Drama""}, {""id"": 10402, ""name"": ""Music""}]",en,32.217425,6.9,677,Released,Action,1,1,6.817260711111111,17.622173069956816,3.503074587634762,6.519147287940395
9032,Big Daddy,34200000,234801895,93.0,1999.0,"[{""id"": 35, ""name"": ""Comedy""}, {""id"": 18, ""name"": ""Drama""}]",en,34.86859,6.1,875,Released,Comedy,1,1,6.865552485380117,17.3477362312726,3.5798619821571465,6.775366090936392
2770,American Pie 2,30000000,287553595,108.0,2001.0,"[{""id"": 35, ""name"": ""Comedy""}, {""id"": 10749, ""name"": ""Romance""}]",en,36.432598,6.0,1344,Released,Comedy,1,1,9.585119833333334,17.216707972959764,3.6225419290721255,7.20414929203594
862,Toy Story,30000000,373554033,81.0,1995.0,"[{""id"": 16, ""name"": ""Animation""}, {""id"": 35, ""name"": ""Comedy""}, {""id"": 10751, ""name"": ""Family""}]",en,73.640445,7.7,5269,Released,Animation,1,1,12.4518011,17.216707972959764,4.312682518472013,8.569785641535407
1637,Speed,30000000,350448145,116.0,1994.0,"[{""id"": 28, ""name"": ""Action""}, {""id"": 12, ""name"": ""Adventure""}, {""id"": 80, ""name"": ""Crime""}]",en,49.526736,6.8,1783,Released,Action,1,1,11.681604833333331,17.216707972959764,3.9225026219275247,7.486613313139955
72570,The Vow,30000000,196114570,104.0,2012.0,"[{""id"": 18, ""name"": ""Drama""}, {""id"": 10749, ""name"": ""Romance""}]",en,26.780961,7.0,1293,Released,Drama,1,1,6.537152333333333,17.216707972959764,3.3243509299604073,7.165493475060845
27569,Extraordinary Measures,31000000,15134293,105.0,2010.0,"[{""id"": 18, ""name"": ""Drama""}]",en,6.487344,6.0,89,Released,Drama,1,1,0.488203,17.249497794707484,2.013214128499981,4.499809670330265
10637,Remember the Titans,30000000,136706683,113.0,2000.0,"[{""id"": 18, ""name"": ""Drama""}]",en,25.996219,7.4,821,Released,Drama,1,1,4.556889433333334,17.216707972959764,3.295696819161191,6.71174039505618
1669,The Hunt for Red October,30000000,199200000,134.0,1990.0,"[{""id"": 28, ""name"": ""Action""}, {""id"": 12, ""name"": ""Adventure""}, {""id"": 53, ""name"": ""Thriller""}]",en,46.212155,7.2,957,Released,Action,1,1,6.64,17.216707972959764,3.8546513806250613,6.86484777797086
132363,The Butler,25000000,115922175,132.0,2013.0,"[{""id"": 18, ""name"": ""Drama""}]",en,32.105328,7.2,1101,Released,Drama,1,1,4.636887,17.034386422832473,3.499694236196629,7.00488198971286
9472,DodgeBall: A True Underdog Story,20000000,167722310,92.0,2004.0,"[{""id"": 35, ""name"": ""Comedy""}]",en,41.156217,6.2,981,Released,Comedy,1,1,8.3861155,16.811242881518265,3.741382170605647,6.889591308354466
2907,The Addams Family,30000000,191502426,99.0,1991.0,"[{""id"": 27, ""name"": ""Horror""}, {""id"": 35, ""name"": ""Comedy""}, {""id"": 14, ""name"": ""Fantasy""}]",en,37.179547,6.7,848,Released,Horror,1,1,6.3834142,17.216707972959764,3.6422999533765066,6.744059186311348
9273,Ace Ventura: When Nature Calls,30000000,212385533,90.0,1995.0,"[{""id"": 80, ""name"": ""Crime""}, {""id"": 35, ""name"": ""Comedy""}, {""id"": 12, ""name"": ""Adventure""}]",en,34.391792,6.1,1099,Released,Crime,1,1,7.079517766666667,17.216707972959764,3.5664799288482416,7.003065458786462
9880,The Princess Diaries,37000000,165335153,115.0,2001.0,"[{""id"": 35, ""name"": ""Comedy""}, {""id"": 10751, ""name"": ""Family""}, {""id"": 10749, ""name"": ""Romance""}]",en,40.176265,6.5,1023,Released,Comedy,1,1,4.468517648648649,17.426428497635523,3.7178619981175816,6.931471805599453
2925,The First Wives Club,26000000,116400000,102.0,1996.0,"[{""id"": 35, ""name"": ""Comedy""}]",en,10.704596,6.5,166,Released,Comedy,1,1,4.476923076923077,17.073607134447293,2.4599815851827525,5.117993812416755
807,Se7en,33000000,327311859,127.0,1995.0,"[{""id"": 80, ""name"": ""Crime""}, {""id"": 9648, ""name"": ""Mystery""}, {""id"": 53, ""name"": ""Thriller""}]",en,79.579532,8.1,5765,Released,Crime,1,1,9.91854118181818,17.312018149733785,4.389244671853558,8.659733878198347
17654,District 9,30000000,210819611,112.0,2009.0,"[{""id"": 878, ""name"": ""Science Fiction""}]",en,63.13678,7.3,3382,Released,Science Fiction,1,1,7.027320366666666,17.216707972959764,4.161017990323178,8.12651816878071
11836,The SpongeBob SquarePants Movie,30000000,140161792,87.0,2004.0,"[{""id"": 16, ""name"": ""Animation""}, {""id"": 35, ""name"": ""Comedy""}, {""id"": 10751, ""name"": ""Family""}]",en,27.870755,6.7,574,Released,Animation,1,1,4.672059733333334,17.216707972959764,3.3628291450474763,6.354370040797351
322,Mystic River,25000000,156822020,138.0,2003.0,"[{""id"": 53, ""name"": ""Thriller""}, {""id"": 80, ""name"": ""Crime""}, {""id"": 18, ""name"": ""Drama""}, {""id"": 9648, ""name"": ""Mystery""}]",en,31.242999,7.6,1422,Released,Thriller,1,1,6.2728808,17.034386422832473,3.4733009344040453,7.260522598089852
70,Million Dollar Baby,30000000,216763646,132.0,2004.0,"[{""id"": 18, ""name"": ""Drama""}]",en,70.456012,7.7,2439,Released,Drama,1,1,7.225454866666666,17.216707972959764,4.269082043593246,7.799753318287247
9535,Analyze This,80000000,176885658,103.0,1999.0,"[{""id"": 35, ""name"": ""Comedy""}, {""id"": 80, ""name"": ""Crime""}]",en,29.415229,6.4,503,Released,Comedy,1,1,2.211070725,18.197537205138154,3.4149434369240055,6.222576268071369
11036,The Notebook,29000000,115603229,123.0,2004.0,"[{""id"": 10749, ""name"": ""Romance""}, {""id"": 18, ""name"": ""Drama""}]",en,55.109138,7.7,3067,Released,Romance,1,1,3.98631824137931,17.182806422433504,4.027298686964424,8.028781162487146
6557,27 Dresses,30000000,160259319,111.0,2008.0,"[{""id"": 35, ""name"": ""Comedy""}, {""id"": 10749, ""name"": ""Romance""}]",en,30.695228,6.1,978,Released,Comedy,1,1,5.3419773,17.216707972959764,3.4561661332739098,6.88653164253051
18126,Hannah Montana: The Movie,35000000,155545279,102.0,2009.0,"[{""id"": 35, ""name"": ""Comedy""}, {""id"": 18, ""name"": ""Drama""}, {""id"": 10751, ""name"": ""Family""}, {""id"": 10402, ""name"": ""Music""}, {""id"": 10749, ""name"": ""Romance""}]",en,13.788422,6.0,449,Released,Comedy,1,1,4.444150828571429,17.370858648025116,2.6938445773185618,6.1092475827643655
16340,Rugrats in Paris: The Movie,30,103,78.0,2000.0,"[{""id"": 12, ""name"": ""Adventure""}, {""id"": 16, ""name"": ""Animation""}, {""id"": 35, ""name"": ""Comedy""}, {""id"": 10751, ""name"": ""Family""}]",it,4.590277,6.0,100,Released,Adventure,1,1,3.433333333333333,3.4339872044851463,1.7210288387121184,4.61512051684126
10333,The Prince of Tides,30000000,74787599,132.0,1991.0,"[{""id"": 18, ""name"": ""Drama""}, {""id"": 10749, ""name"": ""Romance""}]",en,3.845231,5.9,56,Released,Drama,1,1,2.492919966666667,17.216707972959764,1.577994922224745,4.04305126783455
4476,Legends of the Fall,30000000,160638883,133.0,1994.0,"[{""id"": 12, ""name"": ""Adventure""}, {""id"": 18, ""name"": ""Drama""}, {""id"": 10749, ""name"": ""Romance""}, {""id"": 10752, ""name"": ""War""}]",en,26.952727,7.2,619,Released,Adventure,1,1,5.354629433333334,17.216707972959764,3.3305147619258286,6.429719478039138
22947,Up in the Air,25000000,163670000,109.0,2009.0,"[{""id"": 18, ""name"": ""Drama""}, {""id"": 10749, ""name"": ""Romance""}]",en,33.704181,6.7,1205,Released,Drama,1,1,6.5468,17.034386422832473,3.5468601696080317,7.095064377287131
2755,About Schmidt,30000000,105834556,125.0,2002.0,"[{""id"": 18, ""name"": ""Drama""}, {""id"": 35, ""name"": ""Comedy""}]",en,19.925026,6.7,362,Released,Drama,1,1,3.5278185333333334,17.216707972959764,3.0409458589076226,5.8944028342648505
82654,Warm Bodies,35000000,116980662,97.0,2013.0,"[{""id"": 27, ""name"": ""Horror""}, {""id"": 35, ""name"": ""Comedy""}, {""id"": 10749, ""name"": ""Romance""}]",en,43.742241,6.4,2652,Released,Horror,1,1,3.3423046285714286,17.370858648025116,3.800918044213005,7.88344635413774
59967,Looper,30000000,47042000,118.0,2012.0,"[{""id"": 28, ""name"": ""Action""}, {""id"": 53, ""name"": ""Thriller""}, {""id"": 878, ""name"": ""Science Fiction""}]",en,46.377628,6.6,4697,Released,Action,1,1,1.5680666666666667,17.216707972959764,3.8581501341595743,8.454892165218858
9598,Babe,30000000,254134910,89.0,1995.0,"[{""id"": 14, ""name"": ""Fantasy""}, {""id"": 18, ""name"": ""Drama""}, {""id"": 35, ""name"": ""Comedy""}, {""id"": 10751, ""name"": ""Family""}]",en,34.36645,6.0,733,Released,Fantasy,1,1,8.471163666666667,17.216707972959764,3.5657636306371145,6.598509028614515
82696,Hope Springs,30000000,114281051,100.0,2012.0,"[{""id"": 18, ""name"": ""Drama""}, {""id"": 35, ""name"": ""Comedy""}, {""id"": 10749, ""name"": ""Romance""}]",en,12.967137,5.8,284,Released,Drama,1,1,3.8093683666666665,17.216707972959764,2.6367072131106393,5.652489180268651
9870,Forgetting Sarah Marshall,30000000,105173115,111.0,2008.0,"[{""id"": 35, ""name"": ""Comedy""}, {""id"": 10749, ""name"": ""Romance""}, {""id"": 18, ""name"": ""Drama""}]",en,50.670253,6.4,1172,Released,Comedy,1,1,3.5057705,17.216707972959764,3.944882238745399,7.067319848653476
8292,Four Brothers,45000000,92374674,109.0,2005.0,"[{""id"": 28, ""name"": ""Action""}, {""id"": 80, ""name"": ""Crime""}]",en,24.694551,6.7,607,Released,Action,1,1,2.0527705333333333,17.622173069956816,3.246278946074743,6.410174881966167
8780,Baby Mama,30000000,63833449,99.0,2008.0,"[{""id"": 35, ""name"": ""Comedy""}]",en,11.409124,5.8,205,Released,Comedy,1,1,2.127781633333333,17.216707972959764,2.518432008489755,5.327876168789581
10521,Bride Wars,30000000,114663461,89.0,2009.0,"[{""id"": 35, ""name"": ""Comedy""}]",en,33.385429,5.9,856,Released,Comedy,1,1,3.8221153666666665,17.216707972959764,3.5376328990644805,6.75343791859778
10762,Without a Paddle,19000000,69631118,95.0,2004.0,"[{""id"": 28, ""name"": ""Action""}, {""id"": 12, ""name"": ""Adventure""}, {""id"": 35, ""name"": ""Comedy""}, {""id"": 53, ""name"": ""Thriller""}]",en,8.584398,5.3,214,Released,Action,1,1,3.6647956842105263,16.759949589762293,2.2601365680567587,5.3706380281276624
10096,13 Going on 30,37000000,96455697,98.0,2004.0,"[{""id"": 35, ""name"": ""Comedy""}, {""id"": 14, ""name"": ""Fantasy""}, {""id"": 10749, ""name"": ""Romance""}]",en,41.569541,6.3,1204,Released,Comedy,1,1,2.6069107297297296,17.426428497635523,3.7511389975409175,7.094234845924755
59436,Midnight in Paris,30000000,151119219,94.0,2011.0,"[{""id"": 14, ""name"": ""Fantasy""}, {""id"": 35, ""name"": ""Comedy""}, {""id"": 10749, ""name"": ""Romance""}]",en,43.753585,7.4,1990,Released,Fantasy,1,1,5.0373073,17.216707972959764,3.8011715532439347,7.596392304064196
4133,Blow,53000000,83282296,124.0,2001.0,"[{""id"": 80, ""name"": ""Crime""}, {""id"": 18, ""name"": ""Drama""}]",en,28.350529,7.4,1317,Released,Crime,1,1,1.5713640754716982,17.78580249038432,3.379310569961763,7.183870715062453
10207,Message in a Bottle,80000000,118880016,131.0,1999.0,"[{""id"": 10749, ""name"": ""Romance""}, {""id"": 18, ""name"": ""Drama""}]",en,10.81051,5.8,196,Released,Romance,1,1,1.4860002,18.197537205138154,2.468989813019471,5.2832037287379885
172,Star Trek V: The Final Frontier,30000000,70200000,107.0,1989.0,"[{""id"": 878, ""name"": ""Science Fiction""}, {""id"": 28, ""name"": ""Action""}, {""id"": 12, ""name"": ""Adventure""}, {""id"": 53, ""name"": ""Thriller""}]",en,19.578249,5.6,376,Released,Science Fiction,1,1,2.34,17.216707972959764,3.024234644181703,5.932245187448011
36593,The Naked Gun 33⅓: The Final Insult,30000000,51132598,83.0,1994.0,"[{""id"": 35, ""name"": ""Comedy""}, {""id"": 80, ""name"": ""Crime""}]",en,28.624038,6.3,521,Released,Comedy,1,1,1.7044199333333334,17.216707972959764,3.3885861263542103,6.257667587882639
707,A View to a Kill,30000000,152427960,131.0,1985.0,"[{""id"": 12, ""name"": ""Adventure""}, {""id"": 28, ""name"": ""Action""}, {""id"": 53, ""name"": ""Thriller""}]",en,27.230493,6.0,506,Released,Adventure,1,1,5.080932,17.216707972959764,3.340402705804018,6.2285110035911835
533,The Curse of the Were-Rabbit,30000000,192452832,85.0,2005.0,"[{""id"": 12, ""name"": ""Adventure""}, {""id"": 16, ""name"": ""Animation""}, {""id"": 35, ""name"": ""Comedy""}, {""id"": 10751, ""name"": ""Family""}]",en,30.380747,6.8,643,Released,Adventure,1,1,6.4150944,17.216707972959764,3.446194551992872,6.467698726104354
6023,P.S. I Love You,30000000,156835339,126.0,2007.0,"[{""id"": 18, ""name"": ""Drama""}, {""id"": 10749, ""name"": ""Romance""}]",en,29.489274,6.9,977,Released,Drama,1,1,5.2278446333333335,17.216707972959764,3.417374949631073,6.885509670034818
6439,Racing Stripes,30000000,93772522,102.0,2005.0,"[{""id"": 35, ""name"": ""Comedy""}]",en,8.058109,5.1,123,Released,Comedy,1,1,3.125750733333333,17.216707972959764,2.203660378623112,4.820281565605037
4347,Atonement,30000000,129266061,123.0,2007.0,"[{""id"": 18, ""name"": ""Drama""}, {""id"": 10749, ""name"": ""Romance""}]",en,33.369305,7.4,1049,Released,Drama,1,1,4.3088687,17.216707972959764,3.5371638695342202,6.956545443151569
4105,Black Rain,30000000,45892212,125.0,1989.0,"[{""id"": 28, ""name"": ""Action""}, {""id"": 53, ""name"": ""Thriller""}, {""id"": 80, ""name"": ""Crime""}]",en,11.19602,6.2,243,Released,Action,1,1,1.5297404,17.216707972959764,2.5011096690065924,5.497168225293202
76489,The Three Stooges,30000000,54819301,92.0,2012.0,"[{""id"": 35, ""name"": ""Comedy""}]",en,14.585968,4.9,140,Released,Comedy,1,1,1.8273100333333332,17.216707972959764,2.7463710222946625,4.948759890378168
3933,Corpse Bride,40000000,117195061,77.0,2005.0,"[{""id"": 10749, ""name"": ""Romance""}, {""id"": 14, ""name"": ""Fantasy""}, {""id"": 16, ""name"": ""Animation""}, {""id"": 10402, ""name"": ""Music""}]",en,43.571612,7.2,1894,Released,Romance,1,1,2.929876525,17.50439003707821,3.7970971541303165,7.546974117516527
273481,Sicario,30000000,84025816,121.0,2015.0,"[{""id"": 28, ""name"": ""Action""}, {""id"": 80, ""name"": ""Crime""}, {""id"": 18, ""name"": ""Drama""}, {""id"": 9648, ""name"": ""Mystery""}, {""id"": 53, ""name"": ""Thriller""}]",en,55.424027,7.2,2416,Released,Action,1,1,2.800860533333333,17.216707972959764,4.032895078425542,7.790282380703483
307081,Southpaw,30000000,91709827,123.0,2015.0,"[{""id"": 28, ""name"": ""Action""}, {""id"": 18, ""name"": ""Drama""}]",en,65.364452,7.3,2067,Released,Action,1,1,3.056994233333333,17.216707972959764,4.195161551679499,7.63433723562832
16871,Drag Me to Hell,30000000,90810892,99.0,2009.0,"[{""id"": 27, ""name"": ""Horror""}, {""id"": 53, ""name"": ""Thriller""}]",en,45.083509,6.2,966,Released,Horror,1,1,3.0270297333333334,17.216707972959764,3.8304551636619695,6.874198495453294
293863,The Age of Adaline,25000000,65663276,112.0,2015.0,"[{""id"": 14, ""name"": ""Fantasy""}, {""id"": 18, ""name"": ""Drama""}, {""id"": 10749, ""name"": ""Romance""}]",en,82.052056,7.4,1990,Released,Fantasy,1,1,2.62653104,17.034386422832473,4.419467591923857,7.596392304064196
41233,Step Up 3D,30000000,159291809,107.0,2010.0,"[{""id"": 18, ""name"": ""Drama""}, {""id"": 10749, ""name"": ""Romance""}]",en,25.060342,6.6,582,Released,Drama,1,1,5.309726966666667,17.216707972959764,3.260414695171599,6.368187186350492
9266,Blue Crush,25000000,51842679,104.0,2002.0,"[{""id"": 12, ""name"": ""Adventure""}]",en,11.42943,5.6,159,Released,Adventure,1,1,2.07370716,17.034386422832473,2.5200670476730953,5.075173815233827
1262,Stranger Than Fiction,30000000,53653224,113.0,2006.0,"[{""id"": 35, ""name"": ""Comedy""}, {""id"": 18, ""name"": ""Drama""}, {""id"": 14, ""name"": ""Fantasy""}, {""id"": 10749, ""name"": ""Romance""}]",en,32.26789,7.1,721,Released,Comedy,1,1,1.7884408,17.216707972959764,3.5045926675202725,6.582025138892826
4513,30 Days of Night,30000000,75505973,113.0,2007.0,"[{""id"": 27, ""name"": ""Horror""}, {""id"": 53, ""name"": ""Thriller""}]",en,33.394082,6.2,767,Released,Horror,1,1,2.5168657666666667,17.216707972959764,3.5378845146959335,6.643789733147672
22970,The Cabin in the Woods,30000000,66486080,95.0,2012.0,"[{""id"": 27, ""name"": ""Horror""}, {""id"": 53, ""name"": ""Thriller""}]",en,73.987775,6.5,2263,Released,Horror,1,1,2.2162026666666668,17.216707972959764,4.3173251002503665,7.724888439323074
7278,Meet the Spartans,30000000,84646831,84.0,2008.0,"[{""id"": 35, ""name"": ""Comedy""}]",en,10.608998,3.7,359,Released,Comedy,1,1,2.8215610333333334,17.216707972959764,2.4517804870757565,5.886104031450156
9013,Midnight Run,30000000,38413606,126.0,1988.0,"[{""id"": 12, ""name"": ""Adventure""}, {""id"": 35, ""name"": ""Comedy""}, {""id"": 80, ""name"": ""Crime""}]",en,12.821329,7.2,238,Released,Adventure,1,1,1.2804535333333331,17.216707972959764,2.626212978694261,5.476463551931511
865,The Running Man,27000000,38122105,101.0,1987.0,"[{""id"": 28, ""name"": ""Action""}, {""id"": 878, ""name"": ""Science Fiction""}]",en,30.131498,6.4,703,Released,Action,1,1,1.4119298148148147,17.11134746100564,3.438220104079559,6.556778356158042
10776,Little Shop of Horrors,25000000,38748395,94.0,1986.0,"[{""id"": 27, ""name"": ""Horror""}, {""id"": 35, ""name"": ""Comedy""}, {""id"": 10402, ""name"": ""Music""}]",en,12.113235,6.6,384,Released,Horror,1,1,1.5499358,17.034386422832473,2.5736220255356588,5.953243334287785
50456,Hanna,30000000,63782078,111.0,2011.0,"[{""id"": 28, ""name"": ""Action""}, {""id"": 53, ""name"": ""Thriller""}, {""id"": 12, ""name"": ""Adventure""}]",en,31.191975,6.5,1263,Released,Action,1,1,2.1260692666666667,17.216707972959764,3.471717197886515,7.142036574706803
9823,Mortal Kombat: Annihilation,30000000,51376861,95.0,1997.0,"[{""id"": 28, ""name"": ""Action""}, {""id"": 14, ""name"": ""Fantasy""}, {""id"": 878, ""name"": ""Science Fiction""}]",en,11.916389,3.8,221,Released,Action,1,1,1.7125620333333331,17.216707972959764,2.5584969701259936,5.402677381872279
59861,Larry Crowne,30000000,36160375,98.0,2011.0,"[{""id"": 35, ""name"": ""Comedy""}, {""id"": 10749, ""name"": ""Romance""}, {""id"": 18, ""name"": ""Drama""}]",en,20.355458,5.7,359,Released,Comedy,1,1,1.2053458333333331,17.216707972959764,3.06130735103137,5.886104031450156
133805,Carrie,30000000,82394288,100.0,2013.0,"[{""id"": 18, ""name"": ""Drama""}, {""id"": 27, ""name"": ""Horror""}]",en,63.848541,5.8,1463,Released,Drama,1,1,2.746476266666667,17.216707972959764,4.172054412436893,7.288927694521257
12763,Take the Lead,30000000,34742066,108.0,2006.0,"[{""id"": 10402, ""name"": ""Music""}]",en,8.999675,6.6,162,Released,Music,1,1,1.1580688666666668,17.216707972959764,2.302552592465909,5.093750200806762
9766,Gridiron Gang,30000000,41480851,125.0,2006.0,"[{""id"": 28, ""name"": ""Action""}, {""id"": 12, ""name"": ""Adventure""}, {""id"": 80, ""name"": ""Crime""}, {""id"": 18, ""name"": ""Drama""}]",en,9.278361,6.5,206,Released,Action,1,1,1.3826950333333334,17.216707972959764,2.3300408115181157,5.332718793265369
12244,9,30000000,48428063,79.0,2009.0,"[{""id"": 28, ""name"": ""Action""}, {""id"": 12, ""name"": ""Adventure""}, {""id"": 16, ""name"": ""Animation""}, {""id"": 878, ""name"": ""Science Fiction""}, {""id"": 53, ""name"": ""Thriller""}]",en,55.806402,6.6,1262,Released,Action,1,1,1.6142687666666666,17.216707972959764,4.0396490306432735,7.141245122350491
109421,Side Effects,30000000,63372757,106.0,2013.0,"[{""id"": 53, ""name"": ""Thriller""}, {""id"": 80, ""name"": ""Crime""}, {""id"": 18, ""name"": ""Drama""}]",en,48.237797,6.4,1323,Released,Thriller,1,1,2.112425233333333,17.216707972959764,3.896661560266646,7.188412736496954
51162,Winnie the Pooh,30000000,14460000,63.0,2011.0,"[{""id"": 16, ""name"": ""Animation""}, {""id"": 10751, ""name"": ""Family""}]",en,19.143721,6.8,258,Released,Animation,1,1,0.482,17.216707972959764,3.002892626928077,5.556828061699537
10152,Dumb and Dumberer: When Harry Met Lloyd,19000000,39267515,85.0,2003.0,"[{""id"": 35, ""name"": ""Comedy""}]",en,15.67747,4.1,210,Released,Comedy,1,1,2.066711315789474,16.759949589762293,2.8140587067691554,5.351858133476067
9452,Bulworth,30000000,29202884,108.0,1998.0,"[{""id"": 35, ""name"": ""Comedy""}, {""id"": 18, ""name"": ""Drama""}]",en,4.52363,6.3,66,Released,Comedy,1,1,0.9734294666666666,17.216707972959764,1.7090352528548052,4.204692619390966
9271,Virtuosity,30000000,24048000,106.0,1995.0,"[{""id"": 28, ""name"": ""Action""}, {""id"": 80, ""name"": ""Crime""}, {""id"": 878, ""name"": ""Science Fiction""}, {""id"": 53, ""name"": ""Thriller""}]",en,5.301589,5.4,163,Released,Action,1,1,0.8016,17.216707972959764,1.840801823817032,5.099866427824199
48340,Sanctum,30000000,108609310,108.0,2011.0,"[{""id"": 28, ""name"": ""Action""}, {""id"": 53, ""name"": ""Thriller""}]",en,20.063165,5.8,339,Released,Action,1,1,3.620310333333333,17.216707972959764,3.04752578031447,5.8289456176102075
14846,Little Black Book,35000000,22034832,111.0,2004.0,"[{""id"": 35, ""name"": ""Comedy""}, {""id"": 10749, ""name"": ""Romance""}, {""id"": 18, ""name"": ""Drama""}]",en,6.246199,5.2,112,Released,Comedy,1,1,0.6295666285714285,17.370858648025116,1.9804770555238707,4.727387818712341
72207,The Five-Year Engagement,30000000,53909751,124.0,2012.0,"[{""id"": 35, ""name"": ""Comedy""}]",en,27.71063,5.7,457,Released,Comedy,1,1,1.7969917,17.216707972959764,3.3572674374658837,6.126869184114185
16232,Mr. 3000,30000000,21800302,104.0,2004.0,"[{""id"": 35, ""name"": ""Comedy""}, {""id"": 18, ""name"": ""Drama""}]",en,2.850896,5.0,66,Released,Comedy,1,1,0.7266767333333334,17.216707972959764,1.3483058484956294,4.204692619390966
43539,The Next Three Days,30000000,51148651,133.0,2010.0,"[{""id"": 10749, ""name"": ""Romance""}, {""id"": 18, ""name"": ""Drama""}, {""id"": 53, ""name"": ""Thriller""}, {""id"": 80, ""name"": ""Crime""}]",en,34.421696,6.9,905,Released,Romance,1,1,1.7049550333333334,17.216707972959764,3.567324513760585,6.80903930604298
9920,Ultraviolet,30000000,31070211,87.0,2006.0,"[{""id"": 878, ""name"": ""Science Fiction""}, {""id"": 28, ""name"": ""Action""}, {""id"": 53, ""name"": ""Thriller""}]",en,15.89534,4.8,458,Released,Science Fiction,1,1,1.0356737,17.216707972959764,2.8270378442608917,6.129050210060545
8978,Assault on Precinct 13,30000000,35294470,109.0,2005.0,"[{""id"": 53, ""name"": ""Thriller""}]",en,18.706504,6.0,311,Released,Thriller,1,1,1.1764823333333334,17.216707972959764,2.980948733539934,5.7430031878094825
11702,The Replacement Killers,30000000,19204929,87.0,1998.0,"[{""id"": 28, ""name"": ""Action""}, {""id"": 18, ""name"": ""Drama""}, {""id"": 80, ""name"": ""Crime""}, {""id"": 53, ""name"": ""Thriller""}]",en,9.607391,6.0,127,Released,Action,1,1,0.6401643,17.216707972959764,2.3615510222932556,4.852030263919617
18550,Fled,25000000,17193231,98.0,1996.0,"[{""id"": 28, ""name"": ""Action""}, {""id"": 35, ""name"": ""Comedy""}, {""id"": 53, ""name"": ""Thriller""}]",en,2.77255,5.2,47,Released,Action,1,1,0.68772924,17.034386422832473,1.3277511653825065,3.8712010109078907
43347,Love & Other Drugs,30000000,102820008,112.0,2010.0,"[{""id"": 18, ""name"": ""Drama""}, {""id"": 35, ""name"": ""Comedy""}, {""id"": 10749, ""name"": ""Romance""}]",en,20.236951,6.6,1233,Released,Drama,1,1,3.4273336,17.216707972959764,3.055742636163626,7.1180162044653335
3489,88 Minutes,30000000,16930884,108.0,2007.0,"[{""id"": 80, ""name"": ""Crime""}, {""id"": 9648, ""name"": ""Mystery""}, {""id"": 53, ""name"": ""Thriller""}]",en,16.883429,5.7,313,Released,Crime,1,1,0.5643628,17.216707972959764,2.883874529881708,5.749392985908253
9701,North Country,35000000,25224242,126.0,2005.0,"[{""id"": 18, ""name"": ""Drama""}]",en,12.779201,6.8,125,Released,Drama,1,1,0.7206926285714286,17.370858648025116,2.6231602813210033,4.836281906951478
2122,The Whole Ten Yards,40000000,26155781,98.0,2004.0,"[{""id"": 35, ""name"": ""Comedy""}, {""id"": 53, ""name"": ""Thriller""}, {""id"": 80, ""name"": ""Crime""}]",en,14.729386,5.5,278,Released,Comedy,1,1,0.653894525,17.50439003707821,2.755530682614773,5.631211781821365
10658,Howard the Duck,37000000,37962774,110.0,1986.0,"[{""id"": 35, ""name"": ""Comedy""}, {""id"": 14, ""name"": ""Fantasy""}, {""id"": 878, ""name"": ""Science Fiction""}]",en,11.374306,5.1,221,Released,Comedy,1,1,1.026020918918919,17.426428497635523,2.515622226074086,5.402677381872279
13150,Pride and Glory,30000000,31148328,130.0,2008.0,"[{""id"": 53, ""name"": ""Thriller""}, {""id"": 80, ""name"": ""Crime""}, {""id"": 18, ""name"": ""Drama""}]",en,10.703602,6.3,240,Released,Thriller,1,1,1.0382776,17.216707972959764,2.459896657671408,5.484796933490655
9042,The Cave,30000000,15007991,97.0,2005.0,"[{""id"": 28, ""name"": ""Action""}, {""id"": 12, ""name"": ""Adventure""}, {""id"": 27, ""name"": ""Horror""}, {""id"": 53, ""name"": ""Thriller""}]",en,10.756266,5.1,202,Released,Action,1,1,0.5002663666666667,17.216707972959764,2.4643863750444805,5.313205979041787
17813,Alex & Emma,30000000,15368897,96.0,2003.0,"[{""id"": 35, ""name"": ""Comedy""}, {""id"": 10749, ""name"": ""Romance""}]",en,4.352422,5.0,68,Released,Comedy,1,1,0.5122965666666667,17.216707972959764,1.6775491687459065,4.23410650459726
11208,Wicker Park,30000000,13001257,114.0,2004.0,"[{""id"": 18, ""name"": ""Drama""}, {""id"": 9648, ""name"": ""Mystery""}, {""id"": 10749, ""name"": ""Romance""}, {""id"": 53, ""name"": ""Thriller""}]",en,9.301562,6.7,157,Released,Drama,1,1,0.4333752333333333,17.216707972959764,2.3322955342232548,5.062595033026967
58151,Fright Night,17000000,24922237,106.0,2011.0,"[{""id"": 27, ""name"": ""Horror""}, {""id"": 35, ""name"": ""Comedy""}]",en,18.27083,6.0,603,Released,Horror,1,1,1.4660139411764703,16.648723960844016,2.9585925536315463,6.403574197934815
11400,The New World,30000000,30536013,135.0,2005.0,"[{""id"": 18, ""name"": ""Drama""}, {""id"": 36, ""name"": ""History""}, {""id"": 10749, ""name"": ""Romance""}]",en,19.106154,6.4,330,Released,Drama,1,1,1.0178671,17.216707972959764,3.001025937359048,5.802118375377063
11058,Godsend,25000000,30114487,102.0,2004.0,"[{""id"": 18, ""name"": ""Drama""}, {""id"": 27, ""name"": ""Horror""}, {""id"": 878, ""name"": ""Science Fiction""}, {""id"": 53, ""name"": ""Thriller""}]",en,12.10235,4.7,114,Released,Drama,1,1,1.20457948,17.034386422832473,2.572791603431744,4.74493212836325
14844,Chasing Liberty,23000000,12,111.0,2004.0,"[{""id"": 35, ""name"": ""Comedy""}, {""id"": 10749, ""name"": ""Romance""}]",en,3.362045,6.1,152,Released,Comedy,1,1,5.217391304347826e-07,16.951004817371683,1.4729409840948622,5.030437921392435
57089,Hoodwinked Too! Hood VS. Evil,30000000,13521829,86.0,2011.0,"[{""id"": 35, ""name"": ""Comedy""}, {""id"": 16, ""name"": ""Animation""}, {""id"": 10751, ""name"": ""Family""}]",en,10.694417,4.8,131,Released,Comedy,1,1,0.4507276333333333,17.216707972959764,2.4591115484301684,4.882801922586371
1947,An Unfinished Life,30000000,18618284,108.0,2005.0,"[{""id"": 18, ""name"": ""Drama""}]",en,6.353971,6.7,161,Released,Drama,1,1,0.6206094666666667,17.216707972959764,1.9952404394391592,5.087596335232384
8054,The Imaginarium of Doctor Parnassus,30000000,64352607,123.0,2009.0,"[{""id"": 12, ""name"": ""Adventure""}, {""id"": 14, ""name"": ""Fantasy""}, {""id"": 9648, ""name"": ""Mystery""}]",en,37.181019,6.3,869,Released,Adventure,1,1,2.1450869,17.216707972959764,3.642338507307607,6.76849321164863
46829,Barney's Version,30000000,8454301,134.0,2010.0,"[{""id"": 35, ""name"": ""Comedy""}, {""id"": 18, ""name"": ""Drama""}]",en,4.952735,7.2,129,Released,Comedy,1,1,0.2818100333333333,17.216707972959764,1.783850777810013,4.867534450455582
146238,Runner Runner,30000000,62616646,91.0,2013.0,"[{""id"": 80, ""name"": ""Crime""}, {""id"": 53, ""name"": ""Thriller""}, {""id"": 18, ""name"": ""Drama""}]",en,22.975918,5.5,543,Released,Crime,1,1,2.087221533333333,17.216707972959764,3.1770499099217604,6.298949246855942
9989,Antitrust,30000000,18195610,108.0,2001.0,"[{""id"": 28, ""name"": ""Action""}, {""id"": 80, ""name"": ""Crime""}, {""id"": 18, ""name"": ""Drama""}]",en,8.359599,5.8,153,Released,Action,1,1,0.6065203333333333,17.216707972959764,2.236402447691419,5.0369526024136295
9665,Glory,18000000,26828365,122.0,1989.0,"[{""id"": 10752, ""name"": ""War""}]",en,16.102271,7.4,383,Released,War,1,1,1.4904647222222225,16.705882371415992,2.839211261708087,5.950642552587727
13967,Miss Potter,30000000,35078241,92.0,2006.0,"[{""id"": 18, ""name"": ""Drama""}, {""id"": 10751, ""name"": ""Family""}, {""id"": 10749, ""name"": ""Romance""}]",en,8.386432,6.3,141,Released,Drama,1,1,1.1692747,17.216707972959764,2.2392652423092265,4.955827057601261
9053,DOA: Dead or Alive,21000000,480314,87.0,2006.0,"[{""id"": 12, ""name"": ""Adventure""}, {""id"": 28, ""name"": ""Action""}, {""id"": 53, ""name"": ""Thriller""}]",en,12.790408,5.0,205,Released,Adventure,1,1,0.0228720952380952,16.860033043306743,2.6239732780245317,5.327876168789581
4512,The Assassination of Jesse James by the Coward Robert Ford,30000000,14711793,160.0,2007.0,"[{""id"": 28, ""name"": ""Action""}, {""id"": 18, ""name"": ""Drama""}, {""id"": 37, ""name"": ""Western""}]",en,35.53352,7.0,776,Released,Action,1,1,0.4903931,17.216707972959764,3.598230195321803,6.655440350367647
76349,1911,30000000,108348,125.0,2011.0,"[{""id"": 12, ""name"": ""Adventure""}, {""id"": 18, ""name"": ""Drama""}, {""id"": 28, ""name"": ""Action""}, {""id"": 36, ""name"": ""History""}, {""id"": 10752, ""name"": ""War""}]",zh,4.065212,5.0,41,Released,Adventure,1,1,0.0036116,17.216707972959764,1.6223959926983567,3.7376696182833684
45610,Machine Gun Preacher,30000000,2527904,129.0,2011.0,"[{""id"": 28, ""name"": ""Action""}, {""id"": 53, ""name"": ""Thriller""}, {""id"": 80, ""name"": ""Crime""}]",en,13.268936,6.4,286,Released,Action,1,1,0.0842634666666666,17.216707972959764,2.6580848666906394,5.659482215759621
223702,Sausage Party,19000000,140752617,83.0,2016.0,"[{""id"": 12, ""name"": ""Adventure""}, {""id"": 16, ""name"": ""Animation""}, {""id"": 35, ""name"": ""Comedy""}, {""id"": 14, ""name"": ""Fantasy""}]",en,66.242737,5.6,2238,Released,Adventure,1,1,7.40803247368421,16.759949589762293,4.208309012649528,7.713784616598755
254470,Pitch Perfect 2,29000000,287506194,115.0,2015.0,"[{""id"": 35, ""name"": ""Comedy""}, {""id"": 10402, ""name"": ""Music""}]",en,71.496894,6.8,1940,Released,Comedy,1,1,9.914006689655173,17.182806422433504,4.283543719563601,7.57095858316901
69,Walk the Line,28000000,186438883,136.0,2005.0,"[{""id"": 18, ""name"": ""Drama""}, {""id"": 10402, ""name"": ""Music""}, {""id"": 10749, ""name"": ""Romance""}]",en,35.580032,7.3,718,Released,Drama,1,1,6.658531535714285,17.147715103853763,3.599502517757307,6.577861357721047
4967,Keeping the Faith,30000000,37036004,127.0,2000.0,"[{""id"": 35, ""name"": ""Comedy""}]",en,8.085872,5.9,159,Released,Comedy,1,1,1.2345334666666667,17.216707972959764,2.2067206796306724,5.075173815233827
4912,Confessions of a Dangerous Mind,30000000,33013805,113.0,2002.0,"[{""id"": 35, ""name"": ""Comedy""}, {""id"": 80, ""name"": ""Crime""}, {""id"": 18, ""name"": ""Drama""}, {""id"": 10749, ""name"": ""Romance""}, {""id"": 53, ""name"": ""Thriller""}]",en,18.165957,6.6,275,Released,Comedy,1,1,1.100460166666667,17.216707972959764,2.953135632362756,5.62040086571715
12771,Serving Sara,29000000,16930185,100.0,2002.0,"[{""id"": 35, ""name"": ""Comedy""}, {""id"": 10749, ""name"": ""Romance""}]",en,8.93941,5.0,85,Released,Comedy,1,1,0.5837994827586207,17.182806422433504,2.2965076627700167,4.454347296253507
323676,The Boss,29000000,78636257,91.0,2016.0,"[{""id"": 35, ""name"": ""Comedy""}]",en,20.55509,5.5,431,Released,Comedy,1,1,2.7115950689655173,17.182806422433504,3.0706119835557257,6.068425588244111
11249,Seed of Chucky,12000000,24829644,87.0,2004.0,"[{""id"": 18, ""name"": ""Drama""}, {""id"": 27, ""name"": ""Horror""}, {""id"": 35, ""name"": ""Comedy""}]",en,12.653831,4.9,287,Released,Drama,1,1,2.069137,16.300417291085605,2.614020141594163,5.662960480135946
9667,The Jacket,29000000,21126225,103.0,2005.0,"[{""id"": 18, ""name"": ""Drama""}, {""id"": 9648, ""name"": ""Mystery""}, {""id"": 53, ""name"": ""Thriller""}, {""id"": 14, ""name"": ""Fantasy""}]",en,24.240361,6.8,455,Released,Drama,1,1,0.7284905172413794,17.182806422433504,3.228444340264866,6.1224928095143865
812,Aladdin,28000000,504050219,90.0,1992.0,"[{""id"": 16, ""name"": ""Animation""}, {""id"": 10751, ""name"": ""Family""}, {""id"": 35, ""name"": ""Comedy""}, {""id"": 12, ""name"": ""Adventure""}, {""id"": 14, ""name"": ""Fantasy""}, {""id"": 10749, ""name"": ""Romance""}]",en,92.982009,7.4,3416,Released,Animation,1,1,18.001793535714285,17.147715103853763,4.543103370334887,8.136518252115291
277216,Straight Outta Compton,28000000,201634991,147.0,2015.0,"[{""id"": 18, ""name"": ""Drama""}, {""id"": 10402, ""name"": ""Music""}]",en,61.76233,7.7,1355,Released,Drama,1,1,7.201249678571428,17.147715103853763,4.139355052733375,7.212294468500341
87,Indiana Jones and the Temple of Doom,28000000,333000000,118.0,1984.0,"[{""id"": 12, ""name"": ""Adventure""}, {""id"": 28, ""name"": ""Action""}]",en,66.976776,7.1,2781,Released,Adventure,1,1,11.892857142857142,17.147715103853763,4.21916611742989,7.930925372483388
14444,The Rugrats Movie,30000000,100491683,79.0,1998.0,"[{""id"": 16, ""name"": ""Animation""}, {""id"": 10751, ""name"": ""Family""}]",en,7.981116,5.7,147,Released,Animation,1,1,3.3497227666666665,17.216707972959764,2.19512415076173,4.997212273764115
2043,Along Came a Spider,60000000,105178561,104.0,2001.0,"[{""id"": 80, ""name"": ""Crime""}, {""id"": 9648, ""name"": ""Mystery""}, {""id"": 53, ""name"": ""Thriller""}, {""id"": 28, ""name"": ""Action""}]",en,21.252797,6.1,400,Released,Crime,1,1,1.7529760166666666,17.909855136853043,3.1024677085768464,5.993961427306569
315664,Florence Foster Jenkins,29000000,48902953,110.0,2016.0,"[{""id"": 35, ""name"": ""Comedy""}, {""id"": 18, ""name"": ""Drama""}]",en,19.237254,6.6,392,Released,Comedy,1,1,1.686308724137931,17.182806422433504,3.007525163278236,5.973809611869261
1428,Once Upon a Time in Mexico,29000000,98185582,102.0,2003.0,"[{""id"": 28, ""name"": ""Action""}]",en,27.555646,6.2,594,Released,Action,1,1,3.3857097241379317,17.182806422433504,3.3518546748691596,6.38856140554563
562,Die Hard,28000000,140767956,131.0,1988.0,"[{""id"": 28, ""name"": ""Action""}, {""id"": 53, ""name"": ""Thriller""}]",en,66.169628,7.5,3948,Released,Action,1,1,5.027427,17.147715103853763,4.207221181076747,8.28121766128665
15373,Role Models,28000000,92380927,99.0,2008.0,"[{""id"": 35, ""name"": ""Comedy""}]",en,24.917665,6.4,564,Released,Comedy,1,1,3.299318821428572,17.147715103853763,3.2549247825496446,6.336825731146441
318846,The Big Short,28000000,133346506,130.0,2015.0,"[{""id"": 35, ""name"": ""Comedy""}, {""id"": 18, ""name"": ""Drama""}]",en,57.518472,7.3,2607,Released,Comedy,1,1,4.762375214285714,17.147715103853763,4.069342465079659,7.866338923046544
14292,Miracle,28000000,64445708,135.0,2004.0,"[{""id"": 18, ""name"": ""Drama""}, {""id"": 36, ""name"": ""History""}]",en,7.534003,7.0,159,Released,Drama,1,1,2.3016324285714287,17.147715103853763,2.1440585363007827,5.075173815233827
924,Dawn of the Dead,28000000,102356381,101.0,2004.0,"[{""id"": 14, ""name"": ""Fantasy""}, {""id"": 27, ""name"": ""Horror""}, {""id"": 28, ""name"": ""Action""}]",en,44.529429,6.8,1016,Released,Fantasy,1,1,3.6555850357142856,17.147715103853763,3.818358908086411,6.92461239604856
2018,The Wedding Planner,35000000,94728529,103.0,2001.0,"[{""id"": 35, ""name"": ""Comedy""}]",en,14.949395,5.5,427,Released,Comedy,1,1,2.7065294,17.370858648025116,2.769420897476971,6.059123195581797
192577,Space Pirate Captain Harlock,30000000,17137302,115.0,2013.0,"[{""id"": 16, ""name"": ""Animation""}, {""id"": 878, ""name"": ""Science Fiction""}]",ja,14.726338,6.5,356,Released,Animation,1,1,0.5712434,17.216707972959764,2.755336886407155,5.877735781779639
9428,The Royal Tenenbaums,21000000,71441250,110.0,2001.0,"[{""id"": 35, ""name"": ""Comedy""}, {""id"": 18, ""name"": ""Drama""}]",en,24.13081,7.4,1286,Released,Comedy,1,1,3.4019642857142856,16.860033043306743,3.2240945834276125,7.160069207596127
2832,Identity,30000000,90259536,90.0,2003.0,"[{""id"": 9648, ""name"": ""Mystery""}, {""id"": 53, ""name"": ""Thriller""}]",en,45.915165,7.1,1061,Released,Mystery,1,1,3.0086512,17.216707972959764,3.848340970734656,6.967909201801884
137093,Last Vegas,28000000,134402450,105.0,2013.0,"[{""id"": 35, ""name"": ""Comedy""}]",en,28.043508,6.4,799,Released,Comedy,1,1,4.8000875,17.147715103853763,3.3687949815590676,6.684611727667927
699,For Your Eyes Only,28000000,195312802,127.0,1981.0,"[{""id"": 12, ""name"": ""Adventure""}, {""id"": 28, ""name"": ""Action""}, {""id"": 53, ""name"": ""Thriller""}]",en,26.090746,6.3,490,Released,Adventure,1,1,6.975457214285714,17.147715103853763,3.299192193554685,6.19644412779452
9778,Serendipity,28000000,77516304,90.0,2001.0,"[{""id"": 35, ""name"": ""Comedy""}, {""id"": 10749, ""name"": ""Romance""}]",en,14.530803,6.6,521,Released,Comedy,1,1,2.7684394285714284,17.147715103853763,2.7428253421986257,6.257667587882639
8831,Timecop,27000000,101646581,99.0,1994.0,"[{""id"": 53, ""name"": ""Thriller""}, {""id"": 878, ""name"": ""Science Fiction""}, {""id"": 28, ""name"": ""Action""}, {""id"": 80, ""name"": ""Crime""}]",en,13.308127,5.5,282,Released,Thriller,1,1,3.764688185185185,17.11134746100564,2.6608276975105793,5.645446897643238
9398,Zoolander,28000000,60780981,89.0,2001.0,"[{""id"": 35, ""name"": ""Comedy""}]",en,38.0958,6.1,1337,Released,Comedy,1,1,2.170749321428572,17.147715103853763,3.6660150443419184,7.198931240688173
112949,Safe Haven,28000000,97594140,115.0,2013.0,"[{""id"": 10749, ""name"": ""Romance""}]",en,37.729059,6.9,823,Released,Romance,1,1,3.485505,17.147715103853763,3.6565901968204475,6.714170529909472
10439,Hocus Pocus,28000000,39514713,96.0,1993.0,"[{""id"": 35, ""name"": ""Comedy""}, {""id"": 10751, ""name"": ""Family""}, {""id"": 14, ""name"": ""Fantasy""}]",en,18.650748,6.4,471,Released,Comedy,1,1,1.41123975,17.147715103853763,2.978115403748533,6.156978985585555
3638,No Reservations,28000000,92601050,104.0,2007.0,"[{""id"": 35, ""name"": ""Comedy""}]",en,15.794946,6.1,327,Released,Comedy,1,1,3.3071803571428573,17.147715103853763,2.8210780078164555,5.793013608384144
23483,Kick-Ass,28000000,96188903,117.0,2010.0,"[{""id"": 28, ""name"": ""Action""}, {""id"": 80, ""name"": ""Crime""}]",en,45.054936,7.1,4645,Released,Action,1,1,3.4353179642857143,17.147715103853763,3.829834944796415,8.443761913330354
62206,30 Minutes or Less,28000000,40547440,83.0,2011.0,"[{""id"": 28, ""name"": ""Action""}, {""id"": 12, ""name"": ""Adventure""}, {""id"": 35, ""name"": ""Comedy""}]",en,25.039383,5.6,531,Released,Action,1,1,1.448122857142857,17.147715103853763,3.2596101227432177,6.2766434893416445
10577,Dracula 2000,28000000,33000337,99.0,2000.0,"[{""id"": 53, ""name"": ""Thriller""}, {""id"": 27, ""name"": ""Horror""}]",en,6.756771,4.6,148,Released,Thriller,1,1,1.1785834642857145,17.147715103853763,2.0485661393506445,5.003946305945459
218778,"Alexander and the Terrible, Horrible, No Good, Very Bad Day",28000000,100654149,81.0,2014.0,"[{""id"": 10751, ""name"": ""Family""}, {""id"": 35, ""name"": ""Comedy""}]",en,22.14595,6.1,493,Released,Family,1,1,3.5947910357142856,17.147715103853763,3.141819819223086,6.202535517187923
4348,Pride & Prejudice,28000000,121147947,135.0,2005.0,"[{""id"": 18, ""name"": ""Drama""}, {""id"": 10749, ""name"": ""Romance""}]",en,36.58383,7.7,1358,Released,Drama,1,1,4.326712392857143,17.147715103853763,3.6265739047049648,7.214504414151143
78,Blade Runner,28000000,33139618,117.0,1982.0,"[{""id"": 878, ""name"": ""Science Fiction""}, {""id"": 18, ""name"": ""Drama""}, {""id"": 53, ""name"": ""Thriller""}]",en,94.056131,7.9,3509,Released,Science Fiction,1,1,1.1835577857142856,17.147715103853763,4.55446756974743,8.163371316459912
11780,Rob Roy,28000000,31596911,139.0,1995.0,"[{""id"": 12, ""name"": ""Adventure""}]",en,10.703456,6.5,148,Released,Adventure,1,1,1.1284611071428572,17.147715103853763,2.4598841828016487,5.003946305945459
192102,3 Days to Kill,28000000,52597999,113.0,2014.0,"[{""id"": 28, ""name"": ""Action""}, {""id"": 18, ""name"": ""Drama""}, {""id"": 53, ""name"": ""Thriller""}, {""id"": 80, ""name"": ""Crime""}]",en,41.638961,6.0,883,Released,Action,1,1,1.8784999642857143,17.147715103853763,3.7527684127689693,6.784457062637643
2001,We Own the Night,21000000,54926886,117.0,2007.0,"[{""id"": 18, ""name"": ""Drama""}, {""id"": 80, ""name"": ""Crime""}, {""id"": 53, ""name"": ""Thriller""}]",en,14.518708,6.5,323,Released,Drama,1,1,2.615566,16.860033043306743,2.7420462638671332,5.780743515792329
11516,Winged Migration,35866397,20217080,98.0,2001.0,"[{""id"": 99, ""name"": ""Documentary""}]",fr,3.75074,7.0,49,Released,Documentary,1,1,0.5636774722590618,17.395311426289474,1.5583003953863142,3.912023005428146
10025,Just My Luck,28000000,38159905,103.0,2006.0,"[{""id"": 35, ""name"": ""Comedy""}, {""id"": 18, ""name"": ""Drama""}, {""id"": 10751, ""name"": ""Family""}, {""id"": 14, ""name"": ""Fantasy""}, {""id"": 10749, ""name"": ""Romance""}]",en,22.074306,5.8,491,Released,Comedy,1,1,1.36285375,17.147715103853763,3.1387197040969754,6.198478716492308
15198,"Mystery, Alaska",28000000,8888143,119.0,1999.0,"[{""id"": 18, ""name"": ""Drama""}, {""id"": 35, ""name"": ""Comedy""}]",en,4.436792,6.0,69,Released,Drama,1,1,0.3174336785714285,17.147715103853763,1.6931891810405968,4.248495242049359
23172,The Spy Next Door,28000000,45236543,94.0,2010.0,"[{""id"": 28, ""name"": ""Action""}, {""id"": 35, ""name"": ""Comedy""}, {""id"": 10751, ""name"": ""Family""}]",en,14.639324,5.5,345,Released,Action,1,1,1.6155908214285717,17.147715103853763,2.749788511676652,5.846438775057724
17834,A Simple Wish,28000000,8345056,86.0,1997.0,"[{""id"": 12, ""name"": ""Adventure""}, {""id"": 35, ""name"": ""Comedy""}, {""id"": 10751, ""name"": ""Family""}, {""id"": 14, ""name"": ""Fantasy""}]",en,1.767479,5.5,46,Released,Adventure,1,1,0.2980377142857143,17.147715103853763,1.0179367974959845,3.8501476017100584
10016,Ghosts of Mars,28000000,14010832,98.0,2001.0,"[{""id"": 28, ""name"": ""Action""}, {""id"": 27, ""name"": ""Horror""}, {""id"": 878, ""name"": ""Science Fiction""}]",en,13.145205,4.8,296,Released,Action,1,1,0.5003868571428571,17.147715103853763,2.6493756974021347,5.6937321388027
10317,Our Brand Is Crisis,28000000,7002261,108.0,2015.0,"[{""id"": 35, ""name"": ""Comedy""}, {""id"": 18, ""name"": ""Drama""}]",en,12.921594,5.8,195,Released,Comedy,1,1,0.25008075,17.147715103853763,2.633441159844586,5.278114659230518
58431,Pride and Prejudice and Zombies,28000000,16374328,108.0,2016.0,"[{""id"": 10749, ""name"": ""Romance""}, {""id"": 27, ""name"": ""Horror""}, {""id"": 35, ""name"": ""Comedy""}, {""id"": 53, ""name"": ""Thriller""}]",en,28.397048,5.5,640,Released,Romance,1,1,0.5847974285714286,17.147715103853763,3.3808942611401336,6.46302945692067
9746,Kundun,28000000,5684789,134.0,1997.0,"[{""id"": 18, ""name"": ""Drama""}]",en,7.039189,6.8,91,Released,Drama,1,1,0.2030281785714285,17.147715103853763,2.084328207456323,4.5217885770490405
13092,How to Lose Friends & Alienate People,27000000,17286299,110.0,2008.0,"[{""id"": 35, ""name"": ""Comedy""}, {""id"": 10749, ""name"": ""Romance""}, {""id"": 18, ""name"": ""Drama""}]",en,16.785866,6.2,244,Released,Comedy,1,1,0.6402332962962963,17.11134746100564,2.8784040969335494,5.501258210544727
59859,Kick-Ass 2,28000000,60700000,103.0,2013.0,"[{""id"": 28, ""name"": ""Action""}, {""id"": 12, ""name"": ""Adventure""}, {""id"": 80, ""name"": ""Crime""}]",en,40.28635,6.3,2224,Released,Action,1,1,2.1678571428571427,17.147715103853763,3.7205319368624474,7.707512194600341
13495,Alatriste,24000000,23321954,145.0,2006.0,"[{""id"": 28, ""name"": ""Action""}]",es,6.009644,5.6,61,Released,Action,1,1,0.9717480833333332,16.993564429978885,1.9472869151634797,4.127134385045092
254473,Brick Mansions,28000000,68896829,90.0,2014.0,"[{""id"": 28, ""name"": ""Action""}, {""id"": 80, ""name"": ""Crime""}, {""id"": 18, ""name"": ""Drama""}]",en,25.520976,5.7,615,Released,Action,1,1,2.460601035714286,17.147715103853763,3.2779359670537427,6.423246963533519
700,Octopussy,27500000,187500000,131.0,1983.0,"[{""id"": 12, ""name"": ""Adventure""}, {""id"": 28, ""name"": ""Action""}, {""id"": 53, ""name"": ""Thriller""}]",en,25.633663,6.2,527,Released,Adventure,1,1,6.818181818181818,17.129696599000436,3.2821759419999785,6.269096283706261
4964,Knocked Up,30000000,219076518,129.0,2007.0,"[{""id"": 35, ""name"": ""Comedy""}, {""id"": 10749, ""name"": ""Romance""}, {""id"": 18, ""name"": ""Drama""}]",en,22.527211,6.2,1214,Released,Comedy,1,1,7.3025506,17.216707972959764,3.158157666177329,7.102499355774649
10024,My Sister's Keeper,30000000,95714875,109.0,2009.0,"[{""id"": 18, ""name"": ""Drama""}]",en,24.09152,7.1,598,Released,Drama,1,1,3.1904958333333333,17.216707972959764,3.222529940448463,6.395261598115449
13490,Welcome Home Roscoe Jenkins,35000000,43650785,114.0,2008.0,"[{""id"": 35, ""name"": ""Comedy""}, {""id"": 18, ""name"": ""Drama""}]",en,6.248273,5.7,57,Released,Comedy,1,1,1.2471652857142856,17.370858648025116,1.9807632335942627,4.060443010546419
15927,A Passage to India,8000000,27187653,163.0,1984.0,"[{""id"": 18, ""name"": ""Drama""}, {""id"": 12, ""name"": ""Adventure""}, {""id"": 36, ""name"": ""History""}]",en,9.548391,6.9,67,Released,Drama,1,1,3.398456625,15.894952224644102,2.3559733364426196,4.219507705176107
1259,Notes on a Scandal,15000000,49469904,92.0,2006.0,"[{""id"": 18, ""name"": ""Drama""}, {""id"": 10749, ""name"": ""Romance""}]",en,12.576381,6.9,235,Released,Drama,1,1,3.2979936,16.52356082573315,2.6083315917691277,5.4638318050256105
5125,Rendition,27500000,24748670,120.0,2007.0,"[{""id"": 18, ""name"": ""Drama""}, {""id"": 53, ""name"": ""Thriller""}]",en,12.741073,6.2,205,Released,Drama,1,1,0.8999516363636364,17.129696599000436,2.620389376903752,5.327876168789581
174,Star Trek VI: The Undiscovered Country,27000000,96900000,113.0,1991.0,"[{""id"": 878, ""name"": ""Science Fiction""}, {""id"": 28, ""name"": ""Action""}, {""id"": 12, ""name"": ""Adventure""}, {""id"": 53, ""name"": ""Thriller""}]",en,16.188572,6.7,413,Released,Science Fiction,1,1,3.588888888888889,17.11134746100564,2.8442447443908967,6.025865973825314
9437,Kiss the Girls,27000000,60527873,115.0,1997.0,"[{""id"": 18, ""name"": ""Drama""}, {""id"": 9648, ""name"": ""Mystery""}, {""id"": 53, ""name"": ""Thriller""}, {""id"": 80, ""name"": ""Crime""}]",en,18.913,6.2,345,Released,Drama,1,1,2.2417730740740742,17.11134746100564,2.991372784776538,5.846438775057724
525,The Blues Brothers,27000000,115229890,133.0,1980.0,"[{""id"": 10402, ""name"": ""Music""}, {""id"": 35, ""name"": ""Comedy""}, {""id"": 28, ""name"": ""Action""}, {""id"": 80, ""name"": ""Crime""}]",en,44.714264,7.5,1065,Released,Music,1,1,4.267773703703703,17.11134746100564,3.822410371738346,6.97166860472579
10188,The Sisterhood of the Traveling Pants 2,27000000,44352417,117.0,2008.0,"[{""id"": 12, ""name"": ""Adventure""}, {""id"": 35, ""name"": ""Comedy""}, {""id"": 18, ""name"": ""Drama""}, {""id"": 10751, ""name"": ""Family""}]",en,11.870301,6.0,238,Released,Adventure,1,1,1.6426821111111112,17.11134746100564,2.5549224090579346,5.476463551931511
245,About a Boy,27000000,129000000,101.0,2002.0,"[{""id"": 18, ""name"": ""Drama""}, {""id"": 35, ""name"": ""Comedy""}, {""id"": 10749, ""name"": ""Romance""}]",en,28.227984,6.6,607,Released,Drama,1,1,4.777777777777778,17.11134746100564,3.3751266065085397,6.410174881966167
9825,Lake Placid,27000000,56870414,82.0,1999.0,"[{""id"": 27, ""name"": ""Horror""}, {""id"": 35, ""name"": ""Comedy""}, {""id"": 28, ""name"": ""Action""}, {""id"": 878, ""name"": ""Science Fiction""}, {""id"": 53, ""name"": ""Thriller""}]",en,11.678561,5.5,247,Released,Horror,1,1,2.1063116296296296,17.11134746100564,2.5399124567646623,5.5134287461649825
186,Lucky Number Slevin,27000000,56308881,110.0,2006.0,"[{""id"": 18, ""name"": ""Drama""}, {""id"": 53, ""name"": ""Thriller""}, {""id"": 80, ""name"": ""Crime""}, {""id"": 9648, ""name"": ""Mystery""}]",en,36.921445,7.4,1323,Released,Drama,1,1,2.0855141111111117,17.11134746100564,3.6355167832008695,7.188412736496954
9549,The Right Stuff,27000000,21500000,193.0,1983.0,"[{""id"": 18, ""name"": ""Drama""}, {""id"": 36, ""name"": ""History""}]",en,17.567332,7.3,235,Released,Drama,1,1,0.7962962962962963,17.11134746100564,2.92140369245252,5.4638318050256105
61891,Anonymous,30000000,15395087,130.0,2011.0,"[{""id"": 18, ""name"": ""Drama""}, {""id"": 36, ""name"": ""History""}, {""id"": 53, ""name"": ""Thriller""}]",en,16.698316,6.3,288,Released,Drama,1,1,0.5131695666666667,17.216707972959764,2.87346949381063,5.666426688112432
34584,The NeverEnding Story,27000000,20158808,102.0,1984.0,"[{""id"": 18, ""name"": ""Drama""}, {""id"": 10751, ""name"": ""Family""}, {""id"": 14, ""name"": ""Fantasy""}, {""id"": 12, ""name"": ""Adventure""}]",en,47.862016,7.0,1002,Released,Drama,1,1,0.7466225185185185,17.11134746100564,3.8890003257233787,6.910750787961936
2666,Dark City,27000000,27200316,100.0,1998.0,"[{""id"": 9648, ""name"": ""Mystery""}, {""id"": 878, ""name"": ""Science Fiction""}]",en,39.324831,7.2,828,Released,Mystery,1,1,1.007419111111111,17.11134746100564,3.6969674330539477,6.720220155135295
13155,Return to Oz,25000000,11137801,109.0,1985.0,"[{""id"": 12, ""name"": ""Adventure""}, {""id"": 10751, ""name"": ""Family""}, {""id"": 14, ""name"": ""Fantasy""}]",en,5.650125,6.7,120,Released,Adventure,1,1,0.44551204,17.034386422832473,1.8946356514835827,4.795790545596741
42807,The Newton Boys,27000000,76000000,113.0,1998.0,"[{""id"": 80, ""name"": ""Crime""}, {""id"": 28, ""name"": ""Action""}, {""id"": 18, ""name"": ""Drama""}]",en,3.123583,5.9,44,Released,Crime,1,1,2.814814814814815,17.11134746100564,1.416722445620284,3.8066624897703196
28355,Case 39,27000000,29000000,109.0,2009.0,"[{""id"": 27, ""name"": ""Horror""}, {""id"": 9648, ""name"": ""Mystery""}, {""id"": 53, ""name"": ""Thriller""}]",en,23.917982,6.1,563,Released,Horror,1,1,1.0740740740740742,17.11134746100564,3.215589711507039,6.335054251498059
8080,Suspect Zero,27000000,13000000,99.0,2004.0,"[{""id"": 80, ""name"": ""Crime""}, {""id"": 53, ""name"": ""Thriller""}]",en,8.715822,5.5,98,Released,Crime,1,1,0.4814814814814814,17.11134746100564,2.273755690675689,4.59511985013459
56288,Spy Kids: All the Time in the World,27000000,85564310,89.0,2011.0,"[{""id"": 10751, ""name"": ""Family""}, {""id"": 35, ""name"": ""Comedy""}, {""id"": 28, ""name"": ""Action""}]",en,14.788073,4.4,222,Released,Family,1,1,3.1690485185185184,17.11134746100564,2.759254781554796,5.407171771460119
303858,Money Monster,27000000,93282604,98.0,2016.0,"[{""id"": 53, ""name"": ""Thriller""}]",en,38.279458,6.5,1068,Released,Thriller,1,1,3.4549112592592595,17.11134746100564,3.6707016850203944,6.974478911025045
1613,The 51st State,28,14,93.0,2001.0,"[{""id"": 53, ""name"": ""Thriller""}, {""id"": 28, ""name"": ""Action""}, {""id"": 35, ""name"": ""Comedy""}, {""id"": 80, ""name"": ""Crime""}]",en,9.670031,5.9,173,Released,Thriller,1,1,0.5,3.367295829986474,2.367438970651522,5.159055299214529
16617,Mindhunters,27000000,21148829,106.0,2004.0,"[{""id"": 9648, ""name"": ""Mystery""}, {""id"": 53, ""name"": ""Thriller""}, {""id"": 80, ""name"": ""Crime""}]",en,17.193659,6.3,333,Released,Mystery,1,1,0.7832899629629629,17.11134746100564,2.901073126781665,5.8111409929767
8944,What Just Happened,25000000,6673422,104.0,2008.0,"[{""id"": 35, ""name"": ""Comedy""}, {""id"": 18, ""name"": ""Drama""}]",en,8.31653,5.2,127,Released,Comedy,1,1,0.26693688,17.034386422832473,2.2317902417735285,4.852030263919617
14560,Paul Blart: Mall Cop,26000000,183293131,91.0,2009.0,"[{""id"": 28, ""name"": ""Action""}, {""id"": 12, ""name"": ""Adventure""}, {""id"": 35, ""name"": ""Comedy""}, {""id"": 10751, ""name"": ""Family""}]",en,31.250383,5.2,788,Released,Action,1,1,7.049735807692308,17.073607134447293,3.473529919140255,6.670766320845874
10330,Freaky Friday,26000000,110230332,97.0,2003.0,"[{""id"": 35, ""name"": ""Comedy""}]",en,24.345651,6.0,879,Released,Comedy,1,1,4.239628153846154,17.073607134447293,3.232607157133999,6.779921907472252
6957,The 40 Year Old Virgin,26000000,109449237,116.0,2005.0,"[{""id"": 35, ""name"": ""Comedy""}, {""id"": 10749, ""name"": ""Romance""}]",en,38.473732,6.2,1983,Released,Comedy,1,1,4.209586038461539,17.073607134447293,3.6756354380298495,7.592870287844818
1934,Shakespeare in Love,25000000,289317794,122.0,1998.0,"[{""id"": 10749, ""name"": ""Romance""}, {""id"": 36, ""name"": ""History""}]",en,31.792964,6.8,796,Released,Romance,1,1,11.57271176,17.034386422832473,3.4902139801839445,6.680854678790215
169917,A Walk Among the Tombstones,28000000,53181600,113.0,2014.0,"[{""id"": 80, ""name"": ""Crime""}, {""id"": 18, ""name"": ""Drama""}, {""id"": 9648, ""name"": ""Mystery""}, {""id"": 53, ""name"": ""Thriller""}]",en,61.309619,6.2,1131,Released,Crime,1,1,1.8993428571428568,17.147715103853763,4.132115811949088,7.0317412587631285
951,Kindergarten Cop,15000000,201957688,111.0,1990.0,"[{""id"": 35, ""name"": ""Comedy""}]",en,5.411154,5.8,628,Released,Comedy,1,1,13.463845866666666,16.52356082573315,1.8580392859301547,6.444131256700441
10189,Pineapple Express,27000000,101624843,111.0,2008.0,"[{""id"": 28, ""name"": ""Action""}, {""id"": 35, ""name"": ""Comedy""}]",en,41.832392,6.6,1148,Released,Action,1,1,3.763883074074074,17.11134746100564,3.757294638771978,7.046647277848756
9454,Ever After: A Cinderella Story,26000000,65705772,121.0,1998.0,"[{""id"": 18, ""name"": ""Drama""}, {""id"": 10749, ""name"": ""Romance""}, {""id"": 35, ""name"": ""Comedy""}]",en,21.988861,6.8,399,Released,Drama,1,1,2.5271450769230768,17.073607134447293,3.1350097942680946,5.991464547107982
2055,Open Range,22000000,68296293,139.0,2003.0,"[{""id"": 37, ""name"": ""Western""}]",en,19.068175,7.0,262,Released,Western,1,1,3.1043769545454545,16.906553056777135,2.9991352269347917,5.572154032177765
1551,Flatliners,26000000,61489265,115.0,1990.0,"[{""id"": 18, ""name"": ""Drama""}, {""id"": 27, ""name"": ""Horror""}, {""id"": 878, ""name"": ""Science Fiction""}, {""id"": 53, ""name"": ""Thriller""}]",en,24.114459,6.3,404,Released,Drama,1,1,2.3649717307692306,17.073607134447293,3.2234437360581936,6.003887067106539
5902,A Bridge Too Far,22000000,50750000,175.0,1977.0,"[{""id"": 18, ""name"": ""Drama""}, {""id"": 36, ""name"": ""History""}, {""id"": 10752, ""name"": ""War""}]",en,20.256571,6.9,207,Released,Drama,1,1,2.3068181818181817,16.906553056777135,3.0566660711000955,5.337538079701318
11460,Red Eye,26000000,57891803,85.0,2005.0,"[{""id"": 27, ""name"": ""Horror""}, {""id"": 53, ""name"": ""Thriller""}]",en,8.802626,6.2,455,Released,Horror,1,1,2.226607807692308,17.073607134447293,2.28265030896555,6.1224928095143865
9358,Final Destination 2,26000000,90426405,90.0,2003.0,"[{""id"": 27, ""name"": ""Horror""}, {""id"": 9648, ""name"": ""Mystery""}]",en,37.355826,5.9,1023,Released,Horror,1,1,3.4779386538461536,17.073607134447293,3.6469064328331315,6.931471805599453
134,"O Brother, Where Art Thou?",26000000,71868327,106.0,2000.0,"[{""id"": 28, ""name"": ""Action""}, {""id"": 12, ""name"": ""Adventure""}, {""id"": 35, ""name"": ""Comedy""}]",en,39.742009,7.3,1112,Released,Action,1,1,2.764166423076923,17.073607134447293,3.7072597222976045,7.014814351275545
22894,Legion,26000000,67918658,100.0,2010.0,"[{""id"": 27, ""name"": ""Horror""}]",en,30.981604,5.2,629,Released,Horror,1,1,2.6122560769230767,17.073607134447293,3.465160862495738,6.4457198193855785
134374,Pain & Gain,25000000,86175291,130.0,2013.0,"[{""id"": 53, ""name"": ""Thriller""}, {""id"": 80, ""name"": ""Crime""}, {""id"": 28, ""name"": ""Action""}]",en,31.893932,6.1,1573,Released,Thriller,1,1,3.44701164,17.034386422832473,3.4932882030706343,7.3613754289773485
15028,Clockstoppers,26000000,38793283,94.0,2002.0,"[{""id"": 12, ""name"": ""Adventure""}, {""id"": 10751, ""name"": ""Family""}, {""id"": 878, ""name"": ""Science Fiction""}, {""id"": 53, ""name"": ""Thriller""}]",en,5.894163,4.9,89,Released,Adventure,1,1,1.4920493461538462,17.073607134447293,1.9306751115633514,4.499809670330265
7445,Brothers,26000000,43318349,104.0,2009.0,"[{""id"": 18, ""name"": ""Drama""}, {""id"": 53, ""name"": ""Thriller""}, {""id"": 10752, ""name"": ""War""}]",en,22.07638,6.8,633,Released,Drama,1,1,1.666090346153846,17.073607134447293,3.138809583584418,6.452048954437226
17047,Agent Cody Banks 2: Destination London,26000000,28818995,100.0,2004.0,"[{""id"": 35, ""name"": ""Comedy""}]",en,10.925618,5.2,144,Released,Comedy,1,1,1.1084228846153843,17.073607134447293,2.478688859330964,4.976733742420574
62838,New Year's Eve,56000000,142044638,118.0,2011.0,"[{""id"": 35, ""name"": ""Comedy""}, {""id"": 10749, ""name"": ""Romance""}]",en,21.219292,5.7,718,Released,Comedy,1,1,2.5365113928571428,17.840862266556567,3.1009609205175233,6.577861357721047
2057,Original Sin,42000000,35402320,118.0,2001.0,"[{""id"": 18, ""name"": ""Drama""}, {""id"": 53, ""name"": ""Thriller""}, {""id"": 9648, ""name"": ""Mystery""}, {""id"": 10749, ""name"": ""Romance""}]",en,14.831402,5.8,198,Released,Drama,1,1,0.842912380952381,17.553180200057167,2.7619954359850807,5.293304824724492
70436,The Raven,26000000,29657751,111.0,2012.0,"[{""id"": 80, ""name"": ""Crime""}, {""id"": 53, ""name"": ""Thriller""}, {""id"": 9648, ""name"": ""Mystery""}]",en,22.520842,6.1,426,Released,Crime,1,1,1.1406827307692309,17.073607134447293,3.1578869217093737,6.056784013228625
16784,Welcome to Mooseport,30000000,14000000,110.0,2004.0,"[{""id"": 35, ""name"": ""Comedy""}]",en,3.314094,4.8,54,Released,Comedy,1,1,0.4666666666666667,17.216707972959764,1.4618873372520613,4.007333185232471
8011,Highlander: The Final Dimension,26000000,36800000,99.0,1994.0,"[{""id"": 28, ""name"": ""Action""}, {""id"": 14, ""name"": ""Fantasy""}, {""id"": 878, ""name"": ""Science Fiction""}]",en,7.964451,4.5,110,Released,Action,1,1,1.4153846153846157,17.073607134447293,2.1932668670336097,4.709530201312334
36355,Flipper,25530000,20080020,95.0,1996.0,"[{""id"": 12, ""name"": ""Adventure""}, {""id"": 10751, ""name"": ""Family""}]",en,4.475007,5.3,84,Released,Adventure,1,1,0.7865264394829612,17.05536482838727,1.70019355424056,4.442651256490317
238615,Self/less,26000000,30523226,116.0,2015.0,"[{""id"": 878, ""name"": ""Science Fiction""}, {""id"": 9648, ""name"": ""Mystery""}, {""id"": 53, ""name"": ""Thriller""}]",en,66.097437,6.3,1091,Released,Science Fiction,1,1,1.1739702307692308,17.073607134447293,4.206145846526812,6.9957661563048505
1985,The Constant Gardener,25000000,82466670,129.0,2005.0,"[{""id"": 18, ""name"": ""Drama""}, {""id"": 9648, ""name"": ""Mystery""}, {""id"": 53, ""name"": ""Thriller""}]",en,20.679652,6.8,417,Released,Drama,1,1,3.2986668,17.034386422832473,3.0763741247820997,6.035481432524756
615,The Passion of the Christ,30000000,611899420,127.0,2004.0,"[{""id"": 18, ""name"": ""Drama""}]",en,38.171417,6.9,864,Released,Drama,1,1,20.39664733333333,17.216707972959764,3.6679473226680432,6.762729506931879
788,Mrs. Doubtfire,25000000,441286195,125.0,1993.0,"[{""id"": 35, ""name"": ""Comedy""}, {""id"": 18, ""name"": ""Drama""}, {""id"": 10751, ""name"": ""Family""}]",en,30.884535,7.0,1591,Released,Comedy,1,1,17.6514478,17.034386422832473,3.462121096000864,7.3727463664043285
380,Rain Man,25000000,412800000,133.0,1988.0,"[{""id"": 18, ""name"": ""Drama""}]",en,49.510658,7.6,1709,Released,Drama,1,1,16.512,17.034386422832473,3.922184363518451,7.444248649496705
13223,Gran Torino,33000000,269958228,116.0,2008.0,"[{""id"": 18, ""name"": ""Drama""}]",en,50.7453,7.8,3086,Released,Drama,1,1,8.180552363636364,17.312018149733785,3.9463336067649397,8.034955024502159
10523,W.,25100000,29506464,131.0,2008.0,"[{""id"": 18, ""name"": ""Drama""}, {""id"": 36, ""name"": ""History""}]",en,10.445391,6.1,143,Released,Drama,1,1,1.175556334661355,17.038378443942648,2.4375871162111014,4.969813299576001
8681,Taken,25000000,226830568,93.0,2008.0,"[{""id"": 28, ""name"": ""Action""}, {""id"": 53, ""name"": ""Thriller""}]",en,80.879032,7.2,4369,Released,Action,1,1,9.07322272,17.034386422832473,4.405242938544408,8.382518288089635
239571,The Best of Me,26000000,35926213,117.0,2014.0,"[{""id"": 18, ""name"": ""Drama""}, {""id"": 10749, ""name"": ""Romance""}]",en,33.93914,7.2,765,Released,Drama,1,1,1.381777423076923,17.073607134447293,3.553607690779636,6.641182169740591
619,The Bodyguard,25000000,411006740,129.0,1992.0,"[{""id"": 53, ""name"": ""Thriller""}, {""id"": 28, ""name"": ""Action""}, {""id"": 18, ""name"": ""Drama""}, {""id"": 10402, ""name"": ""Music""}, {""id"": 10749, ""name"": ""Romance""}]",en,26.576385,6.1,661,Released,Thriller,1,1,16.4402696,17.034386422832473,3.3169597905328283,6.495265555937008
424,Schindler's List,22000000,321365567,195.0,1993.0,"[{""id"": 18, ""name"": ""Drama""}, {""id"": 36, ""name"": ""History""}, {""id"": 10752, ""name"": ""War""}]",en,104.469351,8.3,4329,Released,Drama,1,1,14.607525772727271,16.906553056777135,4.658420398861038,8.373322820996535
50014,The Help,25000000,124272124,146.0,2011.0,"[{""id"": 18, ""name"": ""Drama""}]",en,42.191509,7.8,1910,Released,Drama,1,1,4.97088496,17.034386422832473,3.7656439250054743,7.555381944240273
162903,The Fifth Estate,28000000,8555008,128.0,2013.0,"[{""id"": 18, ""name"": ""Drama""}, {""id"": 53, ""name"": ""Thriller""}]",en,20.267062,5.7,364,Released,Drama,1,1,0.305536,17.147715103853763,3.0571594908515474,5.8998973535824915
6466,Freddy vs. Jason,30000000,114908830,97.0,2003.0,"[{""id"": 27, ""name"": ""Horror""}]",en,26.69592,5.8,594,Released,Horror,1,1,3.830294333333333,17.216707972959764,3.3212851099259266,6.38856140554563
12589,Jimmy Neutron: Boy Genius,25000000,80936232,83.0,2001.0,"[{""id"": 28, ""name"": ""Action""}, {""id"": 12, ""name"": ""Adventure""}, {""id"": 16, ""name"": ""Animation""}, {""id"": 35, ""name"": ""Comedy""}, {""id"": 10751, ""name"": ""Family""}, {""id"": 14, ""name"": ""Fantasy""}, {""id"": 878, ""name"": ""Science Fiction""}]",en,12.739721,5.6,231,Released,Action,1,1,3.23744928,17.034386422832473,2.620290980911184,5.44673737166631
7191,Cloverfield,25000000,170764026,85.0,2008.0,"[{""id"": 28, ""name"": ""Action""}, {""id"": 53, ""name"": ""Thriller""}, {""id"": 878, ""name"": ""Science Fiction""}]",en,46.942396,6.4,2251,Released,Action,1,1,6.83056104,17.034386422832473,3.870000206897915,7.719573989259581
1497,Teenage Mutant Ninja Turtles II: The Secret of the Ooze,25000000,78000000,88.0,1991.0,"[{""id"": 878, ""name"": ""Science Fiction""}, {""id"": 12, ""name"": ""Adventure""}, {""id"": 28, ""name"": ""Action""}, {""id"": 35, ""name"": ""Comedy""}, {""id"": 10751, ""name"": ""Family""}]",en,15.505137,5.8,286,Released,Science Fiction,1,1,3.12,17.034386422832473,2.8036716657857026,5.659482215759621
117,The Untouchables,25000000,76270454,119.0,1987.0,"[{""id"": 80, ""name"": ""Crime""}, {""id"": 18, ""name"": ""Drama""}, {""id"": 36, ""name"": ""History""}, {""id"": 53, ""name"": ""Thriller""}]",en,38.272889,7.6,1384,Released,Crime,1,1,3.05081816,17.034386422832473,3.6705344334928163,7.233455418621439
6977,No Country for Old Men,25000000,171600000,122.0,2007.0,"[{""id"": 80, ""name"": ""Crime""}, {""id"": 18, ""name"": ""Drama""}, {""id"": 53, ""name"": ""Thriller""}]",en,53.645267,7.7,3003,Released,Crime,1,1,6.864,17.034386422832473,4.000862605199599,8.007700012884026
168530,Ride Along,25000000,153997819,99.0,2014.0,"[{""id"": 28, ""name"": ""Action""}, {""id"": 35, ""name"": ""Comedy""}]",en,28.468,6.1,853,Released,Action,1,1,6.15991276,17.034386422832473,3.383304928820567,6.74993119378857
634,Bridget Jones's Diary,25000000,281929795,97.0,2001.0,"[{""id"": 35, ""name"": ""Comedy""}, {""id"": 10749, ""name"": ""Romance""}, {""id"": 18, ""name"": ""Drama""}]",en,35.310712,6.5,1356,Released,Comedy,1,1,11.2771918,17.034386422832473,3.5921127941571536,7.213031659834869
392,Chocolat,25000000,152500343,121.0,2000.0,"[{""id"": 35, ""name"": ""Comedy""}, {""id"": 18, ""name"": ""Drama""}, {""id"": 10749, ""name"": ""Romance""}]",en,28.727731,6.8,951,Released,Comedy,1,1,6.10001372,17.034386422832473,3.3920803138821998,6.858565034791365
10327,"Legally Blonde 2: Red, White & Blonde",45000000,124914842,95.0,2003.0,"[{""id"": 35, ""name"": ""Comedy""}]",en,4.340616,5.1,377,Released,Comedy,1,1,2.7758853777777777,17.622173069956816,1.6753410021243775,5.934894195619588
88042,Parental Guidance,25000000,119772232,104.0,2012.0,"[{""id"": 35, ""name"": ""Comedy""}]",en,14.604911,5.7,210,Released,Comedy,1,1,4.79088928,17.034386422832473,2.7475856724062546,5.351858133476067
41630,No Strings Attached,25000000,147780440,107.0,2011.0,"[{""id"": 35, ""name"": ""Comedy""}, {""id"": 10749, ""name"": ""Romance""}]",en,38.688822,6.1,1331,Released,Comedy,1,1,5.9112176,17.034386422832473,3.6810695863343574,7.194436851100335
11969,Tombstone,25000000,56505065,130.0,1993.0,"[{""id"": 28, ""name"": ""Action""}, {""id"": 12, ""name"": ""Adventure""}, {""id"": 18, ""name"": ""Drama""}, {""id"": 36, ""name"": ""History""}, {""id"": 37, ""name"": ""Western""}]",en,30.537845,7.4,626,Released,Action,1,1,2.2602026,17.034386422832473,3.451188253265249,6.440946540632921
2085,Romeo Must Die,25000000,91036760,115.0,2000.0,"[{""id"": 28, ""name"": ""Action""}, {""id"": 80, ""name"": ""Crime""}, {""id"": 53, ""name"": ""Thriller""}]",en,19.750059,6.0,330,Released,Action,1,1,3.6414704,17.034386422832473,3.032549090046159,5.802118375377063
794,The Omen,2800000,60922980,111.0,1976.0,"[{""id"": 27, ""name"": ""Horror""}, {""id"": 53, ""name"": ""Thriller""}]",en,25.939385,7.2,476,Released,Horror,1,1,21.75820714285714,14.845130332288226,3.2935893422138487,6.1675164908883415
9286,Final Destination 3,25000000,117719158,93.0,2006.0,"[{""id"": 27, ""name"": ""Horror""}, {""id"": 9648, ""name"": ""Mystery""}]",en,31.64341,5.8,974,Released,Horror,1,1,4.70876632,17.034386422832473,3.485642997678194,6.882437470997847
77877,The Lucky One,25000000,99357138,101.0,2012.0,"[{""id"": 18, ""name"": ""Drama""}, {""id"": 10749, ""name"": ""Romance""}]",en,26.811541,6.8,946,Released,Drama,1,1,3.97428552,17.034386422832473,3.325451078433103,6.853299093186078
1265,Bridge to Terabithia,60000000,137587063,96.0,2007.0,"[{""id"": 12, ""name"": ""Adventure""}, {""id"": 18, ""name"": ""Drama""}, {""id"": 10751, ""name"": ""Family""}]",en,40.646102,7.0,1113,Released,Adventure,1,1,2.2931177166666665,17.909855136853043,3.7292077747973127,7.01571242048723
866,Finding Neverland,25000000,116766556,106.0,2004.0,"[{""id"": 18, ""name"": ""Drama""}]",en,34.160448,7.2,1223,Released,Drama,1,1,4.67066224,17.034386422832473,3.559921814487792,7.1098794630722715
75174,The Grey,25000000,77278331,117.0,2012.0,"[{""id"": 28, ""name"": ""Action""}, {""id"": 18, ""name"": ""Drama""}, {""id"": 53, ""name"": ""Thriller""}]",en,48.552871,6.4,1451,Released,Action,1,1,3.09113324,17.034386422832473,3.903040200570714,7.280697195384741
11096,Hide and Seek,25000000,122644820,101.0,2005.0,"[{""id"": 27, ""name"": ""Horror""}, {""id"": 9648, ""name"": ""Mystery""}, {""id"": 53, ""name"": ""Thriller""}]",en,18.228538,6.1,440,Released,Horror,1,1,4.9057928,17.034386422832473,2.956395529669405,6.089044875446846
8699,Anchorman: The Legend of Ron Burgundy,26000000,90574188,94.0,2004.0,"[{""id"": 35, ""name"": ""Comedy""}]",en,29.342744,6.7,1493,Released,Comedy,1,1,3.4836226153846157,17.073607134447293,3.4125574114919592,7.309212365692763
769,GoodFellas,25000000,46836394,145.0,1990.0,"[{""id"": 18, ""name"": ""Drama""}, {""id"": 80, ""name"": ""Crime""}]",en,63.654244,8.2,3128,Released,Drama,1,1,1.87345576,17.034386422832473,4.169053748848272,8.048468743668883
10923,Agent Cody Banks,28000000,58795814,102.0,2003.0,"[{""id"": 28, ""name"": ""Action""}]",en,11.859396,5.0,284,Released,Action,1,1,2.0998505,17.147715103853763,2.5540747503658823,5.652489180268651
11283,Nanny McPhee,25000000,122489822,97.0,2005.0,"[{""id"": 14, ""name"": ""Fantasy""}, {""id"": 35, ""name"": ""Comedy""}, {""id"": 10751, ""name"": ""Family""}]",en,24.356483,6.4,711,Released,Fantasy,1,1,4.89959288,17.034386422832473,3.2330344369863537,6.568077911411976
111,Scarface,25000000,65884703,170.0,1983.0,"[{""id"": 28, ""name"": ""Action""}, {""id"": 80, ""name"": ""Crime""}, {""id"": 18, ""name"": ""Drama""}, {""id"": 53, ""name"": ""Thriller""}]",en,70.105981,8.0,2948,Released,Action,1,1,2.63538812,17.034386422832473,4.2641714542276254,7.989221408815276
746,The Last Emperor,23000000,43984230,163.0,1987.0,"[{""id"": 18, ""name"": ""Drama""}, {""id"": 36, ""name"": ""History""}]",en,21.189028,7.4,355,Released,Drama,1,1,1.9123578260869565,16.951004817371683,3.0995979324700036,5.87493073085203
77866,Contraband,25000000,63100000,109.0,2012.0,"[{""id"": 53, ""name"": ""Thriller""}, {""id"": 28, ""name"": ""Action""}, {""id"": 18, ""name"": ""Drama""}, {""id"": 80, ""name"": ""Crime""}]",en,31.364901,6.1,770,Released,Thriller,1,1,2.524,17.034386422832473,3.4770745331329156,6.647688373563329
7345,There Will Be Blood,25000000,77208711,158.0,2007.0,"[{""id"": 18, ""name"": ""Drama""}]",en,37.817905,7.9,1537,Released,Drama,1,1,3.08834844,17.034386422832473,3.6588816092572864,7.338238150065589
12277,Undercover Brother,25000000,41604473,86.0,2002.0,"[{""id"": 28, ""name"": ""Action""}, {""id"": 35, ""name"": ""Comedy""}]",en,6.086083,5.5,112,Released,Action,1,1,1.66417892,17.034386422832473,1.9581327196120504,4.727387818712341
9779,The Sisterhood of the Traveling Pants,25000000,39053061,119.0,2005.0,"[{""id"": 18, ""name"": ""Drama""}, {""id"": 35, ""name"": ""Comedy""}]",en,17.17372,6.3,386,Released,Drama,1,1,1.56212244,17.034386422832473,2.8999765945296234,5.958424693029782
2140,Kiss of the Dragon,25000000,64437847,98.0,2001.0,"[{""id"": 28, ""name"": ""Action""}, {""id"": 80, ""name"": ""Crime""}, {""id"": 53, ""name"": ""Thriller""}]",en,16.936576,6.4,298,Released,Action,1,1,2.57751388,17.034386422832473,2.8868419799979192,5.700443573390686
12620,The House Bunny,25000000,70442940,97.0,2008.0,"[{""id"": 10749, ""name"": ""Romance""}, {""id"": 35, ""name"": ""Comedy""}]",en,25.838073,5.6,529,Released,Romance,1,1,2.8177176,17.034386422832473,3.2898215136989135,6.272877006546167
14177,Beauty Shop,25000000,36351350,105.0,2005.0,"[{""id"": 35, ""name"": ""Comedy""}, {""id"": 10749, ""name"": ""Romance""}]",en,5.625632,5.4,115,Released,Comedy,1,1,1.454054,17.034386422832473,1.8909457635487703,4.7535901911063645
198185,Million Dollar Arm,25000000,38307627,124.0,2014.0,"[{""id"": 18, ""name"": ""Drama""}]",en,17.312433,6.6,259,Released,Drama,1,1,1.53230508,17.034386422832473,2.907580228067521,5.560681631015528
227156,The Giver,25000000,66980456,94.0,2014.0,"[{""id"": 18, ""name"": ""Drama""}, {""id"": 878, ""name"": ""Science Fiction""}]",en,53.811461,6.4,1798,Released,Drama,1,1,2.67921824,17.034386422832473,4.003899314422527,7.494986233950533
11351,Jeepers Creepers 2,17000000,63102666,104.0,2003.0,"[{""id"": 27, ""name"": ""Horror""}, {""id"": 53, ""name"": ""Thriller""}]",en,19.045146,5.5,299,Released,Horror,1,1,3.711921529411765,16.648723960844016,2.9979870296798183,5.703782474656201
10030,Good Luck Chuck,25000000,59192128,101.0,2007.0,"[{""id"": 35, ""name"": ""Comedy""}, {""id"": 18, ""name"": ""Drama""}, {""id"": 10749, ""name"": ""Romance""}]",en,21.729434,5.5,444,Released,Comedy,1,1,2.36768512,17.034386422832473,3.123660736542538,6.09807428216624
10623,Cradle 2 the Grave,25000000,56489558,101.0,2003.0,"[{""id"": 28, ""name"": ""Action""}, {""id"": 80, ""name"": ""Crime""}, {""id"": 18, ""name"": ""Drama""}]",en,12.837116,5.8,236,Released,Action,1,1,2.25958232,17.034386422832473,2.6273545469721915,5.4680601411351315
590,The Hours,25000000,41597830,114.0,2002.0,"[{""id"": 18, ""name"": ""Drama""}]",en,20.953265,7.0,451,Released,Drama,1,1,1.6639132,17.034386422832473,3.088915875612039,6.113682179832232
9655,She's the Man,20000000,33889159,105.0,2006.0,"[{""id"": 35, ""name"": ""Comedy""}, {""id"": 18, ""name"": ""Drama""}, {""id"": 10751, ""name"": ""Family""}, {""id"": 10749, ""name"": ""Romance""}]",en,10.81439,6.4,671,Released,Comedy,1,1,1.69445795,16.811242881518265,2.469318280021226,6.51025834052315
1268,Mr. Bean's Holiday,25000000,229736344,90.0,2007.0,"[{""id"": 10751, ""name"": ""Family""}, {""id"": 35, ""name"": ""Comedy""}]",en,27.683874,6.1,663,Released,Family,1,1,9.18945376,17.034386422832473,3.35633508331789,6.498282149476434
11237,Anacondas: The Hunt for the Blood Orchid,20000000,70992898,97.0,2004.0,"[{""id"": 12, ""name"": ""Adventure""}, {""id"": 28, ""name"": ""Action""}, {""id"": 27, ""name"": ""Horror""}, {""id"": 878, ""name"": ""Science Fiction""}, {""id"": 53, ""name"": ""Thriller""}]",en,9.855474,4.9,199,Released,Adventure,1,1,3.5496449,16.811242881518265,2.3846694688900283,5.298317366548036
190955,Blood Ties,25500000,2415472,128.0,2013.0,"[{""id"": 53, ""name"": ""Thriller""}, {""id"": 80, ""name"": ""Crime""}, {""id"": 18, ""name"": ""Drama""}]",en,12.756344,6.0,171,Released,Thriller,1,1,0.0947243921568627,17.05418904934434,2.6215000995268984,5.147494476813453
5123,August Rush,25000000,66122026,114.0,2007.0,"[{""id"": 18, ""name"": ""Drama""}]",en,29.533437,7.1,797,Released,Drama,1,1,2.64488104,17.034386422832473,3.4188223782027176,6.682108597449809
4518,Elizabeth,30000000,82150642,124.0,1998.0,"[{""id"": 18, ""name"": ""Drama""}, {""id"": 36, ""name"": ""History""}]",en,14.179538,7.1,334,Released,Drama,1,1,2.7383547333333333,17.216707972959764,2.719948336721728,5.814130531825066
11932,Bride of Chucky,25000000,50671850,89.0,1998.0,"[{""id"": 27, ""name"": ""Horror""}, {""id"": 35, ""name"": ""Comedy""}]",en,14.340095,5.5,350,Released,Horror,1,1,2.026874,17.034386422832473,2.7304699888795168,5.860786223465865
11165,Tora! Tora! Tora!,25485000,29548291,144.0,1970.0,"[{""id"": 36, ""name"": ""History""}, {""id"": 28, ""name"": ""Action""}, {""id"": 18, ""name"": ""Drama""}, {""id"": 12, ""name"": ""Adventure""}, {""id"": 10752, ""name"": ""War""}]",en,9.795985,6.9,147,Released,History,1,1,1.1594385324700804,17.053600640995047,2.3791743057513104,4.997212273764115
6116,Spice World,25000000,100000000,93.0,1997.0,"[{""id"": 12, ""name"": ""Adventure""}, {""id"": 14, ""name"": ""Fantasy""}, {""id"": 18, ""name"": ""Drama""}, {""id"": 35, ""name"": ""Comedy""}, {""id"": 10402, ""name"": ""Music""}]",en,6.889437,4.7,123,Released,Adventure,1,1,4.0,17.034386422832473,2.0655247761647906,4.820281565605037
57431,The Sitter,25000000,34942188,81.0,2011.0,"[{""id"": 35, ""name"": ""Comedy""}]",en,19.428994,5.4,325,Released,Comedy,1,1,1.39768752,17.034386422832473,3.016955166305341,5.786897381366708
278,The Shawshank Redemption,25000000,28341469,142.0,1994.0,"[{""id"": 18, ""name"": ""Drama""}, {""id"": 80, ""name"": ""Crime""}]",en,136.747729,8.5,8205,Released,Drama,1,1,1.13365876,17.034386422832473,4.925423961508737,9.012620873002131
9290,Crocodile Dundee in Los Angeles,21150000,39438674,92.0,2001.0,"[{""id"": 12, ""name"": ""Adventure""}, {""id"": 35, ""name"": ""Comedy""}]",en,6.081772,4.7,146,Released,Adventure,1,1,1.864712718676123,16.867150510737883,1.9575241588760677,4.990432586778736
11543,Kingpin,27000000,25023434,113.0,1996.0,"[{""id"": 35, ""name"": ""Comedy""}]",en,17.329269,6.7,244,Released,Comedy,1,1,0.9267938518518518,17.11134746100564,2.9084991810782084,5.501258210544727
284536,The Gambler,25000000,39171130,111.0,2014.0,"[{""id"": 53, ""name"": ""Thriller""}, {""id"": 80, ""name"": ""Crime""}, {""id"": 18, ""name"": ""Drama""}]",en,22.622453,5.7,543,Released,Thriller,1,1,1.5668452,17.034386422832473,3.1621976580441324,6.298949246855942
152737,August: Osage County,25000000,74188937,121.0,2013.0,"[{""id"": 35, ""name"": ""Comedy""}, {""id"": 18, ""name"": ""Drama""}]",en,20.561682,6.9,483,Released,Comedy,1,1,2.96755748,17.034386422832473,3.0709177578400975,6.182084906716632
13374,Ice Princess,25000000,27645491,98.0,2005.0,"[{""id"": 18, ""name"": ""Drama""}, {""id"": 35, ""name"": ""Comedy""}, {""id"": 10751, ""name"": ""Family""}]",en,13.288177,5.9,185,Released,Drama,1,1,1.10581964,17.034386422832473,2.6594324120753297,5.225746673713202
8976,A Lot Like Love,30000000,42886719,107.0,2005.0,"[{""id"": 35, ""name"": ""Comedy""}]",en,19.212552,6.5,318,Released,Comedy,1,1,1.4295573,17.216707972959764,3.0063037975653457,5.765191102784844
319888,Eddie the Eagle,23000000,46152800,106.0,2016.0,"[{""id"": 35, ""name"": ""Comedy""}, {""id"": 18, ""name"": ""Drama""}, {""id"": 36, ""name"": ""History""}]",en,29.365851,7.2,661,Released,Comedy,1,1,2.006643478260869,16.951004817371683,3.4133186546442955,6.495265555937008
9469,He Got Game,25000000,21567853,136.0,1998.0,"[{""id"": 18, ""name"": ""Drama""}]",en,10.232599,6.7,134,Released,Drama,1,1,0.86271412,17.034386422832473,2.4188201756335532,4.90527477843843
1909,Don Juan DeMarco,25000000,22200000,97.0,1994.0,"[{""id"": 10749, ""name"": ""Romance""}, {""id"": 18, ""name"": ""Drama""}, {""id"": 35, ""name"": ""Comedy""}]",en,8.870614,6.2,183,Released,Romance,1,1,0.888,17.034386422832473,2.289562060223781,5.214935757608986
22971,Dear John,25000000,114977104,115.0,2010.0,"[{""id"": 18, ""name"": ""Drama""}, {""id"": 10749, ""name"": ""Romance""}, {""id"": 10752, ""name"": ""War""}]",en,19.402816,6.6,1262,Released,Drama,1,1,4.59908416,17.034386422832473,3.015672930539321,7.141245122350491
34813,The Losers,25000000,23580000,97.0,2010.0,"[{""id"": 28, ""name"": ""Action""}, {""id"": 12, ""name"": ""Adventure""}, {""id"": 80, ""name"": ""Crime""}, {""id"": 9648, ""name"": ""Mystery""}, {""id"": 53, ""name"": ""Thriller""}]",en,24.903418,6.2,515,Released,Action,1,1,0.9432,17.034386422832473,3.2543749291103037,6.246106765481563
46261,Don't Be Afraid of the Dark,25000000,36993168,99.0,2010.0,"[{""id"": 14, ""name"": ""Fantasy""}, {""id"": 27, ""name"": ""Horror""}, {""id"": 53, ""name"": ""Thriller""}]",en,14.562197,5.4,341,Released,Fantasy,1,1,1.47972672,17.034386422832473,2.744844704155868,5.834810737062605
10431,War,25000000,40452643,103.0,2007.0,"[{""id"": 28, ""name"": ""Action""}, {""id"": 53, ""name"": ""Thriller""}, {""id"": 80, ""name"": ""Crime""}]",en,18.896239,6.0,414,Released,Action,1,1,1.61810572,17.034386422832473,2.9905307188937718,6.028278520230698
8051,Punch-Drunk Love,25000000,17000000,95.0,2002.0,"[{""id"": 35, ""name"": ""Comedy""}, {""id"": 18, ""name"": ""Drama""}, {""id"": 10749, ""name"": ""Romance""}]",en,15.960916,6.9,530,Released,Comedy,1,1,0.68,17.034386422832473,2.8309116383392623,6.274762021241939
9352,EuroTrip,25000000,20796847,93.0,2004.0,"[{""id"": 35, ""name"": ""Comedy""}]",en,25.848003,6.5,656,Released,Comedy,1,1,0.83187388,17.034386422832473,3.2901914420249563,6.487684018484611
15487,The Greatest Game Ever Played,25000000,15431177,120.0,2005.0,"[{""id"": 18, ""name"": ""Drama""}, {""id"": 10751, ""name"": ""Family""}]",en,7.538513,6.9,110,Released,Drama,1,1,0.61724708,17.034386422832473,2.144586870859662,4.709530201312334
22825,The Box,30000000,33333531,115.0,2009.0,"[{""id"": 53, ""name"": ""Thriller""}, {""id"": 878, ""name"": ""Science Fiction""}]",en,21.606001,5.4,597,Released,Thriller,1,1,1.1111177,17.216707972959764,3.118215402004582,6.393590753950631
1831,The Next Best Thing,25000000,24362772,108.0,2000.0,"[{""id"": 35, ""name"": ""Comedy""}]",en,3.707511,4.3,29,Released,Comedy,1,1,0.97451088,17.034386422832473,1.5491593182432009,3.4011973816621555
43931,My Soul to Take,25000000,19829957,107.0,2010.0,"[{""id"": 18, ""name"": ""Drama""}, {""id"": 27, ""name"": ""Horror""}, {""id"": 9648, ""name"": ""Mystery""}, {""id"": 53, ""name"": ""Thriller""}]",en,7.001176,5.2,147,Released,Drama,1,1,0.79319828,17.034386422832473,2.0795885308763946,4.997212273764115
10591,The Girl Next Door,25000000,30411183,108.0,2004.0,"[{""id"": 35, ""name"": ""Comedy""}]",en,39.784026,6.3,824,Released,Comedy,1,1,1.21644732,17.034386422832473,3.7082904851384604,6.715383386334681
10861,Maximum Risk,25000000,51702483,100.0,1996.0,"[{""id"": 28, ""name"": ""Action""}, {""id"": 12, ""name"": ""Adventure""}, {""id"": 53, ""name"": ""Thriller""}]",en,10.115011,5.2,101,Released,Action,1,1,2.06809932,17.034386422832473,2.4082965370692913,4.624972813284271
276907,Legend,25000000,42972994,131.0,2015.0,"[{""id"": 80, ""name"": ""Crime""}, {""id"": 53, ""name"": ""Thriller""}]",en,32.854557,6.7,973,Released,Crime,1,1,1.71891976,17.034386422832473,3.5220736136356328,6.881411303642535
65055,Shark Night,28000000,10126458,91.0,2011.0,"[{""id"": 27, ""name"": ""Horror""}, {""id"": 53, ""name"": ""Thriller""}]",en,8.363702,4.9,132,Released,Horror,1,1,0.3616592142857143,17.147715103853763,2.236840725115435,4.890349128221754
10397,Angela's Ashes,25,13,145.0,1999.0,"[{""id"": 18, ""name"": ""Drama""}]",en,4.88794,7.0,59,Released,Drama,1,1,0.52,3.258096538021482,1.7729061911572632,4.0943445622221
200505,Draft Day,25000000,28831145,109.0,2014.0,"[{""id"": 18, ""name"": ""Drama""}]",en,14.17009,6.5,304,Released,Drama,1,1,1.1532458,17.034386422832473,2.7193257261048727,5.720311776607412
60309,The Conspirator,25000000,15478800,122.0,2010.0,"[{""id"": 80, ""name"": ""Crime""}, {""id"": 18, ""name"": ""Drama""}, {""id"": 36, ""name"": ""History""}]",en,9.169271,6.2,137,Released,Crime,1,1,0.619152,17.034386422832473,2.319370526075304,4.927253685157205
9787,Lords of Dogtown,25000000,13411957,107.0,2005.0,"[{""id"": 18, ""name"": ""Drama""}]",en,8.127728,7.0,210,Released,Drama,1,1,0.53647828,17.034386422832473,2.2113168136933563,5.351858133476067
293646,The 33,25000000,24902723,120.0,2015.0,"[{""id"": 18, ""name"": ""Drama""}, {""id"": 36, ""name"": ""History""}]",en,10.699952,6.0,378,Released,Drama,1,1,0.99610892,17.034386422832473,2.4595847392311923,5.937536205082426
6978,Big Trouble in Little China,25000000,11000000,99.0,1986.0,"[{""id"": 28, ""name"": ""Action""}, {""id"": 12, ""name"": ""Adventure""}, {""id"": 35, ""name"": ""Comedy""}, {""id"": 14, ""name"": ""Fantasy""}]",en,29.796394,7.1,705,Released,Action,1,1,0.44,17.034386422832473,3.427397605203296,6.559615237493242
59440,Warrior,25000000,23057115,140.0,2011.0,"[{""id"": 28, ""name"": ""Action""}, {""id"": 18, ""name"": ""Drama""}]",en,51.915025,7.7,1272,Released,Action,1,1,0.9222846,17.034386422832473,3.9686873250014014,7.149131598557407
1770,Michael Collins,28000000,16900000,132.0,1996.0,"[{""id"": 18, ""name"": ""Drama""}, {""id"": 53, ""name"": ""Thriller""}]",en,8.314624,6.7,97,Released,Drama,1,1,0.6035714285714285,17.147715103853763,2.2315856382361794,4.584967478670572
8988,Stop-Loss,25000000,11207130,113.0,2008.0,"[{""id"": 18, ""name"": ""Drama""}, {""id"": 10752, ""name"": ""War""}]",en,4.002579,6.1,82,Released,Drama,1,1,0.4482852,17.034386422832473,1.6099535794550055,4.418840607796598
15992,Abandon,25000000,10719357,99.0,2002.0,"[{""id"": 18, ""name"": ""Drama""}, {""id"": 9648, ""name"": ""Mystery""}, {""id"": 53, ""name"": ""Thriller""}]",en,3.888776,4.6,45,Released,Drama,1,1,0.42877428,17.034386422832473,1.5869419654063517,3.828641396489095
17707,Brokedown Palace,25000000,13000000,100.0,1999.0,"[{""id"": 18, ""name"": ""Drama""}, {""id"": 53, ""name"": ""Thriller""}]",en,7.296459,6.2,111,Released,Drama,1,1,0.52,17.034386422832473,2.1158287972655487,4.718498871295094
77883,The Possession,14000000,85446075,92.0,2012.0,"[{""id"": 27, ""name"": ""Horror""}, {""id"": 53, ""name"": ""Thriller""}]",en,21.680424,5.8,498,Released,Horror,1,1,6.103291071428571,16.454567959008102,3.121502173570166,6.212606095751519
40001,Mrs. Winterbourne,25000000,10070000,105.0,1996.0,"[{""id"": 35, ""name"": ""Comedy""}, {""id"": 10749, ""name"": ""Romance""}, {""id"": 18, ""name"": ""Drama""}]",en,7.946769,5.3,25,Released,Comedy,1,1,0.4028,17.034386422832473,2.191292461521968,3.258096538021482
64639,Straw Dogs,25000000,10324441,110.0,2011.0,"[{""id"": 18, ""name"": ""Drama""}, {""id"": 53, ""name"": ""Thriller""}]",en,7.473455,5.5,144,Released,Drama,1,1,0.41297764,17.034386422832473,2.136938335762732,4.976733742420574
9903,The Hoax,25000000,11772461,116.0,2006.0,"[{""id"": 35, ""name"": ""Comedy""}, {""id"": 18, ""name"": ""Drama""}]",en,5.073536,6.4,60,Released,Comedy,1,1,0.47089844,17.034386422832473,1.8039409725301003,4.110873864173311
20766,The Road,32000000,27635305,111.0,2009.0,"[{""id"": 12, ""name"": ""Adventure""}, {""id"": 18, ""name"": ""Drama""}]",en,41.075532,6.8,1087,Released,Adventure,1,1,0.86360328125,17.281246492014,3.739466384084872,6.992096427415888
24264,Sheena,25000000,5778353,117.0,1984.0,"[{""id"": 28, ""name"": ""Action""}, {""id"": 12, ""name"": ""Adventure""}, {""id"": 35, ""name"": ""Comedy""}, {""id"": 14, ""name"": ""Fantasy""}, {""id"": 878, ""name"": ""Science Fiction""}]",en,4.020194,5.0,22,Released,Action,1,1,0.23113412,17.034386422832473,1.6134685783752496,3.1354942159291497
9067,Tank Girl,25000000,4064495,98.0,1995.0,"[{""id"": 28, ""name"": ""Action""}, {""id"": 35, ""name"": ""Comedy""}, {""id"": 14, ""name"": ""Fantasy""}, {""id"": 878, ""name"": ""Science Fiction""}]",en,8.186936,5.5,138,Released,Action,1,1,0.1625798,17.034386422832473,2.217782474899548,4.9344739331306915
8338,Blindness,25000000,19844979,121.0,2008.0,"[{""id"": 18, ""name"": ""Drama""}, {""id"": 9648, ""name"": ""Mystery""}, {""id"": 878, ""name"": ""Science Fiction""}, {""id"": 53, ""name"": ""Thriller""}]",en,17.603823,6.4,387,Released,Drama,1,1,0.79379916,17.034386422832473,2.9233670972335983,5.961005339623274
168705,BloodRayne,25000000,2405420,95.0,2005.0,"[{""id"": 28, ""name"": ""Action""}, {""id"": 12, ""name"": ""Adventure""}, {""id"": 14, ""name"": ""Fantasy""}, {""id"": 27, ""name"": ""Horror""}]",en,7.008216,3.5,118,Released,Action,1,1,0.0962168,17.034386422832473,2.0804680146761267,4.77912349311153
72113,Carnage,25000000,27603069,80.0,2011.0,"[{""id"": 35, ""name"": ""Comedy""}, {""id"": 18, ""name"": ""Drama""}]",en,20.011435,7.0,738,Released,Comedy,1,1,1.10412276,17.034386422832473,3.0450668133336536,6.6052979209482015
22256,Without Limits,25000000,777423,117.0,1998.0,"[{""id"": 18, ""name"": ""Drama""}]",en,3.849873,6.2,19,Released,Drama,1,1,0.03109692,17.034386422832473,1.5789525190395337,2.995732273553991
12404,Me and Orson Welles,25000000,2336172,114.0,2009.0,"[{""id"": 35, ""name"": ""Comedy""}, {""id"": 18, ""name"": ""Drama""}, {""id"": 10749, ""name"": ""Romance""}]",en,3.593165,6.6,49,Released,Comedy,1,1,0.09344688,17.034386422832473,1.5245693289309243,3.912023005428146
152742,The Best Offer,13500000,19255873,124.0,2013.0,"[{""id"": 18, ""name"": ""Drama""}, {""id"": 10749, ""name"": ""Romance""}, {""id"": 80, ""name"": ""Crime""}, {""id"": 9648, ""name"": ""Mystery""}]",en,30.058263,7.7,704,Released,Drama,1,1,1.426360962962963,16.41820031748273,3.435864892138705,6.558197802812269
11699,The Bad Lieutenant: Port of Call - New Orleans,25000000,10589102,122.0,2009.0,"[{""id"": 18, ""name"": ""Drama""}, {""id"": 80, ""name"": ""Crime""}]",en,17.339852,6.0,326,Released,Drama,1,1,0.42356408,17.034386422832473,2.909076397002955,5.7899601708972535
48034,Little White Lies,25000000,48531470,154.0,2010.0,"[{""id"": 35, ""name"": ""Comedy""}, {""id"": 18, ""name"": ""Drama""}]",fr,15.279021,7.1,380,Released,Comedy,1,1,1.9412588,17.034386422832473,2.7898772236310694,5.942799375126701
36696,Space Dogs,25000000,6500000,85.0,2010.0,"[{""id"": 10751, ""name"": ""Family""}, {""id"": 16, ""name"": ""Animation""}]",ru,5.753564,6.3,10,Released,Family,1,1,0.26,17.034386422832473,1.910070365541485,2.3978952727983707
109091,The Counselor,25000000,71009334,117.0,2013.0,"[{""id"": 53, ""name"": ""Thriller""}, {""id"": 80, ""name"": ""Crime""}, {""id"": 18, ""name"": ""Drama""}]",en,35.022029,5.0,712,Released,Thriller,1,1,2.84037336,17.034386422832473,3.584130667978114,6.569481420414296
33157,Waterloo,25000000,3052000,128.0,1970.0,"[{""id"": 36, ""name"": ""History""}, {""id"": 28, ""name"": ""Action""}, {""id"": 18, ""name"": ""Drama""}]",en,1.894749,7.0,31,Released,History,1,1,0.12208,17.034386422832473,1.0628984060572104,3.4657359027997265
859,Dangerous Liaisons,14000000,34670720,119.0,1988.0,"[{""id"": 18, ""name"": ""Drama""}, {""id"": 10749, ""name"": ""Romance""}]",en,14.480628,7.0,257,Released,Drama,1,1,2.47648,16.454567959008102,2.739589435814155,5.552959584921617
83770,On the Road,25000000,8784318,137.0,2012.0,"[{""id"": 12, ""name"": ""Adventure""}, {""id"": 18, ""name"": ""Drama""}]",en,14.613152,5.5,301,Released,Adventure,1,1,0.35137272,17.034386422832473,2.74811363598884,5.71042701737487
168,Star Trek IV: The Voyage Home,24000000,133000000,119.0,1986.0,"[{""id"": 878, ""name"": ""Science Fiction""}, {""id"": 12, ""name"": ""Adventure""}]",en,22.258428,6.9,477,Released,Science Fiction,1,1,5.541666666666667,16.993564429978885,3.1466675609717183,6.169610732491456
1246,Rocky Balboa,24000000,155721132,102.0,2006.0,"[{""id"": 18, ""name"": ""Drama""}]",en,30.445257,6.5,835,Released,Drama,1,1,6.4883805,16.993564429978885,3.448248160962545,6.728628613084702
4233,Scream 2,24000000,172363301,120.0,1997.0,"[{""id"": 27, ""name"": ""Horror""}, {""id"": 9648, ""name"": ""Mystery""}]",en,35.244037,6.1,840,Released,Horror,1,1,7.181804208333333,16.993564429978885,3.5902748712179178,6.734591659972948
174751,Jane Got a Gun,25000000,1397284,98.0,2016.0,"[{""id"": 28, ""name"": ""Action""}, {""id"": 18, ""name"": ""Drama""}, {""id"": 37, ""name"": ""Western""}]",en,15.333575,5.4,285,Released,Action,1,1,0.05589136,17.034386422832473,2.7932228052514256,5.655991810819852
184098,Think Like a Man Too,24000000,70181428,105.0,2014.0,"[{""id"": 35, ""name"": ""Comedy""}, {""id"": 10749, ""name"": ""Romance""}]",en,15.237142,6.4,225,Released,Comedy,1,1,2.9242261666666667,16.993564429978885,2.787301334024641,5.420534999272286
2069,The Whole Nine Yards,41300000,106371651,98.0,2000.0,"[{""id"": 35, ""name"": ""Comedy""}, {""id"": 80, ""name"": ""Crime""}]",en,23.441135,6.2,531,Released,Comedy,1,1,2.575584769975787,17.536373082144337,3.196267573486945,6.2766434893416445
1788,Footloose,8200000,80035402,107.0,1984.0,"[{""id"": 18, ""name"": ""Drama""}, {""id"": 10751, ""name"": ""Family""}, {""id"": 10402, ""name"": ""Music""}, {""id"": 10749, ""name"": ""Romance""}]",en,25.03414,6.4,505,Released,Drama,1,1,9.76041487804878,15.919644834185693,3.25940875361297,6.226536669287466
11635,Old School,24000000,87055349,91.0,2003.0,"[{""id"": 35, ""name"": ""Comedy""}]",en,24.70166,6.6,541,Released,Comedy,1,1,3.627306208333333,16.993564429978885,3.246555581254926,6.295266001439646
177,The Fisher King,24000000,41895491,137.0,1991.0,"[{""id"": 35, ""name"": ""Comedy""}, {""id"": 18, ""name"": ""Drama""}]",en,16.146572,7.2,341,Released,Comedy,1,1,1.7456454583333334,16.993564429978885,2.841798270250679,5.834810737062605
3600,I Still Know What You Did Last Summer,65000000,40002112,100.0,1998.0,"[{""id"": 27, ""name"": ""Horror""}, {""id"": 9648, ""name"": ""Mystery""}, {""id"": 53, ""name"": ""Thriller""}]",en,20.793026,5.1,374,Released,Horror,1,1,0.6154171076923077,17.989897843244528,3.0815900103566003,5.926926025970411
2621,Return to Me,24000000,36609995,115.0,2000.0,"[{""id"": 10749, ""name"": ""Romance""}, {""id"": 35, ""name"": ""Comedy""}, {""id"": 18, ""name"": ""Drama""}]",en,5.771479,6.1,67,Released,Romance,1,1,1.5254164583333334,16.993564429978885,1.912719526875371,4.219507705176107
10358,Zack and Miri Make a Porno,24000000,42105111,102.0,2008.0,"[{""id"": 35, ""name"": ""Comedy""}]",en,27.326466,6.1,721,Released,Comedy,1,1,1.754379625,16.993564429978885,3.3437965619736945,6.582025138892826
10313,The Men Who Stare at Goats,24000000,68729358,93.0,2009.0,"[{""id"": 35, ""name"": ""Comedy""}, {""id"": 10752, ""name"": ""War""}]",en,20.69219,5.9,742,Released,Comedy,1,1,2.86372325,16.993564429978885,3.076952287929944,6.610696044717759
13476,Win a Date with Tad Hamilton!,17000000,16980098,95.0,2004.0,"[{""id"": 35, ""name"": ""Comedy""}, {""id"": 10749, ""name"": ""Romance""}]",en,7.701041,5.5,160,Released,Comedy,1,1,0.9988292941176472,16.648723960844016,2.163442673674843,5.081404364984463
10208,Muppets from Space,24000000,16290976,87.0,1999.0,"[{""id"": 14, ""name"": ""Fantasy""}, {""id"": 35, ""name"": ""Comedy""}, {""id"": 878, ""name"": ""Science Fiction""}, {""id"": 10751, ""name"": ""Family""}]",en,6.589193,5.8,92,Released,Fantasy,1,1,0.6787906666666667,16.993564429978885,2.026725261644058,4.532599493153256
24961,The Wiz,24000000,21049053,134.0,1978.0,"[{""id"": 12, ""name"": ""Adventure""}, {""id"": 10751, ""name"": ""Family""}, {""id"": 14, ""name"": ""Fantasy""}, {""id"": 10402, ""name"": ""Music""}]",en,2.753313,5.9,58,Released,Adventure,1,1,0.877043875,16.993564429978885,1.322638916622011,4.07753744390572
20697,Ready to Rumble,24000000,12372410,107.0,2000.0,"[{""id"": 28, ""name"": ""Action""}, {""id"": 35, ""name"": ""Comedy""}, {""id"": 18, ""name"": ""Drama""}]",en,3.113009,4.7,49,Released,Action,1,1,0.5155170833333333,16.993564429978885,1.4141548774297004,3.912023005428146
20761,Play It to the Bone,24000000,8434146,124.0,1999.0,"[{""id"": 35, ""name"": ""Comedy""}, {""id"": 18, ""name"": ""Drama""}]",en,5.566203,5.7,53,Released,Comedy,1,1,0.35142275,16.993564429978885,1.8819357354458348,3.9889840465642745
70868,I Don't Know How She Does It,24000000,30551495,89.0,2011.0,"[{""id"": 10749, ""name"": ""Romance""}, {""id"": 35, ""name"": ""Comedy""}]",en,8.630825,5.0,141,Released,Romance,1,1,1.2729789583333333,16.993564429978885,2.2649688919225195,4.955827057601261
43593,Piranha 3D,24000000,83188165,88.0,2010.0,"[{""id"": 35, ""name"": ""Comedy""}, {""id"": 27, ""name"": ""Horror""}]",en,23.343839,5.3,581,Released,Comedy,1,1,3.4661735416666666,16.993564429978885,3.19227879903353,6.366470447731438
40688,Meet the Deedles,24000000,4562146,93.0,1998.0,"[{""id"": 16, ""name"": ""Animation""}, {""id"": 35, ""name"": ""Comedy""}, {""id"": 10751, ""name"": ""Family""}]",en,2.353441,4.1,19,Released,Animation,1,1,0.1900894166666666,16.993564429978885,1.2099869828439183,2.995732273553991
26672,The Thief and the Cobbler,28000000,669276,72.0,1993.0,"[{""id"": 12, ""name"": ""Adventure""}, {""id"": 14, ""name"": ""Fantasy""}, {""id"": 16, ""name"": ""Animation""}, {""id"": 878, ""name"": ""Science Fiction""}, {""id"": 10751, ""name"": ""Family""}]",en,2.439184,6.8,26,Released,Adventure,1,1,0.0239027142857142,17.147715103853763,1.235234233944405,3.295836866004329
41283,Faster,24000000,23081726,98.0,2010.0,"[{""id"": 80, ""name"": ""Crime""}, {""id"": 18, ""name"": ""Drama""}, {""id"": 28, ""name"": ""Action""}, {""id"": 53, ""name"": ""Thriller""}]",en,26.324874,6.1,568,Released,Crime,1,1,0.9617385833333332,16.993564429978885,3.3077974228900313,6.343880434126331
4935,Howl's Moving Castle,24000000,234710455,119.0,2004.0,"[{""id"": 14, ""name"": ""Fantasy""}, {""id"": 16, ""name"": ""Animation""}, {""id"": 12, ""name"": ""Adventure""}]",ja,49.549984,8.2,1991,Released,Fantasy,1,1,9.779602291666668,16.993564429978885,3.922962628948132,7.596894438144544
19908,Zombieland,23600000,102391382,88.0,2009.0,"[{""id"": 35, ""name"": ""Comedy""}, {""id"": 27, ""name"": ""Horror""}]",en,57.300674,7.2,3550,Released,Comedy,1,1,4.338617881355932,16.97675731236872,4.065613654181559,8.174984532943087
10663,The Waterboy,23000000,185991646,90.0,1998.0,"[{""id"": 35, ""name"": ""Comedy""}]",en,23.839127,5.9,512,Released,Comedy,1,1,8.086593304347826,16.951004817371683,3.2124201115201445,6.240275845170769
1891,The Empire Strikes Back,18000000,538400000,124.0,1980.0,"[{""id"": 12, ""name"": ""Adventure""}, {""id"": 28, ""name"": ""Action""}, {""id"": 878, ""name"": ""Science Fiction""}]",en,78.51783,8.2,5879,Released,Adventure,1,1,29.91111111111111,16.705882371415992,4.37598127324358,8.679312040892672
9737,Bad Boys,19000000,141407024,118.0,1995.0,"[{""id"": 28, ""name"": ""Action""}, {""id"": 35, ""name"": ""Comedy""}, {""id"": 80, ""name"": ""Crime""}, {""id"": 53, ""name"": ""Thriller""}]",en,33.872182,6.5,1699,Released,Action,1,1,7.442474947368421,16.759949589762293,3.5516894340094187,7.438383530044307
37137,The Naked Gun 2½: The Smell of Fear,23000000,86930411,85.0,1991.0,"[{""id"": 35, ""name"": ""Comedy""}, {""id"": 80, ""name"": ""Crime""}]",en,27.33256,6.6,546,Released,Comedy,1,1,3.7795830869565217,16.951004817371683,3.3440116733320684,6.304448802421981
9532,Final Destination,23000000,53302314,98.0,2000.0,"[{""id"": 27, ""name"": ""Horror""}]",en,38.799596,6.4,1378,Released,Horror,1,1,2.317491913043478,16.951004817371683,3.683856761485104,7.229113877793302
10316,The Ides of March,12500000,75993061,101.0,2011.0,"[{""id"": 18, ""name"": ""Drama""}]",en,20.317469,6.5,910,Released,Drama,1,1,6.07944488,16.341239282272525,3.059526877428718,6.814542897259958
2787,Pitch Black,23000000,53187659,108.0,2000.0,"[{""id"": 53, ""name"": ""Thriller""}, {""id"": 878, ""name"": ""Science Fiction""}, {""id"": 28, ""name"": ""Action""}]",en,18.493202,6.7,1789,Released,Thriller,1,1,2.312506913043478,16.951004817371683,2.9700657894046163,7.489970898834801
152601,Her,23000000,47351251,126.0,2013.0,"[{""id"": 10749, ""name"": ""Romance""}, {""id"": 878, ""name"": ""Science Fiction""}, {""id"": 18, ""name"": ""Drama""}]",en,53.682367,7.9,4097,Released,Romance,1,1,2.058750043478261,16.951004817371683,4.001541299141225,8.318254328798846
10866,Joy Ride,23000000,36642838,97.0,2001.0,"[{""id"": 9648, ""name"": ""Mystery""}, {""id"": 53, ""name"": ""Thriller""}, {""id"": 18, ""name"": ""Drama""}]",en,11.183197,6.3,325,Released,Mystery,1,1,1.5931668695652177,16.951004817371683,2.5000577073145887,5.786897381366708
227707,The Adventurer: The Curse of the Midas Box,25000000,6399,99.0,2013.0,"[{""id"": 14, ""name"": ""Fantasy""}, {""id"": 12, ""name"": ""Adventure""}, {""id"": 10751, ""name"": ""Family""}]",en,8.842722,5.1,73,Released,Fantasy,1,1,0.00025596,17.034386422832473,2.2867322988265,4.304065093204169
21349,Anywhere But Here,23000000,18653615,114.0,1999.0,"[{""id"": 18, ""name"": ""Drama""}, {""id"": 35, ""name"": ""Comedy""}, {""id"": 10749, ""name"": ""Romance""}]",en,8.976738,5.9,66,Released,Drama,1,1,0.8110267391304348,16.951004817371683,2.300256183187642,4.204692619390966
70435,Haywire,23000000,33372606,93.0,2011.0,"[{""id"": 28, ""name"": ""Action""}, {""id"": 53, ""name"": ""Thriller""}]",en,26.257951,5.6,505,Released,Action,1,1,1.4509828695652174,16.951004817371683,3.3053452583663145,6.226536669287466
580,Jaws: The Revenge,23000000,51881013,89.0,1987.0,"[{""id"": 12, ""name"": ""Adventure""}, {""id"": 53, ""name"": ""Thriller""}]",en,12.777008,3.5,224,Released,Adventure,1,1,2.2556962173913044,16.951004817371683,2.623001115740235,5.41610040220442
20024,The End of the Affair,23000000,10827816,102.0,1999.0,"[{""id"": 18, ""name"": ""Drama""}]",en,6.921263,6.6,55,Released,Drama,1,1,0.4707746086956522,16.951004817371683,2.069550662809364,4.02535169073515
2453,Harley Davidson and the Marlboro Man,23000000,7434726,98.0,1991.0,"[{""id"": 28, ""name"": ""Action""}, {""id"": 53, ""name"": ""Thriller""}]",en,12.869436,6.1,82,Released,Action,1,1,0.3232489565217391,16.951004817371683,2.629687570197875,4.418840607796598
6973,In the Valley of Elah,23000000,29541790,124.0,2007.0,"[{""id"": 36, ""name"": ""History""}, {""id"": 18, ""name"": ""Drama""}, {""id"": 53, ""name"": ""Thriller""}, {""id"": 80, ""name"": ""Crime""}, {""id"": 9648, ""name"": ""Mystery""}]",en,15.676123,6.6,261,Released,History,1,1,1.284425652173913,16.951004817371683,2.813977935860862,5.568344503761097
22215,Cheri,23000000,9366227,86.0,2009.0,"[{""id"": 18, ""name"": ""Drama""}, {""id"": 35, ""name"": ""Comedy""}, {""id"": 10749, ""name"": ""Romance""}]",en,5.494047,5.9,56,Released,Drama,1,1,0.4072272608695652,16.951004817371683,1.8708859111044178,4.04305126783455
11632,Vanity Fair,23000000,16123851,141.0,2004.0,"[{""id"": 18, ""name"": ""Drama""}, {""id"": 10749, ""name"": ""Romance""}]",en,6.618149,5.5,73,Released,Drama,1,1,0.701037,16.951004817371683,2.030533426804493,4.304065093204169
30596,Bodyguards and Assassins,23000000,5837674,139.0,2009.0,"[{""id"": 18, ""name"": ""Drama""}, {""id"": 28, ""name"": ""Action""}, {""id"": 36, ""name"": ""History""}]",cn,7.876883,6.5,57,Released,Drama,1,1,0.2538119130434783,16.951004817371683,2.183450481870902,4.060443010546419
3021,1408,25000000,94679598,104.0,2007.0,"[{""id"": 27, ""name"": ""Horror""}, {""id"": 53, ""name"": ""Thriller""}]",en,35.169779,6.5,1343,Released,Horror,1,1,3.78718392,17.034386422832473,3.5882239359093986,7.203405521083095
957,Spaceballs,22700000,38119483,96.0,1987.0,"[{""id"": 35, ""name"": ""Comedy""}, {""id"": 878, ""name"": ""Science Fiction""}]",en,39.890798,6.7,902,Released,Comedy,1,1,1.6792723788546255,16.937875526504495,3.7109050499601484,6.805722553416985
256917,The Water Diviner,22500000,15520023,112.0,2014.0,"[{""id"": 10752, ""name"": ""War""}, {""id"": 18, ""name"": ""Drama""}]",en,22.096286,6.8,431,Released,War,1,1,0.6897788,16.929025911619092,3.139671825380604,6.068425588244111
251,Ghost,22000000,505000000,127.0,1990.0,"[{""id"": 14, ""name"": ""Fantasy""}, {""id"": 18, ""name"": ""Drama""}, {""id"": 53, ""name"": ""Thriller""}, {""id"": 9648, ""name"": ""Mystery""}, {""id"": 10749, ""name"": ""Romance""}]",en,41.967005,6.9,1339,Released,Fantasy,1,1,22.954545454545453,16.906553056777135,3.760432495567209,7.200424892944957
544,There's Something About Mary,23000000,369884651,119.0,1998.0,"[{""id"": 10749, ""name"": ""Romance""}, {""id"": 35, ""name"": ""Comedy""}]",en,57.110486,6.5,1590,Released,Romance,1,1,16.08194134782609,16.951004817371683,4.062346129500673,7.372118028337787
11395,The Santa Clause,22000000,189833357,97.0,1994.0,"[{""id"": 14, ""name"": ""Fantasy""}, {""id"": 18, ""name"": ""Drama""}, {""id"": 35, ""name"": ""Comedy""}, {""id"": 10751, ""name"": ""Family""}]",en,16.234053,6.3,489,Released,Fantasy,1,1,8.628788954545454,16.906553056777135,2.846887252129082,6.194405391104672
14635,The Rookie,20000000,75597042,127.0,2002.0,"[{""id"": 18, ""name"": ""Drama""}, {""id"": 10751, ""name"": ""Family""}]",en,11.263361,6.5,110,Released,Drama,1,1,3.7798521,16.811242881518265,2.5066160364938677,4.709530201312334
13680,The Game Plan,22000000,147880543,110.0,2007.0,"[{""id"": 35, ""name"": ""Comedy""}, {""id"": 10751, ""name"": ""Family""}]",en,20.699212,6.0,428,Released,Comedy,1,1,6.721842863636364,16.906553056777135,3.077275946523012,6.061456918928017
688,The Bridges of Madison County,24000000,182016617,135.0,1995.0,"[{""id"": 18, ""name"": ""Drama""}, {""id"": 10749, ""name"": ""Romance""}]",en,17.606087,7.3,385,Released,Drama,1,1,7.584025708333333,16.993564429978885,2.9234887852464313,5.955837369464831
11090,The Animal,22000000,84772742,84.0,2001.0,"[{""id"": 28, ""name"": ""Action""}, {""id"": 35, ""name"": ""Comedy""}]",en,13.786075,4.6,304,Released,Action,1,1,3.8533064545454554,16.906553056777135,2.6936858594877955,5.720311776607412
783,Gandhi,22000000,77737889,191.0,1982.0,"[{""id"": 18, ""name"": ""Drama""}, {""id"": 36, ""name"": ""History""}]",en,35.227212,7.4,716,Released,Drama,1,1,3.533540409090909,16.906553056777135,3.5898105491444214,6.57507584059962
228194,The Hundred-Foot Journey,22000000,88880821,122.0,2014.0,"[{""id"": 18, ""name"": ""Drama""}]",en,27.898438,7.3,508,Released,Drama,1,1,4.0400373181818185,16.906553056777135,3.36378754521481,6.2324480165505225
1642,The Net,22000000,110627965,114.0,1995.0,"[{""id"": 80, ""name"": ""Crime""}, {""id"": 18, ""name"": ""Drama""}, {""id"": 9648, ""name"": ""Mystery""}, {""id"": 53, ""name"": ""Thriller""}, {""id"": 28, ""name"": ""Action""}]",en,23.218144,5.6,354,Released,Crime,1,1,5.028543863636363,16.906553056777135,3.1871021043050827,5.872117789475416
10950,I Am Sam,22000000,92542418,132.0,2001.0,"[{""id"": 18, ""name"": ""Drama""}]",en,26.071644,7.2,530,Released,Drama,1,1,4.206473545454545,16.906553056777135,3.2984868332191457,6.274762021241939
235260,Son of God,22000000,67800064,138.0,2014.0,"[{""id"": 18, ""name"": ""Drama""}]",en,9.175762,5.9,83,Released,Drama,1,1,3.081821090909091,16.906553056777135,2.3200086179594743,4.430816798843313
277,Underworld,22000000,95708457,121.0,2003.0,"[{""id"": 14, ""name"": ""Fantasy""}, {""id"": 28, ""name"": ""Action""}, {""id"": 53, ""name"": ""Thriller""}]",en,81.829237,6.6,2512,Released,Fantasy,1,1,4.350384409090909,16.906553056777135,4.41678110292945,7.829232537543592
8999,Derailed,22000000,57479076,108.0,2005.0,"[{""id"": 18, ""name"": ""Drama""}, {""id"": 53, ""name"": ""Thriller""}]",en,17.7091,6.1,319,Released,Drama,1,1,2.6126852727272727,16.906553056777135,2.92901003651011,5.768320995793772
11323,The Informant!,22000000,35424826,108.0,2009.0,"[{""id"": 18, ""name"": ""Drama""}, {""id"": 35, ""name"": ""Comedy""}, {""id"": 80, ""name"": ""Crime""}]",en,17.772518,6.0,301,Released,Drama,1,1,1.6102193636363635,16.906553056777135,2.932393991840823,5.71042701737487
11453,Deuce Bigalow: European Gigolo,22000000,22400154,83.0,2005.0,"[{""id"": 35, ""name"": ""Comedy""}]",en,10.259461,4.7,225,Released,Comedy,1,1,1.0181888181818182,16.906553056777135,2.4212087530045294,5.420534999272286
146239,Delivery Man,26000000,51164106,105.0,2013.0,"[{""id"": 35, ""name"": ""Comedy""}]",en,30.114383,6.2,551,Released,Comedy,1,1,1.9678502307692307,17.073607134447293,3.4376701881604217,6.313548046277095
10878,Saving Silverman,22000000,19351569,90.0,2001.0,"[{""id"": 35, ""name"": ""Comedy""}, {""id"": 80, ""name"": ""Crime""}, {""id"": 10749, ""name"": ""Romance""}]",en,12.887673,5.4,154,Released,Comedy,1,1,0.8796167727272727,16.906553056777135,2.631001612133882,5.043425116919247
82650,Diary of a Wimpy Kid: Dog Days,22000000,77112176,94.0,2012.0,"[{""id"": 35, ""name"": ""Comedy""}, {""id"": 10751, ""name"": ""Family""}]",en,13.410919,6.0,223,Released,Comedy,1,1,3.505098909090909,16.906553056777135,2.6679861831340235,5.4116460518550396
2294,Jay and Silent Bob Strike Back,22000000,33788161,104.0,2001.0,"[{""id"": 35, ""name"": ""Comedy""}]",en,21.865021,6.4,480,Released,Comedy,1,1,1.5358255,16.906553056777135,3.1296082755438848,6.175867270105761
2176,The Glass House,30000000,23619609,106.0,2001.0,"[{""id"": 18, ""name"": ""Drama""}, {""id"": 53, ""name"": ""Thriller""}]",en,9.448517,5.4,201,Released,Drama,1,1,0.7873203,17.216707972959764,2.346460054464495,5.308267697401205
270487,"Hail, Caesar!",22000000,63647656,106.0,2016.0,"[{""id"": 35, ""name"": ""Comedy""}, {""id"": 18, ""name"": ""Drama""}, {""id"": 9648, ""name"": ""Mystery""}]",en,39.006187,5.7,1309,Released,Comedy,1,1,2.893075272727273,16.906553056777135,3.6890341171529917,7.177782416195197
204082,Homefront,22000000,43058898,100.0,2013.0,"[{""id"": 28, ""name"": ""Action""}, {""id"": 53, ""name"": ""Thriller""}]",en,35.737655,6.4,875,Released,Action,1,1,1.9572226363636365,16.906553056777135,3.6038022508582856,6.775366090936392
24100,The Little Vampire,22000000,13555988,95.0,2000.0,"[{""id"": 10751, ""name"": ""Family""}, {""id"": 27, ""name"": ""Horror""}]",en,4.365196,6.1,77,Released,Family,1,1,0.6161812727272727,16.906553056777135,1.6799329085001538,4.356708826689592
5550,RoboCop 3,22000000,10696210,104.0,1993.0,"[{""id"": 28, ""name"": ""Action""}, {""id"": 12, ""name"": ""Adventure""}, {""id"": 80, ""name"": ""Crime""}, {""id"": 878, ""name"": ""Science Fiction""}, {""id"": 53, ""name"": ""Thriller""}]",en,14.725467,4.2,305,Released,Action,1,1,0.4861913636363636,16.906553056777135,2.7552815000787567,5.723585101952381
287948,The Transporter Refueled,25000000,72629670,96.0,2015.0,"[{""id"": 53, ""name"": ""Thriller""}, {""id"": 28, ""name"": ""Action""}, {""id"": 80, ""name"": ""Crime""}]",en,25.002715,5.2,559,Released,Thriller,1,1,2.9051868,17.034386422832473,3.258200955646695,6.327936783729195
9075,Black Book,21000000,26193068,145.0,2006.0,"[{""id"": 18, ""name"": ""Drama""}, {""id"": 53, ""name"": ""Thriller""}, {""id"": 10752, ""name"": ""War""}]",nl,13.906611,7.2,277,Released,Drama,1,1,1.2472889523809525,16.860033043306743,2.701804805824713,5.627621113690637
11661,Joyeux Noël,22000000,17709155,116.0,2005.0,"[{""id"": 10749, ""name"": ""Romance""}, {""id"": 18, ""name"": ""Drama""}, {""id"": 36, ""name"": ""History""}, {""id"": 10752, ""name"": ""War""}, {""id"": 10402, ""name"": ""Music""}]",fr,13.960945,7.2,212,Released,Romance,1,1,0.8049615909090909,16.906553056777135,2.7054431390004865,5.3612921657094255
109513,Hit & Run,2000000,14400000,100.0,2012.0,"[{""id"": 28, ""name"": ""Action""}, {""id"": 35, ""name"": ""Comedy""}, {""id"": 10749, ""name"": ""Romance""}]",en,16.668854,5.5,224,Released,Action,1,1,7.2,14.508658238524095,2.871803428540778,5.41610040220442
204922,Before I Go to Sleep,22000000,15447154,92.0,2014.0,"[{""id"": 9648, ""name"": ""Mystery""}, {""id"": 53, ""name"": ""Thriller""}]",en,48.784734,6.2,659,Released,Mystery,1,1,0.7021433636363636,16.906553056777135,3.907708390850982,6.492239835020471
38985,Sorcerer,22000000,12000000,121.0,1977.0,"[{""id"": 28, ""name"": ""Action""}, {""id"": 53, ""name"": ""Thriller""}, {""id"": 12, ""name"": ""Adventure""}]",en,9.088209,7.4,98,Released,Action,1,1,0.5454545454545454,16.906553056777135,2.3113673161323876,4.59511985013459
44113,Stone,22000000,9479718,105.0,2010.0,"[{""id"": 18, ""name"": ""Drama""}]",en,12.445176,5.2,192,Released,Drama,1,1,0.4308962727272727,16.906553056777135,2.5986203800033163,5.262690188904886
164457,Out of the Furnace,22000000,15400000,116.0,2013.0,"[{""id"": 53, ""name"": ""Thriller""}, {""id"": 18, ""name"": ""Drama""}, {""id"": 80, ""name"": ""Crime""}]",en,29.230298,6.5,720,Released,Thriller,1,1,0.7,16.906553056777135,3.408844666499974,6.580639137284949
4566,Michael Clayton,25000000,92991835,119.0,2007.0,"[{""id"": 18, ""name"": ""Drama""}, {""id"": 9648, ""name"": ""Mystery""}, {""id"": 80, ""name"": ""Crime""}]",en,18.961323,6.5,501,Released,Drama,1,1,3.7196734,17.034386422832473,2.993796551251856,6.218600119691729
153158,Underdogs,22000000,24000000,106.0,2013.0,"[{""id"": 16, ""name"": ""Animation""}, {""id"": 12, ""name"": ""Adventure""}, {""id"": 10749, ""name"": ""Romance""}]",es,14.866351,6.0,122,Released,Animation,1,1,1.0909090909090908,16.906553056777135,2.764200577413374,4.812184355372417
81836,To Rome with Love,17000000,73244881,111.0,2012.0,"[{""id"": 10749, ""name"": ""Romance""}, {""id"": 35, ""name"": ""Comedy""}]",en,15.013386,5.6,546,Released,Romance,1,1,4.308522411764706,16.648723960844016,2.7734249974641596,6.304448802421981
10724,Firefox,18000000,70687344,136.0,1982.0,"[{""id"": 878, ""name"": ""Science Fiction""}, {""id"": 28, ""name"": ""Action""}, {""id"": 12, ""name"": ""Adventure""}, {""id"": 53, ""name"": ""Thriller""}]",en,8.700565,5.5,139,Released,Science Fiction,1,1,3.9270746666666665,16.705882371415992,2.272184131235702,4.941642422609304
2196,Death at a Funeral,9000000,46,90.0,2007.0,"[{""id"": 35, ""name"": ""Comedy""}, {""id"": 18, ""name"": ""Drama""}]",en,20.410354,6.9,497,Released,Comedy,1,1,5.111111111111112e-06,16.012735246411598,3.0638746367946537,6.210600077024653
1499,Teenage Mutant Ninja Turtles III,21000000,42000000,96.0,1993.0,"[{""id"": 28, ""name"": ""Action""}, {""id"": 12, ""name"": ""Adventure""}, {""id"": 35, ""name"": ""Comedy""}, {""id"": 10751, ""name"": ""Family""}, {""id"": 14, ""name"": ""Fantasy""}, {""id"": 878, ""name"": ""Science Fiction""}]",en,10.207065,5.1,184,Released,Action,1,1,2.0,16.860033043306743,2.4165443829995334,5.220355825078325
20857,Hardball,32000000,40222729,106.0,2001.0,"[{""id"": 35, ""name"": ""Comedy""}, {""id"": 10749, ""name"": ""Romance""}]",en,5.683281,6.3,123,Released,Comedy,1,1,1.25696028125,17.281246492014,1.8996090346298704,4.820281565605037
82693,Silver Linings Playbook,21000000,205738714,122.0,2012.0,"[{""id"": 18, ""name"": ""Drama""}, {""id"": 35, ""name"": ""Comedy""}, {""id"": 10749, ""name"": ""Romance""}]",en,63.599973,6.9,4742,Released,Drama,1,1,9.79708161904762,16.860033043306743,4.168213992831812,8.464425125877582
1646,Freedom Writers,21000000,41170784,123.0,2007.0,"[{""id"": 80, ""name"": ""Crime""}, {""id"": 18, ""name"": ""Drama""}]",en,17.746981,7.5,356,Released,Crime,1,1,1.960513523809524,16.860033043306743,2.931032726119048,5.877735781779639
4108,The Transporter,21000000,43928932,92.0,2002.0,"[{""id"": 28, ""name"": ""Action""}, {""id"": 80, ""name"": ""Crime""}, {""id"": 53, ""name"": ""Thriller""}]",en,34.433521,6.6,1692,Released,Action,1,1,2.091853904761905,16.860033043306743,3.567658292996905,7.4342573821331355
8456,Never Back Down,20000000,41627431,115.0,2008.0,"[{""id"": 18, ""name"": ""Drama""}, {""id"": 28, ""name"": ""Action""}]",en,26.21425,6.4,497,Released,Drama,1,1,2.08137155,16.811242881518265,3.303740733174623,6.210600077024653
7341,The Rage: Carrie 2,21000000,17762705,104.0,1999.0,"[{""id"": 27, ""name"": ""Horror""}, {""id"": 53, ""name"": ""Thriller""}, {""id"": 878, ""name"": ""Science Fiction""}]",en,4.781538,5.1,76,Released,Horror,1,1,0.8458430952380952,16.860033043306743,1.754669737254028,4.343805421853684
19255,Away We Go,17000000,14899417,98.0,2009.0,"[{""id"": 18, ""name"": ""Drama""}, {""id"": 35, ""name"": ""Comedy""}, {""id"": 10749, ""name"": ""Romance""}]",en,10.13559,6.7,189,Released,Drama,1,1,0.876436294117647,16.648723960844016,2.4101462853855464,5.247024072160486
10187,Swing Vote,21000000,17600000,120.0,2008.0,"[{""id"": 18, ""name"": ""Drama""}, {""id"": 35, ""name"": ""Comedy""}]",en,5.815881,5.8,65,Released,Drama,1,1,0.8380952380952381,16.860033043306743,1.9192553304544182,4.189654742026425
31005,Moonlight Mile,21000000,10011050,117.0,2002.0,"[{""id"": 10749, ""name"": ""Romance""}, {""id"": 18, ""name"": ""Drama""}]",en,8.982335,6.5,52,Released,Romance,1,1,0.4767166666666667,16.860033043306743,2.3008170308930156,3.970291913552122
50780,The Beaver,21000000,970816,91.0,2011.0,"[{""id"": 18, ""name"": ""Drama""}]",en,13.847872,6.3,276,Released,Drama,1,1,0.0462293333333333,16.860033043306743,2.6978565553170313,5.6240175061873385
16363,The Best Little Whorehouse in Texas,35000000,69701637,114.0,1982.0,"[{""id"": 35, ""name"": ""Comedy""}]",en,4.189378,5.9,41,Released,Comedy,1,1,1.9914753428571428,17.370858648025116,1.6466138441382905,3.7376696182833684
1946,eXistenZ,15000000,2856712,97.0,1999.0,"[{""id"": 28, ""name"": ""Action""}, {""id"": 53, ""name"": ""Thriller""}, {""id"": 878, ""name"": ""Science Fiction""}, {""id"": 27, ""name"": ""Horror""}]",en,21.928025,6.7,475,Released,Action,1,1,0.1904474666666666,16.52356082573315,3.1323599614550752,6.16541785423142
85,Raiders of the Lost Ark,18000000,389925971,115.0,1981.0,"[{""id"": 12, ""name"": ""Adventure""}, {""id"": 28, ""name"": ""Action""}]",en,68.159596,7.7,3854,Released,Adventure,1,1,21.662553944444443,16.705882371415992,4.236416819271134,8.25712628599743
772,Home Alone 2: Lost in New York,18000000,358991681,120.0,1992.0,"[{""id"": 35, ""name"": ""Comedy""}, {""id"": 10751, ""name"": ""Family""}, {""id"": 12, ""name"": ""Adventure""}, {""id"": 80, ""name"": ""Crime""}]",en,81.487685,6.3,2395,Released,Comedy,1,1,19.943982277777778,16.705882371415992,4.41264900947108,7.78155595923534
840,Close Encounters of the Third Kind,20000000,303788635,135.0,1977.0,"[{""id"": 878, ""name"": ""Science Fiction""}, {""id"": 18, ""name"": ""Drama""}]",en,52.456505,7.2,1098,Released,Science Fiction,1,1,15.18943175,16.811242881518265,3.9788683325916274,7.002155954403621
9682,Pulse,38000000,29907685,90.0,2006.0,"[{""id"": 27, ""name"": ""Horror""}, {""id"": 53, ""name"": ""Thriller""}]",en,9.662715,5.0,150,Released,Horror,1,1,0.7870443421052632,17.453096744006448,2.3667530767411162,5.017279836814924
96,Beverly Hills Cop II,20000000,299965036,100.0,1987.0,"[{""id"": 28, ""name"": ""Action""}, {""id"": 35, ""name"": ""Comedy""}, {""id"": 80, ""name"": ""Crime""}]",en,25.28436,6.1,613,Released,Action,1,1,14.9982518,16.811242881518265,3.2689740854872515,6.419994928147142
10678,Bringing Down the House,20000000,132675402,105.0,2003.0,"[{""id"": 35, ""name"": ""Comedy""}]",en,8.351385,5.4,183,Released,Comedy,1,1,6.6337701,16.811242881518265,2.235524460672922,5.214935757608986
274,The Silence of the Lambs,19000000,272742922,119.0,1991.0,"[{""id"": 80, ""name"": ""Crime""}, {""id"": 18, ""name"": ""Drama""}, {""id"": 53, ""name"": ""Thriller""}]",en,18.174804,8.1,4443,Released,Crime,1,1,14.354890631578948,16.759949589762293,2.9535971255583147,8.39931015075952
8872,Wayne's World,20000000,121697323,94.0,1992.0,"[{""id"": 10402, ""name"": ""Music""}, {""id"": 35, ""name"": ""Comedy""}]",en,21.815122,6.5,728,Released,Music,1,1,6.08486615,16.811242881518265,3.127423561724262,6.591673732008658
16290,Jackass 3D,20000000,117224271,94.0,2010.0,"[{""id"": 35, ""name"": ""Comedy""}, {""id"": 99, ""name"": ""Documentary""}, {""id"": 28, ""name"": ""Action""}]",en,20.99174,6.4,428,Released,Comedy,1,1,5.86121355,16.811242881518265,3.0906669283121566,6.061456918928017
579,Jaws 2,20000000,187884007,116.0,1978.0,"[{""id"": 27, ""name"": ""Horror""}, {""id"": 53, ""name"": ""Thriller""}]",en,19.636044,5.9,406,Released,Horror,1,1,9.39420035,16.811242881518265,3.0270392555762924,6.008813185442595
14405,Beverly Hills Chihuahua,20000000,149281606,91.0,2008.0,"[{""id"": 12, ""name"": ""Adventure""}, {""id"": 35, ""name"": ""Comedy""}, {""id"": 10751, ""name"": ""Family""}]",en,12.25264,4.9,209,Released,Adventure,1,1,7.4640803,16.811242881518265,2.584196777868545,5.3471075307174685
138843,The Conjuring,13000000,318000141,112.0,2013.0,"[{""id"": 27, ""name"": ""Horror""}, {""id"": 53, ""name"": ""Thriller""}]",en,49.975409,7.4,3092,Released,Horror,1,1,24.46154930769231,16.380459992348886,3.931343339969282,8.03689677268507
11637,Are We There Yet?,32000000,97918663,95.0,2005.0,"[{""id"": 12, ""name"": ""Adventure""}, {""id"": 35, ""name"": ""Comedy""}, {""id"": 10751, ""name"": ""Family""}, {""id"": 10749, ""name"": ""Romance""}]",en,13.590677,5.2,221,Released,Adventure,1,1,3.05995821875,17.281246492014,2.6803827631031334,5.402677381872279
226486,Tammy,20000000,100525432,97.0,2014.0,"[{""id"": 35, ""name"": ""Comedy""}]",en,21.657563,5.0,500,Released,Comedy,1,1,5.0262716,16.811242881518265,3.1204937034791804,6.2166061010848646
1584,School of Rock,35000000,131282949,108.0,2003.0,"[{""id"": 35, ""name"": ""Comedy""}, {""id"": 10402, ""name"": ""Music""}]",en,43.057323,6.7,1414,Released,Comedy,1,1,3.7509414,17.370858648025116,3.785491581471157,7.254884810077338
9312,Mortal Kombat,18000000,122195920,101.0,1995.0,"[{""id"": 28, ""name"": ""Action""}, {""id"": 14, ""name"": ""Fantasy""}]",en,16.470895,5.4,442,Released,Action,1,1,6.788662222222222,16.705882371415992,2.8605363535148864,6.093569770045136
12153,White Chicks,37000000,113086475,109.0,2004.0,"[{""id"": 35, ""name"": ""Comedy""}]",en,28.703007,6.3,679,Released,Comedy,1,1,3.056391216216216,17.426428497635523,3.3912482864748905,6.522092798170152
65057,The Descendants,20000000,177243185,115.0,2011.0,"[{""id"": 35, ""name"": ""Comedy""}, {""id"": 18, ""name"": ""Drama""}]",en,40.903931,6.7,934,Released,Comedy,1,1,8.86215925,16.811242881518265,3.735379641143153,6.840546529288687
76203,12 Years a Slave,20000000,187000000,134.0,2013.0,"[{""id"": 18, ""name"": ""Drama""}, {""id"": 36, ""name"": ""History""}]",en,95.9229,7.9,3674,Released,Drama,1,1,9.35,16.811242881518265,4.573915817085496,8.209308411646937
13497,Drumline,20000000,57588485,118.0,2002.0,"[{""id"": 18, ""name"": ""Drama""}, {""id"": 10749, ""name"": ""Romance""}, {""id"": 35, ""name"": ""Comedy""}, {""id"": 10402, ""name"": ""Music""}]",en,4.748929,6.2,116,Released,Drama,1,1,2.87942425,16.811242881518265,1.749013576590984,4.762173934797756
35688,Why Did I Get Married Too?,20000000,60072596,121.0,2010.0,"[{""id"": 35, ""name"": ""Comedy""}, {""id"": 10749, ""name"": ""Romance""}]",en,2.986286,6.1,29,Released,Comedy,1,1,3.0036298,16.811242881518265,1.3828599703455653,3.4011973816621555
162,Edward Scissorhands,20000000,53000000,105.0,1990.0,"[{""id"": 14, ""name"": ""Fantasy""}, {""id"": 18, ""name"": ""Drama""}, {""id"": 10749, ""name"": ""Romance""}]",en,47.51363,7.5,3601,Released,Fantasy,1,1,2.65,16.811242881518265,3.8818447893894783,8.189244525735901
296096,Me Before You,20000000,207945075,110.0,2016.0,"[{""id"": 18, ""name"": ""Drama""}, {""id"": 10749, ""name"": ""Romance""}]",en,53.161905,7.6,2562,Released,Drama,1,1,10.39725375,16.811242881518265,3.991977801545267,7.848933726364071
1051,The French Connection,1800000,41158757,104.0,1971.0,"[{""id"": 28, ""name"": ""Action""}, {""id"": 80, ""name"": ""Crime""}, {""id"": 53, ""name"": ""Thriller""}]",en,15.978136,7.4,422,Released,Action,1,1,22.86597611111111,14.403297778421795,2.8319263986500496,6.0473721790462776
376659,Bad Moms,20000000,183936074,100.0,2016.0,"[{""id"": 35, ""name"": ""Comedy""}]",en,42.512296,6.3,1252,Released,Comedy,1,1,9.1968037,16.811242881518265,3.7730435648186096,7.133295954896068
10073,Date Movie,20000000,48548426,83.0,2006.0,"[{""id"": 35, ""name"": ""Comedy""}]",en,10.098722,3.6,222,Released,Comedy,1,1,2.4274213,16.811242881518265,2.4068299665545947,5.407171771460119
16690,Return to Never Land,20000000,109862682,72.0,2002.0,"[{""id"": 12, ""name"": ""Adventure""}, {""id"": 14, ""name"": ""Fantasy""}, {""id"": 16, ""name"": ""Animation""}, {""id"": 10751, ""name"": ""Family""}]",en,15.341196,6.1,290,Released,Adventure,1,1,5.4931341,16.811242881518265,2.793689281367705,5.673323267171493
273895,Selma,20000000,66787908,127.0,2014.0,"[{""id"": 36, ""name"": ""History""}, {""id"": 18, ""name"": ""Drama""}]",en,29.023184,7.4,817,Released,History,1,1,3.3393954,16.811242881518265,3.40196988320599,6.706862336602747
14873,The Jungle Book 2,20000000,135680000,72.0,2003.0,"[{""id"": 10751, ""name"": ""Family""}, {""id"": 16, ""name"": ""Animation""}, {""id"": 12, ""name"": ""Adventure""}]",en,19.819893,5.6,269,Released,Family,1,1,6.784,16.811242881518265,3.0359089238844716,5.598421958998375
8968,Boogeyman,20000000,67192859,89.0,2005.0,"[{""id"": 53, ""name"": ""Thriller""}, {""id"": 27, ""name"": ""Horror""}, {""id"": 18, ""name"": ""Drama""}, {""id"": 9648, ""name"": ""Mystery""}]",en,11.62423,4.6,191,Released,Thriller,1,1,3.35964295,16.811242881518265,2.535617983202442,5.2574953720277815
9963,Premonition,20000000,84146832,96.0,2007.0,"[{""id"": 53, ""name"": ""Thriller""}, {""id"": 18, ""name"": ""Drama""}, {""id"": 9648, ""name"": ""Mystery""}]",en,22.049787,5.8,381,Released,Thriller,1,1,4.2073416,16.811242881518265,3.13765652861905,5.945420608606575
15655,The Tigger Movie,30000000,45554533,77.0,2000.0,"[{""id"": 16, ""name"": ""Animation""}, {""id"": 10751, ""name"": ""Family""}]",en,9.829859,6.3,143,Released,Animation,1,1,1.5184844333333334,17.216707972959764,2.3823070415375645,4.969813299576001
21208,Orphan,20000000,41596251,123.0,2009.0,"[{""id"": 27, ""name"": ""Horror""}, {""id"": 53, ""name"": ""Thriller""}, {""id"": 9648, ""name"": ""Mystery""}]",en,29.295801,6.7,1261,Released,Horror,1,1,2.07981255,16.811242881518265,3.4110091220540233,7.140453043101158
272878,Max,20000000,43967255,111.0,2015.0,"[{""id"": 12, ""name"": ""Adventure""}, {""id"": 18, ""name"": ""Drama""}, {""id"": 10751, ""name"": ""Family""}]",en,14.136476,6.8,276,Released,Adventure,1,1,2.19836275,16.811242881518265,2.717107460017998,5.6240175061873385
9760,Epic Movie,20000000,86865564,86.0,2007.0,"[{""id"": 28, ""name"": ""Action""}, {""id"": 12, ""name"": ""Adventure""}, {""id"": 35, ""name"": ""Comedy""}]",en,6.064638,3.2,326,Released,Action,1,1,4.3432782,16.811242881518265,1.9551017763241079,5.7899601708972535
314365,Spotlight,20000000,88346473,128.0,2015.0,"[{""id"": 18, ""name"": ""Drama""}, {""id"": 53, ""name"": ""Thriller""}, {""id"": 36, ""name"": ""History""}]",en,41.503588,7.8,2686,Released,Drama,1,1,4.41732365,16.811242881518265,3.7495884958963175,7.8961806086154915
13279,Lakeview Terrace,20000000,27640028,110.0,2008.0,"[{""id"": 18, ""name"": ""Drama""}, {""id"": 80, ""name"": ""Crime""}, {""id"": 53, ""name"": ""Thriller""}]",en,20.495749,5.9,292,Released,Drama,1,1,1.3820014,16.811242881518265,3.0678551946540247,5.680172609017068
1975,The Grudge 2,20000000,39143839,102.0,2006.0,"[{""id"": 27, ""name"": ""Horror""}, {""id"": 53, ""name"": ""Thriller""}]",en,13.906944,5.2,283,Released,Horror,1,1,1.95719195,16.811242881518265,2.7018271446568325,5.648974238161206
33644,How Stella Got Her Groove Back,20000000,37672350,124.0,1998.0,"[{""id"": 35, ""name"": ""Comedy""}, {""id"": 18, ""name"": ""Drama""}, {""id"": 10749, ""name"": ""Romance""}]",en,2.003047,6.0,24,Released,Comedy,1,1,1.8836175,16.811242881518265,1.0996274398943684,3.2188758248682006
9895,Man of the Year,20000000,41237648,115.0,2006.0,"[{""id"": 35, ""name"": ""Comedy""}, {""id"": 18, ""name"": ""Drama""}, {""id"": 10749, ""name"": ""Romance""}, {""id"": 53, ""name"": ""Thriller""}]",en,11.203335,5.8,129,Released,Comedy,1,1,2.0618824,16.811242881518265,2.501709275038732,4.867534450455582
9570,The Black Hole,20000000,35841901,98.0,1979.0,"[{""id"": 12, ""name"": ""Adventure""}, {""id"": 10751, ""name"": ""Family""}, {""id"": 878, ""name"": ""Science Fiction""}, {""id"": 28, ""name"": ""Action""}]",en,8.265317,6.1,131,Released,Adventure,1,1,1.79209505,16.811242881518265,2.226278073938843,4.882801922586371
27579,The American,20000000,65464324,104.0,2010.0,"[{""id"": 80, ""name"": ""Crime""}, {""id"": 18, ""name"": ""Drama""}, {""id"": 53, ""name"": ""Thriller""}]",en,18.632156,5.8,481,Released,Crime,1,1,3.2732162,16.811242881518265,2.9771688341472533,6.1779441140506
16052,Selena,20000000,60000000,127.0,1997.0,"[{""id"": 18, ""name"": ""Drama""}]",en,6.92592,7.0,114,Released,Drama,1,1,3.0,16.811242881518265,2.0701384013536916,4.74493212836325
40264,Vampires Suck,20000000,80547866,82.0,2010.0,"[{""id"": 27, ""name"": ""Horror""}, {""id"": 35, ""name"": ""Comedy""}]",en,17.165039,4.2,315,Released,Horror,1,1,4.0273933,16.811242881518265,2.8994988126568226,5.755742213586912
1164,Babel,25000000,135330182,143.0,2006.0,"[{""id"": 18, ""name"": ""Drama""}]",en,25.785925,6.9,1055,Released,Drama,1,1,5.41320728,17.034386422832473,3.287876562990877,6.962243464266207
239678,This Is Where I Leave You,19800000,41296320,103.0,2014.0,"[{""id"": 18, ""name"": ""Drama""}, {""id"": 35, ""name"": ""Comedy""}]",en,20.311684,6.5,505,Released,Drama,1,1,2.085672727272727,16.801192546169812,3.0592554669207255,6.226536669287466
14359,Doubt,20000000,50907234,104.0,2008.0,"[{""id"": 18, ""name"": ""Drama""}, {""id"": 9648, ""name"": ""Mystery""}]",en,20.975165,7.0,435,Released,Drama,1,1,2.5453617,16.811242881518265,3.089912952075475,6.077642243349034
3989,Team America: World Police,32000000,50907422,98.0,2004.0,"[{""id"": 10402, ""name"": ""Music""}, {""id"": 12, ""name"": ""Adventure""}, {""id"": 16, ""name"": ""Animation""}, {""id"": 28, ""name"": ""Action""}, {""id"": 35, ""name"": ""Comedy""}]",en,26.509175,6.6,660,Released,Music,1,1,1.5908569375,17.281246492014,3.3145195853919267,6.493753839851687
76617,Texas Chainsaw 3D,20000000,47241945,92.0,2013.0,"[{""id"": 27, ""name"": ""Horror""}, {""id"": 53, ""name"": ""Thriller""}]",en,26.497025,5.3,465,Released,Horror,1,1,2.36209725,16.811242881518265,3.3140778170022687,6.144185634125646
4258,Scary Movie 5,20000000,78378744,86.0,2013.0,"[{""id"": 35, ""name"": ""Comedy""}]",en,36.819044,4.6,793,Released,Comedy,1,1,3.9189372,16.811242881518265,3.6328127852799437,6.677083461247136
20391,Paint Your Wagon,20000000,31678778,158.0,1969.0,"[{""id"": 18, ""name"": ""Drama""}, {""id"": 28, ""name"": ""Action""}, {""id"": 35, ""name"": ""Comedy""}, {""id"": 37, ""name"": ""Western""}, {""id"": 10402, ""name"": ""Music""}]",en,7.902536,6.2,63,Released,Drama,1,1,1.5839389,16.811242881518265,2.1863361799695387,4.1588830833596715
10139,Milk,20000000,54586584,128.0,2008.0,"[{""id"": 36, ""name"": ""History""}, {""id"": 18, ""name"": ""Drama""}]",en,30.909699,7.1,612,Released,History,1,1,2.7293292,16.811242881518265,3.4629100074659704,6.418364935936212
335778,Risen,20000000,46069568,107.0,2016.0,"[{""id"": 28, ""name"": ""Action""}]",en,16.663797,5.7,295,Released,Action,1,1,2.3034784,16.811242881518265,2.871517177727923,5.69035945432406
9645,Ghost Ship,35000000,68349884,91.0,2002.0,"[{""id"": 27, ""name"": ""Horror""}, {""id"": 9648, ""name"": ""Mystery""}, {""id"": 53, ""name"": ""Thriller""}]",en,27.724913,5.3,531,Released,Horror,1,1,1.9528538285714283,17.370858648025116,3.357764795009606,6.2766434893416445
55465,A Very Harold & Kumar Christmas,19000000,35387212,108.0,2011.0,"[{""id"": 35, ""name"": ""Comedy""}]",en,17.971883,6.0,328,Released,Comedy,1,1,1.862484842105263,16.759949589762293,2.942958041013397,5.796057750765372
617,Wild Things,20000000,67200000,108.0,1998.0,"[{""id"": 80, ""name"": ""Crime""}, {""id"": 18, ""name"": ""Drama""}, {""id"": 9648, ""name"": ""Mystery""}]",en,25.041992,6.3,444,Released,Crime,1,1,3.36,16.811242881518265,3.2597103121104216,6.09807428216624
48289,The Debt,20000000,45636368,113.0,2010.0,"[{""id"": 18, ""name"": ""Drama""}, {""id"": 53, ""name"": ""Thriller""}]",en,14.857884,6.3,257,Released,Drama,1,1,2.2818184,16.811242881518265,2.7636667899035388,5.552959584921617
243,High Fidelity,30000000,47126295,113.0,2000.0,"[{""id"": 35, ""name"": ""Comedy""}, {""id"": 18, ""name"": ""Drama""}, {""id"": 10749, ""name"": ""Romance""}, {""id"": 10402, ""name"": ""Music""}]",en,23.982956,7.0,628,Released,Comedy,1,1,1.5708765,17.216707972959764,3.2181938323641712,6.444131256700441
8848,The Bank Job,20000000,64822796,112.0,2008.0,"[{""id"": 53, ""name"": ""Thriller""}, {""id"": 80, ""name"": ""Crime""}, {""id"": 18, ""name"": ""Drama""}]",en,30.387754,6.6,697,Released,Thriller,1,1,3.2411398,16.811242881518265,3.446417816844429,6.548219102762372
38,Eternal Sunshine of the Spotless Mind,20000000,72258126,108.0,2004.0,"[{""id"": 878, ""name"": ""Science Fiction""}, {""id"": 18, ""name"": ""Drama""}, {""id"": 10749, ""name"": ""Romance""}]",en,56.481487,7.9,3652,Released,Science Fiction,1,1,3.6129063,16.811242881518265,4.051462930743985,8.203304026795282
38303,You Again,20000000,32005248,105.0,2010.0,"[{""id"": 35, ""name"": ""Comedy""}, {""id"": 10749, ""name"": ""Romance""}]",en,19.962713,6.0,368,Released,Comedy,1,1,1.6002624,16.811242881518265,3.0427452880994936,5.910796644040527
1266,Street Kings,20000000,65569869,109.0,2008.0,"[{""id"": 28, ""name"": ""Action""}, {""id"": 80, ""name"": ""Crime""}, {""id"": 18, ""name"": ""Drama""}, {""id"": 53, ""name"": ""Thriller""}]",en,18.666876,6.3,363,Released,Action,1,1,3.27849345,16.811242881518265,2.9789357992487586,5.8971538676367405
107985,The World's End,20000000,46089287,109.0,2013.0,"[{""id"": 35, ""name"": ""Comedy""}, {""id"": 28, ""name"": ""Action""}, {""id"": 878, ""name"": ""Science Fiction""}]",en,55.964605,6.7,1778,Released,Comedy,1,1,2.30446435,16.811242881518265,4.042430110043707,7.483806687665835
19901,Daybreakers,20000000,51416464,98.0,2009.0,"[{""id"": 14, ""name"": ""Fantasy""}, {""id"": 27, ""name"": ""Horror""}, {""id"": 28, ""name"": ""Action""}, {""id"": 53, ""name"": ""Thriller""}, {""id"": 878, ""name"": ""Science Fiction""}]",en,28.019226,6.0,634,Released,Fantasy,1,1,2.5708232,16.811242881518265,3.3679585758391584,6.453624998892692
34016,She's Out of My League,20000000,49779728,104.0,2010.0,"[{""id"": 35, ""name"": ""Comedy""}, {""id"": 10749, ""name"": ""Romance""}]",en,16.176976,5.9,525,Released,Comedy,1,1,2.4889864,16.811242881518265,2.8435698824367033,6.26530121273771
59860,Monte Carlo,20000000,17425000,109.0,2011.0,"[{""id"": 12, ""name"": ""Adventure""}, {""id"": 35, ""name"": ""Comedy""}, {""id"": 10749, ""name"": ""Romance""}]",en,17.237143,6.0,593,Released,Adventure,1,1,0.87125,16.811242881518265,2.903460338605905,6.386879319362645
10069,Stay Alive,9000000,27105095,100.0,2006.0,"[{""id"": 27, ""name"": ""Horror""}, {""id"": 53, ""name"": ""Thriller""}]",en,4.34503,5.3,155,Released,Horror,1,1,3.011677222222222,16.012735246411598,1.6761671571834276,5.049856007249537
12819,Alpha and Omega,20000000,39300000,88.0,2010.0,"[{""id"": 10751, ""name"": ""Family""}, {""id"": 16, ""name"": ""Animation""}]",en,12.300789,5.3,124,Released,Family,1,1,1.965,16.811242881518265,2.587823356776421,4.8283137373023015
9954,The Covenant,20000000,37597471,97.0,2006.0,"[{""id"": 28, ""name"": ""Action""}, {""id"": 12, ""name"": ""Adventure""}, {""id"": 14, ""name"": ""Fantasy""}, {""id"": 27, ""name"": ""Horror""}, {""id"": 878, ""name"": ""Science Fiction""}, {""id"": 53, ""name"": ""Thriller""}]",en,15.804814,5.2,288,Released,Action,1,1,1.87987355,16.811242881518265,2.821665392981333,5.666426688112432
25132,Shorts,40000000,28972508,89.0,2009.0,"[{""id"": 35, ""name"": ""Comedy""}, {""id"": 10751, ""name"": ""Family""}]",en,4.100942,5.1,44,Released,Comedy,1,1,0.7243127,17.50439003707821,1.6294252285566018,3.8066624897703196
577,To Die For,20000000,21284514,106.0,1995.0,"[{""id"": 14, ""name"": ""Fantasy""}, {""id"": 18, ""name"": ""Drama""}, {""id"": 35, ""name"": ""Comedy""}, {""id"": 53, ""name"": ""Thriller""}]",en,12.309715,6.7,175,Released,Fantasy,1,1,1.0642257,16.811242881518265,2.5884942197059444,5.170483995038151
328387,Nerve,20000000,83707310,96.0,2016.0,"[{""id"": 9648, ""name"": ""Mystery""}, {""id"": 12, ""name"": ""Adventure""}, {""id"": 80, ""name"": ""Crime""}]",en,62.933899,7.1,2181,Released,Mystery,1,1,4.1853655,16.811242881518265,4.157849721500169,7.687997166393016
12690,Appaloosa,20000000,20211394,115.0,2008.0,"[{""id"": 18, ""name"": ""Drama""}, {""id"": 37, ""name"": ""Western""}, {""id"": 80, ""name"": ""Crime""}]",en,16.074397,6.3,299,Released,Drama,1,1,1.0105697,16.811242881518265,2.8375800900455705,5.703782474656201
539,Psycho,806948,32000000,109.0,1960.0,"[{""id"": 18, ""name"": ""Drama""}, {""id"": 27, ""name"": ""Horror""}, {""id"": 53, ""name"": ""Thriller""}]",en,93.067866,8.2,2320,Released,Drama,1,1,39.655591190510414,13.601015748229047,4.5440165004921464,7.749753406274437
13596,My Best Friend's Girl,20000000,36620508,101.0,2008.0,"[{""id"": 10749, ""name"": ""Romance""}, {""id"": 35, ""name"": ""Comedy""}]",en,17.145287,5.4,220,Released,Romance,1,1,1.8310254,16.811242881518265,2.8984108575694303,5.3981627015177525
226857,Endless Love,20000000,34077920,103.0,2014.0,"[{""id"": 18, ""name"": ""Drama""}, {""id"": 10749, ""name"": ""Romance""}]",en,27.256849,6.7,542,Released,Drama,1,1,1.703896,16.811242881518265,3.3413358706858975,6.297109319933935
47941,Under the Rainbow,20000000,2297493,98.0,1981.0,"[{""id"": 35, ""name"": ""Comedy""}]",en,0.173964,4.9,7,Released,Comedy,1,1,0.11487465,16.811242881518265,0.16038605654051255,2.0794415416798357
526,Ladyhawke,20000000,18432000,121.0,1985.0,"[{""id"": 12, ""name"": ""Adventure""}, {""id"": 18, ""name"": ""Drama""}, {""id"": 14, ""name"": ""Fantasy""}, {""id"": 10749, ""name"": ""Romance""}]",en,14.370111,6.8,260,Released,Adventure,1,1,0.9216,16.811242881518265,2.7324247793851946,5.564520407322694
22796,Simon Birch,20000000,18253415,114.0,1998.0,"[{""id"": 35, ""name"": ""Comedy""}, {""id"": 18, ""name"": ""Drama""}, {""id"": 10751, ""name"": ""Family""}]",en,11.090254,6.5,52,Released,Comedy,1,1,0.91267075,16.811242881518265,2.492399673504442,3.970291913552122
2355,Reign Over Me,20000000,22222308,124.0,2007.0,"[{""id"": 18, ""name"": ""Drama""}]",en,20.82778,7.1,334,Released,Drama,1,1,1.1111154,16.811242881518265,3.08318347047532,5.814130531825066
5915,Into the Wild,15000000,56255142,148.0,2007.0,"[{""id"": 12, ""name"": ""Adventure""}, {""id"": 18, ""name"": ""Drama""}]",en,43.644978,7.8,3045,Released,Adventure,1,1,3.7503428,16.52356082573315,3.7987418261927117,8.021584533455107
9842,School for Scoundrels,20000000,17807569,100.0,2006.0,"[{""id"": 35, ""name"": ""Comedy""}, {""id"": 18, ""name"": ""Drama""}, {""id"": 10749, ""name"": ""Romance""}]",en,8.244324,5.6,111,Released,Comedy,1,1,0.89037845,16.811242881518265,2.2240097415599136,4.718498871295094
61012,Silent Hill: Revelation 3D,20000000,52302796,94.0,2012.0,"[{""id"": 53, ""name"": ""Thriller""}, {""id"": 27, ""name"": ""Horror""}, {""id"": 9648, ""name"": ""Mystery""}]",en,23.292761,5.0,432,Released,Thriller,1,1,2.6151398,16.811242881518265,3.1901784047305477,6.07073772800249
755,From Dusk Till Dawn,19000000,25836616,108.0,1996.0,"[{""id"": 27, ""name"": ""Horror""}, {""id"": 28, ""name"": ""Action""}, {""id"": 53, ""name"": ""Thriller""}, {""id"": 80, ""name"": ""Crime""}]",en,64.181668,6.9,1603,Released,Horror,1,1,1.359821894736842,16.759949589762293,4.177178263753965,7.38025578842646
9470,Kung Fu Hustle,20000000,100914445,99.0,2004.0,"[{""id"": 28, ""name"": ""Action""}, {""id"": 35, ""name"": ""Comedy""}, {""id"": 80, ""name"": ""Crime""}, {""id"": 14, ""name"": ""Fantasy""}]",cn,13.658985,7.2,831,Released,Action,1,1,5.04572225,16.811242881518265,2.6850534580452106,6.723832440821209
7979,The Kite Runner,20000000,73276047,128.0,2007.0,"[{""id"": 18, ""name"": ""Drama""}]",en,10.446722,7.3,394,Released,Drama,1,1,3.66380235,16.811242881518265,2.437703400802349,5.978885764901122
470,21 Grams,20000000,60427839,124.0,2003.0,"[{""id"": 18, ""name"": ""Drama""}, {""id"": 80, ""name"": ""Crime""}, {""id"": 53, ""name"": ""Thriller""}]",en,32.243357,7.2,918,Released,Drama,1,1,3.02139195,16.811242881518265,3.5038549576676035,6.823286122355687
15644,Paparazzi,20000000,16605763,84.0,2004.0,"[{""id"": 28, ""name"": ""Action""}, {""id"": 18, ""name"": ""Drama""}, {""id"": 53, ""name"": ""Thriller""}]",en,9.149089,5.8,52,Released,Action,1,1,0.83028815,16.811242881518265,2.3173839477651113,3.970291913552122
9582,A Guy Thing,20000000,17432163,101.0,2003.0,"[{""id"": 35, ""name"": ""Comedy""}, {""id"": 10749, ""name"": ""Romance""}]",en,5.596835,5.3,83,Released,Comedy,1,1,0.87160815,16.811242881518265,1.8865899885591402,4.430816798843313
22074,Capitalism: A Love Story,20000000,17436509,120.0,2009.0,"[{""id"": 99, ""name"": ""Documentary""}]",en,10.50098,7.0,167,Released,Documentary,1,1,0.87182545,16.811242881518265,2.442432249129713,5.123963979403259
2428,The Greatest Story Ever Told,20000000,15473333,199.0,1965.0,"[{""id"": 18, ""name"": ""Drama""}, {""id"": 36, ""name"": ""History""}]",en,3.011205,6.5,41,Released,Drama,1,1,0.77366665,16.811242881518265,1.3890916949308876,3.7376696182833684
290751,Secret in Their Eyes,19500000,34854990,111.0,2015.0,"[{""id"": 80, ""name"": ""Crime""}, {""id"": 18, ""name"": ""Drama""}, {""id"": 9648, ""name"": ""Mystery""}]",en,15.012237,6.2,336,Released,Crime,1,1,1.7874353846153843,16.785925074816024,2.7733532424197382,5.820082930352362
13805,Disaster Movie,25000000,14109284,87.0,2008.0,"[{""id"": 28, ""name"": ""Action""}, {""id"": 35, ""name"": ""Comedy""}]",en,16.238961,3.0,240,Released,Action,1,1,0.56437136,17.034386422832473,2.8471719965980835,5.484796933490655
4597,Armored,20000000,22942221,88.0,2009.0,"[{""id"": 28, ""name"": ""Action""}, {""id"": 80, ""name"": ""Crime""}, {""id"": 18, ""name"": ""Drama""}, {""id"": 53, ""name"": ""Thriller""}]",en,15.21229,5.5,208,Released,Action,1,1,1.14711105,16.811242881518265,2.785769596590283,5.342334251964811
9414,The Man Who Knew Too Little,20000000,13801755,97.0,1997.0,"[{""id"": 35, ""name"": ""Comedy""}, {""id"": 53, ""name"": ""Thriller""}, {""id"": 80, ""name"": ""Crime""}, {""id"": 28, ""name"": ""Action""}]",en,6.397042,6.5,125,Released,Comedy,1,1,0.69008775,16.811242881518265,2.0010801905671696,4.836281906951478
63492,What's Your Number?,20000000,30426096,106.0,2011.0,"[{""id"": 35, ""name"": ""Comedy""}, {""id"": 10749, ""name"": ""Romance""}]",en,19.220789,6.2,671,Released,Comedy,1,1,1.5213048,16.811242881518265,3.006711233602548,6.51025834052315
81796,Lockout,20000000,32204030,95.0,2012.0,"[{""id"": 28, ""name"": ""Action""}, {""id"": 53, ""name"": ""Thriller""}, {""id"": 878, ""name"": ""Science Fiction""}]",en,35.232278,5.8,715,Released,Action,1,1,1.6102015,16.811242881518265,3.5899503789999243,6.573680166960646
15092,Crank: High Voltage,20000000,34560577,96.0,2009.0,"[{""id"": 28, ""name"": ""Action""}, {""id"": 53, ""name"": ""Thriller""}, {""id"": 80, ""name"": ""Crime""}]",en,35.542809,5.9,861,Released,Action,1,1,1.72802885,16.811242881518265,3.5984844226530646,6.759255270663693
15005,One Night with the King,20000000,13391174,123.0,2006.0,"[{""id"": 18, ""name"": ""Drama""}]",en,3.476925,6.1,12,Released,Drama,1,1,0.6695587,16.811242881518265,1.4989364268290277,2.5649493574615367
8198,The Quiet American,30000000,27674124,101.0,2002.0,"[{""id"": 18, ""name"": ""Drama""}, {""id"": 28, ""name"": ""Action""}, {""id"": 53, ""name"": ""Thriller""}, {""id"": 10749, ""name"": ""Romance""}]",en,5.133744,6.4,81,Released,Drama,1,1,0.9224708,17.216707972959764,1.8138053302270816,4.406719247264253
6963,The Weather Man,20000000,12482775,101.0,2005.0,"[{""id"": 35, ""name"": ""Comedy""}, {""id"": 18, ""name"": ""Drama""}]",en,14.031377,6.0,289,Released,Comedy,1,1,0.62413875,16.811242881518265,2.7101398163347907,5.66988092298052
15070,Undisputed,20000000,12398628,96.0,2002.0,"[{""id"": 28, ""name"": ""Action""}, {""id"": 12, ""name"": ""Adventure""}, {""id"": 18, ""name"": ""Drama""}, {""id"": 53, ""name"": ""Thriller""}]",en,17.227376,6.1,139,Released,Action,1,1,0.6199314,16.811242881518265,2.902924639767614,4.941642422609304
17134,12 Rounds,20000000,17280326,108.0,2009.0,"[{""id"": 28, ""name"": ""Action""}, {""id"": 12, ""name"": ""Adventure""}, {""id"": 18, ""name"": ""Drama""}, {""id"": 53, ""name"": ""Thriller""}]",en,15.66135,5.7,220,Released,Action,1,1,0.8640163,16.811242881518265,2.813091665868713,5.3981627015177525
41402,Let Me In,20000000,24145613,116.0,2010.0,"[{""id"": 18, ""name"": ""Drama""}, {""id"": 27, ""name"": ""Horror""}, {""id"": 9648, ""name"": ""Mystery""}]",en,19.705311,6.7,641,Released,Drama,1,1,1.20728065,16.811242881518265,3.0303902374111664,6.464588303689961
146198,Triple 9,20000000,12639297,115.0,2016.0,"[{""id"": 28, ""name"": ""Action""}, {""id"": 53, ""name"": ""Thriller""}]",en,29.371987,5.6,797,Released,Action,1,1,0.63196485,16.811242881518265,3.4135207033250823,6.682108597449809
2639,Deconstructing Harry,20000000,10686841,96.0,1997.0,"[{""id"": 35, ""name"": ""Comedy""}, {""id"": 18, ""name"": ""Drama""}]",en,11.352693,7.3,187,Released,Comedy,1,1,0.53434205,16.811242881518265,2.5138740959832457,5.236441962829949
295964,Burnt,20000000,36606743,100.0,2015.0,"[{""id"": 18, ""name"": ""Drama""}]",en,30.477114,6.3,950,Released,Drama,1,1,1.83033715,16.811242881518265,3.4492607420911856,6.85751406254539
11835,Death Sentence,20000000,16974459,105.0,2007.0,"[{""id"": 28, ""name"": ""Action""}, {""id"": 80, ""name"": ""Crime""}, {""id"": 18, ""name"": ""Drama""}, {""id"": 53, ""name"": ""Thriller""}]",en,12.643703,6.5,297,Released,Action,1,1,0.84872295,16.811242881518265,2.613278096509451,5.697093486505405
14396,Code Name: The Cleaner,20000000,10337477,84.0,2007.0,"[{""id"": 28, ""name"": ""Action""}, {""id"": 35, ""name"": ""Comedy""}, {""id"": 80, ""name"": ""Crime""}]",en,9.36146,4.7,78,Released,Action,1,1,0.51687385,16.811242881518265,2.3380931535430376,4.3694478524670215
15673,Connie and Carla,20000000,11341016,98.0,2004.0,"[{""id"": 35, ""name"": ""Comedy""}]",en,6.102663,6.4,24,Released,Comedy,1,1,0.5670508,16.811242881518265,1.960469784148477,3.2188758248682006
42618,Sweet Charity,8000000,20000000,149.0,1969.0,"[{""id"": 35, ""name"": ""Comedy""}, {""id"": 18, ""name"": ""Drama""}, {""id"": 10402, ""name"": ""Music""}, {""id"": 10749, ""name"": ""Romance""}]",en,0.709143,6.5,15,Released,Comedy,1,1,2.5,15.894952224644102,0.5359920752964704,2.772588722239781
171274,Inherent Vice,20000000,11110975,148.0,2014.0,"[{""id"": 35, ""name"": ""Comedy""}, {""id"": 10749, ""name"": ""Romance""}, {""id"": 80, ""name"": ""Crime""}, {""id"": 18, ""name"": ""Drama""}, {""id"": 9648, ""name"": ""Mystery""}]",en,45.742217,6.5,833,Released,Comedy,1,1,0.55554875,16.811242881518265,3.844647760591726,6.726233402358747
109417,Battle of the Year,20000000,16549477,110.0,2013.0,"[{""id"": 10402, ""name"": ""Music""}, {""id"": 18, ""name"": ""Drama""}]",en,8.237336,5.9,88,Released,Music,1,1,0.82747385,16.811242881518265,2.2232535323954763,4.48863636973214
13948,An American Carol,20000000,7000000,83.0,2008.0,"[{""id"": 35, ""name"": ""Comedy""}, {""id"": 14, ""name"": ""Fantasy""}]",en,2.605374,4.1,20,Released,Comedy,1,1,0.35,16.811242881518265,1.2824255101546833,3.044522437723423
106747,Machete Kills,12000000,15008161,107.0,2013.0,"[{""id"": 28, ""name"": ""Action""}, {""id"": 80, ""name"": ""Crime""}, {""id"": 53, ""name"": ""Thriller""}]",en,29.072964,5.3,631,Released,Action,1,1,1.2506800833333334,16.300417291085605,3.4036265621460595,6.448889394146858
256962,Little Boy,20000000,6420319,106.0,2015.0,"[{""id"": 35, ""name"": ""Comedy""}, {""id"": 18, ""name"": ""Drama""}, {""id"": 10752, ""name"": ""War""}]",en,12.232048,7.0,185,Released,Comedy,1,1,0.32101595,16.811242881518265,2.582641765844284,5.225746673713202
48231,A Dangerous Method,15000000,27462041,99.0,2011.0,"[{""id"": 18, ""name"": ""Drama""}, {""id"": 53, ""name"": ""Thriller""}]",en,27.133277,6.2,571,Released,Drama,1,1,1.8308027333333332,16.52356082573315,3.3369531105621286,6.349138991379798
3509,A Scanner Darkly,8700000,7659918,100.0,2006.0,"[{""id"": 16, ""name"": ""Animation""}, {""id"": 878, ""name"": ""Science Fiction""}, {""id"": 53, ""name"": ""Thriller""}]",en,26.093043,6.8,532,Released,Animation,1,1,0.8804503448275862,15.978833698567334,3.2992769790613377,6.278521424165844
12142,Alone in the Dark,20000000,10442808,96.0,2005.0,"[{""id"": 28, ""name"": ""Action""}, {""id"": 14, ""name"": ""Fantasy""}, {""id"": 27, ""name"": ""Horror""}, {""id"": 53, ""name"": ""Thriller""}]",en,9.292987,3.1,173,Released,Action,1,1,0.5221404,16.811242881518265,2.3314627895493567,5.159055299214529
23367,Bandslam,20000000,5210988,111.0,2009.0,"[{""id"": 35, ""name"": ""Comedy""}, {""id"": 18, ""name"": ""Drama""}, {""id"": 10751, ""name"": ""Family""}, {""id"": 10402, ""name"": ""Music""}]",en,7.716606,5.4,126,Released,Comedy,1,1,0.2605494,16.811242881518265,2.165229941971566,4.844187086458591
241239,A Most Violent Year,20000000,12007070,125.0,2014.0,"[{""id"": 80, ""name"": ""Crime""}, {""id"": 18, ""name"": ""Drama""}, {""id"": 53, ""name"": ""Thriller""}]",en,37.629309,6.5,546,Released,Crime,1,1,0.6003535,16.811242881518265,3.65401128886612,6.304448802421981
3902,I'm Not There.,20000000,4001121,135.0,2007.0,"[{""id"": 18, ""name"": ""Drama""}, {""id"": 10402, ""name"": ""Music""}]",en,13.032308,6.6,195,Released,Drama,1,1,0.20005605,16.811242881518265,2.641362385217896,5.278114659230518
77948,The Cold Light of Day,20000000,16863583,93.0,2012.0,"[{""id"": 28, ""name"": ""Action""}, {""id"": 53, ""name"": ""Thriller""}]",en,15.131867,4.8,271,Released,Action,1,1,0.84317915,16.811242881518265,2.7807966324941207,5.605802066295998
21755,The Brothers Bloom,20000000,5530764,114.0,2008.0,"[{""id"": 12, ""name"": ""Adventure""}, {""id"": 35, ""name"": ""Comedy""}, {""id"": 18, ""name"": ""Drama""}, {""id"": 10749, ""name"": ""Romance""}]",en,10.218307,6.8,203,Released,Adventure,1,1,0.2765382,16.811242881518265,2.4175469974437207,5.318119993844216
128,Princess Mononoke,26500000,159375308,134.0,1997.0,"[{""id"": 12, ""name"": ""Adventure""}, {""id"": 14, ""name"": ""Fantasy""}, {""id"": 16, ""name"": ""Animation""}]",ja,60.732738,8.2,1983,Released,Adventure,1,1,6.014162566037736,17.0926553286923,4.122814389868959,7.592870287844818
16608,The Proposition,2000000,5048693,104.0,2005.0,"[{""id"": 28, ""name"": ""Action""}, {""id"": 12, ""name"": ""Adventure""}, {""id"": 80, ""name"": ""Crime""}, {""id"": 18, ""name"": ""Drama""}, {""id"": 53, ""name"": ""Thriller""}, {""id"": 37, ""name"": ""Western""}]",en,14.617944,7.1,218,Released,Action,1,1,2.5243465,14.508658238524095,2.7484205096277035,5.389071729816501
32316,Marci X,20000000,1675706,84.0,2003.0,"[{""id"": 35, ""name"": ""Comedy""}]",en,5.65327,3.3,12,Released,Comedy,1,1,0.0837853,16.811242881518265,1.8951084631318258,2.5649493574615367
7299,Equilibrium,20000000,5359645,107.0,2002.0,"[{""id"": 28, ""name"": ""Action""}, {""id"": 878, ""name"": ""Science Fiction""}, {""id"": 53, ""name"": ""Thriller""}]",en,44.566609,6.9,1552,Released,Action,1,1,0.26798225,16.811242881518265,3.819175189516004,7.347943823148687
13405,The Children of Huang Shi,40000000,7400000,125.0,2008.0,"[{""id"": 18, ""name"": ""Drama""}, {""id"": 10752, ""name"": ""War""}]",zh,8.978408,6.5,52,Released,Drama,1,1,0.185,17.50439003707821,2.3004235585607815,3.970291913552122
314385,By the Sea,10000000,3727746,122.0,2015.0,"[{""id"": 18, ""name"": ""Drama""}, {""id"": 10749, ""name"": ""Romance""}]",en,11.267676,5.4,156,Released,Drama,1,1,0.3727746,16.118095750958314,2.506967835730443,5.056245805348308
10448,Rapa Nui,20000000,305070,107.0,1994.0,"[{""id"": 12, ""name"": ""Adventure""}]",en,3.581906,6.2,33,Released,Adventure,1,1,0.0152535,16.811242881518265,1.522115068761941,3.5263605246161616
43935,Dylan Dog: Dead of Night,20000000,4634062,107.0,2011.0,"[{""id"": 28, ""name"": ""Action""}, {""id"": 35, ""name"": ""Comedy""}, {""id"": 27, ""name"": ""Horror""}, {""id"": 9648, ""name"": ""Mystery""}, {""id"": 878, ""name"": ""Science Fiction""}, {""id"": 53, ""name"": ""Thriller""}]",en,10.617236,4.5,139,Released,Action,1,1,0.2317031,16.811242881518265,2.452489857380512,4.941642422609304
44638,The Tempest,20000000,346594,110.0,2010.0,"[{""id"": 18, ""name"": ""Drama""}, {""id"": 14, ""name"": ""Fantasy""}]",en,3.620537,6.0,31,Released,Drama,1,1,0.0173297,16.811242881518265,1.5305109321052606,3.4657359027997265
199373,The Frozen Ground,27220000,5496951,105.0,2013.0,"[{""id"": 53, ""name"": ""Thriller""}, {""id"": 80, ""name"": ""Crime""}]",en,28.060472,6.1,465,Released,Thriller,1,1,0.2019452975753122,17.119462591925288,3.3693789002676313,6.144185634125646
581,Dances with Wolves,22000000,424208848,181.0,1990.0,"[{""id"": 12, ""name"": ""Adventure""}, {""id"": 18, ""name"": ""Drama""}, {""id"": 37, ""name"": ""Western""}]",en,45.707835,7.6,1046,Released,Adventure,1,1,19.28222036363636,16.906553056777135,3.8439119236218047,6.953684210870537
52449,Bad Teacher,20000000,216197492,92.0,2011.0,"[{""id"": 35, ""name"": ""Comedy""}]",en,28.497242,5.4,1584,Released,Comedy,1,1,10.8098746,16.811242881518265,3.3842967674497455,7.368339686311381
12150,Sea of Love,19000000,110879513,113.0,1989.0,"[{""id"": 18, ""name"": ""Drama""}, {""id"": 80, ""name"": ""Crime""}, {""id"": 9648, ""name"": ""Mystery""}]",en,11.47316,6.7,141,Released,Drama,1,1,5.835763842105263,16.759949589762293,2.523579135769147,4.955827057601261
11247,A Cinderella Story,19000000,70067909,95.0,2004.0,"[{""id"": 35, ""name"": ""Comedy""}]",en,25.28132,6.1,713,Released,Comedy,1,1,3.687784684210526,16.759949589762293,3.268858420665513,6.570882962339584
4232,Scream,14000000,173046663,111.0,1996.0,"[{""id"": 80, ""name"": ""Crime""}, {""id"": 27, ""name"": ""Horror""}, {""id"": 9648, ""name"": ""Mystery""}]",en,45.99611,7.0,1476,Released,Crime,1,1,12.360475928571429,16.454567959008102,3.850064832327321,7.29776828253138
694,The Shining,19000000,44017374,144.0,1980.0,"[{""id"": 27, ""name"": ""Horror""}, {""id"": 53, ""name"": ""Thriller""}]",en,78.699993,8.1,3757,Released,Horror,1,1,2.316703894736842,16.759949589762293,4.378269497966805,8.231642179973411
105,Back to the Future,19000000,381109762,116.0,1985.0,"[{""id"": 12, ""name"": ""Adventure""}, {""id"": 35, ""name"": ""Comedy""}, {""id"": 878, ""name"": ""Science Fiction""}, {""id"": 10751, ""name"": ""Family""}]",en,76.603233,8.0,6079,Released,Adventure,1,1,20.05840852631579,16.759949589762293,4.351609088692455,8.712759974960212
11377,House on Haunted Hill,19000000,40846082,93.0,1999.0,"[{""id"": 27, ""name"": ""Horror""}, {""id"": 9648, ""name"": ""Mystery""}, {""id"": 53, ""name"": ""Thriller""}]",en,13.664614,5.5,209,Released,Horror,1,1,2.149793789473684,16.759949589762293,2.6854373809101455,5.3471075307174685
41210,The Switch,19000000,49830607,101.0,2010.0,"[{""id"": 35, ""name"": ""Comedy""}, {""id"": 10749, ""name"": ""Romance""}, {""id"": 18, ""name"": ""Drama""}]",en,27.494037,5.9,583,Released,Comedy,1,1,2.6226635263157894,16.759949589762293,3.349694837313183,6.369900982828227
12090,Just Married,18000000,101564935,95.0,2003.0,"[{""id"": 35, ""name"": ""Comedy""}]",en,18.47518,5.3,404,Released,Comedy,1,1,5.642496388888889,16.705882371415992,2.9691408343328414,6.003887067106539
62630,The Devil's Double,19100000,5728213,109.0,2011.0,"[{""id"": 18, ""name"": ""Drama""}, {""id"": 28, ""name"": ""Action""}, {""id"": 53, ""name"": ""Thriller""}, {""id"": 80, ""name"": ""Crime""}, {""id"": 10752, ""name"": ""War""}]",en,10.559414,6.5,208,Released,Drama,1,1,0.2999064397905759,16.765198945372877,2.447500169917824,5.342334251964811
29427,The Crazies,20000000,54956140,101.0,2010.0,"[{""id"": 9648, ""name"": ""Mystery""}, {""id"": 27, ""name"": ""Horror""}, {""id"": 28, ""name"": ""Action""}]",en,28.867568,6.2,633,Released,Mystery,1,1,2.747807,16.811242881518265,3.3967732094288396,6.452048954437226
129,Spirited Away,15000000,274925095,125.0,2001.0,"[{""id"": 14, ""name"": ""Fantasy""}, {""id"": 12, ""name"": ""Adventure""}, {""id"": 16, ""name"": ""Animation""}, {""id"": 10751, ""name"": ""Family""}]",ja,118.968562,8.3,3840,Released,Fantasy,1,1,18.32833966666667,16.52356082573315,4.787229725125084,8.253488028345904
2669,The Bounty,25000000,8613462,132.0,1984.0,"[{""id"": 28, ""name"": ""Action""}, {""id"": 18, ""name"": ""Drama""}, {""id"": 36, ""name"": ""History""}]",en,7.436491,6.5,108,Released,Action,1,1,0.34453848,17.034386422832473,2.1325664638625845,4.6913478822291435
13523,Sex Drive,19000000,18755936,109.0,2008.0,"[{""id"": 35, ""name"": ""Comedy""}, {""id"": 12, ""name"": ""Adventure""}, {""id"": 10749, ""name"": ""Romance""}]",en,17.952817,6.0,342,Released,Comedy,1,1,0.9871545263157896,16.759949589762293,2.941952574834034,5.83773044716594
25195,Leap Year,19000000,29922472,100.0,2010.0,"[{""id"": 10749, ""name"": ""Romance""}, {""id"": 35, ""name"": ""Comedy""}]",en,21.959742,6.4,465,Released,Romance,1,1,1.5748669473684211,16.759949589762293,3.133742334454433,6.144185634125646
17277,The Fall of the Roman Empire,19000000,4750000,188.0,1964.0,"[{""id"": 18, ""name"": ""Drama""}, {""id"": 36, ""name"": ""History""}]",en,4.229942,6.0,33,Released,Drama,1,1,0.25,16.759949589762293,1.6544001881491819,3.5263605246161616
50725,Take Me Home Tonight,19000000,6928068,97.0,2011.0,"[{""id"": 35, ""name"": ""Comedy""}, {""id"": 18, ""name"": ""Drama""}, {""id"": 10749, ""name"": ""Romance""}]",en,11.766564,6.2,208,Released,Comedy,1,1,0.3646351578947368,16.759949589762293,2.5468295657106985,5.342334251964811
73191,The Nutcracker,19000000,2119994,93.0,1993.0,"[{""id"": 10751, ""name"": ""Family""}, {""id"": 14, ""name"": ""Fantasy""}, {""id"": 10402, ""name"": ""Music""}]",en,0.068228,5.6,5,Released,Family,1,1,0.1115786315789473,16.759949589762293,0.06600120089978632,1.791759469228055
10065,The Amityville Horror,19000000,108047131,90.0,2005.0,"[{""id"": 27, ""name"": ""Horror""}, {""id"": 53, ""name"": ""Thriller""}, {""id"": 18, ""name"": ""Drama""}]",en,30.205943,6.0,588,Released,Horror,1,1,5.686691105263158,16.759949589762293,3.440608557445509,6.3784261836515865
2757,Adaptation.,19000000,32801173,114.0,2002.0,"[{""id"": 35, ""name"": ""Comedy""}, {""id"": 80, ""name"": ""Crime""}, {""id"": 18, ""name"": ""Drama""}]",en,26.441669,7.3,638,Released,Comedy,1,1,1.7263775263157894,16.759949589762293,3.312062624623164,6.459904454377535
11683,Land of the Dead,15000000,46770602,93.0,2005.0,"[{""id"": 27, ""name"": ""Horror""}]",en,15.262492,6.0,381,Released,Horror,1,1,3.1180401333333334,16.52356082573315,2.7888613519092176,5.945420608606575
1878,Fear and Loathing in Las Vegas,18500000,10680275,118.0,1998.0,"[{""id"": 12, ""name"": ""Adventure""}, {""id"": 18, ""name"": ""Drama""}, {""id"": 35, ""name"": ""Comedy""}]",en,44.511363,7.2,1301,Released,Adventure,1,1,0.5773121621621622,16.733281344102608,3.8179620310417315,7.171656822768514
23082,The Invention of Lying,18500000,31912793,100.0,2009.0,"[{""id"": 35, ""name"": ""Comedy""}, {""id"": 10749, ""name"": ""Romance""}, {""id"": 14, ""name"": ""Fantasy""}]",en,16.665841,6.0,518,Released,Comedy,1,1,1.7250158378378375,16.733281344102608,2.871632887942802,6.251903883165888
195589,Neighbors,18000000,268157400,96.0,2014.0,"[{""id"": 35, ""name"": ""Comedy""}]",en,36.471231,6.2,2713,Released,Comedy,1,1,14.897633333333332,16.705882371415992,3.623573465214976,7.906178840394815
854,The Mask,23000000,351583407,101.0,1994.0,"[{""id"": 10749, ""name"": ""Romance""}, {""id"": 35, ""name"": ""Comedy""}, {""id"": 80, ""name"": ""Crime""}, {""id"": 14, ""name"": ""Fantasy""}]",en,85.30318,6.6,2472,Released,Romance,1,1,15.286235086956522,16.951004817371683,4.457866445614443,7.813187267521416
2280,Big,18000000,151668774,104.0,1988.0,"[{""id"": 14, ""name"": ""Fantasy""}, {""id"": 18, ""name"": ""Drama""}, {""id"": 35, ""name"": ""Comedy""}, {""id"": 10749, ""name"": ""Romance""}, {""id"": 10751, ""name"": ""Family""}]",en,20.716023,6.9,993,Released,Fantasy,1,1,8.426043,16.705882371415992,3.0780503751695547,6.901737206656574
496,Borat: Cultural Learnings of America for Make Benefit Glorious Nation of Kazakhstan,18000000,261572744,82.0,2006.0,"[{""id"": 35, ""name"": ""Comedy""}]",en,29.487784,6.5,1579,Released,Comedy,1,1,14.531819111111112,16.705882371415992,3.4173260787918047,7.365180126021013
8835,Legally Blonde,18000000,141774679,96.0,2001.0,"[{""id"": 35, ""name"": ""Comedy""}]",en,25.43954,6.1,882,Released,Comedy,1,1,7.8763710555555555,16.705882371415992,3.2748606169501437,6.78332520060396
157,Star Trek III: The Search for Spock,18000000,87000000,105.0,1984.0,"[{""id"": 878, ""name"": ""Science Fiction""}, {""id"": 28, ""name"": ""Action""}, {""id"": 12, ""name"": ""Adventure""}, {""id"": 53, ""name"": ""Thriller""}]",en,15.314027,6.4,434,Released,Science Fiction,1,1,4.833333333333333,16.705882371415992,2.7920252898972473,6.075346031088684
8643,The Exorcism of Emily Rose,19000000,144216468,122.0,2005.0,"[{""id"": 80, ""name"": ""Crime""}, {""id"": 18, ""name"": ""Drama""}, {""id"": 27, ""name"": ""Horror""}, {""id"": 53, ""name"": ""Thriller""}]",en,32.602868,6.3,659,Released,Crime,1,1,7.590340421052631,16.759949589762293,3.514611420469302,6.492239835020471
10402,Deuce Bigalow: Male Gigolo,17000000,65535067,88.0,1999.0,"[{""id"": 35, ""name"": ""Comedy""}]",en,9.832326,5.5,308,Released,Comedy,1,1,3.8550039411764714,16.648723960844016,2.3825348117288603,5.733341276897746
218043,Left Behind,16000000,19682924,110.0,2014.0,"[{""id"": 53, ""name"": ""Thriller""}, {""id"": 28, ""name"": ""Action""}, {""id"": 878, ""name"": ""Science Fiction""}]",en,33.452469,3.7,392,Released,Thriller,1,1,1.23018275,16.588099342704055,3.5395806639771927,5.973809611869261
21301,Barbershop 2:  Back in Business,18000000,65070412,106.0,2004.0,"[{""id"": 35, ""name"": ""Comedy""}, {""id"": 18, ""name"": ""Drama""}]",en,6.501815,5.6,74,Released,Comedy,1,1,3.615022888888889,16.705882371415992,2.015144991264988,4.31748811353631
10147,Bad Santa,23000000,76488889,91.0,2003.0,"[{""id"": 18, ""name"": ""Drama""}, {""id"": 35, ""name"": ""Comedy""}, {""id"": 80, ""name"": ""Crime""}]",en,26.58873,6.5,656,Released,Drama,1,1,3.3256038695652173,16.951004817371683,3.317407355999014,6.487684018484611
816,Austin Powers: International Man of Mystery,16500000,67683989,94.0,1997.0,"[{""id"": 878, ""name"": ""Science Fiction""}, {""id"": 35, ""name"": ""Comedy""}, {""id"": 80, ""name"": ""Crime""}]",en,36.15716,6.5,1013,Released,Science Fiction,1,1,4.102059939393939,16.61887099947687,3.615156484760201,6.921658184151129
302688,My Big Fat Greek Wedding 2,18000000,88923251,94.0,2016.0,"[{""id"": 10749, ""name"": ""Romance""}, {""id"": 35, ""name"": ""Comedy""}, {""id"": 10751, ""name"": ""Family""}]",en,16.027955,5.5,322,Released,Romance,1,1,4.940180611111111,16.705882371415992,2.834856405256283,5.777652323222656
60307,Diary of a Wimpy Kid: Rodrick Rules,21000000,72417394,99.0,2011.0,"[{""id"": 10751, ""name"": ""Family""}, {""id"": 35, ""name"": ""Comedy""}]",en,14.329891,6.3,238,Released,Family,1,1,3.448447333333333,16.860033043306743,2.729804582617088,5.476463551931511
106,Predator,18000000,98235548,107.0,1987.0,"[{""id"": 878, ""name"": ""Science Fiction""}, {""id"": 28, ""name"": ""Action""}, {""id"": 12, ""name"": ""Adventure""}, {""id"": 53, ""name"": ""Thriller""}]",en,50.009408,7.3,2093,Released,Science Fiction,1,1,5.457530444444444,16.705882371415992,3.9320100862999543,7.646831391430482
279,Amadeus,18000000,51973029,160.0,1984.0,"[{""id"": 18, ""name"": ""Drama""}, {""id"": 36, ""name"": ""History""}, {""id"": 10402, ""name"": ""Music""}]",en,31.82675,7.8,1076,Released,Drama,1,1,2.8873905,16.705882371415992,3.491243731791381,6.981934677156389
10625,Mean Girls,17000000,129042871,97.0,2004.0,"[{""id"": 35, ""name"": ""Comedy""}]",en,36.423717,6.9,2320,Released,Comedy,1,1,7.590757117647059,16.648723960844016,3.622304647820927,7.749753406274437
5279,Gosford Park,19800000,87754044,137.0,2001.0,"[{""id"": 18, ""name"": ""Drama""}, {""id"": 9648, ""name"": ""Mystery""}, {""id"": 53, ""name"": ""Thriller""}]",en,11.693272,6.8,246,Released,Drama,1,1,4.432022424242424,16.801192546169812,2.541072089310608,5.5093883366279774
10013,Peggy Sue Got Married,18000000,41382841,103.0,1986.0,"[{""id"": 35, ""name"": ""Comedy""}, {""id"": 18, ""name"": ""Drama""}, {""id"": 14, ""name"": ""Fantasy""}, {""id"": 10749, ""name"": ""Romance""}]",en,12.243887,5.9,136,Released,Comedy,1,1,2.299046722222222,16.705882371415992,2.583536087483092,4.919980925828125
194662,Birdman,18000000,103215094,119.0,2014.0,"[{""id"": 18, ""name"": ""Drama""}, {""id"": 35, ""name"": ""Comedy""}]",en,89.811154,7.4,4535,Released,Drama,1,1,5.734171888888889,16.705882371415992,4.508782119472551,8.419800845407588
160588,Blue Jasmine,18000000,99206215,98.0,2013.0,"[{""id"": 35, ""name"": ""Comedy""}, {""id"": 18, ""name"": ""Drama""}]",en,34.694216,7.0,1098,Released,Comedy,1,1,5.511456388888889,16.705882371415992,3.57498865885273,7.002155954403621
9829,United 93,15000000,76286096,111.0,2006.0,"[{""id"": 18, ""name"": ""Drama""}, {""id"": 36, ""name"": ""History""}, {""id"": 80, ""name"": ""Crime""}, {""id"": 53, ""name"": ""Thriller""}, {""id"": 28, ""name"": ""Action""}]",en,17.50138,6.9,367,Released,Drama,1,1,5.085739733333333,16.52356082573315,2.9178453238968354,5.908082938168931
10028,Honey,18000000,62646763,94.0,2003.0,"[{""id"": 10749, ""name"": ""Romance""}, {""id"": 10402, ""name"": ""Music""}, {""id"": 10751, ""name"": ""Family""}]",en,18.492655,6.0,303,Released,Romance,1,1,3.480375722222222,16.705882371415992,2.970037727946327,5.717027701406222
790,The Fog,1000000,21378361,89.0,1980.0,"[{""id"": 27, ""name"": ""Horror""}]",en,14.518598,6.4,311,Released,Horror,1,1,21.378361,13.815511557963774,2.74203917562307,5.7430031878094825
43959,Soul Surfer,18000000,47088990,106.0,2011.0,"[{""id"": 28, ""name"": ""Action""}, {""id"": 18, ""name"": ""Drama""}]",en,19.234672,6.9,342,Released,Action,1,1,2.616055,16.705882371415992,3.0073975686585235,5.83773044716594
10364,Catch-22,18000000,24911670,121.0,1970.0,"[{""id"": 10752, ""name"": ""War""}, {""id"": 35, ""name"": ""Comedy""}, {""id"": 18, ""name"": ""Drama""}]",en,4.504377,6.7,72,Released,War,1,1,1.3839816666666669,16.705882371415992,1.7055435939248582,4.290459441148391
9610,Conan the Destroyer,18000000,100000000,103.0,1984.0,"[{""id"": 12, ""name"": ""Adventure""}, {""id"": 14, ""name"": ""Fantasy""}, {""id"": 28, ""name"": ""Action""}]",en,18.379124,5.8,383,Released,Adventure,1,1,5.555555555555555,16.705882371415992,2.964196404202623,5.950642552587727
1578,Raging Bull,18000000,23000000,129.0,1980.0,"[{""id"": 18, ""name"": ""Drama""}]",en,35.524457,7.7,938,Released,Drama,1,1,1.2777777777777777,16.705882371415992,3.597982090996481,6.844815479208263
25643,Love Happens,18000000,36133014,109.0,2009.0,"[{""id"": 18, ""name"": ""Drama""}, {""id"": 10749, ""name"": ""Romance""}]",en,13.472365,5.6,180,Released,Drama,1,1,2.007389666666666,16.705882371415992,2.672240968891586,5.198497031265826
44115,127 Hours,18000000,35692920,94.0,2010.0,"[{""id"": 12, ""name"": ""Adventure""}, {""id"": 18, ""name"": ""Drama""}, {""id"": 53, ""name"": ""Thriller""}]",en,52.464877,7.0,2606,Released,Adventure,1,1,1.98294,16.705882371415992,3.979024933635507,7.865955413933502
10560,Center Stage,18000000,17200925,115.0,2000.0,"[{""id"": 18, ""name"": ""Drama""}, {""id"": 10402, ""name"": ""Music""}]",en,6.961736,6.8,90,Released,Drama,1,1,0.9556069444444444,16.705882371415992,2.0746470665302876,4.51085950651685
333348,Love the Coopers,17000000,24000000,107.0,2015.0,"[{""id"": 35, ""name"": ""Comedy""}, {""id"": 10751, ""name"": ""Family""}]",en,9.191187,5.4,167,Released,Comedy,1,1,1.411764705882353,16.648723960844016,2.321523327202296,5.123963979403259
20483,Catch That Kid,18000000,16702864,92.0,2004.0,"[{""id"": 10751, ""name"": ""Family""}, {""id"": 28, ""name"": ""Action""}, {""id"": 12, ""name"": ""Adventure""}]",en,4.492859,4.9,76,Released,Family,1,1,0.9279368888888888,16.705882371415992,1.703448884997713,4.343805421853684
321697,Steve Jobs,30000000,34441873,122.0,2015.0,"[{""id"": 18, ""name"": ""Drama""}, {""id"": 36, ""name"": ""History""}]",en,53.670525,6.8,1573,Released,Drama,1,1,1.1480624333333334,17.216707972959764,4.001324715933782,7.3613754289773485
38665,The Legend of the Lone Ranger,18000000,2945600,98.0,1981.0,"[{""id"": 28, ""name"": ""Action""}, {""id"": 12, ""name"": ""Adventure""}, {""id"": 10749, ""name"": ""Romance""}, {""id"": 37, ""name"": ""Western""}]",en,11.725805,3.7,14,Released,Action,1,1,0.1636444444444444,16.705882371415992,2.543631821732335,2.70805020110221
2575,The Tailor of Panama,21000000,28008462,109.0,2001.0,"[{""id"": 18, ""name"": ""Drama""}, {""id"": 53, ""name"": ""Thriller""}]",en,7.047975,6.2,92,Released,Drama,1,1,1.3337362857142858,16.860033043306743,2.0854205069907295,4.532599493153256
11644,Blow Out,18000000,12000000,108.0,1981.0,"[{""id"": 18, ""name"": ""Drama""}, {""id"": 9648, ""name"": ""Mystery""}, {""id"": 53, ""name"": ""Thriller""}]",en,13.628601,7.3,236,Released,Drama,1,1,0.6666666666666666,16.705882371415992,2.682978585032426,5.4680601411351315
146227,Getaway,18000000,10501938,90.0,2013.0,"[{""id"": 28, ""name"": ""Action""}, {""id"": 80, ""name"": ""Crime""}]",en,16.520516,4.9,246,Released,Action,1,1,0.583441,16.705882371415992,2.8633725371293366,5.5093883366279774
68924,The Ice Storm,18000000,8038061,112.0,1997.0,"[{""id"": 18, ""name"": ""Drama""}]",en,14.916264,6.9,176,Released,Drama,1,1,0.4465589444444444,16.705882371415992,2.7673414795092994,5.176149732573829
253235,And So It Goes,18000000,25312387,94.0,2014.0,"[{""id"": 35, ""name"": ""Comedy""}, {""id"": 18, ""name"": ""Drama""}, {""id"": 10749, ""name"": ""Romance""}]",en,9.633711,5.7,164,Released,Comedy,1,1,1.4062437222222222,16.705882371415992,2.3640292377333463,5.10594547390058
10068,Nine 1/2 Weeks,17000000,6735922,117.0,1986.0,"[{""id"": 18, ""name"": ""Drama""}, {""id"": 10749, ""name"": ""Romance""}]",en,12.313143,5.8,177,Released,Drama,1,1,0.3962307058823529,16.648723960844016,2.5887517427726974,5.181783550292085
848,Dragonslayer,18000000,14110013,108.0,1981.0,"[{""id"": 14, ""name"": ""Fantasy""}]",en,3.258422,6.5,67,Released,Fantasy,1,1,0.7838896111111111,16.705882371415992,1.4488986691226935,4.219507705176107
522,Ed Wood,18000000,5887457,127.0,1994.0,"[{""id"": 35, ""name"": ""Comedy""}, {""id"": 18, ""name"": ""Drama""}, {""id"": 36, ""name"": ""History""}]",en,24.548633,7.3,630,Released,Comedy,1,1,0.3270809444444444,16.705882371415992,3.2405838122829596,6.447305862541213
130150,Labor Day,18000000,20275812,111.0,2013.0,"[{""id"": 18, ""name"": ""Drama""}]",en,17.683563,6.7,299,Released,Drama,1,1,1.126434,16.705882371415992,2.9276441533704025,5.703782474656201
12246,Mongol: The Rise of Genghis Khan,18000000,26527510,120.0,2007.0,"[{""id"": 36, ""name"": ""History""}]",ru,10.1449,6.5,158,Released,History,1,1,1.4737505555555557,16.705882371415992,2.4109819941641097,5.0689042022202315
13809,RockNRolla,18000000,25739015,114.0,2008.0,"[{""id"": 28, ""name"": ""Action""}, {""id"": 80, ""name"": ""Crime""}, {""id"": 53, ""name"": ""Thriller""}]",en,31.887978,6.9,836,Released,Action,1,1,1.4299452777777777,16.705882371415992,3.493107180658355,6.729824070489475
33870,Mao's Last Dancer,25000000,20719451,117.0,2009.0,"[{""id"": 18, ""name"": ""Drama""}, {""id"": 10749, ""name"": ""Romance""}]",en,1.876811,6.8,28,Released,Drama,1,1,0.82877804,17.034386422832473,1.056682388980846,3.367295829986474
245703,Midnight Special,18000000,6212282,112.0,2016.0,"[{""id"": 12, ""name"": ""Adventure""}, {""id"": 18, ""name"": ""Drama""}, {""id"": 878, ""name"": ""Science Fiction""}]",en,32.717853,6.2,694,Released,Adventure,1,1,0.3451267777777778,16.705882371415992,3.518027459694919,6.543911845564792
127560,The Railway Man,18000000,22309223,116.0,2013.0,"[{""id"": 18, ""name"": ""Drama""}, {""id"": 36, ""name"": ""History""}]",en,13.916583,6.7,273,Released,Drama,1,1,1.239401277777778,16.705882371415992,2.702473547098477,5.6131281063880705
10017,The Wraith,2700000,3500000,93.0,1986.0,"[{""id"": 10749, ""name"": ""Romance""}, {""id"": 878, ""name"": ""Science Fiction""}, {""id"": 27, ""name"": ""Horror""}, {""id"": 28, ""name"": ""Action""}, {""id"": 80, ""name"": ""Crime""}]",en,10.47644,5.9,108,Released,Romance,1,1,1.2962962962962965,14.80876270134486,2.4402962382694513,4.6913478822291435
11468,Salton Sea,18000000,676698,103.0,2002.0,"[{""id"": 18, ""name"": ""Drama""}, {""id"": 9648, ""name"": ""Mystery""}, {""id"": 53, ""name"": ""Thriller""}]",en,10.991281,7.0,104,Released,Drama,1,1,0.0375943333333333,16.705882371415992,2.484179802365067,4.653960350157523
193613,Metallica: Through the Never,18000000,7972967,93.0,2013.0,"[{""id"": 10402, ""name"": ""Music""}]",en,7.871686,6.7,83,Released,Music,1,1,0.4429426111111111,16.705882371415992,2.1828648571764795,4.430816798843313
17436,The Informers,18000000,382174,98.0,2008.0,"[{""id"": 18, ""name"": ""Drama""}]",en,6.333869,4.4,60,Released,Drama,1,1,0.0212318888888888,16.705882371415992,1.9925032074770623,4.110873864173311
8408,Day of the Dead,3500000,34000000,96.0,1985.0,"[{""id"": 27, ""name"": ""Horror""}, {""id"": 878, ""name"": ""Science Fiction""}]",en,18.025206,6.9,270,Released,Horror,1,1,9.714285714285714,15.068273812173887,2.9457647315472104,5.602118820879701
9389,Renaissance,18000000,1831348,105.0,2006.0,"[{""id"": 28, ""name"": ""Action""}, {""id"": 16, ""name"": ""Animation""}, {""id"": 878, ""name"": ""Science Fiction""}]",fr,9.244181,6.7,77,Released,Action,1,1,0.1017415555555555,16.705882371415992,2.32670983706053,4.356708826689592
9626,Red Sonja,17900000,6948633,89.0,1985.0,"[{""id"": 12, ""name"": ""Adventure""}, {""id"": 14, ""name"": ""Fantasy""}, {""id"": 28, ""name"": ""Action""}]",en,12.752463,5.0,206,Released,Adventure,1,1,0.3881917877094972,16.700311326676903,2.621217935343933,5.332718793265369
75638,Red Lights,14000000,13551174,119.0,2012.0,"[{""id"": 53, ""name"": ""Thriller""}]",en,22.748174,6.0,376,Released,Thriller,1,1,0.967941,16.454567959008102,3.1675056433143816,5.932245187448011
8363,Superbad,20000000,121463226,113.0,2007.0,"[{""id"": 35, ""name"": ""Comedy""}]",en,33.436092,7.0,2100,Released,Comedy,1,1,6.0731613,16.811242881518265,3.53910520041486,7.650168700845001
8328,Step Up 2: The Streets,23000000,150816700,98.0,2008.0,"[{""id"": 10402, ""name"": ""Music""}, {""id"": 18, ""name"": ""Drama""}, {""id"": 10749, ""name"": ""Romance""}]",en,28.973074,6.5,640,Released,Music,1,1,6.557247826086956,16.951004817371683,3.40029944530461,6.46302945692067
10982,Hoodwinked!,15000000,51053787,80.0,2005.0,"[{""id"": 16, ""name"": ""Animation""}, {""id"": 35, ""name"": ""Comedy""}, {""id"": 10751, ""name"": ""Family""}]",en,23.980329,5.9,479,Released,Animation,1,1,3.4035858,16.52356082573315,3.21808867514713,6.173786103901937
205,Hotel Rwanda,17500000,38000000,121.0,2004.0,"[{""id"": 18, ""name"": ""Drama""}, {""id"": 36, ""name"": ""History""}, {""id"": 10752, ""name"": ""War""}]",en,28.60542,7.5,793,Released,Drama,1,1,2.1714285714285717,16.677711496036597,3.387957452675879,6.677083461247136
1620,Hitman,24000000,99965753,89.0,2007.0,"[{""id"": 28, ""name"": ""Action""}, {""id"": 80, ""name"": ""Crime""}, {""id"": 18, ""name"": ""Drama""}, {""id"": 53, ""name"": ""Thriller""}]",en,42.669304,5.9,966,Released,Action,1,1,4.165239708333333,16.993564429978885,3.7766454296557845,6.874198495453294
175541,Black Nativity,17500000,7018189,93.0,2013.0,"[{""id"": 18, ""name"": ""Drama""}, {""id"": 10402, ""name"": ""Music""}]",en,7.180403,5.8,16,Released,Drama,1,1,0.4010393714285714,16.677711496036597,2.101741415904769,2.833213344056216
241254,The Prince,18000000,266586800,93.0,2014.0,"[{""id"": 53, ""name"": ""Thriller""}, {""id"": 28, ""name"": ""Action""}]",en,21.638673,4.6,218,Released,Thriller,1,1,14.810377777777775,16.705882371415992,3.119659638542964,5.389071729816501
679,Aliens,18500000,183316455,137.0,1986.0,"[{""id"": 27, ""name"": ""Horror""}, {""id"": 28, ""name"": ""Action""}, {""id"": 53, ""name"": ""Thriller""}, {""id"": 878, ""name"": ""Science Fiction""}]",en,67.66094,7.7,3220,Released,Horror,1,1,9.908997567567567,16.733281344102608,4.229180478585407,8.0774471493312
11113,My Fair Lady,17000000,72070731,170.0,1964.0,"[{""id"": 18, ""name"": ""Drama""}, {""id"": 10751, ""name"": ""Family""}, {""id"": 10402, ""name"": ""Music""}, {""id"": 10749, ""name"": ""Romance""}]",en,20.786616,7.4,352,Released,Drama,1,1,4.239454764705882,16.648723960844016,3.081295836299538,5.8664680569332965
3597,I Know What You Did Last Summer,17000000,125586134,100.0,1997.0,"[{""id"": 27, ""name"": ""Horror""}, {""id"": 53, ""name"": ""Thriller""}, {""id"": 9648, ""name"": ""Mystery""}]",en,27.654472,5.6,687,Released,Horror,1,1,7.387419647058824,16.648723960844016,3.355309521730291,6.5337888379333435
193893,Let's Be Cops,17000000,136621271,104.0,2014.0,"[{""id"": 35, ""name"": ""Comedy""}]",en,70.668923,6.4,1219,Released,Comedy,1,1,8.036545352941177,16.648723960844016,4.272057222684881,7.106606137727303
9675,Sideways,16000000,109502303,126.0,2004.0,"[{""id"": 35, ""name"": ""Comedy""}, {""id"": 18, ""name"": ""Drama""}, {""id"": 10749, ""name"": ""Romance""}]",en,23.425431,6.9,478,Released,Comedy,1,1,6.8438939375,16.588099342704055,3.1956248436278174,6.171700597410915
9988,Beerfest,17500000,19179969,110.0,2006.0,"[{""id"": 35, ""name"": ""Comedy""}]",en,14.304444,5.8,172,Released,Comedy,1,1,1.0959982285714285,16.677711496036597,2.728143243740112,5.153291594497779
948,Halloween,300000,70000000,91.0,1978.0,"[{""id"": 27, ""name"": ""Horror""}, {""id"": 53, ""name"": ""Thriller""}]",en,30.301307,7.4,1035,Released,Horror,1,1,233.33333333333331,12.611541086966115,3.443659853862799,6.943122422819428
146304,The Best Man Holiday,17000000,71625195,123.0,2013.0,"[{""id"": 35, ""name"": ""Comedy""}]",en,7.210095,6.7,110,Released,Comedy,1,1,4.213246764705882,16.648723960844016,2.105364494651958,4.709530201312334
7516,Smokin' Aces,17000000,57103895,109.0,2006.0,"[{""id"": 28, ""name"": ""Action""}, {""id"": 35, ""name"": ""Comedy""}, {""id"": 80, ""name"": ""Crime""}, {""id"": 53, ""name"": ""Thriller""}]",en,23.491962,6.4,534,Released,Action,1,1,3.359052647058824,16.648723960844016,3.1983449820874754,6.282266746896006
41439,Saw: The Final Chapter,20000000,136150434,90.0,2010.0,"[{""id"": 27, ""name"": ""Horror""}, {""id"": 80, ""name"": ""Crime""}]",en,36.133536,5.8,730,Released,Horror,1,1,6.8075217,16.811242881518265,3.6145204966198747,6.594413459749778
9429,A Night at the Roxbury,17000000,30331165,81.0,1998.0,"[{""id"": 35, ""name"": ""Comedy""}]",en,12.709227,5.9,198,Released,Comedy,1,1,1.7841861764705882,16.648723960844016,2.6180691097819153,5.293304824724492
38117,Beastly,17000000,43165571,86.0,2011.0,"[{""id"": 18, ""name"": ""Drama""}, {""id"": 14, ""name"": ""Fantasy""}, {""id"": 10749, ""name"": ""Romance""}]",en,24.054062,6.0,849,Released,Drama,1,1,2.539151235294117,16.648723960844016,3.221035970073684,6.745236349484362
9792,The Hills Have Eyes,15000000,69623713,107.0,2006.0,"[{""id"": 27, ""name"": ""Horror""}, {""id"": 53, ""name"": ""Thriller""}]",en,35.107857,6.1,705,Released,Horror,1,1,4.641580866666667,16.52356082573315,3.586510487086868,6.559615237493242
13960,ATL,20000000,21170563,105.0,2006.0,"[{""id"": 18, ""name"": ""Drama""}]",en,5.422285,6.0,32,Released,Drama,1,1,1.05852815,16.811242881518265,1.8597739733808416,3.4965075614664802
114150,Pitch Perfect,17000000,115350426,112.0,2012.0,"[{""id"": 35, ""name"": ""Comedy""}, {""id"": 10402, ""name"": ""Music""}, {""id"": 10749, ""name"": ""Romance""}]",en,32.746486,7.3,2247,Released,Comedy,1,1,6.785319176470588,16.648723960844016,3.518876293379311,7.717796211013582
26602,Summer Catch,34000000,19693891,108.0,2001.0,"[{""id"": 18, ""name"": ""Drama""}, {""id"": 35, ""name"": ""Comedy""}, {""id"": 10749, ""name"": ""Romance""}]",en,3.960098,4.8,63,Released,Drama,1,1,0.5792320882352942,17.341871111992198,1.6014254986061642,4.1588830833596715
26390,Brooklyn's Finest,17000000,29536299,133.0,2009.0,"[{""id"": 80, ""name"": ""Crime""}, {""id"": 18, ""name"": ""Drama""}, {""id"": 53, ""name"": ""Thriller""}]",en,18.790102,6.2,293,Released,Crime,1,1,1.7374293529411764,16.648723960844016,2.9851819137194333,5.683579767338681
27759,55 Days at Peking,17000000,10000000,154.0,1963.0,"[{""id"": 28, ""name"": ""Action""}, {""id"": 18, ""name"": ""Drama""}, {""id"": 36, ""name"": ""History""}]",en,3.321095,6.3,36,Released,Action,1,1,0.5882352941176471,16.648723960844016,1.4635088423595848,3.6109179126442243
109428,Evil Dead,17000000,97542952,91.0,2013.0,"[{""id"": 27, ""name"": ""Horror""}]",en,33.912116,6.4,1723,Released,Horror,1,1,5.737820705882353,16.648723960844016,3.5528339322849205,7.452402451223638
23049,My Life in Ruins,17000000,20455276,95.0,2009.0,"[{""id"": 35, ""name"": ""Comedy""}, {""id"": 10749, ""name"": ""Romance""}]",en,5.787891,5.6,101,Released,Comedy,1,1,1.2032515294117647,16.648723960844016,1.915140289494084,4.624972813284271
9310,American Dreamz,17000000,7314027,107.0,2006.0,"[{""id"": 35, ""name"": ""Comedy""}, {""id"": 18, ""name"": ""Drama""}, {""id"": 10751, ""name"": ""Family""}]",en,7.864011,4.9,95,Released,Comedy,1,1,0.4302368823529411,16.648723960844016,2.181999370978887,4.564348191467836
11411,Superman IV: The Quest for Peace,17000000,19300000,90.0,1987.0,"[{""id"": 28, ""name"": ""Action""}, {""id"": 12, ""name"": ""Adventure""}, {""id"": 878, ""name"": ""Science Fiction""}]",en,17.062117,4.1,318,Released,Action,1,1,1.1352941176470588,16.648723960844016,2.8938167614955908,5.765191102784844
7304,Running Scared,17000000,9500000,122.0,2006.0,"[{""id"": 28, ""name"": ""Action""}, {""id"": 80, ""name"": ""Crime""}, {""id"": 18, ""name"": ""Drama""}, {""id"": 53, ""name"": ""Thriller""}]",en,19.311572,7.0,331,Released,Action,1,1,0.5588235294117647,16.648723960844016,3.011190772892466,5.805134968916488
1491,The Illusionist,40000000,86915017,110.0,2006.0,"[{""id"": 14, ""name"": ""Fantasy""}, {""id"": 18, ""name"": ""Drama""}, {""id"": 53, ""name"": ""Thriller""}, {""id"": 10749, ""name"": ""Romance""}]",en,36.960953,7.1,1615,Released,Fantasy,1,1,2.172875425,17.50439003707821,3.6365580788006704,7.38770923908104
2989,Roar,17000000,2000000,102.0,1981.0,"[{""id"": 12, ""name"": ""Adventure""}, {""id"": 53, ""name"": ""Thriller""}]",en,1.15641,5.6,19,Released,Adventure,1,1,0.1176470588235294,16.648723960844016,0.7684448019431847,2.995732273553991
10629,Veronica Guerin,17000000,1569918,98.0,2003.0,"[{""id"": 18, ""name"": ""Drama""}, {""id"": 80, ""name"": ""Crime""}, {""id"": 53, ""name"": ""Thriller""}]",en,9.583578,6.8,59,Released,Drama,1,1,0.0923481176470588,16.648723960844016,2.3593035545136076,4.0943445622221
255343,Escobar: Paradise Lost,17000000,3758328,120.0,2014.0,"[{""id"": 53, ""name"": ""Thriller""}, {""id"": 10749, ""name"": ""Romance""}]",en,25.112567,6.1,271,Released,Thriller,1,1,0.2210781176470588,16.648723960844016,3.2624166927003593,5.605802066295998
4723,Southland Tales,17000000,374743,144.0,2006.0,"[{""id"": 28, ""name"": ""Action""}, {""id"": 12, ""name"": ""Adventure""}, {""id"": 35, ""name"": ""Comedy""}, {""id"": 18, ""name"": ""Drama""}, {""id"": 878, ""name"": ""Science Fiction""}, {""id"": 53, ""name"": ""Thriller""}]",en,9.349386,5.2,153,Released,Action,1,1,0.0220437058823529,16.648723960844016,2.336927194280162,5.0369526024136295
25763,Damnation Alley,17000000,8720000,91.0,1977.0,"[{""id"": 28, ""name"": ""Action""}, {""id"": 12, ""name"": ""Adventure""}, {""id"": 878, ""name"": ""Science Fiction""}]",en,2.215261,5.0,27,Released,Action,1,1,0.5129411764705882,16.648723960844016,1.1679085363540702,3.332204510175204
79694,The Apparition,17000000,9627492,82.0,2012.0,"[{""id"": 27, ""name"": ""Horror""}, {""id"": 53, ""name"": ""Thriller""}]",en,6.385234,4.5,140,Released,Horror,1,1,0.5663230588235294,16.648723960844016,1.9994826013310525,4.948759890378168
18615,Fur: An Imaginary Portrait of Diane Arbus,16800000,2281089,122.0,2006.0,"[{""id"": 18, ""name"": ""Drama""}, {""id"": 9648, ""name"": ""Mystery""}, {""id"": 10749, ""name"": ""Romance""}]",en,4.358255,5.8,73,Released,Drama,1,1,0.1357791071428571,16.636889503897294,1.6786383623751537,4.304065093204169
10673,Wall Street,15000000,43848069,126.0,1987.0,"[{""id"": 80, ""name"": ""Crime""}, {""id"": 18, ""name"": ""Drama""}]",en,24.898687,7.0,546,Released,Crime,1,1,2.9232046,16.52356082573315,3.254192272439763,6.304448802421981
4584,Sense and Sensibility,16500000,135000000,136.0,1995.0,"[{""id"": 18, ""name"": ""Drama""}, {""id"": 10749, ""name"": ""Romance""}]",en,20.898711,7.2,352,Released,Drama,1,1,8.181818181818182,16.61887099947687,3.08642777664274,5.8664680569332965
2977,Becoming Jane,16500000,37311672,120.0,2007.0,"[{""id"": 18, ""name"": ""Drama""}, {""id"": 10749, ""name"": ""Romance""}]",en,18.236284,6.9,317,Released,Drama,1,1,2.2613134545454545,16.61887099947687,2.956798287290626,5.762051382780177
10760,Sydney White,16500000,13620075,108.0,2007.0,"[{""id"": 35, ""name"": ""Comedy""}]",en,10.74648,6.0,236,Released,Comedy,1,1,0.8254590909090909,16.61887099947687,2.4635536212406883,5.4680601411351315
11093,House of Sand and Fog,16500000,16942795,126.0,2003.0,"[{""id"": 18, ""name"": ""Drama""}]",en,12.102725,7.0,199,Released,Drama,1,1,1.0268360606060607,16.61887099947687,2.5728202238421054,5.298317366548036
207,Dead Poets Society,16400000,235860116,129.0,1989.0,"[{""id"": 18, ""name"": ""Drama""}]",en,55.458584,8.1,2705,Released,Drama,1,1,14.381714390243902,16.612791953770035,4.033507342808398,7.903226808730733
8467,Dumb and Dumber,16000000,247275374,107.0,1994.0,"[{""id"": 35, ""name"": ""Comedy""}]",en,35.777067,6.5,1859,Released,Comedy,1,1,15.454710875,16.588099342704055,3.6048744715701004,7.528331766707247
639,When Harry Met Sally...,16000000,92823546,96.0,1989.0,"[{""id"": 35, ""name"": ""Comedy""}, {""id"": 10749, ""name"": ""Romance""}, {""id"": 18, ""name"": ""Drama""}]",en,18.430419,7.3,950,Released,Comedy,1,1,5.801471625,16.588099342704055,2.966839827747675,6.85751406254539
24226,The Verdict,16000000,53977250,129.0,1982.0,"[{""id"": 18, ""name"": ""Drama""}]",en,7.980632,7.4,131,Released,Drama,1,1,3.373578125,16.588099342704055,2.195070258456803,4.882801922586371
9285,Road Trip,16000000,119754278,93.0,2000.0,"[{""id"": 35, ""name"": ""Comedy""}, {""id"": 12, ""name"": ""Adventure""}]",en,14.759948,5.9,542,Released,Comedy,1,1,7.484642375,16.588099342704055,2.7574717849319037,6.297109319933935
74643,The Artist,15000000,133432856,100.0,2011.0,"[{""id"": 18, ""name"": ""Drama""}, {""id"": 35, ""name"": ""Comedy""}, {""id"": 10749, ""name"": ""Romance""}]",en,29.943316,7.3,1049,Released,Drama,1,1,8.895523733333333,16.52356082573315,3.4321570145798344,6.956545443151569
13788,The Unborn,16000000,76514050,87.0,2009.0,"[{""id"": 27, ""name"": ""Horror""}, {""id"": 53, ""name"": ""Thriller""}, {""id"": 9648, ""name"": ""Mystery""}]",en,15.788784,4.8,365,Released,Horror,1,1,4.782128125,16.588099342704055,2.8207110444047587,5.902633333401366
83666,Moonrise Kingdom,16000000,68263166,94.0,2012.0,"[{""id"": 35, ""name"": ""Comedy""}, {""id"": 18, ""name"": ""Drama""}, {""id"": 10749, ""name"": ""Romance""}]",en,41.083914,7.6,1662,Released,Comedy,1,1,4.266447875,16.588099342704055,3.73966557741197,7.416378479192928
318850,The Young Messiah,18500000,6490401,120.0,2016.0,"[{""id"": 18, ""name"": ""Drama""}]",en,1.884558,6.4,30,Released,Drama,1,1,0.3508324864864864,16.733281344102608,1.05937168198362,3.4339872044851463
1417,Pan's Labyrinth,19000000,83258226,118.0,2006.0,"[{""id"": 14, ""name"": ""Fantasy""}, {""id"": 18, ""name"": ""Drama""}, {""id"": 10752, ""name"": ""War""}]",es,90.809408,7.6,3041,Released,Fantasy,1,1,4.382011894736842,16.759949589762293,4.519714776035484,8.020270472819238
16161,Baby Boy,16000000,29381649,130.0,2001.0,"[{""id"": 80, ""name"": ""Crime""}, {""id"": 18, ""name"": ""Drama""}, {""id"": 10749, ""name"": ""Romance""}]",en,7.854989,7.4,55,Released,Crime,1,1,1.8363530625,16.588099342704055,2.1809810289980005,4.02535169073515
49950,The Roommate,16000000,40492759,91.0,2011.0,"[{""id"": 53, ""name"": ""Thriller""}, {""id"": 18, ""name"": ""Drama""}, {""id"": 27, ""name"": ""Horror""}]",en,11.807269,5.3,224,Released,Thriller,1,1,2.5307974375,16.588099342704055,2.550012900361713,5.41610040220442
10956,Joe Dirt,17700000,30987695,91.0,2001.0,"[{""id"": 9648, ""name"": ""Mystery""}, {""id"": 12, ""name"": ""Adventure""}, {""id"": 35, ""name"": ""Comedy""}, {""id"": 10749, ""name"": ""Romance""}, {""id"": 18, ""name"": ""Drama""}]",en,15.976335,5.5,242,Released,Mystery,1,1,1.750717231638418,16.68907525404123,2.8318203154186725,5.493061443340548
9594,Double Impact,15000000,30102717,110.0,1991.0,"[{""id"": 53, ""name"": ""Thriller""}, {""id"": 28, ""name"": ""Action""}, {""id"": 80, ""name"": ""Crime""}, {""id"": 18, ""name"": ""Drama""}]",en,10.484642,5.3,215,Released,Thriller,1,1,2.0068478,16.52356082573315,2.441010664562503,5.375278407684165
4638,Hot Fuzz,12000000,80573774,121.0,2007.0,"[{""id"": 80, ""name"": ""Crime""}, {""id"": 28, ""name"": ""Action""}, {""id"": 35, ""name"": ""Comedy""}]",en,38.623178,7.4,2199,Released,Crime,1,1,6.714481166666666,16.300417291085605,3.679414250067728,7.696212639346407
13972,The Women,16000000,50007546,114.0,2008.0,"[{""id"": 35, ""name"": ""Comedy""}, {""id"": 18, ""name"": ""Drama""}, {""id"": 10749, ""name"": ""Romance""}]",en,8.8321,4.6,96,Released,Comedy,1,1,3.125471625,16.588099342704055,2.2856525430826373,4.574710978503383
5038,Vicky Cristina Barcelona,15000000,96408652,96.0,2008.0,"[{""id"": 18, ""name"": ""Drama""}, {""id"": 10749, ""name"": ""Romance""}]",en,32.758254,6.7,1020,Released,Drama,1,1,6.427243466666667,16.52356082573315,3.5192249503808553,6.928537818164665
10571,Boys and Girls,16000000,20627372,94.0,2000.0,"[{""id"": 35, ""name"": ""Comedy""}, {""id"": 18, ""name"": ""Drama""}, {""id"": 10749, ""name"": ""Romance""}]",en,9.119797,5.4,103,Released,Comedy,1,1,1.28921075,16.588099342704055,2.314493604369592,4.6443908991413725
19994,Jennifer's Body,16000000,31556061,100.0,2009.0,"[{""id"": 35, ""name"": ""Comedy""}, {""id"": 27, ""name"": ""Horror""}]",en,32.257414,5.3,837,Released,Comedy,1,1,1.9722538125,16.588099342704055,3.504277719689697,6.731018100482083
25166,Drowning Mona,16000000,15427192,96.0,2000.0,"[{""id"": 35, ""name"": ""Comedy""}, {""id"": 80, ""name"": ""Crime""}, {""id"": 9648, ""name"": ""Mystery""}]",en,3.021835,5.4,43,Released,Comedy,1,1,0.9641995,16.588099342704055,1.391738266142951,3.784189633918261
12120,My Stepmother is an Alien,20000000,13854000,108.0,1988.0,"[{""id"": 35, ""name"": ""Comedy""}, {""id"": 878, ""name"": ""Science Fiction""}]",en,9.455596,5.3,131,Released,Comedy,1,1,0.6927,16.811242881518265,2.347137337472925,4.882801922586371
9800,Philadelphia,26000000,206678440,125.0,1993.0,"[{""id"": 18, ""name"": ""Drama""}]",en,44.301745,7.6,988,Released,Drama,1,1,7.949170769230769,17.073607134447293,3.8133455527183773,6.8966943316227125
1090,The Thirteenth Floor,16000000,18564088,100.0,1999.0,"[{""id"": 53, ""name"": ""Thriller""}, {""id"": 878, ""name"": ""Science Fiction""}, {""id"": 9648, ""name"": ""Mystery""}]",en,19.890428,6.8,378,Released,Thriller,1,1,1.1602555,16.588099342704055,3.0392910636304933,5.937536205082426
18475,The Cookout,16000000,12,97.0,2004.0,"[{""id"": 35, ""name"": ""Comedy""}, {""id"": 18, ""name"": ""Drama""}]",en,0.830596,4.6,10,Released,Comedy,1,1,7.5e-07,16.588099342704055,0.6046415968902232,2.3978952727983707
9781,Detroit Rock City,6500000,4217115,95.0,1999.0,"[{""id"": 35, ""name"": ""Comedy""}, {""id"": 10402, ""name"": ""Music""}]",en,5.700333,6.7,100,Released,Comedy,1,1,0.6487869230769231,15.687312888712007,1.9021572266543794,4.61512051684126
8009,Highlander,16000000,5900000,116.0,1986.0,"[{""id"": 12, ""name"": ""Adventure""}, {""id"": 28, ""name"": ""Action""}, {""id"": 14, ""name"": ""Fantasy""}]",en,29.253833,6.8,624,Released,Adventure,1,1,0.36875,16.588099342704055,3.4096228871935237,6.437751649736401
3877,Things We Lost in the Fire,16000000,2849142,113.0,2007.0,"[{""id"": 18, ""name"": ""Drama""}]",en,8.842869,6.7,90,Released,Drama,1,1,0.178071375,16.588099342704055,2.2867472336079864,4.51085950651685
8854,Steel,16000000,1686429,97.0,1997.0,"[{""id"": 878, ""name"": ""Science Fiction""}, {""id"": 28, ""name"": ""Action""}, {""id"": 12, ""name"": ""Adventure""}]",en,2.848727,4.3,48,Released,Science Fiction,1,1,0.1054018125,16.588099342704055,1.3477424442724941,3.8918202981106265
152599,The Immigrant,16000000,5867686,117.0,2013.0,"[{""id"": 18, ""name"": ""Drama""}, {""id"": 10749, ""name"": ""Romance""}]",en,13.832464,6.2,250,Released,Drama,1,1,0.366730375,16.588099342704055,2.6968182920450694,5.5254529391317835
68727,Trance,20000000,24261569,101.0,2013.0,"[{""id"": 53, ""name"": ""Thriller""}, {""id"": 80, ""name"": ""Crime""}, {""id"": 18, ""name"": ""Drama""}, {""id"": 9648, ""name"": ""Mystery""}]",en,38.802415,6.5,956,Released,Thriller,1,1,1.21307845,16.811242881518265,3.6839275888414926,6.863803391452954
12657,Soul Plane,16000000,14822346,86.0,2004.0,"[{""id"": 10749, ""name"": ""Romance""}, {""id"": 35, ""name"": ""Comedy""}]",en,9.400404,4.7,108,Released,Romance,1,1,0.926396625,16.588099342704055,2.3418446515466806,4.6913478822291435
8265,Welcome to the Sticks,11000000,53191886,106.0,2008.0,"[{""id"": 35, ""name"": ""Comedy""}]",fr,18.923181,6.8,615,Released,Comedy,1,1,4.835626,16.213405921671733,2.99188392816258,6.423246963533519
34647,Enter the Void,13000000,754249,161.0,2009.0,"[{""id"": 14, ""name"": ""Fantasy""}, {""id"": 18, ""name"": ""Drama""}]",en,20.39955,7.2,387,Released,Fantasy,1,1,0.0580191538461538,16.380459992348886,3.0633698937693303,5.961005339623274
28178,Hachi: A Dog's Tale,16000000,47801389,93.0,2009.0,"[{""id"": 18, ""name"": ""Drama""}, {""id"": 10751, ""name"": ""Family""}]",en,43.217089,7.7,1717,Released,Drama,1,1,2.9875868125,16.588099342704055,3.7891113433212116,7.4489161025442
264656,The Homesman,16000000,3442853,122.0,2014.0,"[{""id"": 37, ""name"": ""Western""}, {""id"": 18, ""name"": ""Drama""}]",en,20.59148,6.4,258,Released,Western,1,1,0.2151783125,16.588099342704055,3.072298792432002,5.556828061699537
18777,Slow Burn,15500000,1237615,93.0,2005.0,"[{""id"": 9648, ""name"": ""Mystery""}, {""id"": 80, ""name"": ""Crime""}, {""id"": 18, ""name"": ""Drama""}, {""id"": 53, ""name"": ""Thriller""}]",en,6.630856,5.5,16,Released,Mystery,1,1,0.079846129032258,16.5563506464056,2.0322000277323835,2.833213344056216
90,Beverly Hills Cop,15000000,316360478,105.0,1984.0,"[{""id"": 28, ""name"": ""Action""}, {""id"": 35, ""name"": ""Comedy""}, {""id"": 80, ""name"": ""Crime""}]",en,29.843818,6.8,961,Released,Action,1,1,21.09069853333333,16.52356082573315,3.4289363412919123,6.8690144506657065
771,Home Alone,18000000,476684675,103.0,1990.0,"[{""id"": 35, ""name"": ""Comedy""}, {""id"": 10751, ""name"": ""Family""}]",en,2.186927,7.1,2414,Released,Comedy,1,1,26.482481944444444,16.705882371415992,1.1590571296190508,7.789454566086673
9576,Tootsie,21000000,177200000,116.0,1982.0,"[{""id"": 35, ""name"": ""Comedy""}, {""id"": 10749, ""name"": ""Romance""}]",en,20.818567,6.9,421,Released,Comedy,1,1,8.438095238095238,16.860033043306743,3.0827613045544546,6.045005314036012
744,Top Gun,15000000,356830601,110.0,1986.0,"[{""id"": 28, ""name"": ""Action""}, {""id"": 10749, ""name"": ""Romance""}, {""id"": 10752, ""name"": ""War""}]",en,58.900647,6.7,1698,Released,Action,1,1,23.78870673333333,16.52356082573315,4.092687306398629,7.4377951216719325
146,"Crouching Tiger, Hidden Dragon",17000000,213525736,120.0,2000.0,"[{""id"": 12, ""name"": ""Adventure""}, {""id"": 18, ""name"": ""Drama""}, {""id"": 28, ""name"": ""Action""}, {""id"": 10749, ""name"": ""Romance""}]",zh,45.742254,7.2,927,Released,Adventure,1,1,12.560337411764706,16.648723960844016,3.844648552167046,6.833031732786201
14,American Beauty,15000000,356296601,122.0,1999.0,"[{""id"": 18, ""name"": ""Drama""}]",en,80.878605,7.9,3313,Released,Drama,1,1,23.753106733333333,16.52356082573315,4.405237723520451,8.105911197986508
45269,The King's Speech,15000000,414211549,118.0,2010.0,"[{""id"": 18, ""name"": ""Drama""}, {""id"": 36, ""name"": ""History""}]",en,54.053576,7.6,2752,Released,Drama,1,1,27.614103266666667,16.52356082573315,4.008306820187002,7.920446505142607
9493,Twins,15000000,216614388,107.0,1988.0,"[{""id"": 35, ""name"": ""Comedy""}]",en,17.638286,5.7,559,Released,Comedy,1,1,14.4409592,16.52356082573315,2.925217852239829,6.327936783729195
22556,The Yellow Handkerchief,15000000,317000,102.0,2008.0,"[{""id"": 18, ""name"": ""Drama""}, {""id"": 10749, ""name"": ""Romance""}]",en,3.803495,6.4,52,Released,Drama,1,1,0.0211333333333333,16.52356082573315,1.5693437779594428,3.970291913552122
873,The Color Purple,15000000,146292009,154.0,1985.0,"[{""id"": 18, ""name"": ""Drama""}]",en,17.571533,7.7,338,Released,Drama,1,1,9.7528006,16.52356082573315,2.921629924461383,5.82600010738045
33196,Tidal Wave,16000000,11301649,120.0,2009.0,"[{""id"": 28, ""name"": ""Action""}, {""id"": 12, ""name"": ""Adventure""}, {""id"": 18, ""name"": ""Drama""}, {""id"": 53, ""name"": ""Thriller""}]",ko,4.628525,6.5,48,Released,Action,1,1,0.7063530625,16.588099342704055,1.7278474184835892,3.8918202981106265
205596,The Imitation Game,14000000,233555708,113.0,2014.0,"[{""id"": 36, ""name"": ""History""}, {""id"": 18, ""name"": ""Drama""}, {""id"": 53, ""name"": ""Thriller""}, {""id"": 10752, ""name"": ""War""}]",en,145.364591,8.0,5723,Released,History,1,1,16.68255057142857,16.454567959008102,4.986100707519116,8.652423140676342
16769,Coal Miner's Daughter,15000000,67182787,125.0,1980.0,"[{""id"": 18, ""name"": ""Drama""}, {""id"": 10402, ""name"": ""Music""}]",en,3.826685,7.2,67,Released,Drama,1,1,4.478852466666667,16.52356082573315,1.5741598966247883,4.219507705176107
33217,Diary of a Wimpy Kid,15000000,75700498,92.0,2010.0,"[{""id"": 35, ""name"": ""Comedy""}, {""id"": 10751, ""name"": ""Family""}]",en,21.095489,5.9,355,Released,Comedy,1,1,5.046699866666667,16.52356082573315,3.0953734700418063,5.87493073085203
132232,Mama,15000000,146497771,100.0,2013.0,"[{""id"": 27, ""name"": ""Horror""}]",en,47.455148,6.0,1401,Released,Horror,1,1,9.766518066666666,16.52356082573315,3.8806385865622017,7.2456550675945355
11153,National Lampoon's Vacation,15000000,61399552,98.0,1983.0,"[{""id"": 35, ""name"": ""Comedy""}, {""id"": 12, ""name"": ""Adventure""}, {""id"": 10749, ""name"": ""Romance""}]",en,22.838834,7.1,410,Released,Comedy,1,1,4.093303466666667,16.52356082573315,3.171315931605072,6.018593214496234
208134,Bad Grandpa,15000000,151831537,92.0,2013.0,"[{""id"": 35, ""name"": ""Comedy""}]",en,27.165222,6.0,680,Released,Comedy,1,1,10.122102466666666,16.52356082573315,3.3380879544388162,6.523562306149512
1165,The Queen,15000000,123384128,103.0,2006.0,"[{""id"": 18, ""name"": ""Drama""}]",en,19.113278,6.8,338,Released,Drama,1,1,8.225608533333334,16.52356082573315,3.001380193981792,5.82600010738045
4011,Beetlejuice,15000000,73326666,92.0,1988.0,"[{""id"": 14, ""name"": ""Fantasy""}, {""id"": 35, ""name"": ""Comedy""}]",en,58.553213,7.1,1444,Released,Fantasy,1,1,4.8884444,16.52356082573315,4.0868702490057585,7.275864600546533
17202,Why Did I Get Married?,15000000,55184721,113.0,2007.0,"[{""id"": 35, ""name"": ""Comedy""}, {""id"": 18, ""name"": ""Drama""}]",en,2.005111,6.1,33,Released,Comedy,1,1,3.6789814,16.52356082573315,1.1003145057409038,3.5263605246161616
65086,The Woman in Black,17000000,127730736,95.0,2012.0,"[{""id"": 18, ""name"": ""Drama""}, {""id"": 27, ""name"": ""Horror""}, {""id"": 53, ""name"": ""Thriller""}]",en,43.675191,6.1,1206,Released,Drama,1,1,7.513572705882353,16.648723960844016,3.799418336358121,7.095893221097532
10053,When a Stranger Calls,15000000,66966987,87.0,2006.0,"[{""id"": 27, ""name"": ""Horror""}, {""id"": 53, ""name"": ""Thriller""}]",en,4.688212,5.4,268,Released,Horror,1,1,4.4644658,16.52356082573315,1.7383959632550403,5.594711379601839
11870,Big Fat Liar,15000000,52970014,88.0,2002.0,"[{""id"": 35, ""name"": ""Comedy""}, {""id"": 10751, ""name"": ""Family""}]",en,9.125594,5.6,197,Released,Comedy,1,1,3.5313342666666667,16.52356082573315,2.315066277938448,5.288267030694535
11778,The Deer Hunter,15000000,50000000,183.0,1978.0,"[{""id"": 18, ""name"": ""Drama""}, {""id"": 10752, ""name"": ""War""}]",en,19.786392,7.8,921,Released,Drama,1,1,3.333333333333333,16.52356082573315,3.034298541835705,6.826545223556594
586,Wag the Dog,15000000,64256513,97.0,1997.0,"[{""id"": 35, ""name"": ""Comedy""}, {""id"": 18, ""name"": ""Drama""}]",en,13.581966,6.7,270,Released,Comedy,1,1,4.283767533333333,16.52356082573315,2.67978555973977,5.602118820879701
18736,The Lizzie McGuire Movie,17000000,55534455,94.0,2003.0,"[{""id"": 10751, ""name"": ""Family""}, {""id"": 35, ""name"": ""Comedy""}]",en,11.927667,5.7,280,Released,Family,1,1,3.266732647058824,16.648723960844016,2.559369743402441,5.638354669333745
134411,Snitch,35000000,42930462,112.0,2013.0,"[{""id"": 53, ""name"": ""Thriller""}, {""id"": 18, ""name"": ""Drama""}]",en,30.556135,5.8,1138,Released,Thriller,1,1,1.2265846285714286,17.370858648025116,3.451768023332451,7.037905963447182
287903,Krampus,15000000,61548707,98.0,2015.0,"[{""id"": 27, ""name"": ""Horror""}, {""id"": 35, ""name"": ""Comedy""}, {""id"": 14, ""name"": ""Fantasy""}]",en,31.565117,5.9,584,Released,Horror,1,1,4.103247133333333,16.52356082573315,3.483241684806282,6.371611847231857
9276,The Faculty,15000000,40283321,104.0,1998.0,"[{""id"": 27, ""name"": ""Horror""}, {""id"": 9648, ""name"": ""Mystery""}, {""id"": 878, ""name"": ""Science Fiction""}]",en,21.535126,6.2,492,Released,Horror,1,1,2.6855547333333334,16.52356082573315,3.115075247429399,6.20050917404269
2142,Cop Land,15000000,44862187,104.0,1997.0,"[{""id"": 28, ""name"": ""Action""}, {""id"": 80, ""name"": ""Crime""}, {""id"": 18, ""name"": ""Drama""}]",en,19.284129,6.6,382,Released,Action,1,1,2.9908124666666667,16.52356082573315,3.009838757604918,5.948034989180646
11397,Not Another Teen Movie,16000000,66468332,89.0,2001.0,"[{""id"": 35, ""name"": ""Comedy""}]",en,23.423082,5.5,431,Released,Comedy,1,1,4.15427075,16.588099342704055,3.1955286687452036,6.068425588244111
77016,End of Watch,7000000,48126384,109.0,2012.0,"[{""id"": 80, ""name"": ""Crime""}, {""id"": 18, ""name"": ""Drama""}, {""id"": 53, ""name"": ""Thriller""}]",en,49.517264,7.2,1170,Released,Crime,1,1,6.875197714285714,15.76142084987672,3.9223151392461633,7.065613363597717
11478,The Skulls,15000000,35007180,106.0,2000.0,"[{""id"": 80, ""name"": ""Crime""}, {""id"": 18, ""name"": ""Drama""}, {""id"": 53, ""name"": ""Thriller""}]",en,11.375032,5.8,156,Released,Crime,1,1,2.333812,16.52356082573315,2.5156808943099964,5.056245805348308
266856,The Theory of Everything,15000000,123726688,123.0,2014.0,"[{""id"": 18, ""name"": ""Drama""}, {""id"": 10749, ""name"": ""Romance""}]",en,61.182331,7.8,3311,Released,Drama,1,1,8.248445866666666,16.52356082573315,4.130070891866196,8.10530751550515
10564,Where the Heart Is,15000000,33771174,120.0,2000.0,"[{""id"": 35, ""name"": ""Comedy""}, {""id"": 18, ""name"": ""Drama""}, {""id"": 10749, ""name"": ""Romance""}]",en,6.857923,6.9,155,Released,Comedy,1,1,2.2514116,16.52356082573315,2.0615223221572325,5.049856007249537
947,Lawrence of Arabia,15000000,69995385,216.0,1962.0,"[{""id"": 12, ""name"": ""Adventure""}, {""id"": 18, ""name"": ""Drama""}, {""id"": 36, ""name"": ""History""}, {""id"": 10752, ""name"": ""War""}]",en,41.286336,7.8,851,Released,Adventure,1,1,4.666359,16.52356082573315,3.744464007863366,6.747586526829315
24150,Halloween II,15000000,39421467,105.0,2009.0,"[{""id"": 27, ""name"": ""Horror""}]",en,12.929525,5.1,267,Released,Horror,1,1,2.6280978,16.52356082573315,2.6340106881435656,5.5909869805108565
228970,Wild,15000000,52501541,115.0,2014.0,"[{""id"": 18, ""name"": ""Drama""}]",en,42.952942,7.0,951,Released,Drama,1,1,3.500102733333333,16.52356082573315,3.7831195615950333,6.858565034791365
18405,The Last House on the Left,15000000,32721635,110.0,2009.0,"[{""id"": 80, ""name"": ""Crime""}, {""id"": 53, ""name"": ""Thriller""}, {""id"": 27, ""name"": ""Horror""}, {""id"": 18, ""name"": ""Drama""}]",en,19.760383,6.2,440,Released,Crime,1,1,2.181442333333333,16.52356082573315,3.033046507067778,6.089044875446846
6961,The Wedding Date,15000000,47175038,88.0,2005.0,"[{""id"": 35, ""name"": ""Comedy""}, {""id"": 10749, ""name"": ""Romance""}]",en,10.194097,6.2,230,Released,Comedy,1,1,3.1450025333333333,16.52356082573315,2.415386585788065,5.442417710521793
11442,Halloween: Resurrection,13000000,37664855,94.0,2002.0,"[{""id"": 27, ""name"": ""Horror""}, {""id"": 53, ""name"": ""Thriller""}]",en,11.045593,4.5,228,Released,Horror,1,1,2.8972965384615383,16.380459992348886,2.4886988669014696,5.43372200355424
2493,The Princess Bride,16000000,30857814,98.0,1987.0,"[{""id"": 12, ""name"": ""Adventure""}, {""id"": 10751, ""name"": ""Family""}, {""id"": 14, ""name"": ""Fantasy""}, {""id"": 35, ""name"": ""Comedy""}, {""id"": 10749, ""name"": ""Romance""}]",en,44.533612,7.6,1486,Released,Adventure,1,1,1.928613375,16.588099342704055,3.8184507785084176,7.304515946460155
14047,The Great Debaters,15000000,30226144,126.0,2007.0,"[{""id"": 18, ""name"": ""Drama""}]",en,10.84158,6.9,151,Released,Drama,1,1,2.0150762666666666,16.52356082573315,2.4716170664986876,5.0238805208462765
64690,Drive,15000000,78054825,100.0,2011.0,"[{""id"": 18, ""name"": ""Drama""}, {""id"": 28, ""name"": ""Action""}, {""id"": 53, ""name"": ""Thriller""}, {""id"": 80, ""name"": ""Crime""}]",en,49.294864,7.4,3725,Released,Drama,1,1,5.203655,16.52356082573315,3.9179029645365175,8.223090551161533
11132,Confessions of a Teenage Drama Queen,15000000,29331068,89.0,2004.0,"[{""id"": 35, ""name"": ""Comedy""}]",en,7.424798,5.1,221,Released,Comedy,1,1,1.9554045333333332,16.52356082573315,2.1311794996898628,5.402677381872279
17127,The Object of My Affection,15000000,46905889,111.0,1998.0,"[{""id"": 35, ""name"": ""Comedy""}, {""id"": 18, ""name"": ""Drama""}, {""id"": 10749, ""name"": ""Romance""}]",en,5.164281,5.6,72,Released,Comedy,1,1,3.1270592666666666,16.52356082573315,1.8187715036997871,4.290459441148391
1562,28 Weeks Later,15000000,64238440,100.0,2007.0,"[{""id"": 27, ""name"": ""Horror""}, {""id"": 53, ""name"": ""Thriller""}, {""id"": 878, ""name"": ""Science Fiction""}]",en,34.759855,6.5,1197,Released,Horror,1,1,4.282562666666666,16.52356082573315,3.576825895487249,7.088408778675395
232679,When the Game Stands Tall,15000000,30127963,115.0,2014.0,"[{""id"": 18, ""name"": ""Drama""}]",en,7.297757,6.3,130,Released,Drama,1,1,2.008530866666667,16.52356082573315,2.1159852373170276,4.875197323201151
17880,Because of Winn-Dixie,14000000,32645546,106.0,2005.0,"[{""id"": 35, ""name"": ""Comedy""}, {""id"": 18, ""name"": ""Drama""}, {""id"": 10751, ""name"": ""Family""}]",en,3.334804,6.1,61,Released,Comedy,1,1,2.3318247142857143,16.454567959008102,1.4666763958308802,4.127134385045092
14736,Love & Basketball,20000000,27728118,124.0,2000.0,"[{""id"": 28, ""name"": ""Action""}, {""id"": 35, ""name"": ""Comedy""}, {""id"": 18, ""name"": ""Drama""}, {""id"": 10749, ""name"": ""Romance""}]",en,2.027393,7.4,88,Released,Action,1,1,1.3864059,16.811242881518265,1.1077018531285525,4.48863636973214
23706,All About Steve,15000000,40105542,99.0,2009.0,"[{""id"": 35, ""name"": ""Comedy""}]",en,13.237835,4.7,295,Released,Comedy,1,1,2.6737028,16.52356082573315,2.655902857908253,5.69035945432406
9100,The Craft,15000000,24769466,101.0,1996.0,"[{""id"": 18, ""name"": ""Drama""}, {""id"": 14, ""name"": ""Fantasy""}, {""id"": 27, ""name"": ""Horror""}, {""id"": 53, ""name"": ""Thriller""}]",en,19.517239,6.3,380,Released,Drama,1,1,1.6512977333333334,16.52356082573315,3.0212654595927626,5.942799375126701
116,Match Point,15000000,85306374,124.0,2005.0,"[{""id"": 18, ""name"": ""Drama""}, {""id"": 53, ""name"": ""Thriller""}, {""id"": 80, ""name"": ""Crime""}, {""id"": 10749, ""name"": ""Romance""}]",en,30.669913,7.3,1105,Released,Drama,1,1,5.6870916,16.52356082573315,3.4553671134675206,7.00850518208228
1245,The Remains of the Day,11500000,23237911,134.0,1993.0,"[{""id"": 18, ""name"": ""Drama""}, {""id"": 10749, ""name"": ""Romance""}]",en,15.355589,7.5,202,Released,Drama,1,1,2.0206879130434783,16.257857680289998,2.7945696737934225,5.313205979041787
4995,Boogie Nights,15000000,43101594,155.0,1997.0,"[{""id"": 18, ""name"": ""Drama""}]",en,19.85579,7.5,796,Released,Drama,1,1,2.8734396,16.52356082573315,3.037631607535628,6.680854678790215
14012,Flicka,15000000,21000000,95.0,2006.0,"[{""id"": 18, ""name"": ""Drama""}]",en,3.043589,6.1,52,Released,Drama,1,1,1.4,16.52356082573315,1.3971326639458608,3.970291913552122
12212,Urban Legends: Final Cut,14000000,38574362,97.0,2000.0,"[{""id"": 27, ""name"": ""Horror""}]",en,8.885017,4.4,100,Released,Horror,1,1,2.7553115714285714,16.454567959008102,2.291020176398542,4.61512051684126
8975,The Marine,20000000,22165608,92.0,2006.0,"[{""id"": 28, ""name"": ""Action""}, {""id"": 12, ""name"": ""Adventure""}, {""id"": 18, ""name"": ""Drama""}, {""id"": 53, ""name"": ""Thriller""}]",en,7.679336,5.0,163,Released,Action,1,1,1.1082804,16.811242881518265,2.160945028050308,5.099866427824199
342521,Keanu,15000000,20566327,94.0,2016.0,"[{""id"": 28, ""name"": ""Action""}, {""id"": 35, ""name"": ""Comedy""}]",en,18.268009,6.0,421,Released,Action,1,1,1.3710884666666667,16.52356082573315,2.9584461558635677,6.045005314036012
45272,Country Strong,15000000,20529194,117.0,2010.0,"[{""id"": 18, ""name"": ""Drama""}, {""id"": 10749, ""name"": ""Romance""}]",en,7.809701,5.9,80,Released,Drama,1,1,1.3686129333333332,16.52356082573315,2.1758535006661415,4.394449154672439
9424,Disturbing Behavior,15000000,17507368,84.0,1998.0,"[{""id"": 9648, ""name"": ""Mystery""}, {""id"": 27, ""name"": ""Horror""}, {""id"": 878, ""name"": ""Science Fiction""}]",en,9.378688,5.5,104,Released,Mystery,1,1,1.1671578666666669,16.52356082573315,2.3397544728318307,4.653960350157523
97367,The Place Beyond the Pines,15000000,35485608,140.0,2013.0,"[{""id"": 18, ""name"": ""Drama""}, {""id"": 80, ""name"": ""Crime""}]",en,35.395129,6.8,1653,Released,Drama,1,1,2.3657072,16.52356082573315,3.5944349470068575,7.4109518755836366
254904,The November Man,15000000,32556119,108.0,2014.0,"[{""id"": 80, ""name"": ""Crime""}, {""id"": 28, ""name"": ""Action""}, {""id"": 53, ""name"": ""Thriller""}]",en,45.317278,6.0,639,Released,Crime,1,1,2.1704079333333333,16.52356082573315,3.8355150664257405,6.461468176353717
12162,The Hurt Locker,15000000,42000000,131.0,2008.0,"[{""id"": 18, ""name"": ""Drama""}, {""id"": 53, ""name"": ""Thriller""}, {""id"": 10752, ""name"": ""War""}]",en,47.006162,7.2,1840,Released,Drama,1,1,2.8,16.52356082573315,3.871329377668526,7.518064181233078
11495,Firestarter,15000000,17080167,114.0,1984.0,"[{""id"": 14, ""name"": ""Fantasy""}, {""id"": 18, ""name"": ""Drama""}, {""id"": 27, ""name"": ""Horror""}, {""id"": 28, ""name"": ""Action""}, {""id"": 53, ""name"": ""Thriller""}]",en,11.379652,5.9,173,Released,Fantasy,1,1,1.1386778,16.52356082573315,2.5160541570067565,5.159055299214529
64689,Killing Them Softly,15000000,37930465,97.0,2012.0,"[{""id"": 80, ""name"": ""Crime""}, {""id"": 53, ""name"": ""Thriller""}]",en,24.612603,5.8,742,Released,Crime,1,1,2.5286976666666665,16.52356082573315,3.243084535030822,6.610696044717759
157849,A Most Wanted Man,15000000,31554855,121.0,2014.0,"[{""id"": 53, ""name"": ""Thriller""}]",en,26.708193,6.5,541,Released,Thriller,1,1,2.103657,16.52356082573315,3.321728145633429,6.295266001439646
37003,U2 3D,15000000,22730842,85.0,2007.0,"[{""id"": 10402, ""name"": ""Music""}, {""id"": 99, ""name"": ""Documentary""}]",en,0.335195,6.7,10,Released,Music,1,1,1.5153894666666667,16.52356082573315,0.28907734860113693,2.3978952727983707
12211,Highlander: Endgame,25000000,15843608,87.0,2000.0,"[{""id"": 28, ""name"": ""Action""}, {""id"": 14, ""name"": ""Fantasy""}, {""id"": 878, ""name"": ""Science Fiction""}]",en,11.782725,4.4,104,Released,Action,1,1,0.63374432,17.034386422832473,2.548094650007595,4.653960350157523
51828,One Day,15000000,59389433,107.0,2011.0,"[{""id"": 18, ""name"": ""Drama""}, {""id"": 10749, ""name"": ""Romance""}]",en,16.629173,7.0,978,Released,Drama,1,1,3.9592955333333335,16.52356082573315,2.8695550866311432,6.88653164253051
22798,Whip It,15000000,16633035,111.0,2009.0,"[{""id"": 18, ""name"": ""Drama""}]",en,20.05902,6.7,357,Released,Drama,1,1,1.108869,16.52356082573315,3.047328971909902,5.8805329864007
7501,Knockaround Guys,15000000,12000000,92.0,2001.0,"[{""id"": 80, ""name"": ""Crime""}, {""id"": 53, ""name"": ""Thriller""}]",en,8.113634,5.9,97,Released,Crime,1,1,0.8,16.52356082573315,2.2097715340366535,4.584967478670572
97430,The Man with the Iron Fists,15000000,15608545,96.0,2012.0,"[{""id"": 28, ""name"": ""Action""}]",en,17.672021,5.2,358,Released,Action,1,1,1.0405696666666666,16.52356082573315,2.927026200222231,5.883322388488279
12257,Home Fries,15000000,10443316,93.0,1998.0,"[{""id"": 18, ""name"": ""Drama""}, {""id"": 35, ""name"": ""Comedy""}, {""id"": 10749, ""name"": ""Romance""}]",en,3.033471,4.8,32,Released,Drama,1,1,0.6962210666666667,16.52356082573315,1.3946272955834993,3.4965075614664802
14024,Raise Your Voice,15000000,14867514,103.0,2004.0,"[{""id"": 10402, ""name"": ""Music""}, {""id"": 18, ""name"": ""Drama""}, {""id"": 10749, ""name"": ""Romance""}]",en,10.9071,6.0,211,Released,Music,1,1,0.9911676,16.52356082573315,2.4771348608548682,5.356586274672012
115,The Big Lebowski,15000000,46189568,117.0,1998.0,"[{""id"": 35, ""name"": ""Comedy""}, {""id"": 80, ""name"": ""Crime""}]",en,49.230089,7.8,2926,Released,Comedy,1,1,3.079304533333333,16.52356082573315,3.916614229609876,7.9817332866918855
7874,Black Snake Moan,15000000,10903846,116.0,2006.0,"[{""id"": 18, ""name"": ""Drama""}]",en,11.429607,6.6,243,Released,Drama,1,1,0.7269230666666666,16.52356082573315,2.520081287967279,5.497168225293202
4911,Dark Blue,15000000,9237470,118.0,2002.0,"[{""id"": 28, ""name"": ""Action""}, {""id"": 80, ""name"": ""Crime""}, {""id"": 18, ""name"": ""Drama""}, {""id"": 53, ""name"": ""Thriller""}]",en,6.373316,6.5,85,Released,Action,1,1,0.6158313333333333,16.52356082573315,1.997867537169518,4.454347296253507
1988,A Mighty Heart,16000000,18928871,100.0,2007.0,"[{""id"": 18, ""name"": ""Drama""}, {""id"": 53, ""name"": ""Thriller""}]",en,9.717392,6.7,95,Released,Drama,1,1,1.1830544375,16.588099342704055,2.371867842462315,4.564348191467836
16222,Whatever It Takes,15000000,9902115,94.0,2000.0,"[{""id"": 18, ""name"": ""Drama""}, {""id"": 35, ""name"": ""Comedy""}, {""id"": 10749, ""name"": ""Romance""}]",en,8.074807,5.0,37,Released,Drama,1,1,0.660141,16.52356082573315,2.205502112707133,3.6375861597263857
9557,Boat Trip,20000000,8586376,94.0,2002.0,"[{""id"": 35, ""name"": ""Comedy""}]",en,7.034752,4.7,146,Released,Comedy,1,1,0.4293188,16.811242881518265,2.083776133747368,4.990432586778736
8321,In Bruges,15000000,34533783,107.0,2008.0,"[{""id"": 35, ""name"": ""Comedy""}, {""id"": 18, ""name"": ""Drama""}, {""id"": 80, ""name"": ""Crime""}]",en,25.329493,7.4,1388,Released,Comedy,1,1,2.3022522,16.52356082573315,3.2706897177208516,7.236339342754344
10186,The Rocker,15000000,8762890,102.0,2008.0,"[{""id"": 35, ""name"": ""Comedy""}, {""id"": 10402, ""name"": ""Music""}]",en,13.832376,5.6,156,Released,Comedy,1,1,0.5841926666666667,16.52356082573315,2.69681235909549,5.056245805348308
25704,Post Grad,15000000,6405245,89.0,2009.0,"[{""id"": 35, ""name"": ""Comedy""}]",en,7.446069,5.0,100,Released,Comedy,1,1,0.4270163333333333,16.52356082573315,2.133701126026096,4.61512051684126
133694,Promised Land,15000000,8138788,106.0,2012.0,"[{""id"": 18, ""name"": ""Drama""}]",en,13.568302,6.0,243,Released,Drama,1,1,0.5425858666666666,16.52356082573315,2.6788480725783654,5.497168225293202
19265,Whatever Works,15000000,35097815,92.0,2009.0,"[{""id"": 35, ""name"": ""Comedy""}, {""id"": 10749, ""name"": ""Romance""}]",en,21.857387,6.8,350,Released,Comedy,1,1,2.3398543333333333,16.52356082573315,3.1292743473714695,5.860786223465865
36047,The In Crowd,15000000,5217498,105.0,2000.0,"[{""id"": 53, ""name"": ""Thriller""}]",en,0.249245,4.7,15,Released,Thriller,1,1,0.3478332,16.52356082573315,0.22253936883272685,2.772588722239781
8053,The Three Burials of Melquiades Estrada,15000000,12036149,121.0,2005.0,"[{""id"": 12, ""name"": ""Adventure""}, {""id"": 80, ""name"": ""Crime""}, {""id"": 18, ""name"": ""Drama""}, {""id"": 9648, ""name"": ""Mystery""}, {""id"": 37, ""name"": ""Western""}]",en,12.163832,7.0,177,Released,Adventure,1,1,0.8024099333333333,16.52356082573315,2.577473068921262,5.181783550292085
5236,Kiss Kiss Bang Bang,15000000,15785148,103.0,2005.0,"[{""id"": 28, ""name"": ""Action""}, {""id"": 35, ""name"": ""Comedy""}, {""id"": 80, ""name"": ""Crime""}, {""id"": 9648, ""name"": ""Mystery""}]",en,32.690038,7.2,886,Released,Action,1,1,1.0523432,16.52356082573315,3.517202185348962,6.787844982309579
6552,Idle Hands,25000000,4152230,92.0,1999.0,"[{""id"": 53, ""name"": ""Thriller""}, {""id"": 35, ""name"": ""Comedy""}, {""id"": 27, ""name"": ""Horror""}]",en,8.583217,6.1,182,Released,Thriller,1,1,0.1660892,17.034386422832473,2.260013339371135,5.209486152841421
1018,Mulholland Drive,15000000,20117339,147.0,2001.0,"[{""id"": 53, ""name"": ""Thriller""}, {""id"": 18, ""name"": ""Drama""}, {""id"": 9648, ""name"": ""Mystery""}]",en,31.60985,7.6,1477,Released,Thriller,1,1,1.3411559333333334,16.52356082573315,3.484614389974641,7.298445101508147
42188,Never Let Me Go,15000000,9455232,104.0,2010.0,"[{""id"": 18, ""name"": ""Drama""}, {""id"": 10749, ""name"": ""Romance""}, {""id"": 878, ""name"": ""Science Fiction""}]",en,30.983397,6.8,737,Released,Drama,1,1,0.6303488,16.52356082573315,3.4652169244037325,6.6039438246004725
6687,Transsiberian,15000000,5926410,111.0,2008.0,"[{""id"": 53, ""name"": ""Thriller""}, {""id"": 80, ""name"": ""Crime""}, {""id"": 9648, ""name"": ""Mystery""}]",en,11.428903,6.5,195,Released,Thriller,1,1,0.395094,16.52356082573315,2.520024647404334,5.278114659230518
8461,Funny Games,15000000,7938872,112.0,2007.0,"[{""id"": 27, ""name"": ""Horror""}, {""id"": 53, ""name"": ""Thriller""}, {""id"": 80, ""name"": ""Crime""}]",en,15.175289,6.3,545,Released,Horror,1,1,0.5292581333333334,16.52356082573315,2.783484707306175,6.302618975744905
19,Metropolis,92620000,650422,153.0,1927.0,"[{""id"": 18, ""name"": ""Drama""}, {""id"": 878, ""name"": ""Science Fiction""}]",de,32.351527,8.0,657,Released,Drama,1,1,0.0070224789462319,18.344015669813682,3.5071035584198818,6.489204931325317
10045,District B13,12000000,9584131,84.0,2004.0,"[{""id"": 28, ""name"": ""Action""}, {""id"": 53, ""name"": ""Thriller""}, {""id"": 878, ""name"": ""Science Fiction""}]",fr,17.493735,6.5,565,Released,Action,1,1,0.7986775833333334,16.300417291085605,2.917432026081228,6.338594078203183
400,Things to Do in Denver When You're Dead,8000000,529766,116.0,1995.0,"[{""id"": 18, ""name"": ""Drama""}, {""id"": 80, ""name"": ""Crime""}]",en,6.932221,6.7,85,Released,Drama,1,1,0.06622075,15.894952224644102,2.070933072094933,4.454347296253507
253450,The Assassin,15000000,632542,105.0,2015.0,"[{""id"": 28, ""name"": ""Action""}, {""id"": 18, ""name"": ""Drama""}, {""id"": 36, ""name"": ""History""}]",zh,8.142166,6.6,157,Released,Action,1,1,0.0421694666666666,16.52356082573315,2.212897337697007,5.062595033026967
16353,Ong Bak 2,8500000,8936663,98.0,2008.0,"[{""id"": 12, ""name"": ""Adventure""}, {""id"": 28, ""name"": ""Action""}, {""id"": 53, ""name"": ""Thriller""}]",th,9.029489,6.0,152,Released,Adventure,1,1,1.0513721176470587,15.955576839107596,2.305529653517469,5.030437921392435
23759,Centurion,12000000,6814789,97.0,2010.0,"[{""id"": 12, ""name"": ""Adventure""}, {""id"": 28, ""name"": ""Action""}, {""id"": 18, ""name"": ""Drama""}]",en,22.708647,5.9,386,Released,Adventure,1,1,0.5678990833333334,16.300417291085605,3.1658398339193377,5.958424693029782
24206,Silent Trigger,15000000,76382,93.0,1996.0,"[{""id"": 18, ""name"": ""Drama""}, {""id"": 28, ""name"": ""Action""}, {""id"": 53, ""name"": ""Thriller""}]",en,2.609057,5.0,22,Released,Drama,1,1,0.0050921333333333,16.52356082573315,1.2834465193846416,3.1354942159291497
10185,The Midnight Meat Train,15000000,3533227,98.0,2008.0,"[{""id"": 9648, ""name"": ""Mystery""}, {""id"": 18, ""name"": ""Drama""}, {""id"": 80, ""name"": ""Crime""}, {""id"": 53, ""name"": ""Thriller""}, {""id"": 27, ""name"": ""Horror""}]",en,19.913961,6.0,290,Released,Mystery,1,1,0.2355484666666666,16.52356082573315,3.0404169263950847,5.673323267171493
31668,All The Queen's Men,15000000,23000,99.0,2001.0,"[{""id"": 28, ""name"": ""Action""}, {""id"": 35, ""name"": ""Comedy""}, {""id"": 18, ""name"": ""Drama""}, {""id"": 36, ""name"": ""History""}]",en,1.833058,6.1,7,Released,Action,1,1,0.0015333333333333,16.52356082573315,1.0413566936356338,2.0794415416798357
13501,The Good Night,15000000,20380,93.0,2007.0,"[{""id"": 35, ""name"": ""Comedy""}, {""id"": 18, ""name"": ""Drama""}, {""id"": 10749, ""name"": ""Romance""}, {""id"": 14, ""name"": ""Fantasy""}, {""id"": 10402, ""name"": ""Music""}]",en,12.185204,5.7,41,Released,Comedy,1,1,0.0013586666666666,16.52356082573315,2.5790952918129753,3.7376696182833684
172391,Khumba,20000000,27187375,85.0,2013.0,"[{""id"": 16, ""name"": ""Animation""}, {""id"": 12, ""name"": ""Adventure""}, {""id"": 10751, ""name"": ""Family""}]",en,6.459787,5.8,72,Released,Animation,1,1,1.35936875,16.811242881518265,2.009526861529225,4.290459441148391
137,Groundhog Day,14600000,70906973,101.0,1993.0,"[{""id"": 10749, ""name"": ""Romance""}, {""id"": 14, ""name"": ""Fantasy""}, {""id"": 18, ""name"": ""Drama""}, {""id"": 35, ""name"": ""Comedy""}]",en,52.744331,7.4,2301,Released,Romance,1,1,4.85664198630137,16.496532155171714,3.984238191678003,7.741533589281828
264999,Magic Mike XXL,14800000,122513057,115.0,2015.0,"[{""id"": 35, ""name"": ""Comedy""}, {""id"": 18, ""name"": ""Drama""}, {""id"": 10402, ""name"": ""Music""}]",en,29.660993,6.3,706,Released,Comedy,1,1,8.277909256756757,16.51013780630191,3.422991260394743,6.561030665896573
454,Romeo + Juliet,14500000,147298761,120.0,1996.0,"[{""id"": 18, ""name"": ""Drama""}, {""id"": 10749, ""name"": ""Romance""}]",en,41.493042,6.7,1374,Released,Drama,1,1,10.15853524137931,16.489659276356317,3.7493403448801157,7.226209010100671
53457,Sarah's Key,10000000,17511906,111.0,2010.0,"[{""id"": 18, ""name"": ""Drama""}, {""id"": 10752, ""name"": ""War""}]",fr,10.072199,7.2,196,Released,Drama,1,1,1.7511906,16.118095750958314,2.4044373719796925,5.2832037287379885
33,Unforgiven,14000000,159157447,131.0,1992.0,"[{""id"": 37, ""name"": ""Western""}]",en,37.380435,7.7,1113,Released,Western,1,1,11.368389071428572,16.454567959008102,3.647547824543464,7.01571242048723
1951,Manderlay,14200000,674918,139.0,2005.0,"[{""id"": 18, ""name"": ""Drama""}]",da,7.05145,6.9,78,Released,Drama,1,1,0.0475294366197183,16.468752592994022,2.085852199433654,4.3694478524670215
12405,Slumdog Millionaire,15000000,377910544,120.0,2008.0,"[{""id"": 18, ""name"": ""Drama""}, {""id"": 10749, ""name"": ""Romance""}]",en,59.258969,7.6,2827,Released,Drama,1,1,25.194036266666668,16.52356082573315,4.098651424362297,7.947325027016463
10998,Fatal Attraction,14000000,320145693,119.0,1987.0,"[{""id"": 18, ""name"": ""Drama""}, {""id"": 10749, ""name"": ""Romance""}, {""id"": 53, ""name"": ""Thriller""}]",en,16.742972,6.6,291,Released,Drama,1,1,22.8675495,16.454567959008102,2.8759894938530643,5.676753802268282
114,Pretty Woman,14000000,463000000,119.0,1990.0,"[{""id"": 10749, ""name"": ""Romance""}, {""id"": 35, ""name"": ""Comedy""}]",en,45.473484,7.0,1746,Released,Romance,1,1,33.07142857142857,16.454567959008102,3.83888191338747,7.465655310134056
2604,Born on the Fourth of July,14000000,161001698,145.0,1989.0,"[{""id"": 18, ""name"": ""Drama""}, {""id"": 10752, ""name"": ""War""}]",en,25.949277,6.7,395,Released,Drama,1,1,11.500121285714286,16.454567959008102,3.2939564695368873,5.981414211254481
864,Cool Runnings,14000000,154864401,98.0,1993.0,"[{""id"": 35, ""name"": ""Comedy""}]",en,22.409117,6.8,491,Released,Comedy,1,1,11.061742928571428,16.454567959008102,3.1531255618679057,6.198478716492308
14435,My Bloody Valentine,15000000,100734718,101.0,2009.0,"[{""id"": 9648, ""name"": ""Mystery""}, {""id"": 27, ""name"": ""Horror""}]",en,13.706357,5.3,299,Released,Mystery,1,1,6.715647866666667,16.52356082573315,2.6882798492851716,5.703782474656201
1931,Stomp the Yard,13000000,75511123,114.0,2007.0,"[{""id"": 18, ""name"": ""Drama""}, {""id"": 10402, ""name"": ""Music""}]",en,6.92205,6.1,88,Released,Drama,1,1,5.808547923076923,16.380459992348886,2.069650010717298,4.48863636973214
691,The Spy Who Loved Me,14000000,185438673,125.0,1977.0,"[{""id"": 12, ""name"": ""Adventure""}, {""id"": 28, ""name"": ""Action""}, {""id"": 53, ""name"": ""Thriller""}]",en,27.17347,6.6,507,Released,Adventure,1,1,13.2456195,16.454567959008102,3.338380754990839,6.230481447578482
9877,Urban Legend,14000000,72527595,99.0,1998.0,"[{""id"": 27, ""name"": ""Horror""}, {""id"": 53, ""name"": ""Thriller""}]",en,12.159009,5.6,290,Released,Horror,1,1,5.1805425,16.454567959008102,2.5771066191103182,5.673323267171493
12227,White Fang,14000000,34793160,107.0,1991.0,"[{""id"": 28, ""name"": ""Action""}, {""id"": 12, ""name"": ""Adventure""}, {""id"": 18, ""name"": ""Drama""}, {""id"": 10751, ""name"": ""Family""}]",en,13.13724,6.5,135,Released,Action,1,1,2.4852257142857144,16.454567959008102,2.648812450468528,4.912654885736052
71688,The Iron Lady,13000000,114956699,105.0,2011.0,"[{""id"": 36, ""name"": ""History""}, {""id"": 18, ""name"": ""Drama""}]",en,23.3784,6.2,527,Released,History,1,1,8.842823,16.380459992348886,3.193697494335966,6.269096283706261
8291,Poetic Justice,14000000,27515786,109.0,1993.0,"[{""id"": 18, ""name"": ""Drama""}, {""id"": 10749, ""name"": ""Romance""}]",en,3.650857,6.9,47,Released,Drama,1,1,1.9654132857142856,16.454567959008102,1.537051503693177,3.8712010109078907
13950,All About the Benjamins,14000000,25482931,95.0,2002.0,"[{""id"": 28, ""name"": ""Action""}, {""id"": 12, ""name"": ""Adventure""}, {""id"": 35, ""name"": ""Comedy""}]",en,5.102258,5.8,48,Released,Action,1,1,1.8202093571428573,16.454567959008102,1.8086588666199246,3.8918202981106265
12158,Vampire in Brooklyn,14000000,19800000,100.0,1995.0,"[{""id"": 35, ""name"": ""Comedy""}, {""id"": 27, ""name"": ""Horror""}, {""id"": 10749, ""name"": ""Romance""}]",en,6.772615,4.5,111,Released,Comedy,1,1,1.4142857142857144,16.454567959008102,2.0506066585955773,4.718498871295094
11586,Exorcist II: The Heretic,14000000,30749142,118.0,1977.0,"[{""id"": 27, ""name"": ""Horror""}, {""id"": 53, ""name"": ""Thriller""}, {""id"": 14, ""name"": ""Fantasy""}]",en,11.543363,4.5,133,Released,Horror,1,1,2.196367285714285,16.454567959008102,2.5291916810686406,4.897839799950911
12403,A Perfect Getaway,14000000,22852638,98.0,2009.0,"[{""id"": 53, ""name"": ""Thriller""}, {""id"": 9648, ""name"": ""Mystery""}, {""id"": 12, ""name"": ""Adventure""}]",en,20.792603,6.2,351,Released,Thriller,1,1,1.6323312857142858,16.454567959008102,3.0815706002891208,5.863631175598097
34563,Our Family Wedding,14000000,21409028,103.0,2010.0,"[{""id"": 35, ""name"": ""Comedy""}]",en,6.733485,5.7,39,Released,Comedy,1,1,1.5292162857142857,16.454567959008102,2.045559601880806,3.6888794541139363
10368,Tea with Mussolini,12000000,21001563,117.0,1999.0,"[{""id"": 35, ""name"": ""Comedy""}, {""id"": 18, ""name"": ""Drama""}, {""id"": 10752, ""name"": ""War""}]",en,2.238646,5.8,32,Released,Comedy,1,1,1.75013025,16.300417291085605,1.175155341224614,3.4965075614664802
14434,I Think I Love My Wife,11000000,13196245,90.0,2007.0,"[{""id"": 35, ""name"": ""Comedy""}, {""id"": 10749, ""name"": ""Romance""}]",en,4.536745,5.0,55,Released,Comedy,1,1,1.1996586363636363,16.213405921671733,1.7114067829605624,4.02535169073515
11470,Jason X,11000000,16951798,91.0,2001.0,"[{""id"": 27, ""name"": ""Horror""}, {""id"": 878, ""name"": ""Science Fiction""}]",en,11.220643,4.5,291,Released,Horror,1,1,1.5410725454545455,16.213405921671733,2.503126571017074,5.676753802268282
24940,Head Over Heels,14000000,10424470,86.0,2001.0,"[{""id"": 35, ""name"": ""Comedy""}, {""id"": 10749, ""name"": ""Romance""}]",en,4.66723,5.3,73,Released,Comedy,1,1,0.744605,16.454567959008102,1.7347004622117903,4.304065093204169
82679,Fun Size,14000000,11417362,87.0,2012.0,"[{""id"": 35, ""name"": ""Comedy""}]",en,7.487843,5.5,134,Released,Comedy,1,1,0.8155258571428572,16.454567959008102,2.1386349044393906,4.90527477843843
2013,The Diving Bell and the Butterfly,14000000,19777647,112.0,2007.0,"[{""id"": 18, ""name"": ""Drama""}]",fr,13.65494,7.4,283,Released,Drama,1,1,1.4126890714285714,16.454567959008102,2.684777479988661,5.648974238161206
1440,Little Children,26000000,14821658,136.0,2006.0,"[{""id"": 10749, ""name"": ""Romance""}, {""id"": 18, ""name"": ""Drama""}]",en,11.942862,6.9,240,Released,Romance,1,1,0.5700637692307692,17.073607134447293,2.560544439269488,5.484796933490655
18041,Gossip,14000000,5108820,90.0,2000.0,"[{""id"": 18, ""name"": ""Drama""}, {""id"": 9648, ""name"": ""Mystery""}, {""id"": 53, ""name"": ""Thriller""}]",en,5.833687,5.5,68,Released,Drama,1,1,0.3649157142857143,16.454567959008102,1.9218643522345131,4.23410650459726
87729,Jefferson in Paris,14000000,2474000,139.0,1995.0,"[{""id"": 18, ""name"": ""Drama""}, {""id"": 10749, ""name"": ""Romance""}]",en,0.900442,5.2,10,Released,Drama,1,1,0.1767142857142857,16.454567959008102,0.6420864906968121,2.3978952727983707
44754,Margaret,14000000,46495,149.0,2011.0,"[{""id"": 18, ""name"": ""Drama""}]",en,4.898424,6.1,86,Released,Drama,1,1,0.0033210714285714,16.454567959008102,1.7746851965850665,4.465908118654584
43949,Flipped,14000000,1755212,89.0,2010.0,"[{""id"": 10749, ""name"": ""Romance""}, {""id"": 18, ""name"": ""Drama""}]",en,24.210698,7.4,418,Released,Romance,1,1,0.1253722857142857,16.454567959008102,3.2272684282421635,6.037870919922137
142,Brokeback Mountain,14000000,178043761,134.0,2005.0,"[{""id"": 18, ""name"": ""Drama""}, {""id"": 10749, ""name"": ""Romance""}]",en,44.135568,7.5,1480,Released,Drama,1,1,12.7174115,16.454567959008102,3.8096705831397504,7.300472814267799
10712,Far from Heaven,13500000,29027914,107.0,2002.0,"[{""id"": 18, ""name"": ""Drama""}, {""id"": 10749, ""name"": ""Romance""}]",en,9.982885,6.9,144,Released,Drama,1,1,2.150215851851852,16.41820031748273,2.3963381520239024,4.976733742420574
243938,Hot Tub Time Machine 2,14000000,12314651,93.0,2015.0,"[{""id"": 35, ""name"": ""Comedy""}]",en,16.618874,5.0,354,Released,Comedy,1,1,0.8796179285714286,16.454567959008102,2.868970713812242,5.872117789475416
10876,Quills,13500000,7060876,124.0,2000.0,"[{""id"": 18, ""name"": ""Drama""}]",en,7.261196,6.8,128,Released,Drama,1,1,0.5230278518518519,16.41820031748273,2.111569371240082,4.859812404361672
86838,Seven Psychopaths,15000000,19422261,110.0,2012.0,"[{""id"": 35, ""name"": ""Comedy""}, {""id"": 80, ""name"": ""Crime""}]",en,32.306455,6.7,1206,Released,Comedy,1,1,1.2948174,16.52356082573315,3.505751222044952,7.095893221097532
613,Downfall,18339750,92180910,156.0,2004.0,"[{""id"": 18, ""name"": ""Drama""}, {""id"": 36, ""name"": ""History""}, {""id"": 10752, ""name"": ""War""}]",de,32.445895,7.7,1037,Released,Drama,1,1,5.026290434711488,16.724581447819293,3.5099290585651377,6.945051063725834
1913,The Sea Inside,12806000,38535221,125.0,2004.0,"[{""id"": 18, ""name"": ""Drama""}]",es,17.363739,7.2,219,Released,Drama,1,1,3.0091535998750585,16.365424447149277,2.910378013696126,5.393627546352361
97370,Under the Skin,13300000,5380251,108.0,2014.0,"[{""id"": 53, ""name"": ""Thriller""}, {""id"": 878, ""name"": ""Science Fiction""}, {""id"": 18, ""name"": ""Drama""}]",en,29.782161,6.0,1102,Released,Thriller,1,1,0.4045301503759398,16.40327466837995,3.4269353338734976,7.005789019253503
801,"Good Morning, Vietnam",13000000,123922370,121.0,1987.0,"[{""id"": 35, ""name"": ""Comedy""}, {""id"": 18, ""name"": ""Drama""}, {""id"": 10752, ""name"": ""War""}]",en,18.362333,7.1,642,Released,Comedy,1,1,9.53249,16.380459992348886,2.9633295807864894,6.466144724237619
70829,The Last Godfather,13400000,16700000,100.0,2010.0,"[{""id"": 28, ""name"": ""Action""}, {""id"": 35, ""name"": ""Comedy""}, {""id"": 53, ""name"": ""Thriller""}]",en,0.680753,4.7,7,Released,Action,1,1,1.2462686567164178,16.410765339548004,0.5192419072828637,2.0794415416798357
54518,Justin Bieber: Never Say Never,13000000,98441954,105.0,2011.0,"[{""id"": 99, ""name"": ""Documentary""}, {""id"": 10402, ""name"": ""Music""}, {""id"": 10751, ""name"": ""Family""}]",en,6.735922,4.8,154,Released,Documentary,1,1,7.572458,16.380459992348886,2.045874675370069,5.043425116919247
44214,Black Swan,13000000,327803731,108.0,2010.0,"[{""id"": 18, ""name"": ""Drama""}, {""id"": 53, ""name"": ""Thriller""}]",en,91.285683,7.3,4430,Released,Drama,1,1,25.21567161538461,16.380459992348886,4.524889015717943,8.39638057119949
240,The Godfather: Part II,13000000,47542841,200.0,1974.0,"[{""id"": 18, ""name"": ""Drama""}, {""id"": 80, ""name"": ""Crime""}]",en,105.792936,8.3,3338,Released,Drama,1,1,3.657141615384616,16.380459992348886,4.670891782016497,8.113426639943654
9816,Save the Last Dance,13000000,91038276,112.0,2001.0,"[{""id"": 18, ""name"": ""Drama""}, {""id"": 10751, ""name"": ""Family""}, {""id"": 10749, ""name"": ""Romance""}, {""id"": 10402, ""name"": ""Music""}]",en,9.969624,6.3,352,Released,Drama,1,1,7.002944307692308,16.380459992348886,2.395129998403465,5.8664680569332965
10131,A Nightmare on Elm Street 4: The Dream Master,7000000,72500000,99.0,1988.0,"[{""id"": 27, ""name"": ""Horror""}, {""id"": 53, ""name"": ""Thriller""}]",en,17.113408,5.8,281,Released,Horror,1,1,10.357142857142858,15.76142084987672,2.8966524375151916,5.641907070938114
339984,Miracles from Heaven,16000000,77000000,117.0,2016.0,"[{""id"": 18, ""name"": ""Drama""}]",en,10.248439,6.7,186,Released,Drama,1,1,4.8125,16.588099342704055,2.420229363467431,5.231108616854587
8859,"Dude, Where’s My Car?",13000000,73180723,83.0,2000.0,"[{""id"": 35, ""name"": ""Comedy""}]",en,25.316146,5.2,509,Released,Comedy,1,1,5.629286384615384,16.380459992348886,3.270182667163978,6.234410725718371
11967,Young Guns,13000000,44726644,107.0,1988.0,"[{""id"": 80, ""name"": ""Crime""}, {""id"": 28, ""name"": ""Action""}, {""id"": 12, ""name"": ""Adventure""}, {""id"": 18, ""name"": ""Drama""}, {""id"": 37, ""name"": ""Western""}]",en,9.499325,6.6,258,Released,Crime,1,1,3.440511076923077,16.380459992348886,2.351310969382777,5.556828061699537
239563,St. Vincent,13000000,54837234,102.0,2014.0,"[{""id"": 35, ""name"": ""Comedy""}]",en,43.791745,7.1,763,Released,Comedy,1,1,4.218248769230769,16.380459992348886,3.8020238590494975,6.638567789166521
222899,About Last Night,12500000,49002684,100.0,2014.0,"[{""id"": 35, ""name"": ""Comedy""}, {""id"": 10749, ""name"": ""Romance""}]",en,11.828068,6.0,210,Released,Comedy,1,1,3.92021472,16.341239282272525,2.5516355827211306,5.351858133476067
4951,10 Things I Hate About You,16000000,53478166,97.0,1999.0,"[{""id"": 35, ""name"": ""Comedy""}, {""id"": 10749, ""name"": ""Romance""}, {""id"": 18, ""name"": ""Drama""}]",en,54.550275,7.3,1701,Released,Comedy,1,1,3.342385375,16.588099342704055,4.017288466568435,7.43955930913332
332567,The Shallows,17000000,119100758,86.0,2016.0,"[{""id"": 27, ""name"": ""Horror""}, {""id"": 18, ""name"": ""Drama""}, {""id"": 53, ""name"": ""Thriller""}]",en,60.829621,6.2,1567,Released,Horror,1,1,7.005926941176471,16.648723960844016,4.124382553841194,7.357556200910353
1954,The Butterfly Effect,13000000,96060858,113.0,2004.0,"[{""id"": 878, ""name"": ""Science Fiction""}, {""id"": 53, ""name"": ""Thriller""}]",en,73.307513,7.3,2060,Released,Science Fiction,1,1,7.38929676923077,16.380459992348886,4.308212063704592,7.630946580890459
22345,Baby Geniuses,12000000,36450736,97.0,1999.0,"[{""id"": 878, ""name"": ""Science Fiction""}, {""id"": 35, ""name"": ""Comedy""}, {""id"": 10751, ""name"": ""Family""}]",en,4.580081,3.3,75,Released,Science Fiction,1,1,3.037561333333333,16.300417291085605,1.7192032924168938,4.330733340286331
9448,The Big Hit,13000000,27007143,91.0,1998.0,"[{""id"": 28, ""name"": ""Action""}, {""id"": 12, ""name"": ""Adventure""}, {""id"": 35, ""name"": ""Comedy""}, {""id"": 53, ""name"": ""Thriller""}]",en,6.425528,6.1,109,Released,Action,1,1,2.0774725384615387,16.380459992348886,2.0049237932715993,4.700480365792417
11186,Child's Play 2,13000000,35763605,84.0,1990.0,"[{""id"": 18, ""name"": ""Drama""}, {""id"": 27, ""name"": ""Horror""}]",en,16.681567,5.8,308,Released,Drama,1,1,2.7510465384615386,16.380459992348886,2.872522684503702,5.733341276897746
136835,No Good Deed,13200000,53830415,83.0,2014.0,"[{""id"": 80, ""name"": ""Crime""}, {""id"": 53, ""name"": ""Thriller""}]",en,24.656068,5.6,181,Released,Crime,1,1,4.078061742424242,16.395727463314174,3.2447801128394773,5.204006687076795
5876,The Mist,18000000,57096190,126.0,2007.0,"[{""id"": 878, ""name"": ""Science Fiction""}, {""id"": 27, ""name"": ""Horror""}, {""id"": 53, ""name"": ""Thriller""}]",en,37.104353,6.7,1399,Released,Science Fiction,1,1,3.172010555555556,16.705882371415992,3.6403285275749004,7.24422751560335
264660,Ex Machina,15000000,36869414,108.0,2015.0,"[{""id"": 18, ""name"": ""Drama""}, {""id"": 878, ""name"": ""Science Fiction""}]",en,95.130041,7.6,4737,Released,Drama,1,1,2.457960933333333,16.52356082573315,4.565701868583408,8.463370384718731
492,Being John Malkovich,13000000,22863596,112.0,1999.0,"[{""id"": 14, ""name"": ""Fantasy""}, {""id"": 18, ""name"": ""Drama""}, {""id"": 35, ""name"": ""Comedy""}]",en,27.546914,7.3,1101,Released,Fantasy,1,1,1.758738153846154,16.380459992348886,3.3515488391914574,7.00488198971286
238603,Earth to Echo,13000000,45300000,89.0,2014.0,"[{""id"": 10751, ""name"": ""Family""}, {""id"": 12, ""name"": ""Adventure""}, {""id"": 878, ""name"": ""Science Fiction""}]",en,17.371327,5.7,290,Released,Family,1,1,3.4846153846153847,16.380459992348886,2.910791133961538,5.673323267171493
10691,Crazy/Beautiful,13000000,16929123,99.0,2001.0,"[{""id"": 18, ""name"": ""Drama""}, {""id"": 10749, ""name"": ""Romance""}]",en,6.130096,6.6,96,Released,Drama,1,1,1.302240230769231,16.380459992348886,1.9643246985711866,4.574710978503383
1251,Letters from Iwo Jima,19000000,68673228,141.0,2006.0,"[{""id"": 28, ""name"": ""Action""}, {""id"": 12, ""name"": ""Adventure""}, {""id"": 18, ""name"": ""Drama""}, {""id"": 10752, ""name"": ""War""}]",en,24.47248,7.2,541,Released,Action,1,1,3.614380421052632,16.759949589762293,3.237598653705528,6.295266001439646
5172,The Astronaut Farmer,13000000,11130889,104.0,2006.0,"[{""id"": 12, ""name"": ""Adventure""}, {""id"": 35, ""name"": ""Comedy""}, {""id"": 18, ""name"": ""Drama""}, {""id"": 878, ""name"": ""Science Fiction""}]",en,6.764437,6.2,123,Released,Adventure,1,1,0.8562222307692308,16.380459992348886,2.0495539491426857,4.820281565605037
58680,Woo,13000000,8026971,84.0,1998.0,"[{""id"": 35, ""name"": ""Comedy""}, {""id"": 10749, ""name"": ""Romance""}]",en,1.750054,5.5,10,Released,Comedy,1,1,0.6174593076923077,16.380459992348886,1.0116205478493254,2.3978952727983707
264644,Room,6000000,35401758,117.0,2015.0,"[{""id"": 18, ""name"": ""Drama""}, {""id"": 53, ""name"": ""Thriller""}]",en,66.11334,8.1,2757,Released,Drama,1,1,5.900293,15.607270193858982,4.2063828319676215,7.922261058353247
11592,Serial Mom,13000000,7820688,95.0,1994.0,"[{""id"": 35, ""name"": ""Comedy""}, {""id"": 80, ""name"": ""Crime""}, {""id"": 27, ""name"": ""Horror""}, {""id"": 53, ""name"": ""Thriller""}]",en,6.170139,6.4,135,Released,Comedy,1,1,0.6015913846153846,16.380459992348886,1.969925040755555,4.912654885736052
16406,Dick,13000000,27500000,94.0,1999.0,"[{""id"": 35, ""name"": ""Comedy""}]",en,4.742537,5.7,67,Released,Comedy,1,1,2.1153846153846154,16.380459992348886,1.7479010987471244,4.219507705176107
3682,54,13000000,16757163,106.0,1998.0,"[{""id"": 10402, ""name"": ""Music""}, {""id"": 18, ""name"": ""Drama""}]",en,11.880899,5.5,135,Released,Music,1,1,1.2890125384615383,16.380459992348886,2.555745516377077,4.912654885736052
107811,21 & Over,13000000,48065672,93.0,2013.0,"[{""id"": 35, ""name"": ""Comedy""}]",en,35.522027,5.7,737,Released,Comedy,1,1,3.697359384615385,16.380459992348886,3.597915558020003,6.6039438246004725
2266,"Paris, je t'aime",13000000,4857367,120.0,2006.0,"[{""id"": 18, ""name"": ""Drama""}, {""id"": 10749, ""name"": ""Romance""}]",fr,10.573191,6.8,207,Released,Drama,1,1,0.3736436153846154,16.380459992348886,2.448691302661317,5.337538079701318
144340,Admission,13000000,18000000,107.0,2013.0,"[{""id"": 35, ""name"": ""Comedy""}, {""id"": 18, ""name"": ""Drama""}, {""id"": 10749, ""name"": ""Romance""}]",en,17.632446,5.4,304,Released,Comedy,1,1,1.3846153846153846,16.380459992348886,2.9249044696076982,5.720311776607412
28211,Chloe,15000000,8459458,96.0,2009.0,"[{""id"": 18, ""name"": ""Drama""}, {""id"": 53, ""name"": ""Thriller""}, {""id"": 9648, ""name"": ""Mystery""}]",en,26.373864,5.9,498,Released,Drama,1,1,0.5639638666666666,16.52356082573315,3.3095886895587157,6.212606095751519
47502,Faithful,13000000,9789900,91.0,1996.0,"[{""id"": 35, ""name"": ""Comedy""}, {""id"": 80, ""name"": ""Crime""}, {""id"": 18, ""name"": ""Drama""}]",en,1.647335,4.8,4,Released,Comedy,1,1,0.7530692307692308,16.380459992348886,0.9735534736050933,1.6094379124341003
9950,Find Me Guilty,13000000,2636637,125.0,2006.0,"[{""id"": 18, ""name"": ""Drama""}, {""id"": 28, ""name"": ""Action""}, {""id"": 35, ""name"": ""Comedy""}, {""id"": 80, ""name"": ""Crime""}]",en,12.321302,6.5,138,Released,Drama,1,1,0.2028182307692307,16.380459992348886,2.589364408082991,4.9344739331306915
84892,The Perks of Being a Wallflower,13000000,33400000,102.0,2012.0,"[{""id"": 18, ""name"": ""Drama""}, {""id"": 10749, ""name"": ""Romance""}]",en,43.444135,7.7,2968,Released,Drama,1,1,2.569230769230769,16.380459992348886,3.7942330072475245,7.99598047476376
24227,Excessive Force,3000000,1200000,87.0,1993.0,"[{""id"": 28, ""name"": ""Action""}]",en,1.279106,4.5,10,Released,Action,1,1,0.4,14.914123179965662,0.823783260809822,2.3978952727983707
9672,Infamous,13000000,1151330,110.0,2006.0,"[{""id"": 18, ""name"": ""Drama""}]",en,3.680896,6.4,60,Released,Drama,1,1,0.0885638461538461,16.380459992348886,1.5434895445962233,4.110873864173311
157544,The Vatican Tapes,13000000,1784763,91.0,2015.0,"[{""id"": 53, ""name"": ""Thriller""}, {""id"": 27, ""name"": ""Horror""}]",en,10.475368,4.6,243,Released,Thriller,1,1,0.1372894615384615,16.380459992348886,2.440202825149162,5.497168225293202
59678,Attack the Block,14350531,3964682,88.0,2011.0,"[{""id"": 28, ""name"": ""Action""}, {""id"": 35, ""name"": ""Comedy""}, {""id"": 878, ""name"": ""Science Fiction""}]",en,30.952377,6.3,733,Released,Action,1,1,0.2762742368209232,16.479297572653444,3.464246575552275,6.598509028614515
79777,In the Land of Blood and Honey,10000000,303877,127.0,2011.0,"[{""id"": 18, ""name"": ""Drama""}, {""id"": 10749, ""name"": ""Romance""}, {""id"": 10752, ""name"": ""War""}]",en,4.267466,5.8,45,Released,Drama,1,1,0.0303877,16.118095750958314,1.6615494120004823,3.828641396489095
158011,The Call,13000000,68572378,94.0,2013.0,"[{""id"": 80, ""name"": ""Crime""}, {""id"": 53, ""name"": ""Thriller""}]",en,34.532418,6.6,1257,Released,Crime,1,1,5.274798307692308,16.380459992348886,3.5704454628819375,7.1372784372603855
8952,I Love You Phillip Morris,13000000,10652035,98.0,2009.0,"[{""id"": 35, ""name"": ""Comedy""}, {""id"": 18, ""name"": ""Drama""}, {""id"": 10749, ""name"": ""Romance""}]",en,19.664699,6.4,503,Released,Comedy,1,1,0.8193873076923077,16.380459992348886,3.0284268821668334,6.222576268071369
62204,Quest for Fire,12000000,55260558,100.0,1981.0,"[{""id"": 12, ""name"": ""Adventure""}, {""id"": 18, ""name"": ""Drama""}]",xx,6.537986,7.1,109,Released,Adventure,1,1,4.6050465,16.300417291085605,2.0199550375866524,4.700480365792417
13435,Antwone Fisher,12500000,23367586,120.0,2002.0,"[{""id"": 18, ""name"": ""Drama""}, {""id"": 10749, ""name"": ""Romance""}]",en,13.349012,6.7,137,Released,Drama,1,1,1.86940688,16.341239282272525,2.6636810896611323,4.927253685157205
319,True Romance,12500000,12281551,120.0,1993.0,"[{""id"": 28, ""name"": ""Action""}, {""id"": 53, ""name"": ""Thriller""}, {""id"": 80, ""name"": ""Crime""}, {""id"": 10749, ""name"": ""Romance""}]",en,35.268557,7.5,749,Released,Action,1,1,0.98252408,16.341239282272525,3.5909511675571326,6.620073206530356
9504,Glengarry Glen Ross,12500000,10725228,100.0,1992.0,"[{""id"": 80, ""name"": ""Crime""}, {""id"": 18, ""name"": ""Drama""}, {""id"": 9648, ""name"": ""Mystery""}]",en,13.939054,7.5,323,Released,Crime,1,1,0.85801824,16.341239282272525,2.7039788577534263,5.780743515792329
26688,Sorority Row,12500000,27206120,101.0,2009.0,"[{""id"": 27, ""name"": ""Horror""}, {""id"": 9648, ""name"": ""Mystery""}, {""id"": 53, ""name"": ""Thriller""}]",en,8.780512,5.4,177,Released,Horror,1,1,2.1764896,16.341239282272525,2.280391834414663,5.181783550292085
6615,Lars and the Real Girl,12000000,11293663,106.0,2007.0,"[{""id"": 35, ""name"": ""Comedy""}, {""id"": 10749, ""name"": ""Romance""}, {""id"": 18, ""name"": ""Drama""}]",en,15.817096,7.1,509,Released,Comedy,1,1,0.9411385833333332,16.300417291085605,2.822395988033566,6.234410725718371
14574,The Boy in the Striped Pyjamas,12500000,20416563,94.0,2008.0,"[{""id"": 10752, ""name"": ""War""}, {""id"": 18, ""name"": ""Drama""}]",en,34.821223,7.7,1451,Released,War,1,1,1.63332504,16.341239282272525,3.5785405389866156,7.280697195384741
16,Dancer in the Dark,12800000,40031879,140.0,2000.0,"[{""id"": 18, ""name"": ""Drama""}, {""id"": 80, ""name"": ""Crime""}, {""id"": 10402, ""name"": ""Music""}]",en,22.022228,7.6,377,Released,Drama,1,1,3.127490546875,16.36495580701484,3.136460184014328,5.934894195619588
21612,The Funeral,12500000,1227324,99.0,1996.0,"[{""id"": 80, ""name"": ""Crime""}, {""id"": 18, ""name"": ""Drama""}]",en,2.950618,7.3,31,Released,Crime,1,1,0.09818592,16.341239282272525,1.373872022371317,3.4657359027997265
36691,Solitary Man,15000000,5024782,90.0,2009.0,"[{""id"": 35, ""name"": ""Comedy""}, {""id"": 18, ""name"": ""Drama""}, {""id"": 10749, ""name"": ""Romance""}]",en,7.497306,5.8,84,Released,Comedy,1,1,0.3349854666666667,16.52356082573315,2.1397491720833304,4.442651256490317
23631,Machete,20000000,31327899,105.0,2010.0,"[{""id"": 28, ""name"": ""Action""}, {""id"": 35, ""name"": ""Comedy""}, {""id"": 53, ""name"": ""Thriller""}]",en,26.396191,6.3,1150,Released,Action,1,1,1.56639495,16.811242881518265,3.31040398913206,7.048386408721883
45324,Casino Jack,12500000,1083683,108.0,2010.0,"[{""id"": 80, ""name"": ""Crime""}, {""id"": 35, ""name"": ""Comedy""}, {""id"": 18, ""name"": ""Drama""}]",en,6.546037,6.0,94,Released,Crime,1,1,0.08669464,16.341239282272525,2.0210225247901032,4.553876891600541
12144,The Land Before Time,12300000,84460846,69.0,1988.0,"[{""id"": 16, ""name"": ""Animation""}, {""id"": 12, ""name"": ""Adventure""}, {""id"": 10751, ""name"": ""Family""}]",en,28.670193,7.0,640,Released,Animation,1,1,6.866735447154472,16.325109901643454,3.390142939168665,6.46302945692067
56601,The Perfect Game,12500000,3878993,118.0,2010.0,"[{""id"": 18, ""name"": ""Drama""}, {""id"": 10751, ""name"": ""Family""}]",en,0.903529,6.3,30,Released,Drama,1,1,0.31031944,16.341239282272525,0.6437095318176114,3.4339872044851463
9552,The Exorcist,8000000,441306145,122.0,1973.0,"[{""id"": 18, ""name"": ""Drama""}, {""id"": 27, ""name"": ""Horror""}, {""id"": 53, ""name"": ""Thriller""}]",en,47.584643,7.5,2005,Released,Drama,1,1,55.163268125,15.894952224644102,3.883307493317509,7.603897968521881
578,Jaws,7000000,470654000,124.0,1975.0,"[{""id"": 27, ""name"": ""Horror""}, {""id"": 53, ""name"": ""Thriller""}, {""id"": 12, ""name"": ""Adventure""}]",en,50.152327,7.5,2542,Released,Horror,1,1,67.23628571428571,15.76142084987672,3.9348079850089697,7.841099765422119
2105,American Pie,11000000,235483004,95.0,1999.0,"[{""id"": 35, ""name"": ""Comedy""}, {""id"": 10749, ""name"": ""Romance""}]",en,60.767168,6.4,2296,Released,Comedy,1,1,21.40754581818182,16.213405921671733,4.123371961157993,7.739359202689098
126319,Ernest & Celestine,12516654,8109160,78.0,2012.0,"[{""id"": 16, ""name"": ""Animation""}, {""id"": 35, ""name"": ""Comedy""}, {""id"": 18, ""name"": ""Drama""}, {""id"": 10751, ""name"": ""Family""}]",fr,11.103202,7.6,142,Released,Animation,1,1,0.6478696303341133,16.342570715415327,2.4934700456940293,4.962844630259907
10136,The Golden Child,25000000,79817939,94.0,1986.0,"[{""id"": 28, ""name"": ""Action""}, {""id"": 12, ""name"": ""Adventure""}, {""id"": 35, ""name"": ""Comedy""}]",en,15.26213,5.6,304,Released,Action,1,1,3.19271756,17.034386422832473,2.7888390918503605,5.720311776607412
67660,Think Like a Man,12000000,96070507,122.0,2012.0,"[{""id"": 35, ""name"": ""Comedy""}, {""id"": 10749, ""name"": ""Romance""}]",en,6.035152,6.9,281,Released,Comedy,1,1,8.005875583333333,16.300417291085605,1.9509192965873827,5.641907070938114
10611,Barbershop,12000000,75781642,102.0,2002.0,"[{""id"": 35, ""name"": ""Comedy""}, {""id"": 18, ""name"": ""Drama""}]",en,10.297189,6.2,137,Released,Comedy,1,1,6.315136833333334,16.300417291085605,2.424553933710183,4.927253685157205
154,Star Trek II: The Wrath of Khan,12000000,96800000,113.0,1982.0,"[{""id"": 28, ""name"": ""Action""}, {""id"": 12, ""name"": ""Adventure""}, {""id"": 878, ""name"": ""Science Fiction""}, {""id"": 53, ""name"": ""Thriller""}]",en,22.434102,7.3,675,Released,Action,1,1,8.066666666666666,16.300417291085605,3.154192311886487,6.516193076042964
3049,Ace Ventura: Pet Detective,15000000,107217396,86.0,1994.0,"[{""id"": 35, ""name"": ""Comedy""}, {""id"": 9648, ""name"": ""Mystery""}]",en,41.249004,6.4,1648,Released,Comedy,1,1,7.1478264,16.52356082573315,3.7435807795608156,7.407924322559599
860,WarGames,12000000,79567667,114.0,1983.0,"[{""id"": 53, ""name"": ""Thriller""}, {""id"": 878, ""name"": ""Science Fiction""}]",en,23.161754,7.0,504,Released,Thriller,1,1,6.630638916666666,16.300417291085605,3.184770969769158,6.22455842927536
9281,Witness,12000000,68706993,113.0,1985.0,"[{""id"": 80, ""name"": ""Crime""}, {""id"": 18, ""name"": ""Drama""}, {""id"": 10749, ""name"": ""Romance""}, {""id"": 53, ""name"": ""Thriller""}]",en,19.195399,7.0,375,Released,Crime,1,1,5.72558275,16.300417291085605,3.0054548061858863,5.929589143389895
75674,Act of Valor,12000000,81272766,110.0,2012.0,"[{""id"": 28, ""name"": ""Action""}, {""id"": 53, ""name"": ""Thriller""}, {""id"": 10752, ""name"": ""War""}]",en,21.958055,6.3,417,Released,Action,1,1,6.7727305,16.300417291085605,3.1336688553195016,6.035481432524756
9762,Step Up,12000000,114194847,104.0,2006.0,"[{""id"": 10402, ""name"": ""Music""}, {""id"": 18, ""name"": ""Drama""}, {""id"": 10749, ""name"": ""Romance""}, {""id"": 80, ""name"": ""Crime""}]",en,45.477802,6.7,1060,Released,Music,1,1,9.51623725,16.300417291085605,3.8389748222688618,6.966967138613983
184,Jackie Brown,12000000,39673162,154.0,1997.0,"[{""id"": 35, ""name"": ""Comedy""}, {""id"": 80, ""name"": ""Crime""}, {""id"": 10749, ""name"": ""Romance""}]",en,40.631671,7.3,1514,Released,Comedy,1,1,3.306096833333333,16.300417291085605,3.728861199723927,7.323170717943469
13335,Harold & Kumar Escape from Guantanamo Bay,12000000,43493123,107.0,2008.0,"[{""id"": 35, ""name"": ""Comedy""}, {""id"": 12, ""name"": ""Adventure""}]",en,26.219598,6.2,497,Released,Comedy,1,1,3.6244269166666663,16.300417291085605,3.303937228561729,6.210600077024653
76726,Chronicle,15000000,145000000,84.0,2012.0,"[{""id"": 878, ""name"": ""Science Fiction""}, {""id"": 18, ""name"": ""Drama""}, {""id"": 53, ""name"": ""Thriller""}]",en,64.504747,6.6,1935,Released,Science Fiction,1,1,9.666666666666666,16.52356082573315,4.1821226132975875,7.568379267836522
10269,Yentl,12000000,30400000,132.0,1983.0,"[{""id"": 10402, ""name"": ""Music""}, {""id"": 18, ""name"": ""Drama""}, {""id"": 10749, ""name"": ""Romance""}]",en,3.389249,6.2,51,Released,Music,1,1,2.533333333333333,16.300417291085605,1.479158141837799,3.9512437185814275
36819,Time Bandits,5000000,42365581,116.0,1981.0,"[{""id"": 10751, ""name"": ""Family""}, {""id"": 14, ""name"": ""Fantasy""}, {""id"": 878, ""name"": ""Science Fiction""}, {""id"": 12, ""name"": ""Adventure""}, {""id"": 35, ""name"": ""Comedy""}]",en,14.779537,6.6,249,Released,Family,1,1,8.4731162,15.424948670398354,2.7587139740493782,5.521460917862246
17130,Crossroads,12000000,61141030,93.0,2002.0,"[{""id"": 28, ""name"": ""Action""}, {""id"": 12, ""name"": ""Adventure""}, {""id"": 35, ""name"": ""Comedy""}, {""id"": 18, ""name"": ""Drama""}, {""id"": 10751, ""name"": ""Family""}, {""id"": 10402, ""name"": ""Music""}, {""id"": 10749, ""name"": ""Romance""}]",en,6.703319,4.7,158,Released,Action,1,1,5.095085833333333,16.300417291085605,2.0416512749500706,5.0689042022202315
57214,Project X,12000000,100000000,88.0,2012.0,"[{""id"": 35, ""name"": ""Comedy""}, {""id"": 80, ""name"": ""Crime""}]",en,49.070321,6.5,1564,Released,Comedy,1,1,8.333333333333334,16.300417291085605,3.9134284373458685,7.355641102974253
11202,Patton,12000000,89800000,172.0,1970.0,"[{""id"": 18, ""name"": ""Drama""}, {""id"": 36, ""name"": ""History""}, {""id"": 10752, ""name"": ""War""}]",en,21.933822,7.3,323,Released,Drama,1,1,7.483333333333333,16.300417291085605,3.132612764183708,5.780743515792329
9357,One Hour Photo,12000000,52223306,96.0,2002.0,"[{""id"": 27, ""name"": ""Horror""}, {""id"": 53, ""name"": ""Thriller""}]",en,20.624896,6.6,435,Released,Horror,1,1,4.351942166666666,16.300417291085605,3.0738452435578236,6.077642243349034
13812,Quarantine,12000000,40855419,89.0,2008.0,"[{""id"": 27, ""name"": ""Horror""}, {""id"": 878, ""name"": ""Science Fiction""}, {""id"": 53, ""name"": ""Thriller""}]",en,8.083995,5.5,339,Released,Horror,1,1,3.40461825,16.300417291085605,2.2065140738248425,5.8289456176102075
9030,The Eye,12000000,56309766,98.0,2008.0,"[{""id"": 18, ""name"": ""Drama""}, {""id"": 27, ""name"": ""Horror""}, {""id"": 53, ""name"": ""Thriller""}]",en,11.135734,5.5,281,Released,Drama,1,1,4.6924805,16.300417291085605,2.4961543235462993,5.641907070938114
19084,Johnson Family Vacation,12000000,31179516,97.0,2004.0,"[{""id"": 35, ""name"": ""Comedy""}, {""id"": 10751, ""name"": ""Family""}]",en,4.623609,4.7,30,Released,Comedy,1,1,2.598293,16.300417291085605,1.726973628620656,3.4339872044851463
8386,How High,12000000,31155435,93.0,2001.0,"[{""id"": 35, ""name"": ""Comedy""}]",en,11.510281,6.3,218,Released,Comedy,1,1,2.59628625,16.300417291085605,2.526550786256928,5.389071729816501
1360,Frida,12000000,56298474,123.0,2002.0,"[{""id"": 18, ""name"": ""Drama""}, {""id"": 10749, ""name"": ""Romance""}]",en,18.422327,7.3,383,Released,Drama,1,1,4.6915395,16.300417291085605,2.9664232806075064,5.950642552587727
101267,Katy Perry: Part of Me,12000000,32726956,93.0,2012.0,"[{""id"": 99, ""name"": ""Documentary""}, {""id"": 10402, ""name"": ""Music""}]",en,8.410688,6.5,85,Released,Documentary,1,1,2.727246333333333,16.300417291085605,2.2418460646334317,4.454347296253507
222935,The Fault in Our Stars,12000000,307166834,125.0,2014.0,"[{""id"": 10749, ""name"": ""Romance""}, {""id"": 18, ""name"": ""Drama""}]",en,74.358971,7.6,3759,Released,Romance,1,1,25.597236166666665,16.300417291085605,4.322262975716286,8.23217423638394
10220,Rounders,12000000,22921898,121.0,1998.0,"[{""id"": 18, ""name"": ""Drama""}, {""id"": 80, ""name"": ""Crime""}]",en,18.422008,6.9,439,Released,Drama,1,1,1.9101581666666667,16.300417291085605,2.966406856076104,6.0867747269123065
31915,Prophecy,12000000,54000000,102.0,1979.0,"[{""id"": 27, ""name"": ""Horror""}, {""id"": 878, ""name"": ""Science Fiction""}]",en,8.61659,5.4,25,Released,Horror,1,1,4.5,16.300417291085605,2.263489731983856,3.258096538021482
11601,Stir of Echoes,12000000,21133087,99.0,1999.0,"[{""id"": 27, ""name"": ""Horror""}, {""id"": 9648, ""name"": ""Mystery""}, {""id"": 53, ""name"": ""Thriller""}]",en,6.044161,6.5,330,Released,Horror,1,1,1.7610905833333332,16.300417291085605,1.9521990467043875,5.802118375377063
205220,Philomena,12000000,100129872,98.0,2013.0,"[{""id"": 18, ""name"": ""Drama""}]",en,29.019504,7.4,579,Released,Drama,1,1,8.344156,16.300417291085605,3.4018473037503667,6.363028103540465
14191,Aquamarine,12000000,23006849,104.0,2006.0,"[{""id"": 14, ""name"": ""Fantasy""}, {""id"": 10749, ""name"": ""Romance""}, {""id"": 10751, ""name"": ""Family""}, {""id"": 35, ""name"": ""Comedy""}]",en,16.931846,5.8,364,Released,Fantasy,1,1,1.9172374166666664,16.300417291085605,2.8865782382572083,5.8998973535824915
286565,Paper Towns,12000000,85512300,109.0,2015.0,"[{""id"": 18, ""name"": ""Drama""}, {""id"": 9648, ""name"": ""Mystery""}, {""id"": 10749, ""name"": ""Romance""}]",en,64.610671,6.1,1937,Released,Drama,1,1,7.126025,16.300417291085605,4.183738350404017,7.569411792450712
129670,Nebraska,12000000,17654912,115.0,2013.0,"[{""id"": 18, ""name"": ""Drama""}, {""id"": 12, ""name"": ""Adventure""}]",en,29.223881,7.4,636,Released,Drama,1,1,1.4712426666666667,16.300417291085605,3.4086323734830066,6.456769655572163
34549,Max Keeble's Big Move,12000000,17292381,86.0,2001.0,"[{""id"": 35, ""name"": ""Comedy""}, {""id"": 10751, ""name"": ""Family""}, {""id"": 14, ""name"": ""Fantasy""}, {""id"": 878, ""name"": ""Science Fiction""}]",en,1.081822,5.4,33,Released,Comedy,1,1,1.44103175,16.300417291085605,0.7332434718212769,3.5263605246161616
57157,Young Adult,12000000,22939027,94.0,2011.0,"[{""id"": 35, ""name"": ""Comedy""}, {""id"": 18, ""name"": ""Drama""}]",en,16.183746,5.6,364,Released,Comedy,1,1,1.9115855833333333,16.300417291085605,2.843963937025405,5.8998973535824915
1948,Crank,12000000,42931041,88.0,2006.0,"[{""id"": 28, ""name"": ""Action""}, {""id"": 53, ""name"": ""Thriller""}, {""id"": 80, ""name"": ""Crime""}]",en,47.992817,6.6,1151,Released,Action,1,1,3.57758675,16.300417291085605,3.8916736955282585,7.049254841255837
46889,Living Out Loud,12000000,12902790,100.0,1998.0,"[{""id"": 35, ""name"": ""Comedy""}, {""id"": 18, ""name"": ""Drama""}, {""id"": 10749, ""name"": ""Romance""}]",en,0.700792,5.3,11,Released,Comedy,1,1,1.0752325,16.300417291085605,0.5310940249256224,2.4849066497880004
387,Das Boot,14000000,85000000,149.0,1981.0,"[{""id"": 28, ""name"": ""Action""}, {""id"": 18, ""name"": ""Drama""}, {""id"": 36, ""name"": ""History""}, {""id"": 10752, ""name"": ""War""}, {""id"": 12, ""name"": ""Adventure""}]",de,26.967494,7.9,613,Released,Action,1,1,6.071428571428571,16.454567959008102,3.3310429072041976,6.419994928147142
60599,Arbitrage,12000000,35485056,100.0,2012.0,"[{""id"": 18, ""name"": ""Drama""}, {""id"": 53, ""name"": ""Thriller""}]",en,16.40512,6.1,294,Released,Drama,1,1,2.957088,16.300417291085605,2.8567644158101606,5.68697535633982
227719,Project Almanac,12000000,32248241,106.0,2015.0,"[{""id"": 878, ""name"": ""Science Fiction""}, {""id"": 53, ""name"": ""Thriller""}]",en,32.940597,6.4,933,Released,Science Fiction,1,1,2.687353416666667,16.300417291085605,3.524611849515847,6.839476438228843
12088,Fortress,8000000,6739141,95.0,1992.0,"[{""id"": 28, ""name"": ""Action""}, {""id"": 53, ""name"": ""Thriller""}, {""id"": 878, ""name"": ""Science Fiction""}]",en,8.708229,5.7,168,Released,Action,1,1,0.842392625,15.894952224644102,2.272973876378892,5.1298987149230735
14799,For Your Consideration,12000000,5542025,86.0,2006.0,"[{""id"": 35, ""name"": ""Comedy""}, {""id"": 18, ""name"": ""Drama""}]",en,4.330428,5.9,43,Released,Comedy,1,1,0.4618354166666666,16.300417291085605,1.673431535141483,3.784189633918261
7510,Running with Scissors,12000000,6754898,116.0,2006.0,"[{""id"": 18, ""name"": ""Drama""}, {""id"": 35, ""name"": ""Comedy""}]",en,4.770195,5.8,78,Released,Drama,1,1,0.5629081666666667,16.300417291085605,1.7527058754428875,4.3694478524670215
31246,From Justin to Kelly,12000000,4922166,90.0,2003.0,"[{""id"": 35, ""name"": ""Comedy""}, {""id"": 10749, ""name"": ""Romance""}]",en,1.623338,3.0,23,Released,Comedy,1,1,0.4101805,16.300417291085605,0.9644475526668626,3.1780538303479458
61752,Girl 6,12000000,4939939,108.0,1996.0,"[{""id"": 35, ""name"": ""Comedy""}]",en,2.993939,5.7,16,Released,Comedy,1,1,0.4116615833333333,16.300417291085605,1.3847779619676275,2.833213344056216
10944,In the Cut,12000000,23,119.0,2003.0,"[{""id"": 9648, ""name"": ""Mystery""}, {""id"": 53, ""name"": ""Thriller""}]",en,10.536092,4.6,89,Released,Mystery,1,1,1.916666666666667e-06,16.300417291085605,2.445480555545467,4.499809670330265
10362,Two Lovers,12000000,3148182,110.0,2008.0,"[{""id"": 18, ""name"": ""Drama""}, {""id"": 10749, ""name"": ""Romance""}]",en,8.290636,6.6,154,Released,Drama,1,1,0.2623485,16.300417291085605,2.229007011192861,5.043425116919247
1255,The Host,11000000,88489643,119.0,2006.0,"[{""id"": 27, ""name"": ""Horror""}, {""id"": 18, ""name"": ""Drama""}, {""id"": 878, ""name"": ""Science Fiction""}]",ko,27.65527,6.7,537,Released,Horror,1,1,8.044513,16.213405921671733,3.355337370398675,6.2878585601617845
179144,The Great Beauty,12400000,8371085,142.0,2013.0,"[{""id"": 35, ""name"": ""Comedy""}, {""id"": 18, ""name"": ""Drama""}]",it,32.523573,7.3,720,Released,Comedy,1,1,0.6750875,16.333207111220425,3.512248863012003,6.580639137284949
86825,Stoker,12000000,12077441,99.0,2013.0,"[{""id"": 18, ""name"": ""Drama""}, {""id"": 27, ""name"": ""Horror""}, {""id"": 53, ""name"": ""Thriller""}]",en,27.322212,6.5,882,Released,Drama,1,1,1.0064534166666668,16.300417291085605,3.343646373119932,6.78332520060396
844,2046,12000000,19271312,129.0,2004.0,"[{""id"": 14, ""name"": ""Fantasy""}, {""id"": 18, ""name"": ""Drama""}, {""id"": 878, ""name"": ""Science Fiction""}, {""id"": 10749, ""name"": ""Romance""}]",zh,12.664787,6.9,206,Released,Fantasy,1,1,1.6059426666666667,16.300417291085605,2.6148222319918086,5.332718793265369
38448,Ondine,12000000,1644755,111.0,2009.0,"[{""id"": 18, ""name"": ""Drama""}, {""id"": 10749, ""name"": ""Romance""}]",en,5.841285,6.5,84,Released,Drama,1,1,0.1370629166666666,16.300417291085605,1.9229755794870225,4.442651256490317
327,Brother,12000000,15250000,114.0,2000.0,"[{""id"": 80, ""name"": ""Crime""}, {""id"": 18, ""name"": ""Drama""}, {""id"": 53, ""name"": ""Thriller""}]",ja,5.327714,6.8,107,Released,Crime,1,1,1.2708333333333333,16.300417291085605,1.8449390334894968,4.68213122712422
21345,City of Life and Death,12000000,10652498,132.0,2009.0,"[{""id"": 18, ""name"": ""Drama""}, {""id"": 36, ""name"": ""History""}, {""id"": 10752, ""name"": ""War""}]",zh,4.793348,7.6,55,Released,Drama,1,1,0.8877081666666666,16.300417291085605,1.7567103628115013,4.02535169073515
173931,Legend of a Rabbit,19000000,2570000,89.0,2011.0,"[{""id"": 16, ""name"": ""Animation""}, {""id"": 10751, ""name"": ""Family""}, {""id"": 28, ""name"": ""Action""}, {""id"": 12, ""name"": ""Adventure""}, {""id"": 35, ""name"": ""Comedy""}]",zh,0.738652,3.0,3,Released,Animation,1,1,0.1352631578947368,16.759949589762293,0.5531101003378402,1.3862943611198906
61984,Space Battleship Yamato,12000000,11212294,131.0,2010.0,"[{""id"": 878, ""name"": ""Science Fiction""}]",ja,5.158067,6.3,59,Released,Science Fiction,1,1,0.9343578333333332,16.300417291085605,1.817762929599015,4.0943445622221
50601,5 Days of War,20000000,17479,113.0,2011.0,"[{""id"": 10752, ""name"": ""War""}, {""id"": 18, ""name"": ""Drama""}]",en,5.727602,5.8,62,Released,War,1,1,0.00087395,16.811242881518265,1.9062187651539315,4.143134726391533
236751,Heaven is for Real,12000000,101332962,99.0,2014.0,"[{""id"": 18, ""name"": ""Drama""}]",en,11.150261,6.0,229,Released,Drama,1,1,8.4444135,16.300417291085605,2.497350651037315,5.438079308923196
107,Snatch,10000000,83557872,103.0,2000.0,"[{""id"": 53, ""name"": ""Thriller""}, {""id"": 80, ""name"": ""Crime""}]",en,53.595686,7.7,2912,Released,Thriller,1,1,8.3557872,16.118095750958314,3.999954868640316,7.976938756959434
8913,Pet Sematary,11500000,57469467,103.0,1989.0,"[{""id"": 18, ""name"": ""Drama""}, {""id"": 27, ""name"": ""Horror""}]",en,20.747994,6.4,407,Released,Drama,1,1,4.997344956521739,16.257857680289998,3.079521523396198,6.0112671744041615
927,Gremlins,11000000,153083102,106.0,1984.0,"[{""id"": 14, ""name"": ""Fantasy""}, {""id"": 27, ""name"": ""Horror""}, {""id"": 35, ""name"": ""Comedy""}]",en,45.072136,6.9,1596,Released,Fantasy,1,1,13.916645636363636,16.213405921671733,3.830208342101386,7.3758821482150125
11,Star Wars,11000000,775398007,121.0,1977.0,"[{""id"": 12, ""name"": ""Adventure""}, {""id"": 28, ""name"": ""Action""}, {""id"": 878, ""name"": ""Science Fiction""}]",en,126.393695,8.1,6624,Released,Adventure,1,1,70.49072790909091,16.213405921671733,4.847282252117484,8.798605650854423
291870,Dirty Grandpa,11500000,94073028,102.0,2016.0,"[{""id"": 35, ""name"": ""Comedy""}]",en,56.805781,5.7,1406,Released,Comedy,1,1,8.180263304347825,16.257857680289998,4.057088787977973,7.249215057114389
907,Doctor Zhivago,11000000,111858363,197.0,1965.0,"[{""id"": 18, ""name"": ""Drama""}, {""id"": 10749, ""name"": ""Romance""}, {""id"": 10752, ""name"": ""War""}]",en,12.854853,7.4,247,Released,Drama,1,1,10.168942090909091,16.213405921671733,2.6286355683705294,5.5134287461649825
45317,The Fighter,25000000,93617009,116.0,2010.0,"[{""id"": 18, ""name"": ""Drama""}]",en,31.019381,7.2,1486,Released,Drama,1,1,3.74468036,17.034386422832473,3.466341375714002,7.304515946460155
12094,Jackass Number Two,11000000,72778712,95.0,2006.0,"[{""id"": 28, ""name"": ""Action""}, {""id"": 35, ""name"": ""Comedy""}, {""id"": 99, ""name"": ""Documentary""}]",en,11.227087,6.4,298,Released,Action,1,1,6.616246545454546,16.213405921671733,2.503653736537082,5.700443573390686
10377,My Cousin Vinny,11000000,64088552,120.0,1992.0,"[{""id"": 35, ""name"": ""Comedy""}, {""id"": 18, ""name"": ""Drama""}]",en,19.231507,7.3,384,Released,Comedy,1,1,5.826232,16.213405921671733,3.0072411417319067,5.953243334287785
249164,If I Stay,11000000,78874843,106.0,2014.0,"[{""id"": 18, ""name"": ""Drama""}]",en,31.162838,7.3,1368,Released,Drama,1,1,7.170440272727273,16.213405921671733,3.4708116866859493,7.221835825288449
9942,Major League,11000000,49797148,107.0,1989.0,"[{""id"": 35, ""name"": ""Comedy""}]",en,7.559192,6.6,217,Released,Comedy,1,1,4.527013454545455,16.213405921671733,2.1470057931750315,5.384495062789089
1817,Phone Booth,13000000,97837138,81.0,2002.0,"[{""id"": 53, ""name"": ""Thriller""}, {""id"": 18, ""name"": ""Drama""}]",en,38.018085,6.7,1062,Released,Thriller,1,1,7.525933692307692,16.380459992348886,3.664025256594423,6.968850378341948
10229,A Walk to Remember,11000000,41227069,101.0,2002.0,"[{""id"": 18, ""name"": ""Drama""}, {""id"": 10749, ""name"": ""Romance""}]",en,33.283554,7.5,1018,Released,Drama,1,1,3.747915363636364,16.213405921671733,3.534665763968236,6.926577033222725
687,Dead Man Walking,11000000,39363635,122.0,1995.0,"[{""id"": 18, ""name"": ""Drama""}]",en,15.864928,7.3,337,Released,Drama,1,1,3.5785122727272727,16.213405921671733,2.82523619930794,5.823045895483019
796,Cruel Intentions,10500000,75902208,97.0,1999.0,"[{""id"": 18, ""name"": ""Drama""}, {""id"": 10749, ""name"": ""Romance""}, {""id"": 53, ""name"": ""Thriller""}]",en,23.449703,6.6,827,Released,Drama,1,1,7.228781714285715,16.166885910365842,3.196618068607839,6.71901315438526
22804,Saw VI,11000000,68233629,90.0,2009.0,"[{""id"": 27, ""name"": ""Horror""}, {""id"": 9648, ""name"": ""Mystery""}]",en,31.900899,6.0,722,Released,Horror,1,1,6.203057181818182,16.213405921671733,3.4934999826259623,6.583409222158765
10156,History of the World: Part I,11000000,31672907,92.0,1981.0,"[{""id"": 35, ""name"": ""Comedy""}]",en,14.282314,6.5,204,Released,Comedy,1,1,2.8793551818181817,16.213405921671733,2.7266962120631026,5.3230099791384085
12837,The Secret Life of Bees,11000000,38105395,114.0,2008.0,"[{""id"": 12, ""name"": ""Adventure""}]",en,7.645979,7.4,158,Released,Adventure,1,1,3.464126818181818,16.213405921671733,2.157094357373649,5.0689042022202315
17708,Corky Romano,11000000,23978402,86.0,2001.0,"[{""id"": 28, ""name"": ""Action""}, {""id"": 35, ""name"": ""Comedy""}, {""id"": 80, ""name"": ""Crime""}]",en,3.495758,4.1,54,Released,Action,1,1,2.179854727272727,16.213405921671733,1.5031342855199634,4.007333185232471
13937,Raising Cain,12000000,37170057,91.0,1992.0,"[{""id"": 18, ""name"": ""Drama""}, {""id"": 27, ""name"": ""Horror""}, {""id"": 53, ""name"": ""Thriller""}, {""id"": 80, ""name"": ""Crime""}]",en,7.558959,5.9,65,Released,Drama,1,1,3.09750475,16.300417291085605,2.146978570608761,4.189654742026425
28932,F.I.S.T.,11,11,145.0,1978.0,"[{""id"": 18, ""name"": ""Drama""}, {""id"": 28, ""name"": ""Action""}]",en,3.375208,6.4,29,Released,Drama,1,1,1.0,2.4849066497880004,1.475954061536595,3.4011973816621555
31909,Invaders from Mars,12000000,4884663,100.0,1986.0,"[{""id"": 878, ""name"": ""Science Fiction""}]",en,4.234269,5.5,57,Released,Science Fiction,1,1,0.40705525,16.300417291085605,1.6552271975140769,4.060443010546419
167073,Brooklyn,11000000,62076141,111.0,2015.0,"[{""id"": 18, ""name"": ""Drama""}, {""id"": 10749, ""name"": ""Romance""}]",en,39.337949,7.2,1213,Released,Drama,1,1,5.643285545454545,16.213405921671733,3.69729268839763,7.101675971619444
3175,Barry Lyndon,11000000,20000000,184.0,1975.0,"[{""id"": 18, ""name"": ""Drama""}, {""id"": 10749, ""name"": ""Romance""}, {""id"": 10752, ""name"": ""War""}]",en,29.543331,7.7,505,Released,Drama,1,1,1.818181818181818,16.213405921671733,3.419146363914815,6.226536669287466
14369,Out Cold,24000000,14782676,89.0,2001.0,"[{""id"": 35, ""name"": ""Comedy""}]",en,4.12064,5.8,53,Released,Comedy,1,1,0.6159448333333334,16.993564429978885,1.6332794312395673,3.9889840465642745
16888,The Ladies Man,24000000,13700000,84.0,2000.0,"[{""id"": 35, ""name"": ""Comedy""}]",en,2.259537,5.7,34,Released,Comedy,1,1,0.5708333333333333,16.993564429978885,1.181585160752299,3.5553480614894135
121826,Quartet,11000000,59520298,98.0,2012.0,"[{""id"": 18, ""name"": ""Drama""}, {""id"": 35, ""name"": ""Comedy""}, {""id"": 10749, ""name"": ""Romance""}]",en,7.722021,6.3,139,Released,Drama,1,1,5.410936181818182,16.213405921671733,2.165850977122331,4.941642422609304
10646,Tomcats,11000000,23430766,95.0,2001.0,"[{""id"": 35, ""name"": ""Comedy""}, {""id"": 10749, ""name"": ""Romance""}]",en,7.063053,4.9,74,Released,Comedy,1,1,2.130069636363636,16.213405921671733,2.0872922689170497,4.31748811353631
12149,Frailty,11000000,13110448,100.0,2001.0,"[{""id"": 18, ""name"": ""Drama""}, {""id"": 53, ""name"": ""Thriller""}, {""id"": 80, ""name"": ""Crime""}]",en,16.003958,7.0,334,Released,Drama,1,1,1.191858909090909,16.213405921671733,2.833446140486436,5.814130531825066
304357,Woman in Gold,11000000,61619773,120.0,2015.0,"[{""id"": 18, ""name"": ""Drama""}]",en,21.204929,7.3,440,Released,Drama,1,1,5.601797545454546,16.213405921671733,3.1003142912609083,6.089044875446846
20009,Slackers,14000000,6413915,86.0,2002.0,"[{""id"": 35, ""name"": ""Comedy""}, {""id"": 10749, ""name"": ""Romance""}]",en,9.371811,5.4,60,Released,Comedy,1,1,0.4581367857142857,16.454567959008102,2.3390916453738715,4.110873864173311
1587,What's Eating Gilbert Grape,11000000,30000000,118.0,1993.0,"[{""id"": 10749, ""name"": ""Romance""}, {""id"": 18, ""name"": ""Drama""}]",en,33.282794,7.5,919,Released,Romance,1,1,2.727272727272727,16.213405921671733,3.5346435956590816,6.824373670043086
30973,The Visual Bible: The Gospel of John,10000000,4069090,125.0,2003.0,"[{""id"": 18, ""name"": ""Drama""}, {""id"": 36, ""name"": ""History""}]",en,3.208172,8.2,12,Released,Drama,1,1,0.406909,16.118095750958314,1.4370283491247828,2.5649493574615367
63020,The Perez Family,11000000,2832826,113.0,1995.0,"[{""id"": 35, ""name"": ""Comedy""}, {""id"": 18, ""name"": ""Drama""}, {""id"": 10749, ""name"": ""Romance""}]",en,1.187671,6.6,9,Released,Comedy,1,1,0.2575296363636363,16.213405921671733,0.782837507622977,2.302585092994046
86829,Inside Llewyn Davis,11000000,32935319,105.0,2013.0,"[{""id"": 18, ""name"": ""Drama""}, {""id"": 10402, ""name"": ""Music""}]",en,36.319205,7.2,834,Released,Drama,1,1,2.994119909090909,16.213405921671733,3.619508073501443,6.727431724850855
13888,Return to the Blue Lagoon,11000000,2807854,98.0,1991.0,"[{""id"": 18, ""name"": ""Drama""}, {""id"": 12, ""name"": ""Adventure""}, {""id"": 10749, ""name"": ""Romance""}]",en,9.705589,5.1,153,Released,Drama,1,1,0.2552594545454545,16.213405921671733,2.370765941546261,5.0369526024136295
42345,The Molly Maguires,11000000,2200000,124.0,1970.0,"[{""id"": 18, ""name"": ""Drama""}, {""id"": 36, ""name"": ""History""}]",en,1.396985,5.9,16,Released,Drama,1,1,0.2,16.213405921671733,0.8742116976103892,2.833213344056216
11917,Saw V,10800000,113857533,92.0,2008.0,"[{""id"": 27, ""name"": ""Horror""}, {""id"": 53, ""name"": ""Thriller""}, {""id"": 80, ""name"": ""Crime""}]",en,32.943848,5.9,820,Released,Horror,1,1,10.542364166666667,16.195056784687036,3.5247076299262927,6.710523109452428
14395,Kabhi Alvida Naa Kehna,7400000,17000000,193.0,2006.0,"[{""id"": 18, ""name"": ""Drama""}, {""id"": 10749, ""name"": ""Romance""}]",hi,3.246903,6.1,42,Released,Drama,1,1,2.2972972972972974,15.816990693309524,1.4461900114187867,3.7612001156935624
24137,An Ideal Husband,14000000,18535191,97.0,1999.0,"[{""id"": 18, ""name"": ""Drama""}, {""id"": 35, ""name"": ""Comedy""}, {""id"": 10749, ""name"": ""Romance""}]",en,4.519523,6.3,46,Released,Drama,1,1,1.3239422142857142,16.454567959008102,1.7082914435117036,3.8501476017100584
62,2001: A Space Odyssey,10500000,68700000,149.0,1968.0,"[{""id"": 878, ""name"": ""Science Fiction""}, {""id"": 9648, ""name"": ""Mystery""}, {""id"": 12, ""name"": ""Adventure""}]",en,86.201184,7.9,2998,Released,Science Fiction,1,1,6.542857142857143,16.166885910365842,4.468217908804405,8.00603417874901
601,E.T. the Extra-Terrestrial,10500000,792910554,115.0,1982.0,"[{""id"": 878, ""name"": ""Science Fiction""}, {""id"": 12, ""name"": ""Adventure""}, {""id"": 10751, ""name"": ""Family""}, {""id"": 14, ""name"": ""Fantasy""}]",en,56.105798,7.3,3269,Released,Science Fiction,1,1,75.51529085714286,16.166885910365842,4.0449056526628775,8.0925452638913
13067,In the Land of Women,10000000,17500000,97.0,2007.0,"[{""id"": 10749, ""name"": ""Romance""}, {""id"": 35, ""name"": ""Comedy""}, {""id"": 18, ""name"": ""Drama""}]",en,12.792446,5.8,160,Released,Romance,1,1,1.75,16.118095750958314,2.6241210509854955,5.081404364984463
88641,There Goes My Baby,10500000,123509,99.0,1994.0,"[{""id"": 18, ""name"": ""Drama""}, {""id"": 35, ""name"": ""Comedy""}]",en,0.037073,8.5,2,Released,Drama,1,1,0.0117627619047619,16.166885910365842,0.036402322141015665,1.0986122886681096
96399,For Greater Glory - The True Story of Cristiada,12000000,9622846,145.0,2012.0,"[{""id"": 36, ""name"": ""History""}, {""id"": 18, ""name"": ""Drama""}]",en,5.759545,6.4,35,Released,History,1,1,0.8019038333333334,16.300417291085605,1.9109555800973006,3.58351893845611
489,Good Will Hunting,10000000,225933435,126.0,1997.0,"[{""id"": 18, ""name"": ""Drama""}]",en,43.734886,7.9,2811,Released,Drama,1,1,22.5933435,16.118095750958314,3.8007536446560866,7.941651252930556
214,Saw III,10000000,163876815,108.0,2006.0,"[{""id"": 27, ""name"": ""Horror""}, {""id"": 53, ""name"": ""Thriller""}, {""id"": 80, ""name"": ""Crime""}]",en,33.124871,6.1,1071,Released,Horror,1,1,16.3876815,16.118095750958314,3.5300264732781983,6.977281341630747
10890,Stripes,10000000,85300000,106.0,1981.0,"[{""id"": 28, ""name"": ""Action""}, {""id"": 35, ""name"": ""Comedy""}]",en,10.892398,6.5,249,Released,Action,1,1,8.53,16.118095750958314,2.4758993724533793,5.521460917862246
1588,Bring It On,28000000,90449929,98.0,2000.0,"[{""id"": 35, ""name"": ""Comedy""}]",en,14.754281,5.8,568,Released,Comedy,1,1,3.230354607142857,17.147715103853763,2.7571121378619354,6.343880434126331
316727,The Purge: Election Year,10000000,118587880,105.0,2016.0,"[{""id"": 28, ""name"": ""Action""}, {""id"": 27, ""name"": ""Horror""}, {""id"": 53, ""name"": ""Thriller""}]",en,53.727146,6.1,1306,Released,Action,1,1,11.858788,16.118095750958314,4.002359856893151,7.175489713624222
10314,She's All That,10000000,103166989,95.0,1999.0,"[{""id"": 35, ""name"": ""Comedy""}, {""id"": 10749, ""name"": ""Romance""}]",en,8.9876,5.7,418,Released,Comedy,1,1,10.3166989,16.118095750958314,2.3013443235579127,6.037870919922137
663,Saw IV,10000000,139352633,93.0,2007.0,"[{""id"": 27, ""name"": ""Horror""}, {""id"": 53, ""name"": ""Thriller""}, {""id"": 80, ""name"": ""Crime""}]",en,29.244768,5.9,903,Released,Horror,1,1,13.9352633,16.118095750958314,3.4093232108400877,6.806829360392176
11804,White Noise,10000000,91196419,101.0,2005.0,"[{""id"": 18, ""name"": ""Drama""}, {""id"": 27, ""name"": ""Horror""}, {""id"": 53, ""name"": ""Thriller""}]",en,14.447723,5.6,261,Released,Drama,1,1,9.1196419,16.118095750958314,2.7374616138416785,5.568344503761097
16781,Madea's Family Reunion,6000000,57231524,110.0,2006.0,"[{""id"": 18, ""name"": ""Drama""}, {""id"": 35, ""name"": ""Comedy""}, {""id"": 10749, ""name"": ""Romance""}]",en,5.882208,6.0,77,Released,Drama,1,1,9.538587333333334,15.607270193858982,1.9289395306907189,4.356708826689592
11873,The Color of Money,13800000,52293982,119.0,1986.0,"[{""id"": 18, ""name"": ""Drama""}]",en,17.3393,6.7,291,Released,Drama,1,1,3.7894189855072464,16.440179222591198,2.9090462981609733,5.676753802268282
9289,The Longest Day,10000000,50100000,178.0,1962.0,"[{""id"": 28, ""name"": ""Action""}, {""id"": 18, ""name"": ""Drama""}, {""id"": 36, ""name"": ""History""}, {""id"": 10752, ""name"": ""War""}]",en,19.524972,7.2,234,Released,Action,1,1,5.01,16.118095750958314,3.021642291147549,5.459585514144159
10414,The Mighty Ducks,10000000,50752337,101.0,1992.0,"[{""id"": 35, ""name"": ""Comedy""}, {""id"": 10751, ""name"": ""Family""}]",en,8.932837,6.4,198,Released,Comedy,1,1,5.0752337,16.118095750958314,2.2958461371519316,5.293304824724492
1970,The Grudge,10000000,183474602,92.0,2004.0,"[{""id"": 27, ""name"": ""Horror""}, {""id"": 9648, ""name"": ""Mystery""}, {""id"": 53, ""name"": ""Thriller""}]",en,35.695442,5.8,865,Released,Horror,1,1,18.3474602,16.118095750958314,3.6026525511622536,6.763884908562435
9614,Happy Gilmore,12000000,41205099,92.0,1996.0,"[{""id"": 35, ""name"": ""Comedy""}]",en,26.598884,6.5,755,Released,Comedy,1,1,3.43375825,16.300417291085605,3.317775337122988,6.628041376179533
8922,Jeepers Creepers,10000000,59217789,90.0,2001.0,"[{""id"": 27, ""name"": ""Horror""}, {""id"": 53, ""name"": ""Thriller""}]",en,23.316208,6.1,720,Released,Horror,1,1,5.9217789,16.118095750958314,3.1911431238883834,6.580639137284949
1648,Bill & Ted's Excellent Adventure,10000000,40485039,90.0,1989.0,"[{""id"": 12, ""name"": ""Adventure""}, {""id"": 35, ""name"": ""Comedy""}, {""id"": 878, ""name"": ""Science Fiction""}]",en,25.929893,6.7,454,Released,Adventure,1,1,4.0485039,16.118095750958314,3.2932369335515963,6.12029741895095
17917,Oliver!,10000000,37402877,153.0,1968.0,"[{""id"": 18, ""name"": ""Drama""}, {""id"": 10751, ""name"": ""Family""}, {""id"": 10402, ""name"": ""Music""}]",en,8.305998,7.0,103,Released,Drama,1,1,3.7402877,16.118095750958314,2.2306591385073253,4.6443908991413725
74534,The Best Exotic Marigold Hotel,10000000,136836156,124.0,2011.0,"[{""id"": 18, ""name"": ""Drama""}, {""id"": 35, ""name"": ""Comedy""}]",en,21.258991,6.9,459,Released,Drama,1,1,13.6836156,16.118095750958314,3.1027460168775587,6.131226489483141
19405,Recess: School's Out,10000000,44460850,83.0,2001.0,"[{""id"": 878, ""name"": ""Science Fiction""}, {""id"": 16, ""name"": ""Animation""}, {""id"": 35, ""name"": ""Comedy""}, {""id"": 10751, ""name"": ""Family""}]",en,5.699058,6.6,67,Released,Science Fiction,1,1,4.446085,16.118095750958314,1.9019669194973081,4.219507705176107
9355,Mad Max Beyond Thunderdome,12305523,36230219,107.0,1985.0,"[{""id"": 28, ""name"": ""Action""}, {""id"": 12, ""name"": ""Adventure""}, {""id"": 878, ""name"": ""Science Fiction""}]",en,36.582038,5.9,748,Released,Action,1,1,2.9442242316722336,16.325558825215925,3.6265262234887956,6.618738983517219
10999,Commando,10000000,57500000,90.0,1985.0,"[{""id"": 28, ""name"": ""Action""}, {""id"": 12, ""name"": ""Adventure""}, {""id"": 53, ""name"": ""Thriller""}]",en,34.224204,6.4,742,Released,Action,1,1,5.75,16.118095750958314,3.5617334599424737,6.610696044717759
321258,The Boy,10000000,64188367,97.0,2016.0,"[{""id"": 27, ""name"": ""Horror""}, {""id"": 9648, ""name"": ""Mystery""}, {""id"": 53, ""name"": ""Thriller""}]",en,38.179483,5.8,1102,Released,Horror,1,1,6.4188367,16.118095750958314,3.668153216921421,7.005789019253503
44040,Devil,10000000,33583175,80.0,2010.0,"[{""id"": 27, ""name"": ""Horror""}, {""id"": 9648, ""name"": ""Mystery""}, {""id"": 53, ""name"": ""Thriller""}]",en,30.934688,5.8,816,Released,Horror,1,1,3.3583175,16.118095750958314,3.4636928171208297,6.705639094860003
10426,Friday After Next,20000000,33526835,85.0,2002.0,"[{""id"": 35, ""name"": ""Comedy""}]",en,7.499639,6.0,100,Released,Comedy,1,1,1.67634175,16.811242881518265,2.1400236920061344,4.61512051684126
280092,Insidious: Chapter 3,10000000,104303851,97.0,2015.0,"[{""id"": 18, ""name"": ""Drama""}, {""id"": 27, ""name"": ""Horror""}, {""id"": 53, ""name"": ""Thriller""}]",en,45.946524,6.2,983,Released,Drama,1,1,10.4303851,16.118095750958314,3.849009166704724,6.891625897052253
13938,The Last Dragon,10000000,25754284,108.0,1985.0,"[{""id"": 28, ""name"": ""Action""}, {""id"": 12, ""name"": ""Adventure""}, {""id"": 35, ""name"": ""Comedy""}]",en,4.928777,6.4,69,Released,Action,1,1,2.5754284,16.118095750958314,1.779817952278981,4.248495242049359
10163,The Lawnmower Man,10000000,32101000,108.0,1992.0,"[{""id"": 27, ""name"": ""Horror""}, {""id"": 53, ""name"": ""Thriller""}, {""id"": 878, ""name"": ""Science Fiction""}]",en,10.125029,5.4,197,Released,Horror,1,1,3.2101,16.118095750958314,2.4091974347904794,5.288267030694535
12182,Nick and Norah's Infinite Playlist,9000000,32973937,89.0,2008.0,"[{""id"": 35, ""name"": ""Comedy""}, {""id"": 10402, ""name"": ""Music""}, {""id"": 10749, ""name"": ""Romance""}]",en,20.452449,6.4,379,Released,Comedy,1,1,3.6637707777777777,16.012735246411598,3.0658388113510155,5.940171252720432
1832,Dogma,10000000,30652890,130.0,1999.0,"[{""id"": 14, ""name"": ""Fantasy""}, {""id"": 35, ""name"": ""Comedy""}, {""id"": 12, ""name"": ""Adventure""}]",en,14.543435,6.8,823,Released,Fantasy,1,1,3.065289,16.118095750958314,2.7436383629842562,6.714170529909472
15301,Twilight Zone: The Movie,10000000,29450919,101.0,1983.0,"[{""id"": 18, ""name"": ""Drama""}, {""id"": 14, ""name"": ""Fantasy""}, {""id"": 27, ""name"": ""Horror""}, {""id"": 878, ""name"": ""Science Fiction""}, {""id"": 53, ""name"": ""Thriller""}]",en,12.902975,6.2,161,Released,Drama,1,1,2.9450919,16.118095750958314,2.6321028460127334,5.087596335232384
10135,Road House,15000000,30050028,114.0,1989.0,"[{""id"": 28, ""name"": ""Action""}, {""id"": 53, ""name"": ""Thriller""}]",en,6.216203,6.3,252,Released,Action,1,1,2.0033352,16.52356082573315,1.9763289142936737,5.53338948872752
26352,A Low Down Dirty Shame,10000000,29392418,100.0,1994.0,"[{""id"": 28, ""name"": ""Action""}, {""id"": 35, ""name"": ""Comedy""}, {""id"": 80, ""name"": ""Crime""}]",en,3.290639,6.0,31,Released,Action,1,1,2.9392418,16.118095750958314,1.4564356728967707,3.4657359027997265
20616,Swimfan,8500000,34411240,84.0,2002.0,"[{""id"": 18, ""name"": ""Drama""}, {""id"": 53, ""name"": ""Thriller""}]",en,4.844451,5.0,70,Released,Drama,1,1,4.048381176470588,15.955576839107596,1.7654926640798196,4.2626798770413155
9794,Employee of the Month,12000000,38368909,103.0,2006.0,"[{""id"": 35, ""name"": ""Comedy""}, {""id"": 10749, ""name"": ""Romance""}]",en,9.559737,5.3,153,Released,Comedy,1,1,3.197409083333333,16.300417291085605,2.357048372664943,5.0369526024136295
15037,Can't Hardly Wait,10000000,25605015,100.0,1998.0,"[{""id"": 35, ""name"": ""Comedy""}, {""id"": 18, ""name"": ""Drama""}, {""id"": 10749, ""name"": ""Romance""}]",en,11.350382,6.1,122,Released,Comedy,1,1,2.5605015,16.118095750958314,2.513686993769716,4.812184355372417
227,The Outsiders,10000000,33697647,91.0,1983.0,"[{""id"": 80, ""name"": ""Crime""}, {""id"": 18, ""name"": ""Drama""}]",en,13.455373,6.9,291,Released,Crime,1,1,3.3697647,16.118095750958314,2.671066179355379,5.676753802268282
294272,Pete's Dragon,65000000,143695338,102.0,2016.0,"[{""id"": 12, ""name"": ""Adventure""}, {""id"": 10751, ""name"": ""Family""}, {""id"": 14, ""name"": ""Fantasy""}]",en,31.974359,6.2,679,Released,Adventure,1,1,2.210697507692308,17.989897843244528,3.4957302594455233,6.522092798170152
11336,The Dead Zone,10000000,20766616,103.0,1983.0,"[{""id"": 27, ""name"": ""Horror""}, {""id"": 878, ""name"": ""Science Fiction""}, {""id"": 53, ""name"": ""Thriller""}]",en,16.78512,6.9,311,Released,Horror,1,1,2.0766616,16.118095750958314,2.8783621526365817,5.7430031878094825
283445,Sinister 2,10000000,52882018,97.0,2015.0,"[{""id"": 27, ""name"": ""Horror""}]",en,26.090495,5.4,581,Released,Horror,1,1,5.2882018,16.118095750958314,3.299182928355314,6.366470447731438
88036,Sparkle,14000000,24637469,116.0,2012.0,"[{""id"": 18, ""name"": ""Drama""}, {""id"": 10402, ""name"": ""Music""}]",en,2.698185,5.8,36,Released,Drama,1,1,1.7598192142857143,16.454567959008102,1.3078421587552664,3.6109179126442243
22824,The Fourth Kind,10000000,42333295,98.0,2009.0,"[{""id"": 9648, ""name"": ""Mystery""}, {""id"": 878, ""name"": ""Science Fiction""}, {""id"": 53, ""name"": ""Thriller""}]",en,22.888173,5.8,441,Released,Mystery,1,1,4.2333295,16.118095750958314,3.17338348290055,6.091309882077698
11545,Rushmore,9000000,17096053,93.0,1998.0,"[{""id"": 35, ""name"": ""Comedy""}, {""id"": 18, ""name"": ""Drama""}]",en,18.289303,7.5,676,Released,Comedy,1,1,1.8995614444444444,16.012735246411598,2.9595506935535862,6.517671272912275
42684,Skyline,10000000,66821036,100.0,2010.0,"[{""id"": 878, ""name"": ""Science Fiction""}]",en,26.268209,4.7,507,Released,Science Fiction,1,1,6.6821036,16.118095750958314,3.30572151813304,6.230481447578482
268238,The Second Best Exotic Marigold Hotel,10000000,85978266,122.0,2015.0,"[{""id"": 18, ""name"": ""Drama""}, {""id"": 35, ""name"": ""Comedy""}]",en,17.592299,6.3,272,Released,Drama,1,1,8.5978266,16.118095750958314,2.92274746272607,5.60947179518496
41823,Mo' Better Blues,10000000,16153593,129.0,1990.0,"[{""id"": 18, ""name"": ""Drama""}, {""id"": 10749, ""name"": ""Romance""}]",en,3.079862,6.3,47,Released,Drama,1,1,1.6153593,16.118095750958314,1.40606316431463,3.8712010109078907
9362,Tremors,11000000,48572000,96.0,1990.0,"[{""id"": 28, ""name"": ""Action""}, {""id"": 27, ""name"": ""Horror""}]",en,32.579697,6.6,864,Released,Action,1,1,4.415636363636364,16.213405921671733,3.513921628380573,6.762729506931879
9902,Wrong Turn,12600000,28650575,84.0,2003.0,"[{""id"": 27, ""name"": ""Horror""}, {""id"": 53, ""name"": ""Thriller""}]",en,33.555764,6.0,635,Released,Horror,1,1,2.2738551587301585,16.349207451286784,3.5425743669791623,6.455198563340122
14729,The Long Riders,10000000,15795189,99.0,1980.0,"[{""id"": 37, ""name"": ""Western""}, {""id"": 36, ""name"": ""History""}]",en,2.959547,6.6,50,Released,Western,1,1,1.5795189,16.118095750958314,1.3761296247835095,3.9318256327243257
9455,The Corruptor,25000000,15156200,110.0,1999.0,"[{""id"": 28, ""name"": ""Action""}, {""id"": 80, ""name"": ""Crime""}, {""id"": 9648, ""name"": ""Mystery""}, {""id"": 53, ""name"": ""Thriller""}]",en,4.068107,6.0,57,Released,Action,1,1,0.606248,17.034386422832473,1.6229673751010547,4.060443010546419
103731,Mud,10000000,21587700,130.0,2013.0,"[{""id"": 18, ""name"": ""Drama""}]",en,17.663353,7.0,1068,Released,Drama,1,1,2.15877,16.118095750958314,2.926561868451737,6.974478911025045
10090,Reno 911!: Miami,10000000,20342161,84.0,2007.0,"[{""id"": 28, ""name"": ""Action""}, {""id"": 12, ""name"": ""Adventure""}, {""id"": 35, ""name"": ""Comedy""}, {""id"": 80, ""name"": ""Crime""}]",en,4.207456,5.6,72,Released,Action,1,1,2.0342161,16.118095750958314,1.6500914447653976,4.290459441148391
75900,My Week with Marilyn,6400000,35057696,99.0,2011.0,"[{""id"": 18, ""name"": ""Drama""}]",en,21.006078,6.6,406,Released,Drama,1,1,5.477765,15.671808704579888,3.091318687929306,6.008813185442595
9515,The Matador,10000000,17297244,96.0,2005.0,"[{""id"": 28, ""name"": ""Action""}, {""id"": 35, ""name"": ""Comedy""}, {""id"": 80, ""name"": ""Crime""}, {""id"": 18, ""name"": ""Drama""}, {""id"": 53, ""name"": ""Thriller""}]",en,5.647538,6.2,136,Released,Action,1,1,1.7297244,16.118095750958314,1.8942465605534489,4.919980925828125
328425,The Gift,5000000,58978653,108.0,2015.0,"[{""id"": 53, ""name"": ""Thriller""}, {""id"": 9648, ""name"": ""Mystery""}]",en,27.247013,6.7,1049,Released,Thriller,1,1,11.7957306,15.424948670398354,3.340987717488888,6.956545443151569
1542,Office Space,10000000,12827813,89.0,1999.0,"[{""id"": 35, ""name"": ""Comedy""}, {""id"": 80, ""name"": ""Crime""}]",en,18.366362,7.4,1050,Released,Comedy,1,1,1.2827813,16.118095750958314,2.9635376435685963,6.957497370876951
10490,Drop Dead Gorgeous,10000000,10571408,98.0,1999.0,"[{""id"": 35, ""name"": ""Comedy""}]",en,6.736274,6.4,86,Released,Comedy,1,1,1.0571408,16.118095750958314,2.0459201763448576,4.465908118654584
87093,Big Eyes,10000000,28883511,105.0,2014.0,"[{""id"": 18, ""name"": ""Drama""}]",en,28.570174,6.8,1196,Released,Drama,1,1,2.8883511,16.118095750958314,3.386766218189312,7.087573705557973
10029,Very Bad Things,30000000,9898412,100.0,1998.0,"[{""id"": 35, ""name"": ""Comedy""}, {""id"": 80, ""name"": ""Crime""}, {""id"": 53, ""name"": ""Thriller""}]",en,5.671691,6.2,179,Released,Comedy,1,1,0.3299470666666667,17.216707972959764,1.8978733510343275,5.19295685089021
11507,Body Double,10000000,8801940,114.0,1984.0,"[{""id"": 80, ""name"": ""Crime""}, {""id"": 9648, ""name"": ""Mystery""}, {""id"": 27, ""name"": ""Horror""}, {""id"": 53, ""name"": ""Thriller""}]",en,9.525626,6.4,137,Released,Crime,1,1,0.880194,16.118095750958314,2.353812855234412,4.927253685157205
37931,MacGruber,10000000,6110000,90.0,2010.0,"[{""id"": 28, ""name"": ""Action""}, {""id"": 12, ""name"": ""Adventure""}, {""id"": 35, ""name"": ""Comedy""}]",en,14.038512,5.1,179,Released,Action,1,1,0.611,16.118095750958314,2.7106143774569755,5.19295685089021
87818,Movie 43,6000000,32438988,90.0,2013.0,"[{""id"": 35, ""name"": ""Comedy""}]",en,35.350303,4.4,797,Released,Comedy,1,1,5.406498,15.607270193858982,3.5932025395706466,6.682108597449809
88005,Seeking a Friend for the End of the World,10000000,9636289,101.0,2012.0,"[{""id"": 35, ""name"": ""Comedy""}, {""id"": 18, ""name"": ""Drama""}, {""id"": 10749, ""name"": ""Romance""}, {""id"": 878, ""name"": ""Science Fiction""}]",en,30.863082,6.3,700,Released,Comedy,1,1,0.9636289,16.118095750958314,3.461448035522074,6.55250788703459
73,American History X,20000000,23875127,119.0,1998.0,"[{""id"": 18, ""name"": ""Drama""}]",en,73.567232,8.2,3016,Released,Drama,1,1,1.19375635,16.811242881518265,4.311701161381711,8.012018239159062
14283,The Red Violin,18000000,9495408,131.0,1998.0,"[{""id"": 18, ""name"": ""Drama""}, {""id"": 53, ""name"": ""Thriller""}, {""id"": 9648, ""name"": ""Mystery""}, {""id"": 10402, ""name"": ""Music""}, {""id"": 10749, ""name"": ""Romance""}]",en,6.18869,7.3,99,Released,Drama,1,1,0.5275226666666667,16.705882371415992,1.9725089576364523,4.605170185988092
209403,Bad Words,9500000,7800000,88.0,2013.0,"[{""id"": 35, ""name"": ""Comedy""}]",en,14.105392,6.4,334,Released,Comedy,1,1,0.8210526315789474,16.066802461833923,2.7150517661735285,5.814130531825066
7942,"Run, Fatboy, Run",10000000,33000000,100.0,2007.0,"[{""id"": 35, ""name"": ""Comedy""}, {""id"": 10749, ""name"": ""Romance""}]",en,14.905357,6.2,238,Released,Comedy,1,1,3.3,16.118095750958314,2.766655970720975,5.476463551931511
73247,Heartbeeps,10000000,2154696,79.0,1981.0,"[{""id"": 35, ""name"": ""Comedy""}, {""id"": 10749, ""name"": ""Romance""}, {""id"": 10751, ""name"": ""Family""}]",en,0.518056,3.8,6,Released,Comedy,1,1,0.2154696,16.118095750958314,0.4174305689385813,1.9459101490553132
253331,Black or White,9000000,21571189,121.0,2014.0,"[{""id"": 18, ""name"": ""Drama""}]",en,12.172131,6.5,115,Released,Drama,1,1,2.3967987777777777,16.012735246411598,2.5781033098032604,4.7535901911063645
9952,Rescue Dawn,10000000,7177143,126.0,2006.0,"[{""id"": 12, ""name"": ""Adventure""}, {""id"": 18, ""name"": ""Drama""}, {""id"": 10752, ""name"": ""War""}]",en,17.078656,6.9,336,Released,Adventure,1,1,0.7177143,16.118095750958314,2.894732015917766,5.820082930352362
256924,Danny Collins,10000000,10835752,107.0,2015.0,"[{""id"": 35, ""name"": ""Comedy""}, {""id"": 18, ""name"": ""Drama""}, {""id"": 10402, ""name"": ""Music""}]",en,16.318608,6.6,183,Released,Comedy,1,1,1.0835752,16.118095750958314,2.851781530389475,5.214935757608986
82532,"Jeff, Who Lives at Home",10000000,4417580,83.0,2011.0,"[{""id"": 18, ""name"": ""Drama""}, {""id"": 35, ""name"": ""Comedy""}]",en,10.409155,6.1,217,Released,Drama,1,1,0.441758,16.118095750958314,2.43441610328757,5.384495062789089
2088,Romeo Is Bleeding,11500000,3275585,100.0,1993.0,"[{""id"": 28, ""name"": ""Action""}, {""id"": 80, ""name"": ""Crime""}, {""id"": 18, ""name"": ""Drama""}, {""id"": 53, ""name"": ""Thriller""}]",en,4.850402,5.7,36,Released,Action,1,1,0.2848334782608696,16.257857680289998,1.766510376831513,3.6109179126442243
10388,The Limey,10000000,3193102,89.0,1999.0,"[{""id"": 28, ""name"": ""Action""}, {""id"": 80, ""name"": ""Crime""}, {""id"": 18, ""name"": ""Drama""}, {""id"": 9648, ""name"": ""Mystery""}, {""id"": 53, ""name"": ""Thriller""}]",en,8.902102,6.6,105,Released,Action,1,1,0.3193102,16.118095750958314,2.29274705783548,4.663439094112067
1640,Crash,6500000,98410061,112.0,2004.0,"[{""id"": 18, ""name"": ""Drama""}]",en,28.223163,7.2,1149,Released,Drama,1,1,15.140009384615384,15.687312888712007,3.374961648239682,7.047517221357296
25520,The House of Mirth,10000000,5164404,140.0,2000.0,"[{""id"": 18, ""name"": ""Drama""}, {""id"": 10749, ""name"": ""Romance""}]",en,3.007816,6.4,25,Released,Drama,1,1,0.5164404,16.118095750958314,1.388246454545118,3.258096538021482
329440,The Forest,10000000,40055439,95.0,2016.0,"[{""id"": 27, ""name"": ""Horror""}, {""id"": 53, ""name"": ""Thriller""}]",en,19.865989,4.8,448,Released,Horror,1,1,4.0055439,16.118095750958314,3.0381205128722466,6.1070228877422545
47890,Sphinx,14000000,439564,118.0,1981.0,"[{""id"": 12, ""name"": ""Adventure""}, {""id"": 9648, ""name"": ""Mystery""}, {""id"": 53, ""name"": ""Thriller""}]",en,0.310513,6.0,2,Released,Adventure,1,1,0.0313974285714285,16.454567959008102,0.27041866361003153,1.0986122886681096
252512,While We're Young,10000000,7587485,97.0,2015.0,"[{""id"": 35, ""name"": ""Comedy""}, {""id"": 18, ""name"": ""Drama""}, {""id"": 9648, ""name"": ""Mystery""}]",en,19.263477,5.8,383,Released,Comedy,1,1,0.7587485,16.118095750958314,3.0088201030492927,5.950642552587727
55720,A Better Life,10000000,1759252,98.0,2011.0,"[{""id"": 18, ""name"": ""Drama""}]",en,4.123533,7.0,54,Released,Drama,1,1,0.1759252,16.118095750958314,1.6338442401464275,4.007333185232471
29076,Gun Shy,10000000,1631839,101.0,2000.0,"[{""id"": 28, ""name"": ""Action""}, {""id"": 35, ""name"": ""Comedy""}, {""id"": 10749, ""name"": ""Romance""}, {""id"": 53, ""name"": ""Thriller""}]",en,3.988432,5.4,24,Released,Action,1,1,0.1631839,16.118095750958314,1.6071216319264072,3.2188758248682006
68812,The Iceman,20000000,1969193,105.0,2012.0,"[{""id"": 53, ""name"": ""Thriller""}, {""id"": 80, ""name"": ""Crime""}, {""id"": 18, ""name"": ""Drama""}]",en,19.494703,6.4,365,Released,Thriller,1,1,0.09845965,16.811242881518265,3.0201664625119493,5.902633333401366
73567,Killer Joe,10000000,3665069,102.0,2011.0,"[{""id"": 80, ""name"": ""Crime""}, {""id"": 18, ""name"": ""Drama""}, {""id"": 53, ""name"": ""Thriller""}]",en,16.436178,6.5,425,Released,Crime,1,1,0.3665069,16.118095750958314,2.858547243087515,6.054439346269371
41479,The Joneses,10000000,7022728,96.0,2009.0,"[{""id"": 35, ""name"": ""Comedy""}, {""id"": 18, ""name"": ""Drama""}]",en,14.979375,6.1,210,Released,Comedy,1,1,0.7022728,16.118095750958314,2.7712988281840216,5.351858133476067
1989,My Blueberry Nights,10000000,21786738,111.0,2007.0,"[{""id"": 18, ""name"": ""Drama""}, {""id"": 10749, ""name"": ""Romance""}]",en,10.733761,6.0,190,Released,Drama,1,1,2.1786738,16.118095750958314,2.462470242135334,5.25227342804663
12779,Swept Away,10000000,598645,89.0,2002.0,"[{""id"": 35, ""name"": ""Comedy""}, {""id"": 10749, ""name"": ""Romance""}]",en,4.570043,4.8,50,Released,Comedy,1,1,0.0598645,16.118095750958314,1.717402773837581,3.9318256327243257
13191,"War, Inc.",5000000,1296184,106.0,2008.0,"[{""id"": 28, ""name"": ""Action""}, {""id"": 12, ""name"": ""Adventure""}, {""id"": 35, ""name"": ""Comedy""}, {""id"": 53, ""name"": ""Thriller""}]",en,6.265659,5.6,86,Released,Action,1,1,0.2592368,15.424948670398354,1.9831590017866279,4.465908118654584
101173,Coriolanus,7700000,1072602,123.0,2011.0,"[{""id"": 18, ""name"": ""Drama""}, {""id"": 53, ""name"": ""Thriller""}]",en,7.554799,5.9,131,Released,Drama,1,1,0.139298961038961,15.856731016694035,2.1464924120359994,4.882801922586371
20178,World's Greatest Dad,10000000,295750,99.0,2009.0,"[{""id"": 35, ""name"": ""Comedy""}, {""id"": 10749, ""name"": ""Romance""}]",en,9.805551,6.5,177,Released,Comedy,1,1,0.029575,16.118095750958314,2.380059983568417,5.181783550292085
78149,"An Alan Smithee Film: Burn, Hollywood, Burn",10000000,45779,86.0,1998.0,"[{""id"": 35, ""name"": ""Comedy""}]",en,0.666218,3.0,9,Released,Comedy,1,1,0.0045779,16.118095750958314,0.5105563875251665,2.302585092994046
245846,Strangerland,10000000,17472,111.0,2015.0,"[{""id"": 18, ""name"": ""Drama""}, {""id"": 53, ""name"": ""Thriller""}]",en,5.145655,5.1,83,Released,Drama,1,1,0.0017472,16.118095750958314,1.8157453280617766,4.430816798843313
25186,Janky Promoters,10000000,9069,85.0,2009.0,"[{""id"": 35, ""name"": ""Comedy""}]",en,1.728816,7.0,5,Released,Comedy,1,1,0.0009069,16.118095750958314,1.0038678154882814,1.791759469228055
217708,Of Horses and Men,10,11,85.0,2013.0,"[{""id"": 18, ""name"": ""Drama""}, {""id"": 10749, ""name"": ""Romance""}, {""id"": 35, ""name"": ""Comedy""}]",is,1.617943,6.9,26,Released,Drama,1,1,1.1,2.3978952727983707,0.9623888949053854,3.295836866004329
78383,Nurse 3-D,10,10000000,99.0,2013.0,"[{""id"": 27, ""name"": ""Horror""}, {""id"": 53, ""name"": ""Thriller""}]",en,10.013629,4.9,119,Released,Horror,1,1,1000000.0,2.3978952727983707,2.399133505871287,4.787491742782046
16614,Adventureland,9500000,17164377,107.0,2009.0,"[{""id"": 35, ""name"": ""Comedy""}]",en,19.978021,6.4,737,Released,Comedy,1,1,1.8067765263157896,16.066802461833923,3.0434752705876287,6.6039438246004725
9700,The Lost City,9600000,4386236,144.0,2005.0,"[{""id"": 18, ""name"": ""Drama""}, {""id"": 10749, ""name"": ""Romance""}]",en,3.588529,6.0,24,Released,Drama,1,1,0.4568995833333333,16.077273760604726,1.5235594934051553,3.2188758248682006
10471,Next Friday,11000000,59827328,98.0,2000.0,"[{""id"": 35, ""name"": ""Comedy""}]",en,9.337388,6.4,135,Released,Comedy,1,1,5.438848,16.213405921671733,2.3357672259501263,4.912654885736052
667,You Only Live Twice,9500000,111584787,117.0,1967.0,"[{""id"": 28, ""name"": ""Action""}, {""id"": 53, ""name"": ""Thriller""}, {""id"": 12, ""name"": ""Adventure""}]",en,28.675891,6.5,531,Released,Action,1,1,11.74576705263158,16.066802461833923,3.3903349653187815,6.2766434893416445
86837,Amour,8900000,19839492,127.0,2012.0,"[{""id"": 18, ""name"": ""Drama""}, {""id"": 10749, ""name"": ""Romance""}]",fr,17.151293,7.5,400,Released,Drama,1,1,2.229156404494382,16.001561947061912,2.8987417978428565,5.993961427306569
10306,Poltergeist III,10500000,14144000,98.0,1988.0,"[{""id"": 27, ""name"": ""Horror""}, {""id"": 53, ""name"": ""Thriller""}]",en,11.225044,4.5,123,Released,Horror,1,1,1.347047619047619,16.166885910365842,2.503486634536463,4.820281565605037
11576,"It's a Mad, Mad, Mad, Mad World",9400000,60000000,163.0,1963.0,"[{""id"": 28, ""name"": ""Action""}, {""id"": 12, ""name"": ""Adventure""}, {""id"": 35, ""name"": ""Comedy""}, {""id"": 80, ""name"": ""Crime""}]",en,14.562991,7.0,140,Released,Action,1,1,6.382978723404255,16.056220353623207,2.7448957239280323,4.948759890378168
219,Volver,12899867,85582407,121.0,2006.0,"[{""id"": 35, ""name"": ""Comedy""}, {""id"": 18, ""name"": ""Drama""}, {""id"": 10749, ""name"": ""Romance""}]",es,19.747809,7.3,406,Released,Comedy,1,1,6.634363517081223,16.372727636721407,3.032440650740207,6.008813185442595
62215,Melancholia,7400000,21817298,136.0,2011.0,"[{""id"": 18, ""name"": ""Drama""}, {""id"": 878, ""name"": ""Science Fiction""}]",da,36.173598,7.0,885,Released,Drama,1,1,2.948283513513513,15.816990693309524,3.6155987781178975,6.786716950605081
348,Alien,11000000,104931801,117.0,1979.0,"[{""id"": 27, ""name"": ""Horror""}, {""id"": 28, ""name"": ""Action""}, {""id"": 53, ""name"": ""Thriller""}, {""id"": 878, ""name"": ""Science Fiction""}]",en,94.184658,7.9,4470,Released,Horror,1,1,9.539254636363635,16.213405921671733,4.555818773348198,8.405367376233981
30497,The Texas Chain Saw Massacre,85000,30859000,83.0,1974.0,"[{""id"": 27, ""name"": ""Horror""}]",en,29.262427,7.2,590,Released,Horror,1,1,363.0470588235294,11.350418300109132,3.409906910034915,6.3818160174060985
27586,The Runaways,10000000,2995811,106.0,2010.0,"[{""id"": 18, ""name"": ""Drama""}, {""id"": 10402, ""name"": ""Music""}]",en,17.611971,6.3,254,Released,Drama,1,1,0.2995811,16.118095750958314,2.9238049758466516,5.541263545158426
14811,Fiddler on the Roof,9000000,83304330,181.0,1971.0,"[{""id"": 18, ""name"": ""Drama""}, {""id"": 10749, ""name"": ""Romance""}]",en,7.623979,7.4,134,Released,Drama,1,1,9.256036666666668,16.012735246411598,2.1545465790987417,4.90527477843843
660,Thunderball,5500000,141195658,130.0,1965.0,"[{""id"": 12, ""name"": ""Adventure""}, {""id"": 28, ""name"": ""Action""}, {""id"": 53, ""name"": ""Thriller""}]",en,31.036,6.5,562,Released,Adventure,1,1,25.671937818181817,15.520258832020865,3.466860270461436,6.333279628139691
40794,Loose Cannons,7000000,8220215,110.0,2010.0,"[{""id"": 35, ""name"": ""Comedy""}, {""id"": 18, ""name"": ""Drama""}, {""id"": 10749, ""name"": ""Romance""}]",it,7.720692,7.0,118,Released,Comedy,1,1,1.1743164285714285,15.76142084987672,2.16569859257039,4.77912349311153
9400,Set It Off,9000000,41590886,118.0,1996.0,"[{""id"": 18, ""name"": ""Drama""}, {""id"": 28, ""name"": ""Action""}, {""id"": 80, ""name"": ""Crime""}]",en,6.717994,6.9,66,Released,Drama,1,1,4.621209555555556,16.012735246411598,2.0435544857116525,4.204692619390966
16162,The Best Man,9000000,34573780,120.0,1999.0,"[{""id"": 18, ""name"": ""Drama""}, {""id"": 35, ""name"": ""Comedy""}]",en,3.951041,6.8,38,Released,Drama,1,1,3.8415311111111112,16.012735246411598,1.5995978575003196,3.6635616461296463
10585,Child's Play,9000000,44196684,87.0,1988.0,"[{""id"": 27, ""name"": ""Horror""}, {""id"": 53, ""name"": ""Thriller""}]",en,27.600843,6.3,581,Released,Horror,1,1,4.910742666666667,16.012735246411598,3.3534361929158876,6.366470447731438
2359,Sicko,9000000,24538513,123.0,2007.0,"[{""id"": 99, ""name"": ""Documentary""}]",en,14.098952,7.3,235,Released,Documentary,1,1,2.7265014444444446,16.012735246411598,2.7146253374388016,5.4638318050256105
238636,The Purge: Anarchy,9000000,108782847,104.0,2014.0,"[{""id"": 27, ""name"": ""Horror""}, {""id"": 53, ""name"": ""Thriller""}]",en,82.975841,6.6,1954,Released,Horror,1,1,12.086983,16.012735246411598,4.430529150333591,7.578145472419466
11282,Harold & Kumar Go to White Castle,9000000,23936908,88.0,2004.0,"[{""id"": 35, ""name"": ""Comedy""}, {""id"": 12, ""name"": ""Adventure""}]",en,18.514292,6.6,693,Released,Comedy,1,1,2.6596564444444444,16.012735246411598,2.97114712018967,6.542471960506805
14181,Boiler Room,26000000,28780255,118.0,2000.0,"[{""id"": 80, ""name"": ""Crime""}, {""id"": 18, ""name"": ""Drama""}, {""id"": 53, ""name"": ""Thriller""}]",en,11.233081,6.5,201,Released,Crime,1,1,1.1069328846153843,17.073607134447293,2.504143839476684,5.308267697401205
1621,Trading Places,40600000,90400000,116.0,1983.0,"[{""id"": 35, ""name"": ""Comedy""}]",en,34.022209,7.1,738,Released,Comedy,1,1,2.226600985221675,17.5192786492025,3.555982403109362,6.6052979209482015
9656,Black Christmas,9000000,21510851,84.0,2006.0,"[{""id"": 27, ""name"": ""Horror""}, {""id"": 53, ""name"": ""Thriller""}]",en,4.134327,4.8,119,Released,Horror,1,1,2.390094555555556,16.012735246411598,1.6359487734475135,4.787491742782046
1619,The Way of the Gun,8500000,19125401,119.0,2000.0,"[{""id"": 28, ""name"": ""Action""}, {""id"": 80, ""name"": ""Crime""}, {""id"": 18, ""name"": ""Drama""}, {""id"": 53, ""name"": ""Thriller""}]",en,8.775844,6.4,100,Released,Action,1,1,2.2500471764705883,15.955576839107596,2.2799144448551094,4.61512051684126
9685,Igby Goes Down,9000000,4777465,97.0,2002.0,"[{""id"": 35, ""name"": ""Comedy""}, {""id"": 18, ""name"": ""Drama""}]",en,2.062087,6.5,95,Released,Comedy,1,1,0.5308294444444445,16.012735246411598,1.1190967096339461,4.564348191467836
14425,PCU,9000000,4350774,79.0,1994.0,"[{""id"": 35, ""name"": ""Comedy""}]",en,8.738737,6.0,41,Released,Comedy,1,1,0.4834193333333333,16.012735246411598,2.276111437788468,3.7376696182833684
15568,Gracie,9000000,2955039,97.0,2007.0,"[{""id"": 18, ""name"": ""Drama""}]",en,2.365328,6.0,17,Released,Drama,1,1,0.3283376666666667,16.012735246411598,1.213525432343438,2.8903717578961645
67675,Glee: The Concert Movie,9000000,18663238,84.0,2011.0,"[{""id"": 99, ""name"": ""Documentary""}, {""id"": 10402, ""name"": ""Music""}, {""id"": 10751, ""name"": ""Family""}]",en,9.933926,6.8,79,Released,Documentary,1,1,2.073693111111111,16.012735246411598,2.391870432569898,4.382026634673881
250349,Barbecue,6000000,14348529,98.0,2014.0,"[{""id"": 35, ""name"": ""Comedy""}]",fr,5.119593,5.8,214,Released,Comedy,1,1,2.3914215,15.607270193858982,1.8114955910448205,5.3706380281276624
39806,Princess Kaiulani,9000000,771499,130.0,2010.0,"[{""id"": 18, ""name"": ""Drama""}]",en,0.717811,4.8,14,Released,Drama,1,1,0.0857221111111111,16.012735246411598,0.5410508058688956,2.70805020110221
15699,Opal Dream,5000000,140666,86.0,2006.0,"[{""id"": 18, ""name"": ""Drama""}, {""id"": 10751, ""name"": ""Family""}, {""id"": 10769, ""name"": ""Foreign""}]",en,1.458884,6.1,7,Released,Drama,1,1,0.0281332,15.424948670398354,0.8997075884735197,2.0794415416798357
17926,Undiscovered,9000000,1046166,97.0,2005.0,"[{""id"": 35, ""name"": ""Comedy""}, {""id"": 10749, ""name"": ""Romance""}]",en,2.009597,4.5,12,Released,Comedy,1,1,0.1162406666666666,16.012735246411598,1.1018061827539247,2.5649493574615367
9671,Crocodile Dundee,5000000,328203506,97.0,1986.0,"[{""id"": 12, ""name"": ""Adventure""}, {""id"": 35, ""name"": ""Comedy""}]",en,16.072466,6.3,503,Released,Adventure,1,1,65.6407012,15.424948670398354,2.837466990344315,6.222576268071369
13483,Awake,86000000,14373825,84.0,2007.0,"[{""id"": 53, ""name"": ""Thriller""}, {""id"": 80, ""name"": ""Crime""}, {""id"": 9648, ""name"": ""Mystery""}]",en,18.172736,6.3,395,Released,Thriller,1,1,0.1671375,18.26985786584569,2.953489269878289,5.981414211254481
1547,The Lost Boys,8500000,32222567,97.0,1987.0,"[{""id"": 27, ""name"": ""Horror""}, {""id"": 35, ""name"": ""Comedy""}]",en,24.750909,6.8,538,Released,Horror,1,1,3.7908902352941176,15.955576839107596,3.2484699274575544,6.289715570908998
25196,Crazy Heart,7000000,39462438,112.0,2009.0,"[{""id"": 18, ""name"": ""Drama""}, {""id"": 10402, ""name"": ""Music""}, {""id"": 10749, ""name"": ""Romance""}]",en,17.697042,6.8,274,Released,Drama,1,1,5.637491142857143,15.76142084987672,2.928365329530296,5.616771097666572
16323,The Rose,9250000,29174648,125.0,1979.0,"[{""id"": 18, ""name"": ""Drama""}, {""id"": 10402, ""name"": ""Music""}, {""id"": 10749, ""name"": ""Romance""}]",en,7.000949,6.8,28,Released,Drama,1,1,3.154016,16.04013421759671,2.079560159644447,3.367295829986474
175528,Baggage Claim,8500000,22456509,96.0,2013.0,"[{""id"": 35, ""name"": ""Comedy""}]",en,11.436405,5.6,85,Released,Comedy,1,1,2.6419422352941178,15.955576839107596,2.52062805840794,4.454347296253507
8069,Barbarella,9000000,2500000,98.0,1968.0,"[{""id"": 878, ""name"": ""Science Fiction""}]",en,14.171759,5.7,146,Released,Science Fiction,1,1,0.2777777777777778,16.012735246411598,2.719435739176369,4.990432586778736
16727,The Namesake,12000000,20138836,122.0,2006.0,"[{""id"": 18, ""name"": ""Drama""}]",en,3.604863,6.8,50,Released,Drama,1,1,1.6782363333333334,16.300417291085605,1.527112918993278,3.9318256327243257
272693,The DUFF,8500000,43528634,100.0,2015.0,"[{""id"": 10749, ""name"": ""Romance""}, {""id"": 35, ""name"": ""Comedy""}]",en,40.28709,6.8,1322,Released,Romance,1,1,5.1210157647058825,15.955576839107596,3.720549860301268,7.187657164114956
10696,Glitter,22000000,5271666,104.0,2001.0,"[{""id"": 18, ""name"": ""Drama""}, {""id"": 10749, ""name"": ""Romance""}]",en,3.809131,3.4,38,Released,Drama,1,1,0.2396211818181818,16.906553056777135,1.5705164025150669,3.6635616461296463
29963,Bright Star,8500000,4440055,119.0,2009.0,"[{""id"": 18, ""name"": ""Drama""}, {""id"": 10749, ""name"": ""Romance""}]",en,9.230073,6.8,107,Released,Drama,1,1,0.5223594117647059,15.955576839107596,2.3253317158129527,4.68213122712422
26022,My Name Is Khan,12000000,42345360,145.0,2010.0,"[{""id"": 18, ""name"": ""Drama""}, {""id"": 10749, ""name"": ""Romance""}]",en,14.719886,7.7,232,Released,Drama,1,1,3.52878,16.300417291085605,2.7549265350663683,5.4510384535657
152747,All Is Lost,9000000,6108720,106.0,2013.0,"[{""id"": 28, ""name"": ""Action""}, {""id"": 12, ""name"": ""Adventure""}, {""id"": 18, ""name"": ""Drama""}]",en,28.540614,6.6,671,Released,Action,1,1,0.6787466666666667,16.012735246411598,3.3857660622629826,6.51025834052315
62676,Limbo,8000000,1997807,126.0,1999.0,"[{""id"": 12, ""name"": ""Adventure""}, {""id"": 18, ""name"": ""Drama""}, {""id"": 53, ""name"": ""Thriller""}]",en,0.034259,7.0,17,Released,Adventure,1,1,0.249725875,15.894952224644102,0.03368522827946255,2.8903717578961645
1116,The Wind That Shakes the Barley,6500000,22889018,124.0,2006.0,"[{""id"": 18, ""name"": ""Drama""}, {""id"": 36, ""name"": ""History""}, {""id"": 10752, ""name"": ""War""}]",en,6.787967,7.1,154,Released,Drama,1,1,3.5213873846153847,15.687312888712007,2.0525798502128403,5.043425116919247
185008,Yeh Jawaani Hai Deewani,7700000,46000000,159.0,2013.0,"[{""id"": 10749, ""name"": ""Romance""}]",hi,3.353176,7.2,79,Released,Romance,1,1,5.974025974025974,15.856731016694035,1.4709056936388694,4.382026634673881
11620,Quo Vadis,8250000,30000000,171.0,1951.0,"[{""id"": 18, ""name"": ""Drama""}, {""id"": 36, ""name"": ""History""}, {""id"": 10749, ""name"": ""Romance""}]",en,7.973109,7.0,63,Released,Drama,1,1,3.636363636363636,15.925723879522977,2.194232215795912,4.1588830833596715
680,Pulp Fiction,8000000,213928762,154.0,1994.0,"[{""id"": 53, ""name"": ""Thriller""}, {""id"": 80, ""name"": ""Crime""}]",en,121.463076,8.3,8428,Released,Thriller,1,1,26.74109525,15.894952224644102,4.807809564140356,9.039433419997483
242582,Nightcrawler,8500000,38697217,117.0,2014.0,"[{""id"": 80, ""name"": ""Crime""}, {""id"": 18, ""name"": ""Drama""}, {""id"": 53, ""name"": ""Thriller""}]",en,89.095538,7.6,3395,Released,Crime,1,1,4.552613764705883,15.955576839107596,4.500870640635503,8.130353547431238
11217,Club Dread,8500000,5001655,104.0,2004.0,"[{""id"": 35, ""name"": ""Comedy""}, {""id"": 27, ""name"": ""Horror""}]",en,2.62082,5.1,107,Released,Comedy,1,1,0.58843,15.955576839107596,1.286700519523065,4.68213122712422
15121,The Sound of Music,8200000,286214286,174.0,1965.0,"[{""id"": 18, ""name"": ""Drama""}, {""id"": 10751, ""name"": ""Family""}, {""id"": 10402, ""name"": ""Music""}, {""id"": 10749, ""name"": ""Romance""}]",en,37.960289,7.4,941,Released,Drama,1,1,34.9041812195122,15.919644834185693,3.6625428966112987,6.848005274576363
2619,Splash,8000000,69821334,111.0,1984.0,"[{""id"": 35, ""name"": ""Comedy""}, {""id"": 14, ""name"": ""Fantasy""}, {""id"": 10749, ""name"": ""Romance""}]",en,21.735068,6.1,321,Released,Comedy,1,1,8.72766675,15.894952224644102,3.1239085782555667,5.7745515455444085
773,Little Miss Sunshine,8000000,100523181,102.0,2006.0,"[{""id"": 35, ""name"": ""Comedy""}, {""id"": 18, ""name"": ""Drama""}]",en,14.793177,7.5,1686,Released,Comedy,1,1,12.565397625,15.894952224644102,2.7595780113221062,7.430707082545968
235,Stand by Me,8000000,52287414,89.0,1986.0,"[{""id"": 80, ""name"": ""Crime""}, {""id"": 18, ""name"": ""Drama""}]",en,51.109279,7.8,1522,Released,Crime,1,1,6.53592675,15.894952224644102,3.9533430327094945,7.328437352895162
170,28 Days Later,5000000,82719885,113.0,2002.0,"[{""id"": 27, ""name"": ""Horror""}, {""id"": 53, ""name"": ""Thriller""}, {""id"": 878, ""name"": ""Science Fiction""}]",en,45.490374,7.1,1777,Released,Horror,1,1,16.543977,15.424948670398354,3.839245280410939,7.48324441607385
10734,Escape from Alcatraz,8000000,43000000,111.0,1979.0,"[{""id"": 80, ""name"": ""Crime""}, {""id"": 18, ""name"": ""Drama""}]",en,26.356697,7.2,561,Released,Crime,1,1,5.375,15.894952224644102,3.3089613617824485,6.331501849893691
37964,Brown Sugar,8000000,27362712,109.0,2002.0,"[{""id"": 35, ""name"": ""Comedy""}, {""id"": 10749, ""name"": ""Romance""}]",en,3.501158,7.0,31,Released,Comedy,1,1,3.420339,15.894952224644102,1.5043346970050644,3.4657359027997265
40807,50/50,8000000,39187783,100.0,2011.0,"[{""id"": 35, ""name"": ""Comedy""}, {""id"": 18, ""name"": ""Drama""}]",en,33.372828,7.0,1261,Released,Comedy,1,1,4.898472875,15.894952224644102,3.537266368535905,7.140453043101158
225565,That Awkward Moment,8000000,26049082,94.0,2014.0,"[{""id"": 35, ""name"": ""Comedy""}, {""id"": 10749, ""name"": ""Romance""}]",en,37.821106,6.1,1004,Released,Comedy,1,1,3.25613525,15.894952224644102,3.658964067803849,6.912742820493176
668,On Her Majesty's Secret Service,6500000,81974493,142.0,1969.0,"[{""id"": 12, ""name"": ""Adventure""}, {""id"": 28, ""name"": ""Action""}, {""id"": 53, ""name"": ""Thriller""}]",en,25.289665,6.5,456,Released,Adventure,1,1,12.611460461538462,15.687312888712007,3.269175896172966,6.124683390894205
11596,New Nightmare,14000000,18090181,112.0,1994.0,"[{""id"": 27, ""name"": ""Horror""}, {""id"": 53, ""name"": ""Thriller""}, {""id"": 9648, ""name"": ""Mystery""}, {""id"": 14, ""name"": ""Fantasy""}]",en,14.730796,6.4,291,Released,Horror,1,1,1.2921557857142858,16.454567959008102,2.755620319731363,5.676753802268282
14429,Drive Me Crazy,8000000,22593409,91.0,1999.0,"[{""id"": 18, ""name"": ""Drama""}, {""id"": 35, ""name"": ""Comedy""}, {""id"": 10749, ""name"": ""Romance""}, {""id"": 10751, ""name"": ""Family""}]",en,4.482714,5.8,62,Released,Drama,1,1,2.824176125,15.894952224644102,1.701600233835861,4.143134726391533
13751,Akeelah and the Bee,8000000,18948425,112.0,2006.0,"[{""id"": 18, ""name"": ""Drama""}]",en,4.932893,6.7,81,Released,Drama,1,1,2.368553125,15.894952224644102,1.780511952392827,4.406719247264253
9490,Half Baked,8000000,17460020,82.0,1998.0,"[{""id"": 35, ""name"": ""Comedy""}, {""id"": 80, ""name"": ""Crime""}]",en,7.894489,6.4,177,Released,Comedy,1,1,2.1825025,15.894952224644102,2.1854318714631016,5.181783550292085
14536,New in Town,8000000,29010817,97.0,2009.0,"[{""id"": 35, ""name"": ""Comedy""}]",en,13.987772,5.2,99,Released,Comedy,1,1,3.626352125,15.894952224644102,2.7072346686459987,4.605170185988092
1359,American Psycho,7000000,34266564,102.0,2000.0,"[{""id"": 53, ""name"": ""Thriller""}, {""id"": 18, ""name"": ""Drama""}, {""id"": 80, ""name"": ""Crime""}]",en,45.310443,7.3,2066,Released,Thriller,1,1,4.895223428571429,15.76142084987672,3.83536748641538,7.633853559681768
9962,The Good Girl,8000000,16856124,93.0,2002.0,"[{""id"": 18, ""name"": ""Drama""}, {""id"": 35, ""name"": ""Comedy""}, {""id"": 10749, ""name"": ""Romance""}]",en,9.799177,6.1,181,Released,Drama,1,1,2.1070155,15.894952224644102,2.3794699275228206,5.204006687076795
15049,Bon Cop Bad Cop,8000000,12671300,116.0,2006.0,"[{""id"": 28, ""name"": ""Action""}, {""id"": 35, ""name"": ""Comedy""}, {""id"": 80, ""name"": ""Crime""}]",fr,5.069095,6.5,42,Released,Action,1,1,1.5839125,15.894952224644102,1.8032095000513577,3.7612001156935624
22821,The Boondock Saints II: All Saints Day,8000000,10629321,118.0,2009.0,"[{""id"": 28, ""name"": ""Action""}, {""id"": 53, ""name"": ""Thriller""}, {""id"": 80, ""name"": ""Crime""}]",en,13.517017,5.9,261,Released,Action,1,1,1.328665125,15.894952224644102,2.675321547519454,5.568344503761097
37735,Easy A,8000000,74952305,92.0,2010.0,"[{""id"": 35, ""name"": ""Comedy""}]",en,45.395839,6.7,2210,Released,Comedy,1,1,9.369038125,15.894952224644102,3.8372097784868737,7.701200180857446
10873,Shadow of the Vampire,8000000,8279017,92.0,2000.0,"[{""id"": 18, ""name"": ""Drama""}, {""id"": 27, ""name"": ""Horror""}]",en,5.93923,6.6,148,Released,Drama,1,1,1.034877125,15.894952224644102,1.9371908173545491,5.003946305945459
51588,Prom,8000000,10130000,104.0,2011.0,"[{""id"": 35, ""name"": ""Comedy""}]",en,11.837067,5.7,134,Released,Comedy,1,1,1.26625,15.894952224644102,2.5523368453771647,4.90527477843843
291270,Anomalisa,8000000,5659286,90.0,2015.0,"[{""id"": 16, ""name"": ""Animation""}, {""id"": 35, ""name"": ""Comedy""}, {""id"": 18, ""name"": ""Drama""}, {""id"": 10749, ""name"": ""Romance""}]",en,21.024346,7.0,459,Released,Animation,1,1,0.70741075,15.894952224644102,3.0921484778513024,6.131226489483141
44009,Another Year,8000000,18124262,129.0,2010.0,"[{""id"": 35, ""name"": ""Comedy""}, {""id"": 18, ""name"": ""Drama""}]",en,7.235794,7.0,97,Released,Comedy,1,1,2.26553275,15.894952224644102,2.108489776710918,4.584967478670572
13154,Showdown in Little Tokyo,8000000,2275557,79.0,1991.0,"[{""id"": 28, ""name"": ""Action""}, {""id"": 53, ""name"": ""Thriller""}]",en,8.403859,5.7,95,Released,Action,1,1,0.284444625,15.894952224644102,2.2411201369456815,4.564348191467836
43923,It's Kind of a Funny Story,8000000,6491240,101.0,2010.0,"[{""id"": 35, ""name"": ""Comedy""}, {""id"": 18, ""name"": ""Drama""}]",en,13.143045,6.9,672,Released,Comedy,1,1,0.811405,15.894952224644102,2.6492229838193437,6.511745329644728
26306,Prefontaine,8000000,589304,106.0,1997.0,"[{""id"": 18, ""name"": ""Drama""}, {""id"": 10749, ""name"": ""Romance""}]",en,8.717235,6.7,21,Released,Drama,1,1,0.073663,15.894952224644102,2.273901112983923,3.091042453358316
198277,Begin Again,8000000,63464861,104.0,2013.0,"[{""id"": 35, ""name"": ""Comedy""}, {""id"": 10402, ""name"": ""Music""}, {""id"": 10749, ""name"": ""Romance""}, {""id"": 18, ""name"": ""Drama""}]",en,35.735689,7.3,1254,Released,Comedy,1,1,7.933107625,15.894952224644102,3.6037487348511617,7.134890851565884
7870,Down in the Valley,8000000,852872,112.0,2005.0,"[{""id"": 18, ""name"": ""Drama""}, {""id"": 10749, ""name"": ""Romance""}]",en,7.433574,5.9,63,Released,Drama,1,1,0.106609,15.894952224644102,2.132220644207584,4.1588830833596715
13072,Brooklyn Rules,8000000,458232,99.0,2007.0,"[{""id"": 18, ""name"": ""Drama""}, {""id"": 28, ""name"": ""Action""}, {""id"": 53, ""name"": ""Thriller""}]",en,4.090382,5.8,18,Released,Drama,1,1,0.057279,15.894952224644102,1.627352876862301,2.9444389791664403
10288,Fido,8000000,426224,91.0,2006.0,"[{""id"": 10749, ""name"": ""Romance""}, {""id"": 35, ""name"": ""Comedy""}, {""id"": 18, ""name"": ""Drama""}, {""id"": 27, ""name"": ""Horror""}]",en,5.244518,6.6,135,Released,Romance,1,1,0.053278,15.894952224644102,1.8317039588534805,4.912654885736052
44147,Wild Target,8000000,3453043,98.0,2010.0,"[{""id"": 28, ""name"": ""Action""}, {""id"": 35, ""name"": ""Comedy""}]",en,10.791954,6.4,215,Released,Action,1,1,0.431630375,15.894952224644102,2.4674174344895756,5.375278407684165
13197,10th & Wolf,8000000,143451,107.0,2006.0,"[{""id"": 28, ""name"": ""Action""}, {""id"": 80, ""name"": ""Crime""}, {""id"": 18, ""name"": ""Drama""}, {""id"": 9648, ""name"": ""Mystery""}, {""id"": 53, ""name"": ""Thriller""}]",en,3.942464,6.3,24,Released,Action,1,1,0.017931375,15.894952224644102,1.5978639922728306,3.2188758248682006
251321,Aloft,8000000,53086,112.0,2014.0,"[{""id"": 18, ""name"": ""Drama""}]",en,6.500835,5.1,41,Released,Drama,1,1,0.00663575,15.894952224644102,2.0150143476785027,3.7376696182833684
149,Akira,8000000,553171,124.0,1988.0,"[{""id"": 878, ""name"": ""Science Fiction""}, {""id"": 16, ""name"": ""Animation""}]",ja,39.338097,7.8,773,Released,Science Fiction,1,1,0.069146375,15.894952224644102,3.6972963573925135,6.651571873589727
10425,The Death and Life of Bobby Z,22000000,413454,97.0,2007.0,"[{""id"": 18, ""name"": ""Drama""}, {""id"": 28, ""name"": ""Action""}, {""id"": 53, ""name"": ""Thriller""}, {""id"": 80, ""name"": ""Crime""}]",en,12.893219,5.8,103,Released,Drama,1,1,0.0187933636363636,16.906553056777135,2.6314008793765375,4.6443908991413725
49081,The Rocket: The Legend of Rocket Richard,8000000,2019009,124.0,2005.0,"[{""id"": 18, ""name"": ""Drama""}]",fr,0.983484,6.1,17,Released,Drama,1,1,0.252376125,15.894952224644102,0.6848548943906835,2.8903717578961645
302,Swimming Pool,7800000,22441323,102.0,2003.0,"[{""id"": 53, ""name"": ""Thriller""}, {""id"": 80, ""name"": ""Crime""}]",en,11.000654,6.4,153,Released,Thriller,1,1,2.8770926923076923,15.86963441986494,2.4849611483029292,5.0369526024136295
403,Driving Miss Daisy,7500000,145793296,99.0,1989.0,"[{""id"": 35, ""name"": ""Comedy""}, {""id"": 18, ""name"": ""Drama""}]",en,19.585801,7.0,350,Released,Comedy,1,1,19.439106133333333,15.830413711839864,3.024601566293824,5.860786223465865
33542,Rumble in the Bronx,7500000,32392047,91.0,1995.0,"[{""id"": 80, ""name"": ""Crime""}, {""id"": 28, ""name"": ""Action""}, {""id"": 35, ""name"": ""Comedy""}, {""id"": 53, ""name"": ""Thriller""}]",cn,17.318839,6.5,240,Released,Crime,1,1,4.3189396,15.830413711839864,2.9079299838753623,5.484796933490655
9388,Thank You for Smoking,6500000,24793509,92.0,2005.0,"[{""id"": 35, ""name"": ""Comedy""}, {""id"": 18, ""name"": ""Drama""}]",en,29.01153,7.1,664,Released,Comedy,1,1,3.814386,15.687312888712007,3.4015816411583515,6.499787040655854
1691,Hostel: Part II,10200000,35619521,93.0,2007.0,"[{""id"": 27, ""name"": ""Horror""}]",en,20.745052,5.6,453,Released,Horror,1,1,3.4921099019607844,16.13789837629371,3.079386237401077,6.118097198041348
24684,An Education,7500000,26096852,100.0,2009.0,"[{""id"": 18, ""name"": ""Drama""}, {""id"": 10749, ""name"": ""Romance""}]",en,16.990308,6.8,409,Released,Drama,1,1,3.479580266666667,15.830413711839864,2.8898331684384537,6.016157159698354
2610,Shopgirl,10284523,11588205,104.0,2005.0,"[{""id"": 35, ""name"": ""Comedy""}, {""id"": 18, ""name"": ""Drama""}, {""id"": 10749, ""name"": ""Romance""}]",en,4.820166,5.7,75,Released,Comedy,1,1,1.1267615425625477,16.14615079900646,1.7613287836733622,4.330733340286331
11022,Narc,6500000,12633747,105.0,2002.0,"[{""id"": 28, ""name"": ""Action""}, {""id"": 80, ""name"": ""Crime""}, {""id"": 18, ""name"": ""Drama""}, {""id"": 53, ""name"": ""Thriller""}]",en,8.526635,6.8,142,Released,Action,1,1,1.9436533846153845,15.687312888712007,2.254091559825288,4.962844630259907
34341,Men with Brooms,7500000,4245870,102.0,2002.0,"[{""id"": 35, ""name"": ""Comedy""}]",en,1.369528,4.5,7,Released,Comedy,1,1,0.566116,15.830413711839864,0.8626907791946832,2.0794415416798357
36046,The Work and the Glory,7500000,3347647,110.0,2004.0,"[{""id"": 18, ""name"": ""Drama""}, {""id"": 10749, ""name"": ""Romance""}]",en,0.571663,6.1,7,Released,Drama,1,1,0.4463529333333333,15.830413711839864,0.4521342944347382,2.0794415416798357
12569,Extract,8000000,10848783,92.0,2009.0,"[{""id"": 35, ""name"": ""Comedy""}]",en,14.652342,5.7,192,Released,Comedy,1,1,1.356097875,15.894952224644102,2.7506205543522335,5.262690188904886
73873,Albert Nobbs,8000000,5634828,113.0,2011.0,"[{""id"": 18, ""name"": ""Drama""}]",en,7.802245,6.2,132,Released,Drama,1,1,0.7043535,15.894952224644102,2.175006802584574,4.890349128221754
7735,The Wave,7500000,19000000,107.0,2008.0,"[{""id"": 18, ""name"": ""Drama""}, {""id"": 53, ""name"": ""Thriller""}]",de,25.281197,7.5,841,Released,Drama,1,1,2.533333333333333,15.830413711839864,3.268853740524339,6.7357800142423265
301365,The Neon Demon,7000000,1333124,117.0,2016.0,"[{""id"": 53, ""name"": ""Thriller""}, {""id"": 27, ""name"": ""Horror""}]",en,38.150787,6.4,887,Released,Thriller,1,1,0.1904462857142857,15.76142084987672,3.667420524405903,6.78897174299217
25941,Harry Brown,7300000,10329747,103.0,2009.0,"[{""id"": 53, ""name"": ""Thriller""}, {""id"": 80, ""name"": ""Crime""}, {""id"": 18, ""name"": ""Drama""}, {""id"": 28, ""name"": ""Action""}]",en,16.829837,6.7,348,Released,Thriller,1,1,1.4150338356164385,15.803385043104912,2.8808732899375804,5.855071922202427
7326,Juno,7500000,231411584,96.0,2007.0,"[{""id"": 35, ""name"": ""Comedy""}, {""id"": 18, ""name"": ""Drama""}, {""id"": 10749, ""name"": ""Romance""}]",en,19.782725,7.0,2244,Released,Comedy,1,1,30.854877866666666,15.830413711839864,3.034122112780957,7.716460800176355
681,Diamonds Are Forever,7200000,116019547,120.0,1971.0,"[{""id"": 12, ""name"": ""Adventure""}, {""id"": 28, ""name"": ""Action""}, {""id"": 53, ""name"": ""Thriller""}]",en,34.634181,6.3,553,Released,Adventure,1,1,16.113825972222223,15.789591722875162,3.5733053176674106,6.317164686747284
238,The Godfather,6000000,245066411,175.0,1972.0,"[{""id"": 18, ""name"": ""Drama""}, {""id"": 80, ""name"": ""Crime""}]",en,143.659698,8.4,5893,Released,Drama,1,1,40.844401833333336,15.607270193858982,4.974384073765147,8.68169016329764
535,Flashdance,4000000,92921203,95.0,1983.0,"[{""id"": 18, ""name"": ""Drama""}, {""id"": 10402, ""name"": ""Music""}, {""id"": 10749, ""name"": ""Romance""}]",en,18.422323,6.1,302,Released,Drama,1,1,23.23030075,15.201805169084134,2.9664230746589393,5.713732805509369
19913,(500) Days of Summer,7500000,60722734,95.0,2009.0,"[{""id"": 35, ""name"": ""Comedy""}, {""id"": 18, ""name"": ""Drama""}, {""id"": 10749, ""name"": ""Romance""}]",en,45.610993,7.2,2904,Released,Comedy,1,1,8.096364533333333,15.830413711839864,3.8418364145988204,7.974188669286011
713,The Piano,7000000,116700000,121.0,1993.0,"[{""id"": 18, ""name"": ""Drama""}, {""id"": 10749, ""name"": ""Romance""}]",en,17.681707,7.1,281,Released,Drama,1,1,16.67142857142857,15.76142084987672,2.92754480978201,5.641907070938114
77930,Magic Mike,7000000,167221571,110.0,2012.0,"[{""id"": 18, ""name"": ""Drama""}, {""id"": 35, ""name"": ""Comedy""}]",en,35.897151,6.1,1040,Released,Drama,1,1,23.888795857142856,15.76142084987672,3.608134339393652,6.947937068614969
253,Live and Let Die,7000000,161777836,121.0,1973.0,"[{""id"": 12, ""name"": ""Adventure""}, {""id"": 28, ""name"": ""Action""}, {""id"": 53, ""name"": ""Thriller""}]",en,30.465138,6.4,533,Released,Adventure,1,1,23.111119428571428,15.76142084987672,3.4488802027947996,6.280395838960195
57119,Jumping the Broom,6600000,37710610,112.0,2011.0,"[{""id"": 35, ""name"": ""Comedy""}]",en,4.492455,6.0,56,Released,Comedy,1,1,5.713728787878788,15.702580358511794,1.703375332252624,4.04305126783455
3291,"Good Night, and Good Luck.",7000000,54600000,93.0,2005.0,"[{""id"": 18, ""name"": ""Drama""}, {""id"": 36, ""name"": ""History""}]",en,17.717681,6.8,273,Released,Drama,1,1,7.8,15.76142084987672,2.9294685851707793,5.6131281063880705
398,Capote,7000000,49084830,114.0,2005.0,"[{""id"": 80, ""name"": ""Crime""}, {""id"": 18, ""name"": ""Drama""}]",en,17.434862,6.8,384,Released,Crime,1,1,7.012118571428571,15.76142084987672,2.914243545897308,5.953243334287785
8068,Desperado,7000000,25405445,104.0,1995.0,"[{""id"": 53, ""name"": ""Thriller""}, {""id"": 28, ""name"": ""Action""}, {""id"": 80, ""name"": ""Crime""}]",en,25.511217,6.8,881,Released,Thriller,1,1,3.6293492857142855,15.76142084987672,3.277567926452059,6.782192056006791
10803,Logan's Run,9000000,25000000,119.0,1976.0,"[{""id"": 12, ""name"": ""Adventure""}, {""id"": 28, ""name"": ""Action""}, {""id"": 10749, ""name"": ""Romance""}, {""id"": 878, ""name"": ""Science Fiction""}]",en,12.268143,6.6,269,Released,Adventure,1,1,2.7777777777777777,16.012735246411598,2.585365898838001,5.598421958998375
682,The Man with the Golden Gun,7000000,97572000,125.0,1974.0,"[{""id"": 12, ""name"": ""Adventure""}, {""id"": 28, ""name"": ""Action""}, {""id"": 53, ""name"": ""Thriller""}]",en,30.214716,6.3,524,Released,Adventure,1,1,13.938857142857144,15.76142084987672,3.440889650282346,6.263398262591624
10117,Action Jackson,7000000,20256975,96.0,1988.0,"[{""id"": 28, ""name"": ""Action""}, {""id"": 12, ""name"": ""Adventure""}, {""id"": 35, ""name"": ""Comedy""}, {""id"": 80, ""name"": ""Crime""}, {""id"": 18, ""name"": ""Drama""}]",en,6.872784,4.9,50,Released,Action,1,1,2.893853571428572,15.76142084987672,2.0634117482867844,3.9318256327243257
79316,Devil's Due,7000000,36433975,89.0,2014.0,"[{""id"": 27, ""name"": ""Horror""}]",en,14.741589,4.4,216,Released,Horror,1,1,5.204853571428571,15.76142084987672,2.75630619087987,5.37989735354046
2074,Flirting with Disaster,7000000,14702438,92.0,1996.0,"[{""id"": 35, ""name"": ""Comedy""}, {""id"": 10749, ""name"": ""Romance""}]",en,5.500324,6.3,66,Released,Comedy,1,1,2.100348285714286,15.76142084987672,1.8718520218131594,4.204692619390966
308639,Dope,700000,17986781,103.0,2015.0,"[{""id"": 80, ""name"": ""Crime""}, {""id"": 18, ""name"": ""Drama""}, {""id"": 35, ""name"": ""Comedy""}]",en,29.761163,7.2,691,Released,Crime,1,1,25.69540142857143,13.45883704259595,3.42625295276536,6.539585955617669
22314,In Too Deep,7000000,14011454,97.0,1999.0,"[{""id"": 18, ""name"": ""Drama""}, {""id"": 28, ""name"": ""Action""}, {""id"": 53, ""name"": ""Thriller""}, {""id"": 80, ""name"": ""Crime""}]",en,2.772178,6.2,17,Released,Drama,1,1,2.001636285714285,15.76142084987672,1.3276525534775308,2.8903717578961645
2662,House of 1000 Corpses,7000000,16829545,89.0,2003.0,"[{""id"": 27, ""name"": ""Horror""}]",en,19.301432,6.0,306,Released,Horror,1,1,2.404220714285714,15.76142084987672,3.010691425431702,5.726847747587197
12573,A Serious Man,7000000,31430334,105.0,2009.0,"[{""id"": 35, ""name"": ""Comedy""}, {""id"": 18, ""name"": ""Drama""}]",en,23.612409,6.6,483,Released,Comedy,1,1,4.490047714285715,15.76142084987672,3.2032507466501308,6.182084906716632
241771,Beyond the Lights,7000000,14618727,116.0,2014.0,"[{""id"": 10749, ""name"": ""Romance""}, {""id"": 18, ""name"": ""Drama""}]",en,8.079046,7.0,139,Released,Romance,1,1,2.0883895714285714,15.76142084987672,2.2059691210140797,4.941642422609304
11051,The Last Temptation of Christ,7000000,8373585,164.0,1988.0,"[{""id"": 18, ""name"": ""Drama""}]",en,14.672151,7.0,201,Released,Drama,1,1,1.1962264285714286,15.76142084987672,2.7518853156136895,5.308267697401205
14578,Outside Providence,7000000,7292175,96.0,1999.0,"[{""id"": 10749, ""name"": ""Romance""}, {""id"": 35, ""name"": ""Comedy""}, {""id"": 18, ""name"": ""Drama""}]",en,2.627232,5.6,30,Released,Romance,1,1,1.0417392857142858,15.76142084987672,1.2884698229642364,3.4339872044851463
13006,Split Second,7,5,90.0,1992.0,"[{""id"": 53, ""name"": ""Thriller""}, {""id"": 28, ""name"": ""Action""}, {""id"": 27, ""name"": ""Horror""}, {""id"": 878, ""name"": ""Science Fiction""}, {""id"": 80, ""name"": ""Crime""}]",en,4.857028,5.7,63,Released,Thriller,1,1,0.7142857142857143,2.0794415416798357,1.7676423077006231,4.1588830833596715
16651,The Other Side of Heaven,7000000,4720371,113.0,2001.0,"[{""id"": 28, ""name"": ""Action""}, {""id"": 12, ""name"": ""Adventure""}, {""id"": 18, ""name"": ""Drama""}, {""id"": 10751, ""name"": ""Family""}]",en,2.206097,6.7,14,Released,Action,1,1,0.6743387142857142,15.76142084987672,1.1650543095000951,2.70805020110221
4251,Veer-Zaara,7000000,29385320,192.0,2004.0,"[{""id"": 18, ""name"": ""Drama""}, {""id"": 10749, ""name"": ""Romance""}]",hi,3.721858,7.4,64,Released,Drama,1,1,4.197902857142857,15.76142084987672,1.552202366207761,4.174387269895637
14112,Auto Focus,7000000,2062066,104.0,2002.0,"[{""id"": 18, ""name"": ""Drama""}, {""id"": 80, ""name"": ""Crime""}]",en,7.051521,6.1,56,Released,Drama,1,1,0.2945808571428571,15.76142084987672,2.085861017682163,4.04305126783455
71859,We Need to Talk About Kevin,7000000,6038942,112.0,2011.0,"[{""id"": 18, ""name"": ""Drama""}, {""id"": 53, ""name"": ""Thriller""}]",en,21.276864,7.4,677,Released,Drama,1,1,0.862706,15.76142084987672,3.1035486511128063,6.519147287940395
33676,Losin' It,7000000,1246141,100.0,1983.0,"[{""id"": 35, ""name"": ""Comedy""}]",en,2.550045,4.5,31,Released,Comedy,1,1,0.1780201428571428,15.76142084987672,1.266960279463322,3.4657359027997265
30128,I Hope They Serve Beer in Hell,7000000,1429299,106.0,2009.0,"[{""id"": 35, ""name"": ""Comedy""}, {""id"": 18, ""name"": ""Drama""}]",en,7.155519,5.7,20,Released,Comedy,1,1,0.2041855714285714,15.76142084987672,2.0986948759853767,3.044522437723423
44835,Hesher,7000000,382946,106.0,2010.0,"[{""id"": 18, ""name"": ""Drama""}]",en,13.635828,6.7,212,Released,Drama,1,1,0.0547065714285714,15.76142084987672,2.683472495243141,5.3612921657094255
306745,Freeheld,7000000,573335,103.0,2015.0,"[{""id"": 10749, ""name"": ""Romance""}, {""id"": 18, ""name"": ""Drama""}]",en,8.184588,7.1,164,Released,Romance,1,1,0.081905,15.76142084987672,2.217526861917981,5.10594547390058
47088,The Extra Man,7000000,453079,108.0,2010.0,"[{""id"": 35, ""name"": ""Comedy""}]",en,2.26778,5.9,29,Released,Comedy,1,1,0.0647255714285714,15.76142084987672,1.1841108552702555,3.4011973816621555
110402,Hard to Be a God,7000000,1310673,170.0,2013.0,"[{""id"": 18, ""name"": ""Drama""}, {""id"": 878, ""name"": ""Science Fiction""}]",ru,3.120016,6.7,41,Released,Drama,1,1,0.187239,15.76142084987672,1.41585704684904,3.7376696182833684
27004,Ca$h,7000000,46488,108.0,2010.0,"[{""id"": 80, ""name"": ""Crime""}, {""id"": 53, ""name"": ""Thriller""}, {""id"": 35, ""name"": ""Comedy""}]",en,8.207425,6.0,73,Released,Crime,1,1,0.0066411428571428,15.76142084987672,2.220010223770376,4.304065093204169
8374,The Boondock Saints,6000000,30471,108.0,1999.0,"[{""id"": 28, ""name"": ""Action""}, {""id"": 53, ""name"": ""Thriller""}, {""id"": 80, ""name"": ""Crime""}]",en,34.917447,7.2,837,Released,Action,1,1,0.0050785,15.607270193858982,3.581223166297834,6.731018100482083
164372,The Snow Queen,7000000,12400000,76.0,2012.0,"[{""id"": 16, ""name"": ""Animation""}, {""id"": 14, ""name"": ""Fantasy""}]",ru,5.33861,5.1,47,Released,Animation,1,1,1.7714285714285714,15.76142084987672,1.8466595015096878,3.8712010109078907
13001,Stargate: The Ark of Truth,7000000,8900000,97.0,2008.0,"[{""id"": 12, ""name"": ""Adventure""}, {""id"": 878, ""name"": ""Science Fiction""}]",en,8.591387,6.9,140,Released,Adventure,1,1,1.2714285714285714,15.76142084987672,2.2608655082601943,4.948759890378168
9571,Dazed and Confused,6900000,7993039,102.0,1993.0,"[{""id"": 35, ""name"": ""Comedy""}, {""id"": 18, ""name"": ""Drama""}]",en,26.181753,7.4,583,Released,Comedy,1,1,1.1584114492753623,15.747032114495013,3.3025459025961297,6.369900982828227
82505,House at the End of the Street,6900000,44287131,101.0,2012.0,"[{""id"": 27, ""name"": ""Horror""}, {""id"": 53, ""name"": ""Thriller""}]",en,25.613197,5.6,555,Released,Horror,1,1,6.418424782608696,15.747032114495013,3.2814072205764866,6.320768294250582
46738,Incendies,6800000,7103838,130.0,2010.0,"[{""id"": 18, ""name"": ""Drama""}, {""id"": 10752, ""name"": ""War""}, {""id"": 9648, ""name"": ""Mystery""}]",fr,21.285206,7.9,479,Released,Drama,1,1,1.0446820588235295,15.732433317205148,3.1039230502418165,6.173786103901937
250546,Annabelle,6500000,255273813,99.0,2014.0,"[{""id"": 27, ""name"": ""Horror""}]",en,60.225219,5.6,1517,Released,Horror,1,1,39.272894307692304,15.687312888712007,4.1145591798020265,7.325148957955575
38415,Bran Nue Dae,7,7,82.0,2009.0,"[{""id"": 35, ""name"": ""Comedy""}, {""id"": 18, ""name"": ""Drama""}, {""id"": 10769, ""name"": ""Foreign""}, {""id"": 10749, ""name"": ""Romance""}]",en,0.050456,5.2,6,Released,Comedy,1,1,1.0,2.0794415416798357,0.0492243556089707,1.9459101490553132
650,Boyz n the Hood,6500000,57504069,112.0,1991.0,"[{""id"": 80, ""name"": ""Crime""}, {""id"": 18, ""name"": ""Drama""}]",en,17.705671,7.4,364,Released,Crime,1,1,8.846779846153845,15.687312888712007,2.9288267399179913,5.8998973535824915
16620,La Bamba,6500000,54215416,108.0,1987.0,"[{""id"": 18, ""name"": ""Drama""}, {""id"": 10402, ""name"": ""Music""}]",en,6.847099,6.8,116,Released,Drama,1,1,8.340833230769231,15.687312888712007,2.0601439093522305,4.762173934797756
11033,Dressed to Kill,6500000,31899000,105.0,1980.0,"[{""id"": 27, ""name"": ""Horror""}, {""id"": 9648, ""name"": ""Mystery""}, {""id"": 53, ""name"": ""Thriller""}]",en,11.208769,6.8,157,Released,Horror,1,1,4.907538461538461,15.687312888712007,2.5021544640392173,5.062595033026967
9430,Go,6500000,28451622,98.0,1999.0,"[{""id"": 80, ""name"": ""Crime""}, {""id"": 35, ""name"": ""Comedy""}, {""id"": 53, ""name"": ""Thriller""}]",en,11.142389,7.0,196,Released,Crime,1,1,4.377172615384615,15.687312888712007,2.496702553750643,5.2832037287379885
8998,Friends with Money,6500000,13368437,88.0,2006.0,"[{""id"": 35, ""name"": ""Comedy""}, {""id"": 18, ""name"": ""Drama""}, {""id"": 10749, ""name"": ""Romance""}]",en,11.885221,5.1,128,Released,Comedy,1,1,2.056682615384615,15.687312888712007,2.556080995684053,4.859812404361672
10514,The Andromeda Strain,6500000,12376563,131.0,1971.0,"[{""id"": 878, ""name"": ""Science Fiction""}, {""id"": 53, ""name"": ""Thriller""}]",en,12.524953,7.0,190,Released,Science Fiction,1,1,1.9040866153846157,15.687312888712007,2.6045363496802967,5.25227342804663
76025,Shame,6500000,17693675,100.0,2011.0,"[{""id"": 18, ""name"": ""Drama""}]",en,40.688426,7.0,875,Released,Drama,1,1,2.7221038461538463,15.687312888712007,3.730223536322693,6.775366090936392
4836,Layer Cake,6500000,11850214,105.0,2004.0,"[{""id"": 18, ""name"": ""Drama""}, {""id"": 53, ""name"": ""Thriller""}, {""id"": 80, ""name"": ""Crime""}]",en,24.0034,7.0,559,Released,Drama,1,1,1.8231098461538464,15.687312888712007,3.219011815621039,6.327936783729195
14631,The Work and the Glory II: American Zion,6500000,2025032,100.0,2005.0,"[{""id"": 18, ""name"": ""Drama""}]",en,2.639106,8.0,6,Released,Drama,1,1,0.3115433846153846,15.687312888712007,1.291738047087346,1.9459101490553132
87499,The East,6500000,2401510,116.0,2013.0,"[{""id"": 18, ""name"": ""Drama""}, {""id"": 53, ""name"": ""Thriller""}]",en,16.574756,6.5,305,Released,Drama,1,1,0.3694630769230769,15.687312888712007,2.8664635542433126,5.723585101952381
18923,A Home at the End of the World,6500000,1548955,96.0,2004.0,"[{""id"": 10749, ""name"": ""Romance""}, {""id"": 18, ""name"": ""Drama""}]",en,5.483531,6.8,45,Released,Romance,1,1,0.2383007692307692,15.687312888712007,1.8692652693634595,3.828641396489095
28089,The Messenger,6500000,1521261,113.0,2009.0,"[{""id"": 18, ""name"": ""Drama""}, {""id"": 36, ""name"": ""History""}]",en,8.432401,7.1,119,Released,Drama,1,1,0.2340401538461538,15.687312888712007,2.244150677174427,4.787491742782046
218,The Terminator,6400000,78371200,108.0,1984.0,"[{""id"": 28, ""name"": ""Action""}, {""id"": 53, ""name"": ""Thriller""}, {""id"": 878, ""name"": ""Science Fiction""}]",en,74.234793,7.3,4128,Released,Action,1,1,12.2455,15.671808704579888,4.320613796828044,8.32579052588609
338,"Good bye, Lenin!",4800000,79384880,121.0,2003.0,"[{""id"": 35, ""name"": ""Comedy""}, {""id"": 18, ""name"": ""Drama""}, {""id"": 10749, ""name"": ""Romance""}]",de,11.086001,7.4,586,Released,Comedy,1,1,16.538516666666666,15.38412668421143,2.492047840679724,6.375024819828097
10925,The Return of the Living Dead,4000000,14237000,91.0,1985.0,"[{""id"": 35, ""name"": ""Comedy""}, {""id"": 27, ""name"": ""Horror""}]",en,14.961629,7.3,267,Released,Comedy,1,1,3.55925,15.201805169084134,2.7701876544822857,5.5909869805108565
2293,Mallrats,6000000,2122561,94.0,1995.0,"[{""id"": 10749, ""name"": ""Romance""}, {""id"": 35, ""name"": ""Comedy""}]",en,16.139771,6.8,392,Released,Romance,1,1,0.3537601666666666,15.607270193858982,2.841401552520287,5.973809611869261
621,Grease,6000000,181813770,110.0,1978.0,"[{""id"": 10749, ""name"": ""Romance""}]",en,67.608041,7.2,1581,Released,Romance,1,1,30.302295,15.607270193858982,4.2284097436060515,7.366445148327599
792,Platoon,6000000,138530565,120.0,1986.0,"[{""id"": 18, ""name"": ""Drama""}, {""id"": 10752, ""name"": ""War""}, {""id"": 28, ""name"": ""Action""}]",en,49.802914,7.5,1205,Released,Drama,1,1,23.0884275,15.607270193858982,3.9279537151440125,7.095064377287131
1777,Fahrenheit 9/11,6000000,119114517,122.0,2004.0,"[{""id"": 99, ""name"": ""Documentary""}]",en,16.20985,6.8,397,Released,Documentary,1,1,19.8524195,15.607270193858982,2.845481894322594,5.986452005284438
642,Butch Cassidy and the Sundance Kid,6000000,102308889,110.0,1969.0,"[{""id"": 36, ""name"": ""History""}, {""id"": 18, ""name"": ""Drama""}, {""id"": 37, ""name"": ""Western""}, {""id"": 80, ""name"": ""Crime""}]",en,24.499996,7.4,650,Released,History,1,1,17.0514815,15.607270193858982,3.238678295301623,6.478509642208569
433,Mary Poppins,6000000,102272727,139.0,1964.0,"[{""id"": 35, ""name"": ""Comedy""}, {""id"": 10751, ""name"": ""Family""}, {""id"": 14, ""name"": ""Fantasy""}]",en,59.961523,7.4,1183,Released,Comedy,1,1,17.0454545,15.607270193858982,4.110242894662107,7.076653815443951
1725,West Side Story,6000000,43656822,152.0,1961.0,"[{""id"": 80, ""name"": ""Crime""}, {""id"": 18, ""name"": ""Drama""}, {""id"": 10402, ""name"": ""Music""}]",en,23.431117,7.0,389,Released,Crime,1,1,7.276137,15.607270193858982,3.1958576066967788,5.966146739123692
11977,Caddyshack,6000000,39846344,98.0,1980.0,"[{""id"": 35, ""name"": ""Comedy""}]",en,15.929648,6.6,365,Released,Comedy,1,1,6.641057333333333,15.607270193858982,2.829066404434509,5.902633333401366
16158,The Wood,6000000,25059640,106.0,1999.0,"[{""id"": 35, ""name"": ""Comedy""}, {""id"": 18, ""name"": ""Drama""}, {""id"": 10749, ""name"": ""Romance""}]",en,5.537646,7.1,34,Released,Comedy,1,1,4.176606666666666,15.607270193858982,1.8775771618376549,3.5553480614894135
629,The Usual Suspects,6000000,23341568,106.0,1995.0,"[{""id"": 18, ""name"": ""Drama""}, {""id"": 80, ""name"": ""Crime""}, {""id"": 53, ""name"": ""Thriller""}]",en,64.025031,8.1,3254,Released,Drama,1,1,3.890261333333333,15.607270193858982,4.174772288074317,8.08794755464267
10160,A Nightmare on Elm Street 5: The Dream Child,8000000,22168359,89.0,1989.0,"[{""id"": 27, ""name"": ""Horror""}, {""id"": 53, ""name"": ""Thriller""}]",en,12.654051,5.5,245,Released,Horror,1,1,2.771044875,15.894952224644102,2.614036254158294,5.5053315359323625
11452,National Lampoon’s Van Wilder,5000000,38275483,92.0,2002.0,"[{""id"": 35, ""name"": ""Comedy""}, {""id"": 10749, ""name"": ""Romance""}]",en,35.108498,5.9,858,Released,Comedy,1,1,7.6550966,15.424948670398354,3.586528239298261,6.755768921984256
12163,The Wrestler,6000000,44703995,109.0,2008.0,"[{""id"": 18, ""name"": ""Drama""}, {""id"": 10749, ""name"": ""Romance""}]",en,40.196514,7.3,1000,Released,Drama,1,1,7.450665833333334,15.607270193858982,3.7183536411252276,6.90875477931522
32275,Duel in the Sun,6000000,20400000,144.0,1946.0,"[{""id"": 37, ""name"": ""Western""}]",en,7.60445,6.2,37,Released,Western,1,1,3.4,15.607270193858982,2.1522795112930506,3.6375861597263857
1103,Escape from New York,6000000,50244700,99.0,1981.0,"[{""id"": 878, ""name"": ""Science Fiction""}, {""id"": 28, ""name"": ""Action""}]",en,24.351305,6.9,703,Released,Science Fiction,1,1,8.374116666666668,15.607270193858982,3.23283020800212,6.556778356158042
14144,Daddy Day Camp,6000000,18197398,89.0,2007.0,"[{""id"": 35, ""name"": ""Comedy""}, {""id"": 10751, ""name"": ""Family""}]",en,12.601677,4.4,91,Released,Comedy,1,1,3.0328996666666668,15.607270193858982,2.6101930939636278,4.5217885770490405
10622,Mr. Nice Guy,12716953,18814720,113.0,1997.0,"[{""id"": 80, ""name"": ""Crime""}, {""id"": 28, ""name"": ""Action""}, {""id"": 35, ""name"": ""Comedy""}]",cn,7.077505,6.3,128,Released,Crime,1,1,1.479499059247919,16.358446621791025,2.089083037719729,4.859812404361672
13370,A Mighty Wind,6000000,18750246,91.0,2003.0,"[{""id"": 35, ""name"": ""Comedy""}, {""id"": 10402, ""name"": ""Music""}]",en,4.053017,6.6,74,Released,Comedy,1,1,3.125041,15.607270193858982,1.6199854906421292,4.31748811353631
10215,Sliding Doors,6000000,58000000,99.0,1998.0,"[{""id"": 35, ""name"": ""Comedy""}, {""id"": 18, ""name"": ""Drama""}, {""id"": 14, ""name"": ""Fantasy""}, {""id"": 10749, ""name"": ""Romance""}]",en,15.639016,6.5,354,Released,Comedy,1,1,9.666666666666666,15.607270193858982,2.8117502990291574,5.872117789475416
25066,Tales from the Hood,6000000,12000000,98.0,1995.0,"[{""id"": 80, ""name"": ""Crime""}, {""id"": 27, ""name"": ""Horror""}, {""id"": 53, ""name"": ""Thriller""}]",en,3.89204,5.4,32,Released,Crime,1,1,2.0,15.607270193858982,1.5876093944063792,3.4965075614664802
1523,The Last King of Scotland,6000000,48027970,121.0,2006.0,"[{""id"": 18, ""name"": ""Drama""}]",en,26.286954,7.4,558,Released,Drama,1,1,8.004661666666667,15.607270193858982,3.3064087125141723,6.326149473155099
11361,Halloween 5: The Revenge of Michael Myers,5000000,11642254,96.0,1989.0,"[{""id"": 27, ""name"": ""Horror""}, {""id"": 53, ""name"": ""Thriller""}]",en,8.008844,5.2,183,Released,Horror,1,1,2.3284508,15.424948670398354,2.198206761502063,5.214935757608986
92591,Bernie,5000000,9206470,100.0,2012.0,"[{""id"": 35, ""name"": ""Comedy""}, {""id"": 80, ""name"": ""Crime""}, {""id"": 18, ""name"": ""Drama""}]",en,12.68514,6.5,320,Released,Comedy,1,1,1.841294,15.424948670398354,2.6163105726193425,5.771441123130016
57612,Dolphins and Whales: Tribes of the Ocean,6000000,7518876,42.0,2008.0,"[{""id"": 99, ""name"": ""Documentary""}]",en,0.041651,8.0,3,Released,Documentary,1,1,1.253146,15.607270193858982,0.04080695440715319,1.3862943611198906
15256,200 Cigarettes,6000000,6852450,101.0,1999.0,"[{""id"": 35, ""name"": ""Comedy""}, {""id"": 18, ""name"": ""Drama""}, {""id"": 10749, ""name"": ""Romance""}]",en,3.561198,6.1,44,Released,Comedy,1,1,1.142075,15.607270193858982,1.5175853083198687,3.8066624897703196
83686,The Words,6000000,13231461,96.0,2012.0,"[{""id"": 18, ""name"": ""Drama""}, {""id"": 53, ""name"": ""Thriller""}]",en,14.988746,6.4,379,Released,Drama,1,1,2.2052435,15.607270193858982,2.7718850997555298,5.940171252720432
28053,City Island,6000000,6670712,104.0,2009.0,"[{""id"": 18, ""name"": ""Drama""}, {""id"": 35, ""name"": ""Comedy""}]",en,6.497285,6.9,113,Released,Drama,1,1,1.1117853333333334,15.607270193858982,2.0145409550044477,4.736198448394496
67913,The Guard,6000000,19560274,96.0,2011.0,"[{""id"": 28, ""name"": ""Action""}, {""id"": 35, ""name"": ""Comedy""}, {""id"": 53, ""name"": ""Thriller""}, {""id"": 80, ""name"": ""Crime""}]",en,19.411141,6.8,372,Released,Action,1,1,3.2600456666666666,15.607270193858982,3.0160808792278275,5.921578419643816
13991,College,7000000,6230276,94.0,2008.0,"[{""id"": 35, ""name"": ""Comedy""}]",en,7.034618,4.8,48,Released,Comedy,1,1,0.8900394285714286,15.76142084987672,2.0837594560555854,3.8918202981106265
1443,The Virgin Suicides,6000000,10409377,97.0,1999.0,"[{""id"": 18, ""name"": ""Drama""}, {""id"": 10749, ""name"": ""Romance""}]",en,26.218912,7.1,817,Released,Drama,1,1,1.734896166666667,15.607270193858982,3.303912025814628,6.706862336602747
231576,Wish I Was Here,5500000,5483299,120.0,2014.0,"[{""id"": 18, ""name"": ""Drama""}, {""id"": 35, ""name"": ""Comedy""}]",en,15.015271,6.4,300,Released,Drama,1,1,0.9969634545454544,15.520258832020865,2.7735427045539187,5.707110264748875
16172,Simply Irresistible,6000000,4398989,95.0,1999.0,"[{""id"": 35, ""name"": ""Comedy""}]",en,5.696491,5.5,52,Released,Comedy,1,1,0.7331648333333334,15.607270193858982,1.9015836578584724,3.970291913552122
15797,Only the Strong,6000000,3283371,99.0,1993.0,"[{""id"": 28, ""name"": ""Action""}]",en,5.411243,6.9,29,Released,Action,1,1,0.5472285,15.607270193858982,1.8580531678899788,3.4011973816621555
13537,Shattered Glass,6000000,2944752,94.0,2003.0,"[{""id"": 18, ""name"": ""Drama""}, {""id"": 36, ""name"": ""History""}]",en,6.27257,6.6,111,Released,Drama,1,1,0.490792,15.607270193858982,1.9841097366416873,4.718498871295094
20794,Novocaine,6000000,2025238,95.0,2001.0,"[{""id"": 35, ""name"": ""Comedy""}, {""id"": 80, ""name"": ""Crime""}, {""id"": 53, ""name"": ""Thriller""}]",en,4.148253,6.0,44,Released,Comedy,1,1,0.3375396666666667,15.607270193858982,1.638657433825435,3.8066624897703196
576,The Wild Bunch,6244087,638641,145.0,1969.0,"[{""id"": 12, ""name"": ""Adventure""}, {""id"": 37, ""name"": ""Western""}]",en,14.970654,7.6,259,Released,Adventure,1,1,0.1022793244232503,15.647145654047936,2.7707529131730158,5.560681631015528
13990,The Wackness,6000000,2899975,99.0,2008.0,"[{""id"": 18, ""name"": ""Drama""}]",en,7.161051,6.2,94,Released,Drama,1,1,0.4833291666666666,15.607270193858982,2.099372959701742,4.553876891600541
27549,Beastmaster 2: Through the Portal of Time,6000000,869325,107.0,1991.0,"[{""id"": 28, ""name"": ""Action""}, {""id"": 12, ""name"": ""Adventure""}, {""id"": 14, ""name"": ""Fantasy""}, {""id"": 878, ""name"": ""Science Fiction""}]",en,1.478505,4.6,17,Released,Action,1,1,0.1448875,15.607270193858982,0.9076555558256598,2.8903717578961645
59728,The 5th Quarter,6000000,399611,97.0,2011.0,"[{""id"": 18, ""name"": ""Drama""}]",en,0.215464,4.7,12,Released,Drama,1,1,0.0666018333333333,15.607270193858982,0.19512589689405377,2.5649493574615367
58882,Snow Flower and the Secret Fan,134005,1332231,104.0,2011.0,"[{""id"": 18, ""name"": ""Drama""}, {""id"": 36, ""name"": ""History""}]",en,2.260315,5.3,22,Released,Drama,1,1,9.941651430916757,11.80563985405003,1.1818238164775188,3.1354942159291497
13827,"Surfer, Dude",6000000,69497,85.0,2008.0,"[{""id"": 35, ""name"": ""Comedy""}]",en,2.404626,4.7,25,Released,Comedy,1,1,0.0115828333333333,15.607270193858982,1.2251350950959548,3.258096538021482
97614,Deadfall,12000000,66351,95.0,2012.0,"[{""id"": 80, ""name"": ""Crime""}, {""id"": 18, ""name"": ""Drama""}, {""id"": 53, ""name"": ""Thriller""}]",en,10.19041,5.6,224,Released,Crime,1,1,0.00552925,16.300417291085605,2.415057161509626,5.41610040220442
837,Videodrome,5952000,2120439,87.0,1983.0,"[{""id"": 27, ""name"": ""Horror""}, {""id"": 9648, ""name"": ""Mystery""}, {""id"": 878, ""name"": ""Science Fiction""}]",en,18.119265,7.1,454,Released,Horror,1,1,0.3562565524193548,15.599238023505803,2.9506964654617707,6.12029741895095
1555,The Spanish Apartment,5300000,3897799,122.0,2002.0,"[{""id"": 18, ""name"": ""Drama""}, {""id"": 35, ""name"": ""Comedy""}, {""id"": 10749, ""name"": ""Romance""}]",fr,13.034602,7.0,266,Released,Drama,1,1,0.7354337735849057,15.483217567201578,2.641525851734524,5.58724865840025
244783,Song One,6000000,32251,86.0,2014.0,"[{""id"": 18, ""name"": ""Drama""}]",en,6.349218,5.5,87,Released,Drama,1,1,0.0053751666666666,15.607270193858982,1.9945939130066197,4.477336814478207
16564,Winter in Wartime,4000000,530048,103.0,2008.0,"[{""id"": 18, ""name"": ""Drama""}, {""id"": 36, ""name"": ""History""}, {""id"": 10752, ""name"": ""War""}]",nl,5.013575,6.8,66,Released,Drama,1,1,0.132512,15.201805169084134,1.7940194136288996,4.204692619390966
3482,The Train,5800000,6800000,133.0,1964.0,"[{""id"": 28, ""name"": ""Action""}, {""id"": 18, ""name"": ""Drama""}, {""id"": 53, ""name"": ""Thriller""}, {""id"": 10752, ""name"": ""War""}]",en,4.49029,7.2,72,Released,Action,1,1,1.1724137931034482,15.573368647930426,1.7029810774414553,4.290459441148391
8982,The Protector,6000000,27165581,108.0,2005.0,"[{""id"": 28, ""name"": ""Action""}, {""id"": 80, ""name"": ""Crime""}, {""id"": 18, ""name"": ""Drama""}, {""id"": 53, ""name"": ""Thriller""}]",th,11.81832,6.8,167,Released,Action,1,1,4.527596833333333,15.607270193858982,2.5508753976635363,5.123963979403259
455,Bend It Like Beckham,3500159,76578641,112.0,2002.0,"[{""id"": 35, ""name"": ""Comedy""}, {""id"": 18, ""name"": ""Drama""}, {""id"": 10749, ""name"": ""Romance""}]",en,22.054546,6.2,578,Released,Comedy,1,1,21.878617799934236,15.06831923970049,3.137862973424006,6.361302477572996
14351,Crossover,5800000,7000000,95.0,2006.0,"[{""id"": 28, ""name"": ""Action""}, {""id"": 12, ""name"": ""Adventure""}, {""id"": 18, ""name"": ""Drama""}]",en,3.201886,4.2,10,Released,Action,1,1,1.206896551724138,15.573368647930426,1.4355334721166606,2.3978952727983707
10664,[REC]²,5600000,18469680,85.0,2009.0,"[{""id"": 53, ""name"": ""Thriller""}, {""id"": 27, ""name"": ""Horror""}]",es,22.341462,6.4,489,Released,Thriller,1,1,3.298157142857143,15.53827733427679,3.150231264142584,6.194405391104672
9277,The Sting,5500000,159616327,129.0,1973.0,"[{""id"": 35, ""name"": ""Comedy""}, {""id"": 80, ""name"": ""Crime""}, {""id"": 18, ""name"": ""Drama""}]",en,28.500913,7.9,622,Released,Comedy,1,1,29.02115036363636,15.520258832020865,3.3844212120194013,6.434546518787453
9443,Chariots of Fire,5500000,58972904,123.0,1981.0,"[{""id"": 18, ""name"": ""Drama""}, {""id"": 36, ""name"": ""History""}]",en,10.439971,6.8,207,Released,Drama,1,1,10.722346181818182,15.520258832020865,2.4371134509834036,5.337538079701318
11901,High Plains Drifter,5500000,15700000,105.0,1973.0,"[{""id"": 37, ""name"": ""Western""}]",en,19.127239,7.4,278,Released,Western,1,1,2.8545454545454545,15.520258832020865,3.0020740717746714,5.631211781821365
33155,Galaxina,5500000,4865000,95.0,1980.0,"[{""id"": 35, ""name"": ""Comedy""}, {""id"": 878, ""name"": ""Science Fiction""}]",en,2.141143,3.3,16,Released,Comedy,1,1,0.8845454545454545,15.520258832020865,1.144586746422452,2.833213344056216
321,Mambo Italiano,4361898,3031801,92.0,2003.0,"[{""id"": 35, ""name"": ""Comedy""}, {""id"": 10749, ""name"": ""Romance""}]",en,2.080741,5.6,28,Released,Comedy,1,1,0.6950646255368649,15.288418070959365,1.125170152465278,3.367295829986474
4997,Wonderland,5000000,2466444,104.0,2003.0,"[{""id"": 80, ""name"": ""Crime""}, {""id"": 18, ""name"": ""Drama""}, {""id"": 9648, ""name"": ""Mystery""}, {""id"": 53, ""name"": ""Thriller""}]",en,7.79068,6.2,73,Released,Crime,1,1,0.4932888,15.424948670398354,2.1736920693419934,4.304065093204169
925,Do the Right Thing,6500000,37295445,120.0,1989.0,"[{""id"": 18, ""name"": ""Drama""}]",en,15.580335,7.6,292,Released,Drama,1,1,5.7377607692307695,15.687312888712007,2.8082173545693743,5.680172609017068
7913,Rang De Basanti,2200000,11502151,157.0,2006.0,"[{""id"": 18, ""name"": ""Drama""}]",hi,5.206967,7.2,97,Released,Drama,1,1,5.228250454545455,14.603968372873895,1.8256723708393254,4.584967478670572
230266,Miss Julie,5500000,5000000,120.0,2014.0,"[{""id"": 18, ""name"": ""Drama""}]",en,5.033065,5.9,45,Released,Drama,1,1,0.9090909090909092,15.520258832020865,1.7972551734765005,3.828641396489095
215,Saw II,4000000,152925093,92.0,2005.0,"[{""id"": 27, ""name"": ""Horror""}]",en,42.187986,6.3,1251,Released,Horror,1,1,38.23127325,15.201805169084134,3.7655623547207218,7.132497551660044
333371,10 Cloverfield Lane,15000000,108286421,103.0,2016.0,"[{""id"": 53, ""name"": ""Thriller""}, {""id"": 878, ""name"": ""Science Fiction""}, {""id"": 18, ""name"": ""Drama""}]",en,53.698683,6.8,2468,Released,Thriller,1,1,7.219094733333334,16.52356082573315,4.001839632355636,7.81156848934518
9012,Jackass: The Movie,5000000,64282312,87.0,2002.0,"[{""id"": 99, ""name"": ""Documentary""}, {""id"": 35, ""name"": ""Comedy""}]",en,14.752587,6.1,345,Released,Documentary,1,1,12.8564624,15.424948670398354,2.75700460575169,5.846438775057724
345911,Lights Out,4900000,44107032,81.0,2016.0,"[{""id"": 27, ""name"": ""Horror""}, {""id"": 53, ""name"": ""Thriller""}]",en,48.170508,6.3,1129,Released,Horror,1,1,9.001435102040816,15.404745967162468,3.8952940128734275,7.029972911706386
72571,Paranormal Activity 3,5000000,205703818,83.0,2011.0,"[{""id"": 27, ""name"": ""Horror""}]",en,29.15813,5.9,669,Released,Horror,1,1,41.1407636,15.424948670398354,3.4064545385649914,6.507277712385012
242512,Ouija,5000000,103590271,89.0,2014.0,"[{""id"": 27, ""name"": ""Horror""}]",en,56.30466,4.9,983,Released,Horror,1,1,20.7180542,15.424948670398354,4.0483819467664155,6.891625897052253
10072,A Nightmare on Elm Street 3: Dream Warriors,5000000,44793222,96.0,1987.0,"[{""id"": 27, ""name"": ""Horror""}, {""id"": 53, ""name"": ""Thriller""}]",en,17.304055,6.5,354,Released,Horror,1,1,8.9586444,15.424948670398354,2.9071226200005653,5.872117789475416
211954,Instructions Not Included,5500000,99067206,115.0,2013.0,"[{""id"": 35, ""name"": ""Comedy""}, {""id"": 18, ""name"": ""Drama""}]",es,9.59729,7.5,205,Released,Comedy,1,1,18.012219272727272,15.520258832020865,2.3605983080539774,5.327876168789581
82990,Paranormal Activity 4,5000000,142817992,95.0,2012.0,"[{""id"": 27, ""name"": ""Horror""}]",en,20.326337,5.2,563,Released,Horror,1,1,28.5635984,15.424948670398354,3.0599427877781755,6.335054251498059
29912,The Robe,4100000,36000000,135.0,1953.0,"[{""id"": 18, ""name"": ""Drama""}]",en,4.028875,6.4,42,Released,Drama,1,1,8.78048780487805,15.226497775576945,1.615196301044766,3.7612001156935624
11843,The Return of the Pink Panther,5000000,41833347,113.0,1975.0,"[{""id"": 35, ""name"": ""Comedy""}]",en,6.470766,6.7,137,Released,Comedy,1,1,8.3666694,15.424948670398354,2.0109975373948625,4.927253685157205
11284,Freddy's Dead: The Final Nightmare,11000000,34872033,89.0,1991.0,"[{""id"": 27, ""name"": ""Horror""}, {""id"": 53, ""name"": ""Thriller""}, {""id"": 35, ""name"": ""Comedy""}]",en,16.856231,5.1,272,Released,Horror,1,1,3.170184818181818,16.213405921671733,2.8823525229431772,5.60947179518496
504,Monster,8000000,60378584,110.0,2003.0,"[{""id"": 80, ""name"": ""Crime""}, {""id"": 18, ""name"": ""Drama""}]",en,19.683187,7.0,485,Released,Crime,1,1,7.547323,15.894952224644102,3.0293211480179143,6.186208623900494
173,"20,000 Leagues Under the Sea",5000000,28200000,127.0,1954.0,"[{""id"": 12, ""name"": ""Adventure""}, {""id"": 18, ""name"": ""Drama""}, {""id"": 878, ""name"": ""Science Fiction""}]",en,9.358197,6.8,157,Released,Adventure,1,1,5.64,15.424948670398354,2.337778186936498,5.062595033026967
227348,Paranormal Activity: The Marked Ones,5000000,86362372,84.0,2014.0,"[{""id"": 27, ""name"": ""Horror""}, {""id"": 53, ""name"": ""Thriller""}]",en,19.984477,5.2,449,Released,Horror,1,1,17.2724744,15.424948670398354,3.043782973911246,6.1092475827643655
1955,The Elephant Man,5000000,26010864,124.0,1980.0,"[{""id"": 18, ""name"": ""Drama""}, {""id"": 36, ""name"": ""History""}]",en,30.271066,7.9,719,Released,Drama,1,1,5.2021728,15.424948670398354,3.442693261070976,6.579251212010101
152532,Dallas Buyers Club,5000000,55198285,117.0,2013.0,"[{""id"": 18, ""name"": ""Drama""}, {""id"": 36, ""name"": ""History""}]",en,59.454473,7.9,2886,Released,Drama,1,1,11.039657,15.424948670398354,4.101890569360525,7.967973179662935
243940,The Lazarus Effect,3300000,64110728,83.0,2015.0,"[{""id"": 53, ""name"": ""Thriller""}, {""id"": 27, ""name"": ""Horror""}]",en,20.304235,5.1,505,Released,Thriller,1,1,19.42749333333333,15.009433329466965,3.058905879243132,6.226536669287466
77,Memento,9000000,39723096,113.0,2000.0,"[{""id"": 9648, ""name"": ""Mystery""}, {""id"": 53, ""name"": ""Thriller""}]",en,60.715151,8.1,4028,Released,Mystery,1,1,4.413677333333333,16.012735246411598,4.12252945992384,8.301273485191347
157547,Oculus,5000000,44030246,104.0,2013.0,"[{""id"": 27, ""name"": ""Horror""}]",en,35.871248,6.3,1050,Released,Horror,1,1,8.8060492,15.424948670398354,3.6074320603306456,6.957497370876951
2295,Clerks II,5000000,26888376,97.0,2006.0,"[{""id"": 35, ""name"": ""Comedy""}]",en,18.077963,6.9,398,Released,Comedy,1,1,5.3776752,15.424948670398354,2.9485338993144894,5.988961416889864
71,Billy Elliot,5000000,110000000,110.0,2000.0,"[{""id"": 18, ""name"": ""Drama""}, {""id"": 35, ""name"": ""Comedy""}, {""id"": 10402, ""name"": ""Music""}]",en,20.428237,7.4,750,Released,Drama,1,1,22.0,15.424948670398354,3.0647095382524903,6.621405651764134
147773,The Way Way Back,4600000,23198652,103.0,2013.0,"[{""id"": 35, ""name"": ""Comedy""}, {""id"": 18, ""name"": ""Drama""}]",en,32.14444,7.1,688,Released,Comedy,1,1,5.043185217391304,15.341567078850604,3.5008749800912797,6.535241271013659
24266,The Man from Snowy River,3500000,20659423,104.0,1982.0,"[{""id"": 10751, ""name"": ""Family""}, {""id"": 18, ""name"": ""Drama""}, {""id"": 28, ""name"": ""Action""}, {""id"": 37, ""name"": ""Western""}, {""id"": 10749, ""name"": ""Romance""}]",en,3.656491,6.8,37,Released,Family,1,1,5.902692285714286,15.068273812173887,1.538262160195575,3.6375861597263857
59968,Our Idiot Brother,10000000,17273593,90.0,2011.0,"[{""id"": 35, ""name"": ""Comedy""}, {""id"": 18, ""name"": ""Drama""}]",en,15.688439,5.9,365,Released,Comedy,1,1,1.7273593,16.118095750958314,2.8147162042403115,5.902633333401366
323677,Race,5000000,24804129,134.0,2016.0,"[{""id"": 28, ""name"": ""Action""}, {""id"": 18, ""name"": ""Drama""}]",en,22.9951,7.1,478,Released,Action,1,1,4.9608258,15.424948670398354,3.177849642836428,6.171700597410915
256274,"As Above, So Below",5000000,40100000,93.0,2014.0,"[{""id"": 27, ""name"": ""Horror""}, {""id"": 53, ""name"": ""Thriller""}]",en,26.510558,6.1,766,Released,Horror,1,1,8.02,15.424948670398354,3.3145698582640355,6.642486801367256
284293,Still Alice,5000000,43884652,99.0,2014.0,"[{""id"": 18, ""name"": ""Drama""}]",en,35.307577,7.5,1104,Released,Drama,1,1,8.7769304,15.424948670398354,3.592026452271518,7.007600613951853
24973,The Egyptian,5000000,15000000,139.0,1954.0,"[{""id"": 36, ""name"": ""History""}, {""id"": 18, ""name"": ""Drama""}]",en,4.079111,6.0,11,Released,History,1,1,3.0,15.424948670398354,1.6251362462761039,2.4849066497880004
21610,Nighthawks,5000000,19905359,99.0,1981.0,"[{""id"": 28, ""name"": ""Action""}, {""id"": 80, ""name"": ""Crime""}, {""id"": 53, ""name"": ""Thriller""}]",en,7.058868,6.4,86,Released,Action,1,1,3.9810718,15.424948670398354,2.0867731000048586,4.465908118654584
10283,Friday the 13th Part VIII: Jason Takes Manhattan,5000000,14000000,100.0,1989.0,"[{""id"": 27, ""name"": ""Horror""}, {""id"": 53, ""name"": ""Thriller""}]",en,12.904615,4.8,191,Released,Horror,1,1,2.8,15.424948670398354,2.632220799420555,5.2574953720277815
8346,My Big Fat Greek Wedding,5000000,368744044,95.0,2002.0,"[{""id"": 35, ""name"": ""Comedy""}, {""id"": 18, ""name"": ""Drama""}, {""id"": 10749, ""name"": ""Romance""}]",en,18.115566,6.2,671,Released,Comedy,1,1,73.7488088,15.424948670398354,2.9505029769637288,6.51025834052315
122081,Spring Breakers,5000000,31724284,94.0,2013.0,"[{""id"": 18, ""name"": ""Drama""}, {""id"": 80, ""name"": ""Crime""}]",en,62.554173,5.0,1551,Released,Drama,1,1,6.3448568,15.424948670398354,4.151892660310464,7.347299700743164
10987,Halloween: The Curse of Michael Myers,5000000,15116634,88.0,1995.0,"[{""id"": 27, ""name"": ""Horror""}, {""id"": 53, ""name"": ""Thriller""}]",en,9.483717,5.0,170,Released,Horror,1,1,3.0233268,15.424948670398354,2.3498232915829025,5.14166355650266
1391,Y Tu Mamá También,5000000,33616692,106.0,2001.0,"[{""id"": 18, ""name"": ""Drama""}, {""id"": 10749, ""name"": ""Romance""}]",es,16.890285,7.3,315,Released,Drama,1,1,6.7233384,15.424948670398354,2.8842578280812705,5.755742213586912
747,Shaun of the Dead,4000000,30039392,99.0,2004.0,"[{""id"": 27, ""name"": ""Horror""}, {""id"": 35, ""name"": ""Comedy""}]",en,49.12486,7.5,2420,Released,Horror,1,1,7.509848,15.201805169084134,3.9145170926053763,7.791935956938058
26748,Lone Star,5000000,13269963,135.0,1996.0,"[{""id"": 18, ""name"": ""Drama""}, {""id"": 9648, ""name"": ""Mystery""}, {""id"": 10749, ""name"": ""Romance""}]",en,5.960149,6.9,77,Released,Drama,1,1,2.6539926,15.424948670398354,1.9402008821631564,4.356708826689592
11357,Halloween 4: The Return of Michael Myers,5000000,17768757,88.0,1988.0,"[{""id"": 27, ""name"": ""Horror""}, {""id"": 53, ""name"": ""Thriller""}]",en,9.302349,5.9,209,Released,Horror,1,1,3.5537514,15.424948670398354,2.332371927486687,5.3471075307174685
14854,Lone Wolf McQuade,5000000,12232628,107.0,1983.0,"[{""id"": 28, ""name"": ""Action""}, {""id"": 80, ""name"": ""Crime""}, {""id"": 18, ""name"": ""Drama""}, {""id"": 10749, ""name"": ""Romance""}, {""id"": 53, ""name"": ""Thriller""}, {""id"": 37, ""name"": ""Western""}]",en,8.452666,5.5,67,Released,Action,1,1,2.4465256,15.424948670398354,2.2462968181204186,4.219507705176107
50357,Apollo 18,5000000,25562924,86.0,2011.0,"[{""id"": 27, ""name"": ""Horror""}, {""id"": 53, ""name"": ""Thriller""}, {""id"": 878, ""name"": ""Science Fiction""}]",en,17.028252,5.0,356,Released,Horror,1,1,5.1125848,15.424948670398354,2.891940082986753,5.877735781779639
13090,Sunshine Cleaning,5000000,16174377,102.0,2008.0,"[{""id"": 35, ""name"": ""Comedy""}, {""id"": 18, ""name"": ""Drama""}]",en,19.336367,6.5,255,Released,Comedy,1,1,3.2348754,15.424948670398354,3.0124107610977893,5.545177444479562
192141,No Escape,5000000,54418872,103.0,2015.0,"[{""id"": 28, ""name"": ""Action""}, {""id"": 53, ""name"": ""Thriller""}]",en,38.006982,6.7,777,Released,Action,1,1,10.8837744,15.424948670398354,3.6637406557474943,6.656726524178391
29996,Solomon and Sheba,5000000,12200000,139.0,1959.0,"[{""id"": 18, ""name"": ""Drama""}, {""id"": 36, ""name"": ""History""}, {""id"": 10749, ""name"": ""Romance""}, {""id"": 10752, ""name"": ""War""}]",en,0.835617,5.4,8,Released,Drama,1,1,2.44,15.424948670398354,0.6073806647726228,2.1972245773362196
351819,Fifty Shades of Black,20000000,21164799,92.0,2016.0,"[{""id"": 10749, ""name"": ""Romance""}, {""id"": 35, ""name"": ""Comedy""}]",en,14.947588,4.3,331,Released,Romance,1,1,1.05823995,16.811242881518265,2.769307595225035,5.805134968916488
22649,A Farewell to Arms,4,25,89.0,1932.0,"[{""id"": 18, ""name"": ""Drama""}, {""id"": 10749, ""name"": ""Romance""}, {""id"": 10752, ""name"": ""War""}]",en,1.199451,6.2,28,Released,Drama,1,1,6.25,1.6094379124341003,0.7882077837680769,3.367295829986474
11042,The Barbarian Invasions,8000000,3432342,99.0,2003.0,"[{""id"": 35, ""name"": ""Comedy""}, {""id"": 80, ""name"": ""Crime""}, {""id"": 18, ""name"": ""Drama""}]",fr,3.03091,6.7,77,Released,Comedy,1,1,0.42904275,15.894952224644102,1.3939921569197649,4.356708826689592
17339,Force 10 from Navarone,5000000,7230000,118.0,1978.0,"[{""id"": 28, ""name"": ""Action""}, {""id"": 12, ""name"": ""Adventure""}, {""id"": 10752, ""name"": ""War""}, {""id"": 53, ""name"": ""Thriller""}]",en,5.348446,6.4,91,Released,Action,1,1,1.446,15.424948670398354,1.8482100585452468,4.5217885770490405
335,Once Upon a Time in the West,5000000,5321508,175.0,1968.0,"[{""id"": 37, ""name"": ""Western""}]",it,49.333137,8.1,1128,Released,Western,1,1,1.0643016,15.424948670398354,3.918663647476955,7.029087564149662
15745,Made,5000000,5476060,94.0,2001.0,"[{""id"": 28, ""name"": ""Action""}, {""id"": 35, ""name"": ""Comedy""}, {""id"": 53, ""name"": ""Thriller""}]",en,4.149628,6.3,55,Released,Action,1,1,1.095212,15.424948670398354,1.6389244790570066,4.02535169073515
17431,Moon,5000000,9760104,97.0,2009.0,"[{""id"": 878, ""name"": ""Science Fiction""}, {""id"": 18, ""name"": ""Drama""}]",en,46.114184,7.6,1794,Released,Science Fiction,1,1,1.9520208,15.424948670398354,3.8525741021836826,7.492760300922379
78394,Sea Rex 3D: Journey to a Prehistoric World,5000000,4074023,41.0,2010.0,"[{""id"": 99, ""name"": ""Documentary""}]",en,4.498368,5.9,11,Released,Documentary,1,1,0.8148046,15.424948670398354,1.7044513209334502,2.4849066497880004
10217,The Sweet Hereafter,5000000,3263585,112.0,1997.0,"[{""id"": 18, ""name"": ""Drama""}]",en,7.673124,6.8,103,Released,Drama,1,1,0.652717,15.424948670398354,2.1602290488444353,4.6443908991413725
46332,Of Gods and Men,4000000,41424067,120.0,2010.0,"[{""id"": 18, ""name"": ""Drama""}, {""id"": 36, ""name"": ""History""}]",fr,4.992475,6.5,91,Released,Drama,1,1,10.35601675,15.201805169084134,1.7905045154361814,4.5217885770490405
13996,Bottle Shock,5000000,4040588,110.0,2008.0,"[{""id"": 35, ""name"": ""Comedy""}, {""id"": 18, ""name"": ""Drama""}]",en,6.174435,6.6,60,Released,Comedy,1,1,0.8081176,15.424948670398354,1.9705240129004844,4.110873864173311
1024,Heavenly Creatures,5000000,3049135,99.0,1994.0,"[{""id"": 18, ""name"": ""Drama""}, {""id"": 14, ""name"": ""Fantasy""}]",en,8.753409,7.0,294,Released,Drama,1,1,0.609827,15.424948670398354,2.2776168649252173,5.68697535633982
343795,90 Minutes in Heaven,5000000,4842699,121.0,2015.0,"[{""id"": 18, ""name"": ""Drama""}]",en,3.943706,5.4,40,Released,Drama,1,1,0.9685398,15.424948670398354,1.5981152523677984,3.713572066704308
45658,Everything Must Go,5000000,2614773,97.0,2010.0,"[{""id"": 35, ""name"": ""Comedy""}, {""id"": 18, ""name"": ""Drama""}, {""id"": 10749, ""name"": ""Romance""}]",en,9.169411,6.0,208,Released,Comedy,1,1,0.5229546,15.424948670398354,2.3193842929457436,5.342334251964811
16148,Zero Effect,5000000,1980338,116.0,1998.0,"[{""id"": 35, ""name"": ""Comedy""}, {""id"": 80, ""name"": ""Crime""}, {""id"": 9648, ""name"": ""Mystery""}, {""id"": 53, ""name"": ""Thriller""}]",en,2.732031,6.0,55,Released,Comedy,1,1,0.3960676,15.424948670398354,1.3169525894886476,4.02535169073515
4553,The Machinist,5000000,8203235,101.0,2004.0,"[{""id"": 53, ""name"": ""Thriller""}, {""id"": 18, ""name"": ""Drama""}]",en,35.252056,7.3,1247,Released,Thriller,1,1,1.640647,15.424948670398354,3.5904960969337014,7.129297548929373
245916,Kill the Messenger,5000000,2450846,112.0,2014.0,"[{""id"": 53, ""name"": ""Thriller""}, {""id"": 80, ""name"": ""Crime""}, {""id"": 18, ""name"": ""Drama""}, {""id"": 9648, ""name"": ""Mystery""}]",en,21.343093,6.6,355,Released,Thriller,1,1,0.4901692,15.424948670398354,3.106517235266165,5.87493073085203
27585,Rabbit Hole,5000000,5129058,91.0,2010.0,"[{""id"": 18, ""name"": ""Drama""}]",en,10.095184,6.9,165,Released,Drama,1,1,1.0258116,15.424948670398354,2.406511140293911,5.111987788356544
1415,Party Monster,5000000,742898,98.0,2003.0,"[{""id"": 35, ""name"": ""Comedy""}, {""id"": 18, ""name"": ""Drama""}, {""id"": 80, ""name"": ""Crime""}]",en,4.129165,5.9,58,Released,Comedy,1,1,0.1485796,15.424948670398354,1.6349428779033355,4.07753744390572
313922,Green Room,5000000,3220371,95.0,2016.0,"[{""id"": 27, ""name"": ""Horror""}, {""id"": 80, ""name"": ""Crime""}, {""id"": 53, ""name"": ""Thriller""}]",en,30.001024,6.7,683,Released,Horror,1,1,0.6440742,15.424948670398354,3.4340202361976577,6.52795791762255
199933,Atlas Shrugged Part III: Who is John Galt?,5000000,846704,99.0,2014.0,"[{""id"": 18, ""name"": ""Drama""}, {""id"": 878, ""name"": ""Science Fiction""}, {""id"": 9648, ""name"": ""Mystery""}]",en,1.731035,3.9,15,Released,Drama,1,1,0.1693408,15.424948670398354,1.0046806582278276,2.772588722239781
13685,Bottle Rocket,7000000,560069,91.0,1996.0,"[{""id"": 35, ""name"": ""Comedy""}, {""id"": 80, ""name"": ""Crime""}, {""id"": 18, ""name"": ""Drama""}]",en,11.700578,6.8,281,Released,Comedy,1,1,0.0800098571428571,15.76142084987672,2.541647504239938,5.641907070938114
46838,Tucker and Dale vs Evil,5000000,5476793,89.0,2010.0,"[{""id"": 35, ""name"": ""Comedy""}, {""id"": 27, ""name"": ""Horror""}]",en,19.940245,7.3,847,Released,Comedy,1,1,1.0953586,15.424948670398354,3.041672905469456,6.742880635791903
298312,The Visit,5000000,98450062,94.0,2015.0,"[{""id"": 27, ""name"": ""Horror""}, {""id"": 53, ""name"": ""Thriller""}]",en,38.94708,6.0,1360,Released,Horror,1,1,19.6900124,15.424948670398354,3.6875555781767746,7.215975002651466
11600,Redacted,5000000,782102,90.0,2007.0,"[{""id"": 18, ""name"": ""Drama""}, {""id"": 10752, ""name"": ""War""}]",en,3.792015,6.2,37,Released,Drama,1,1,0.1564204,15.424948670398354,1.5669509910252775,3.6375861597263857
31175,Soul Kitchen,5000000,17872796,99.0,2009.0,"[{""id"": 18, ""name"": ""Drama""}, {""id"": 35, ""name"": ""Comedy""}]",de,5.461487,7.1,116,Released,Drama,1,1,3.5745592,15.424948670398354,1.8658594770643475,4.762173934797756
12498,Sling Blade,1000000,24475416,135.0,1996.0,"[{""id"": 18, ""name"": ""Drama""}]",en,14.805264,7.4,231,Released,Drama,1,1,24.475416,13.815511557963774,2.7603430491028957,5.44673737166631
77949,The Awakening,4798235,209696,107.0,2011.0,"[{""id"": 27, ""name"": ""Horror""}, {""id"": 53, ""name"": ""Thriller""}]",en,25.30216,6.3,458,Released,Horror,1,1,0.0437027365270771,15.383758908333446,3.269651065088861,6.129050210060545
1690,Hostel,4800000,80578934,94.0,2005.0,"[{""id"": 27, ""name"": ""Horror""}]",en,38.83192,5.7,887,Released,Horror,1,1,16.787277916666667,15.38412668421143,3.6846686009024356,6.78897174299217
64720,Take Shelter,5000000,3099314,120.0,2011.0,"[{""id"": 53, ""name"": ""Thriller""}, {""id"": 18, ""name"": ""Drama""}]",en,19.807295,7.1,471,Released,Thriller,1,1,0.6198628,15.424948670398354,3.035303646372831,6.156978985585555
16337,The Texas Chainsaw Massacre 2,4700000,8025872,101.0,1986.0,"[{""id"": 27, ""name"": ""Horror""}]",en,9.617777,5.9,139,Released,Horror,1,1,1.707632340425532,15.363073279446223,2.36252967186898,4.941642422609304
11577,Pat Garrett & Billy the Kid,4638783,11000000,106.0,1973.0,"[{""id"": 37, ""name"": ""Western""}]",en,4.495256,7.2,65,Released,Western,1,1,2.3713116134123973,15.349962820890848,1.7038851745775039,4.189654742026425
77987,Only God Forgives,4800000,10337387,90.0,2013.0,"[{""id"": 18, ""name"": ""Drama""}, {""id"": 53, ""name"": ""Thriller""}, {""id"": 80, ""name"": ""Crime""}]",en,35.754865,5.6,862,Released,Drama,1,1,2.1536222916666667,15.38412668421143,3.6042705978496414,6.760414691083428
9336,Police Academy,4500000,146198896,96.0,1984.0,"[{""id"": 35, ""name"": ""Comedy""}, {""id"": 80, ""name"": ""Crime""}]",en,15.002502,6.5,602,Released,Comedy,1,1,32.488643555555555,15.319588176962746,2.7727450850144852,6.401917196727186
5689,The Blue Lagoon,4500000,58853106,104.0,1980.0,"[{""id"": 10749, ""name"": ""Romance""}, {""id"": 12, ""name"": ""Adventure""}, {""id"": 18, ""name"": ""Drama""}]",en,22.585384,5.8,408,Released,Romance,1,1,13.078468,15.319588176962746,3.160627198138556,6.013715156042802
712,Four Weddings and a Funeral,6000000,254700832,117.0,1994.0,"[{""id"": 35, ""name"": ""Comedy""}, {""id"": 18, ""name"": ""Drama""}, {""id"": 10749, ""name"": ""Romance""}]",en,29.834065,6.6,632,Released,Comedy,1,1,42.45013866666667,15.607270193858982,3.428620085298454,6.450470422144176
13342,Fast Times at Ridgemont High,4500000,27092880,90.0,1982.0,"[{""id"": 35, ""name"": ""Comedy""}]",en,20.403344,7.0,322,Released,Comedy,1,1,6.02064,15.319588176962746,3.063547171502464,5.777652323222656
10339,Moby Dick,4500000,10400000,116.0,1956.0,"[{""id"": 12, ""name"": ""Adventure""}, {""id"": 18, ""name"": ""Drama""}]",en,5.224593,6.9,89,Released,Adventure,1,1,2.311111111111111,15.319588176962746,1.8285080586872016,4.499809670330265
1429,25th Hour,15000000,13060843,135.0,2002.0,"[{""id"": 80, ""name"": ""Crime""}, {""id"": 18, ""name"": ""Drama""}]",en,30.196039,7.2,629,Released,Crime,1,1,0.8707228666666667,16.52356082573315,3.440291131627747,6.4457198193855785
9303,Bound,4500000,7011317,108.0,1996.0,"[{""id"": 80, ""name"": ""Crime""}, {""id"": 18, ""name"": ""Drama""}, {""id"": 10749, ""name"": ""Romance""}, {""id"": 53, ""name"": ""Thriller""}]",en,15.359952,6.9,198,Released,Crime,1,1,1.5580704444444444,15.319588176962746,2.794836397184967,5.293304824724492
641,Requiem for a Dream,4500000,7390108,102.0,2000.0,"[{""id"": 80, ""name"": ""Crime""}, {""id"": 18, ""name"": ""Drama""}]",en,11.573034,7.9,2443,Released,Crime,1,1,1.6422462222222225,15.319588176962746,2.531554361814816,7.8013913202914855
252680,Moms' Night Out,5000000,10429707,98.0,2014.0,"[{""id"": 35, ""name"": ""Comedy""}]",en,10.274542,5.5,121,Released,Comedy,1,1,2.0859414,15.424948670398354,2.422547263721121,4.804021044733257
141,Donnie Darko,6000000,1270522,113.0,2001.0,"[{""id"": 14, ""name"": ""Fantasy""}, {""id"": 18, ""name"": ""Drama""}, {""id"": 9648, ""name"": ""Mystery""}]",en,61.210016,7.7,3452,Released,Fantasy,1,1,0.2117536666666666,15.607270193858982,4.130516015720272,8.146998697389993
39800,Life During Wartime,4500000,744816,97.0,2009.0,"[{""id"": 35, ""name"": ""Comedy""}, {""id"": 18, ""name"": ""Drama""}]",en,3.108881,6.3,30,Released,Comedy,1,1,0.1655146666666666,15.319588176962746,1.413150728664183,3.4339872044851463
36419,After.Life,4500000,3606395,104.0,2010.0,"[{""id"": 18, ""name"": ""Drama""}, {""id"": 27, ""name"": ""Horror""}, {""id"": 9648, ""name"": ""Mystery""}, {""id"": 53, ""name"": ""Thriller""}]",en,14.570359,5.4,251,Released,Drama,1,1,0.8014211111111111,15.319588176962746,2.7453690427413022,5.529429087511423
510,One Flew Over the Cuckoo's Nest,3000000,108981275,133.0,1975.0,"[{""id"": 18, ""name"": ""Drama""}]",en,127.525581,8.2,2919,Released,Drama,1,1,36.32709166666667,14.914123179965662,4.85612795845265,7.979338895262328
375290,Airlift,4500000,32000000,126.0,2016.0,"[{""id"": 53, ""name"": ""Thriller""}, {""id"": 28, ""name"": ""Action""}, {""id"": 18, ""name"": ""Drama""}, {""id"": 36, ""name"": ""History""}]",hi,2.551559,7.3,57,Released,Thriller,1,1,7.111111111111111,15.319588176962746,1.2673866620165979,4.060443010546419
116613,The Sweeney,3730500,6294161,112.0,2012.0,"[{""id"": 28, ""name"": ""Action""}, {""id"": 18, ""name"": ""Drama""}, {""id"": 80, ""name"": ""Crime""}]",en,6.938854,5.7,109,Released,Action,1,1,1.6872164589197158,15.132053098954252,2.0717689323484048,4.700480365792417
1088,Whale Rider,8000000,41400000,101.0,2003.0,"[{""id"": 18, ""name"": ""Drama""}, {""id"": 10751, ""name"": ""Family""}]",en,12.439495,7.1,111,Released,Drama,1,1,5.175,15.894952224644102,2.598197759984306,4.718498871295094
3040,Night Watch,4200000,32000000,114.0,2004.0,"[{""id"": 14, ""name"": ""Fantasy""}, {""id"": 28, ""name"": ""Action""}, {""id"": 53, ""name"": ""Thriller""}]",ru,12.540624,6.3,210,Released,Fantasy,1,1,7.619047619047619,15.250595321348806,2.6056943520942997,5.351858133476067
11386,The Crying Game,3705538,62548947,112.0,1992.0,"[{""id"": 10749, ""name"": ""Romance""}, {""id"": 80, ""name"": ""Crime""}, {""id"": 18, ""name"": ""Drama""}, {""id"": 53, ""name"": ""Thriller""}]",en,8.839651,6.9,176,Released,Romance,1,1,16.879855772630048,15.12533928521359,2.286420242955501,5.176149732573829
10246,Porky's,4000000,125728258,94.0,1981.0,"[{""id"": 35, ""name"": ""Comedy""}]",en,12.891276,6.1,183,Released,Comedy,1,1,31.4320645,15.201805169084134,2.6312610171977817,5.214935757608986
10331,Night of the Living Dead,114000,30000000,96.0,1968.0,"[{""id"": 27, ""name"": ""Horror""}]",en,25.666029,7.5,580,Released,Horror,1,1,263.1578947368421,11.643962499267984,3.283390433219864,6.364750756851911
153,Lost in Translation,4000000,119723856,102.0,2003.0,"[{""id"": 18, ""name"": ""Drama""}]",en,45.66662,7.3,1895,Released,Drama,1,1,29.930964,15.201805169084134,3.8430291339406946,7.547501682814967
703,Annie Hall,4000000,38251425,93.0,1977.0,"[{""id"": 35, ""name"": ""Comedy""}, {""id"": 18, ""name"": ""Drama""}, {""id"": 10749, ""name"": ""Romance""}]",en,35.892034,7.8,1010,Released,Comedy,1,1,9.56285625,15.201805169084134,3.6079956469820686,6.918695219020472
27191,The Greatest Show on Earth,4000000,36000000,152.0,1952.0,"[{""id"": 28, ""name"": ""Action""}, {""id"": 18, ""name"": ""Drama""}, {""id"": 10749, ""name"": ""Romance""}]",en,8.988455,6.6,50,Released,Action,1,1,9.0,15.201805169084134,2.301429926045543,3.9318256327243257
1365,Monster's Ball,4000000,44909486,111.0,2001.0,"[{""id"": 18, ""name"": ""Drama""}, {""id"": 10749, ""name"": ""Romance""}]",en,14.042041,6.5,250,Released,Drama,1,1,11.2273715,15.201805169084134,2.710849014101866,5.5254529391317835
287424,Maggie,4000000,187112,95.0,2015.0,"[{""id"": 27, ""name"": ""Horror""}]",en,40.016306,5.2,593,Released,Horror,1,1,0.046778,15.201805169084134,3.713969694956788,6.386879319362645
451,Leaving Las Vegas,3600000,49800000,112.0,1995.0,"[{""id"": 18, ""name"": ""Drama""}, {""id"": 10749, ""name"": ""Romance""}]",en,22.030517,7.1,360,Released,Drama,1,1,13.833333333333334,15.096444681204078,3.1368201625602112,5.8888779583328805
241251,The Boy Next Door,4000000,52425855,91.0,2015.0,"[{""id"": 53, ""name"": ""Thriller""}]",en,24.161735,4.1,1022,Released,Thriller,1,1,13.10646375,15.201805169084134,3.2253243881192475,6.930494765951626
40494,Trapeze,4000000,14400000,105.0,1956.0,"[{""id"": 18, ""name"": ""Drama""}]",en,1.379354,6.4,22,Released,Drama,1,1,3.6,15.201805169084134,0.866829022268553,3.1354942159291497
39781,The Kids Are All Right,3500000,34705850,106.0,2010.0,"[{""id"": 35, ""name"": ""Comedy""}, {""id"": 18, ""name"": ""Drama""}]",en,15.338211,6.5,506,Released,Comedy,1,1,9.915957142857144,15.068273812173887,2.7935065975137228,6.2285110035911835
8337,They Live,4000000,13008928,94.0,1988.0,"[{""id"": 28, ""name"": ""Action""}, {""id"": 27, ""name"": ""Horror""}, {""id"": 878, ""name"": ""Science Fiction""}, {""id"": 53, ""name"": ""Thriller""}]",en,29.852608,7.1,550,Released,Action,1,1,3.252232,15.201805169084134,3.429221284865774,6.311734809152915
5925,The Great Escape,4000000,11744471,172.0,1963.0,"[{""id"": 12, ""name"": ""Adventure""}, {""id"": 18, ""name"": ""Drama""}, {""id"": 36, ""name"": ""History""}, {""id"": 53, ""name"": ""Thriller""}, {""id"": 10752, ""name"": ""War""}]",en,35.061467,7.8,717,Released,Adventure,1,1,2.93611775,15.201805169084134,3.5852248991440128,6.576469569048224
146203,The Last Exorcism Part II,5000000,15179302,88.0,2013.0,"[{""id"": 27, ""name"": ""Horror""}, {""id"": 53, ""name"": ""Thriller""}]",en,10.605752,4.4,203,Released,Horror,1,1,3.0358604,15.424948670398354,2.4515008372823144,5.318119993844216
85350,Boyhood,4000000,44349000,164.0,2014.0,"[{""id"": 18, ""name"": ""Drama""}]",en,43.40352,7.5,1971,Released,Drama,1,1,11.08725,15.201805169084134,3.7933187455750224,7.586803535162581
512,Scoop,4000000,31584901,96.0,2006.0,"[{""id"": 35, ""name"": ""Comedy""}, {""id"": 9648, ""name"": ""Mystery""}]",en,17.229537,6.4,420,Released,Comedy,1,1,7.89622525,15.201805169084134,2.9030431906719394,6.042632833682381
13408,The Wash,7000000,10229331,93.0,2001.0,"[{""id"": 28, ""name"": ""Action""}, {""id"": 35, ""name"": ""Comedy""}]",en,2.453459,5.3,26,Released,Action,1,1,1.461333,15.76142084987672,1.2393763374625186,3.295836866004329
47816,3 Strikes,6000000,9000000,82.0,2000.0,"[{""id"": 28, ""name"": ""Action""}, {""id"": 35, ""name"": ""Comedy""}, {""id"": 10749, ""name"": ""Romance""}]",en,1.433692,5.9,15,Released,Action,1,1,1.5,15.607270193858982,0.8894094458846009,2.772588722239781
11536,The Misfits,4000000,8200000,124.0,1961.0,"[{""id"": 18, ""name"": ""Drama""}, {""id"": 28, ""name"": ""Action""}, {""id"": 10749, ""name"": ""Romance""}]",en,2.930058,6.8,72,Released,Drama,1,1,2.05,15.201805169084134,1.3686541840419877,4.290459441148391
2370,Topaz,4000000,6000000,143.0,1969.0,"[{""id"": 28, ""name"": ""Action""}, {""id"": 18, ""name"": ""Drama""}, {""id"": 9648, ""name"": ""Mystery""}, {""id"": 53, ""name"": ""Thriller""}]",en,5.975604,6.1,77,Released,Action,1,1,1.5,15.201805169084134,1.942418918940379,4.356708826689592
9809,Let's Go to Prison,4000000,4630045,84.0,2006.0,"[{""id"": 35, ""name"": ""Comedy""}, {""id"": 80, ""name"": ""Crime""}]",en,4.59841,5.5,69,Released,Comedy,1,1,1.15751125,15.201805169084134,1.722482628854327,4.248495242049359
5,Four Rooms,4000000,4300000,98.0,1995.0,"[{""id"": 80, ""name"": ""Crime""}, {""id"": 35, ""name"": ""Comedy""}]",en,22.87623,6.5,530,Released,Crime,1,1,1.075,15.201805169084134,3.172883403364378,6.274762021241939
11013,Secretary,4000000,9304609,104.0,2002.0,"[{""id"": 35, ""name"": ""Comedy""}, {""id"": 18, ""name"": ""Drama""}, {""id"": 10749, ""name"": ""Romance""}]",en,19.107285,6.7,376,Released,Comedy,1,1,2.32615225,15.201805169084134,3.001082187211258,5.932245187448011
10132,Talk Radio,4000000,3468572,110.0,1988.0,"[{""id"": 18, ""name"": ""Drama""}]",en,4.541908,6.7,46,Released,Drama,1,1,0.867143,15.201805169084134,1.7123388457977642,3.8501476017100584
8141,You Kill Me,4000000,2426851,90.0,2007.0,"[{""id"": 35, ""name"": ""Comedy""}, {""id"": 80, ""name"": ""Crime""}, {""id"": 53, ""name"": ""Thriller""}, {""id"": 10749, ""name"": ""Romance""}]",en,6.091951,6.2,80,Released,Comedy,1,1,0.60671275,15.201805169084134,1.9589604789946353,4.394449154672439
48572,Red State,4000000,1104682,88.0,2011.0,"[{""id"": 27, ""name"": ""Horror""}, {""id"": 28, ""name"": ""Action""}, {""id"": 53, ""name"": ""Thriller""}]",en,12.062371,5.9,316,Released,Horror,1,1,0.2761705,15.201805169084134,2.5697356540781797,5.75890177387728
14517,Mirrormask,4000000,866999,101.0,2005.0,"[{""id"": 14, ""name"": ""Fantasy""}]",en,7.758188,6.6,102,Released,Fantasy,1,1,0.21674975,15.201805169084134,2.1699890342369614,4.634728988229636
157847,Joe,4000000,2365467,118.0,2014.0,"[{""id"": 18, ""name"": ""Drama""}]",en,22.987897,6.5,338,Released,Drama,1,1,0.59136675,15.201805169084134,3.1775494114834713,5.82600010738045
25719,Shooting Fish,3000000,302204,109.0,1997.0,"[{""id"": 80, ""name"": ""Crime""}, {""id"": 35, ""name"": ""Comedy""}, {""id"": 10749, ""name"": ""Romance""}]",en,1.204941,7.0,23,Released,Crime,1,1,0.1007346666666666,14.914123179965662,0.7907007511712101,3.1780538303479458
48309,Prison,1300000,354704,102.0,1988.0,"[{""id"": 80, ""name"": ""Crime""}, {""id"": 18, ""name"": ""Drama""}, {""id"": 27, ""name"": ""Horror""}, {""id"": 53, ""name"": ""Thriller""}]",en,7.605291,6.7,27,Released,Crime,1,1,0.2728492307692308,14.077875591662238,2.15237724663964,3.332204510175204
44945,Trust,9500000,120000,104.0,2010.0,"[{""id"": 80, ""name"": ""Crime""}, {""id"": 18, ""name"": ""Drama""}, {""id"": 53, ""name"": ""Thriller""}]",en,21.230737,6.6,307,Released,Crime,1,1,0.0126315789473684,16.066802461833923,3.101475880822855,5.730099782973575
111190,Adore,16000000,318982,100.0,2013.0,"[{""id"": 18, ""name"": ""Drama""}]",en,18.790221,6.1,291,Released,Drama,1,1,0.019936375,16.588099342704055,2.985187926808311,5.676753802268282
54580,Mondays in the Sun,4000000,146402,113.0,2002.0,"[{""id"": 18, ""name"": ""Drama""}]",es,3.663108,7.1,36,Released,Drama,1,1,0.0366005,15.201805169084134,1.5396821786130854,3.6109179126442243
52015,Stake Land,650000,33245,98.0,2010.0,"[{""id"": 18, ""name"": ""Drama""}, {""id"": 27, ""name"": ""Horror""}, {""id"": 28, ""name"": ""Action""}, {""id"": 53, ""name"": ""Thriller""}, {""id"": 878, ""name"": ""Science Fiction""}]",en,12.496261,6.2,285,Released,Drama,1,1,0.0511461538461538,13.384729180332174,2.6024126841200963,5.655991810819852
60422,Another Happy Day,4000000,355688,119.0,2011.0,"[{""id"": 35, ""name"": ""Comedy""}, {""id"": 18, ""name"": ""Drama""}]",en,3.238466,6.2,37,Released,Comedy,1,1,0.088922,15.201805169084134,1.444201411328357,3.6375861597263857
81390,A Lonely Place to Die,4000000,25345000,99.0,2011.0,"[{""id"": 12, ""name"": ""Adventure""}, {""id"": 28, ""name"": ""Action""}, {""id"": 53, ""name"": ""Thriller""}, {""id"": 80, ""name"": ""Crime""}]",en,8.30723,6.2,157,Released,Adventure,1,1,6.33625,15.201805169084134,2.2307915174801503,5.062595033026967
22301,Hell's Angels,3950000,8000000,127.0,1930.0,"[{""id"": 28, ""name"": ""Action""}, {""id"": 18, ""name"": ""Drama""}, {""id"": 36, ""name"": ""History""}]",en,8.484123,6.1,19,Released,Action,1,1,2.0253164556962027,15.18922639004183,2.2496191373303627,2.995732273553991
874,A Man for All Seasons,3900000,28350000,120.0,1966.0,"[{""id"": 18, ""name"": ""Drama""}, {""id"": 36, ""name"": ""History""}]",en,9.541688,7.5,89,Released,Drama,1,1,7.269230769230769,15.176487367510099,2.355337682092942,4.499809670330265
10774,Network,3800000,23689877,121.0,1976.0,"[{""id"": 18, ""name"": ""Drama""}]",en,17.234745,7.7,381,Released,Drama,1,1,6.234178157894737,15.150511887854474,2.9033288400663473,5.945420608606575
770,Gone with the Wind,4000000,400176459,238.0,1939.0,"[{""id"": 18, ""name"": ""Drama""}, {""id"": 10749, ""name"": ""Romance""}, {""id"": 10752, ""name"": ""War""}]",en,48.98255,7.7,970,Released,Drama,1,1,100.04411475,15.201805169084134,3.9116739445134727,6.878326468291325
29715,Major Dundee,3800000,14873,123.0,1965.0,"[{""id"": 10752, ""name"": ""War""}, {""id"": 37, ""name"": ""Western""}]",en,3.490215,6.2,38,Released,War,1,1,0.003913947368421,15.150511887854474,1.5019005847948343,3.6635616461296463
25209,Annie Get Your Gun,3768785,8000000,107.0,1950.0,"[{""id"": 28, ""name"": ""Action""}, {""id"": 35, ""name"": ""Comedy""}, {""id"": 10402, ""name"": ""Music""}, {""id"": 10749, ""name"": ""Romance""}, {""id"": 37, ""name"": ""Western""}]",en,1.726175,7.3,22,Released,Action,1,1,2.122700021359669,15.142263491650816,1.0028995278389174,3.1354942159291497
37495,Four Lions,967686,4270000,101.0,2010.0,"[{""id"": 35, ""name"": ""Comedy""}, {""id"": 80, ""name"": ""Crime""}, {""id"": 18, ""name"": ""Drama""}]",en,20.544999,7.0,423,Released,Comedy,1,1,4.412588380941751,13.782663966863328,3.070143724653319,6.049733455231958
34769,Defendor,3500000,44462,101.0,2009.0,"[{""id"": 18, ""name"": ""Drama""}, {""id"": 28, ""name"": ""Action""}, {""id"": 35, ""name"": ""Comedy""}, {""id"": 80, ""name"": ""Crime""}]",en,8.45342,6.5,195,Released,Drama,1,1,0.0127034285714285,15.068273812173887,2.2463765807958236,5.278114659230518
35032,The Pirate,3700000,2956000,102.0,1948.0,"[{""id"": 10402, ""name"": ""Music""}, {""id"": 10749, ""name"": ""Romance""}]",en,0.90522,6.6,17,Released,Music,1,1,0.798918918918919,15.123843647884687,0.6445974874750243,2.8903717578961645
8618,The History Boys,4000000,13401952,109.0,2006.0,"[{""id"": 35, ""name"": ""Comedy""}, {""id"": 18, ""name"": ""Drama""}]",en,3.771652,6.6,66,Released,Comedy,1,1,3.350488,15.201805169084134,1.5626925761783277,4.204692619390966
3116,Midnight Cowboy,3600000,44785053,113.0,1969.0,"[{""id"": 18, ""name"": ""Drama""}]",en,21.119209,7.4,299,Released,Drama,1,1,12.4402925,15.096444681204078,3.0964464165210774,5.703782474656201
9427,The Full Monty,3500000,257850122,91.0,1997.0,"[{""id"": 35, ""name"": ""Comedy""}]",en,17.002623,6.8,363,Released,Comedy,1,1,73.67146342857143,15.068273812173887,2.890517469501935,5.8971538676367405
813,Airplane!,3500000,83453539,88.0,1980.0,"[{""id"": 35, ""name"": ""Comedy""}]",en,46.116885,7.1,1074,Released,Comedy,1,1,23.843868285714287,15.068273812173887,3.8526314293482664,6.980075940561763
10634,Friday,3500000,28215918,91.0,1995.0,"[{""id"": 35, ""name"": ""Comedy""}]",en,25.5748,7.0,503,Released,Comedy,1,1,8.061690857142857,15.068273812173887,3.2799633983295133,6.222576268071369
9516,Menace II Society,3500000,27900000,97.0,1993.0,"[{""id"": 18, ""name"": ""Drama""}, {""id"": 28, ""name"": ""Action""}, {""id"": 80, ""name"": ""Crime""}]",en,3.418871,7.2,173,Released,Drama,1,1,7.9714285714285715,15.068273812173887,1.4858842335975895,5.159055299214529
16288,Creepshow 2,3500000,14000000,92.0,1987.0,"[{""id"": 27, ""name"": ""Horror""}]",en,10.729884,5.9,129,Released,Horror,1,1,4.0,15.068273812173887,2.4621397734434254,4.867534450455582
23330,The Ballad of Cable Hogue,3716946,5000000,121.0,1970.0,"[{""id"": 28, ""name"": ""Action""}, {""id"": 35, ""name"": ""Comedy""}, {""id"": 37, ""name"": ""Western""}]",en,2.676535,6.9,47,Released,Action,1,1,1.3451903794136368,15.128413190366862,1.3019707325326664,3.8712010109078907
18900,In Cold Blood,3500000,13007551,134.0,1967.0,"[{""id"": 80, ""name"": ""Crime""}, {""id"": 18, ""name"": ""Drama""}]",en,7.821438,7.4,82,Released,Crime,1,1,3.716443142857143,15.068273812173887,2.177184895278113,4.418840607796598
27029,The Nun's Story,3500000,12800000,149.0,1959.0,"[{""id"": 18, ""name"": ""Drama""}]",en,3.281509,7.4,46,Released,Drama,1,1,3.657142857142857,15.068273812173887,1.4543055175489328,3.8501476017100584
26268,Harper,3500000,12000000,121.0,1966.0,"[{""id"": 28, ""name"": ""Action""}, {""id"": 18, ""name"": ""Drama""}, {""id"": 53, ""name"": ""Thriller""}, {""id"": 80, ""name"": ""Crime""}, {""id"": 9648, ""name"": ""Mystery""}]",en,2.938973,6.2,35,Released,Action,1,1,3.4285714285714284,15.068273812173887,1.3709200294336694,3.58351893845611
573,Frenzy,3500000,12600000,116.0,1972.0,"[{""id"": 80, ""name"": ""Crime""}, {""id"": 18, ""name"": ""Drama""}, {""id"": 9648, ""name"": ""Mystery""}, {""id"": 53, ""name"": ""Thriller""}]",en,10.219942,7.1,158,Released,Crime,1,1,3.6,15.068273812173887,2.4176927307407254,5.0689042022202315
310131,The Witch,3500000,40423945,92.0,2016.0,"[{""id"": 9648, ""name"": ""Mystery""}, {""id"": 27, ""name"": ""Horror""}]",en,50.319662,6.3,1434,Released,Mystery,1,1,11.549698571428571,15.068273812173887,3.9380739535994804,7.268920128193722
11363,She's the One,3500000,9482579,96.0,1996.0,"[{""id"": 35, ""name"": ""Comedy""}, {""id"": 10749, ""name"": ""Romance""}]",en,8.406025,5.7,70,Released,Comedy,1,1,2.7093082857142856,15.068273812173887,2.2413504413972745,4.2626798770413155
3033,Gods and Monsters,10000000,6451628,105.0,1998.0,"[{""id"": 18, ""name"": ""Drama""}]",en,5.588652,6.8,81,Released,Drama,1,1,0.6451628,16.118095750958314,1.8853487752386815,4.406719247264253
25376,The Secret in Their Eyes,2000000,33965843,129.0,2009.0,"[{""id"": 80, ""name"": ""Crime""}, {""id"": 18, ""name"": ""Drama""}, {""id"": 9648, ""name"": ""Mystery""}, {""id"": 10749, ""name"": ""Romance""}]",es,25.894065,7.8,626,Released,Crime,1,1,16.9829215,14.508658238524095,3.2919056302947194,6.440946540632921
765,Evil Dead II,3600000,5923044,84.0,1987.0,"[{""id"": 27, ""name"": ""Horror""}, {""id"": 35, ""name"": ""Comedy""}, {""id"": 14, ""name"": ""Fantasy""}]",en,35.674774,7.6,742,Released,Horror,1,1,1.64529,15.096444681204078,3.6020891617742032,6.610696044717759
46146,Troll Hunter,3500000,4159678,103.0,2010.0,"[{""id"": 14, ""name"": ""Fantasy""}, {""id"": 27, ""name"": ""Horror""}]",nb,12.982319,6.7,583,Released,Fantasy,1,1,1.1884794285714286,15.068273812173887,2.637793602877453,6.369900982828227
14256,Winter Passing,3500000,113783,98.0,2006.0,"[{""id"": 35, ""name"": ""Comedy""}, {""id"": 18, ""name"": ""Drama""}]",en,3.643608,6.7,28,Released,Comedy,1,1,0.0325094285714285,15.068273812173887,1.5354916502815346,3.367295829986474
12535,High Anxiety,3400000,31063038,94.0,1977.0,"[{""id"": 35, ""name"": ""Comedy""}, {""id"": 10402, ""name"": ""Music""}]",en,5.690619,6.5,84,Released,Comedy,1,1,9.136187647058824,15.039286283703994,1.9007063960183015,4.442651256490317
1667,March of the Penguins,8000000,127392239,80.0,2005.0,"[{""id"": 99, ""name"": ""Documentary""}, {""id"": 10751, ""name"": ""Family""}]",fr,17.537154,6.9,358,Released,Documentary,1,1,15.924029875,15.894952224644102,2.91977704242135,5.883322388488279
50839,Margin Call,3500000,19504039,107.0,2011.0,"[{""id"": 53, ""name"": ""Thriller""}, {""id"": 18, ""name"": ""Drama""}]",en,26.259389,6.7,524,Released,Thriller,1,1,5.572582571428572,15.068273812173887,3.3053980122240905,6.263398262591624
13973,Choke,3000000,3830137,92.0,2008.0,"[{""id"": 35, ""name"": ""Comedy""}, {""id"": 18, ""name"": ""Drama""}]",en,11.637458,6.0,127,Released,Comedy,1,1,1.2767123333333332,14.914123179965662,2.5366652608989306,4.852030263919617
244786,Whiplash,3300000,13092000,105.0,2014.0,"[{""id"": 18, ""name"": ""Drama""}]",en,192.528841,8.3,4254,Released,Drama,1,1,3.9672727272727273,15.009433329466965,5.265426550458731,8.355850041007475
598,City of God,3300000,30641770,130.0,2002.0,"[{""id"": 18, ""name"": ""Drama""}, {""id"": 80, ""name"": ""Crime""}]",pt,44.356711,8.1,1814,Released,Drama,1,1,9.28538484848485,15.009433329466965,3.814558147972263,7.503840746698951
11129,Human Traffic,600000,4000000,99.0,1999.0,"[{""id"": 35, ""name"": ""Comedy""}, {""id"": 18, ""name"": ""Drama""}]",en,4.859873,6.8,97,Released,Comedy,1,1,6.666666666666667,13.304686600863562,1.7681279309991236,4.584967478670572
103663,The Hunt,3800000,16800000,115.0,2012.0,"[{""id"": 18, ""name"": ""Drama""}]",da,21.826888,7.9,927,Released,Drama,1,1,4.421052631578948,15.150511887854474,3.1279391393800506,6.833031732786201
301748,The Opposite Sex,3300000,45000,96.0,2014.0,"[{""id"": 35, ""name"": ""Comedy""}]",en,2.964785,4.1,9,Released,Comedy,1,1,0.0136363636363636,15.009433329466965,1.3774516291525514,2.302585092994046
108346,Dreaming of Joseph Lees,2000000,7,92.0,1999.0,"[{""id"": 10749, ""name"": ""Romance""}, {""id"": 18, ""name"": ""Drama""}]",en,0.11615,8.0,1,Released,Romance,1,1,3.5e-06,14.508658238524095,0.10988526352924288,0.6931471805599453
805,Rosemary's Baby,3200000,33395426,136.0,1968.0,"[{""id"": 27, ""name"": ""Horror""}, {""id"": 18, ""name"": ""Drama""}, {""id"": 9648, ""name"": ""Mystery""}]",en,26.180367,7.5,863,Released,Horror,1,1,10.436070625,14.978661680269907,3.302494911207262,6.761572768804055
11697,The Man Who Shot Liberty Valance,3200000,8000000,123.0,1962.0,"[{""id"": 37, ""name"": ""Western""}]",en,11.735287,7.4,265,Released,Western,1,1,2.5,14.978661680269907,2.5443766444947173,5.583496308781699
55347,Beginners,3200000,5332926,105.0,2010.0,"[{""id"": 18, ""name"": ""Drama""}, {""id"": 10749, ""name"": ""Romance""}, {""id"": 35, ""name"": ""Comedy""}]",en,11.933449,6.8,347,Released,Drama,1,1,1.666539375,14.978661680269907,2.559816901220096,5.8522024797744745
8469,Animal House,2700000,141000000,109.0,1978.0,"[{""id"": 35, ""name"": ""Comedy""}]",en,17.332585,7.0,418,Released,Comedy,1,1,52.22222222222222,14.80876270134486,2.9086800775494583,6.037870919922137
658,Goldfinger,2500000,124881062,110.0,1964.0,"[{""id"": 12, ""name"": ""Adventure""}, {""id"": 28, ""name"": ""Action""}, {""id"": 53, ""name"": ""Thriller""}]",en,47.812466,7.2,987,Released,Adventure,1,1,49.9524248,14.731801689838349,3.8879857310567685,6.895682697747868
1585,It's a Wonderful Life,3180000,9644124,130.0,1946.0,"[{""id"": 18, ""name"": ""Drama""}, {""id"": 10751, ""name"": ""Family""}, {""id"": 14, ""name"": ""Fantasy""}]",en,42.868495,8.0,1076,Released,Drama,1,1,3.032743396226415,14.97239206922172,3.781196408685855,6.981934677156389
627,Trainspotting,4000000,16491080,93.0,1996.0,"[{""id"": 18, ""name"": ""Drama""}, {""id"": 80, ""name"": ""Crime""}]",en,63.513324,7.8,2655,Released,Drama,1,1,4.12277,15.201805169084134,4.166871776111741,7.884576510596324
41436,Paranormal Activity 2,3000000,177512032,91.0,2010.0,"[{""id"": 27, ""name"": ""Horror""}, {""id"": 53, ""name"": ""Thriller""}]",en,22.789649,5.7,722,Released,Horror,1,1,59.17067733333333,14.914123179965662,3.1692505701076628,6.583409222158765
1430,Bowling for Columbine,4000000,35564473,120.0,2002.0,"[{""id"": 99, ""name"": ""Documentary""}]",en,11.414843,7.3,453,Released,Documentary,1,1,8.89111825,15.201805169084134,2.5188927728874178,6.118097198041348
10014,A Nightmare on Elm Street Part 2: Freddy's Revenge,3000000,29999213,87.0,1985.0,"[{""id"": 27, ""name"": ""Horror""}]",en,21.607228,5.7,361,Released,Horror,1,1,9.999737666666666,14.914123179965662,3.118269678154613,5.891644211825771
11257,A Room with a View,3000000,20966644,117.0,1985.0,"[{""id"": 18, ""name"": ""Drama""}, {""id"": 10749, ""name"": ""Romance""}]",en,7.961559,6.9,156,Released,Drama,1,1,6.9888813333333335,14.914123179965662,2.192944207387086,5.056245805348308
158015,The Purge,3000000,89328627,86.0,2013.0,"[{""id"": 878, ""name"": ""Science Fiction""}, {""id"": 27, ""name"": ""Horror""}, {""id"": 53, ""name"": ""Thriller""}]",en,54.403033,6.0,2428,Released,Science Fiction,1,1,29.776209,14.914123179965662,4.0146343395470785,7.795234929002173
82507,Sinister,3000000,77712439,110.0,2012.0,"[{""id"": 27, ""name"": ""Horror""}, {""id"": 53, ""name"": ""Thriller""}, {""id"": 9648, ""name"": ""Mystery""}]",en,41.045084,6.7,1573,Released,Horror,1,1,25.904146333333333,14.914123179965662,3.738742471142302,7.3613754289773485
20337,Martin Lawrence Live: Runteldat,3000000,19184015,113.0,2002.0,"[{""id"": 35, ""name"": ""Comedy""}]",en,0.295226,5.0,1,Released,Comedy,1,1,6.3946716666666665,14.914123179965662,0.2586851972996329,0.6931471805599453
261,Cat on a Hot Tin Roof,3000000,17570324,108.0,1958.0,"[{""id"": 18, ""name"": ""Drama""}, {""id"": 10749, ""name"": ""Romance""}]",en,16.553594,7.6,165,Released,Drama,1,1,5.8567746666666665,14.914123179965662,2.8652587152708042,5.111987788356544
1685,Beneath the Planet of the Apes,3000000,18999718,95.0,1970.0,"[{""id"": 12, ""name"": ""Adventure""}, {""id"": 878, ""name"": ""Science Fiction""}, {""id"": 9648, ""name"": ""Mystery""}]",en,24.393296,6.2,361,Released,Adventure,1,1,6.333239333333333,14.914123179965662,3.2344852021791146,5.891644211825771
20737,Air Bud,3000000,23144499,98.0,1997.0,"[{""id"": 35, ""name"": ""Comedy""}, {""id"": 10751, ""name"": ""Family""}, {""id"": 18, ""name"": ""Drama""}]",en,11.241802,5.3,106,Released,Comedy,1,1,7.714833,14.914123179965662,2.504856488470274,4.672828834461906
10991,Pokémon: Spell of the Unknown,16000000,68411275,93.0,2000.0,"[{""id"": 12, ""name"": ""Adventure""}, {""id"": 14, ""name"": ""Fantasy""}, {""id"": 16, ""name"": ""Animation""}, {""id"": 28, ""name"": ""Action""}, {""id"": 10751, ""name"": ""Family""}]",ja,9.18885,5.9,137,Released,Adventure,1,1,4.2757046875,16.588099342704055,2.3212939851250227,4.927253685157205
10225,Friday the 13th Part VI: Jason Lives,3000000,19472057,86.0,1986.0,"[{""id"": 27, ""name"": ""Horror""}, {""id"": 9648, ""name"": ""Mystery""}, {""id"": 53, ""name"": ""Thriller""}]",en,11.158167,5.7,216,Released,Horror,1,1,6.490685666666667,14.914123179965662,2.4980011250440066,5.37989735354046
826,The Bridge on the River Kwai,3000000,33300000,161.0,1957.0,"[{""id"": 18, ""name"": ""Drama""}, {""id"": 36, ""name"": ""History""}, {""id"": 10752, ""name"": ""War""}]",en,23.109959,7.7,542,Released,Drama,1,1,11.1,14.914123179965662,3.1826249916524385,6.297109319933935
34086,Spaced Invaders,3000000,15369573,100.0,1990.0,"[{""id"": 35, ""name"": ""Comedy""}, {""id"": 10751, ""name"": ""Family""}, {""id"": 878, ""name"": ""Science Fiction""}]",en,1.586598,4.7,25,Released,Comedy,1,1,5.123191,14.914123179965662,0.9503434987829034,3.258096538021482
5854,Family Plot,2000000,7900000,121.0,1976.0,"[{""id"": 35, ""name"": ""Comedy""}, {""id"": 80, ""name"": ""Crime""}, {""id"": 53, ""name"": ""Thriller""}]",en,3.832858,6.7,86,Released,Comedy,1,1,3.95,14.508658238524095,1.575438011094663,4.465908118654584
284,The Apartment,3000000,25000000,125.0,1960.0,"[{""id"": 35, ""name"": ""Comedy""}, {""id"": 18, ""name"": ""Drama""}, {""id"": 10749, ""name"": ""Romance""}]",en,22.889294,8.1,483,Released,Comedy,1,1,8.333333333333334,14.914123179965662,3.1734304087871905,6.182084906716632
10285,Jason Goes to Hell: The Final Friday,3000000,15938065,87.0,1993.0,"[{""id"": 14, ""name"": ""Fantasy""}, {""id"": 27, ""name"": ""Horror""}, {""id"": 53, ""name"": ""Thriller""}]",en,10.341982,4.2,193,Released,Fantasy,1,1,5.312688333333333,14.914123179965662,2.4285110625688877,5.267858159063328
5780,Torn Curtain,3000000,13000000,128.0,1966.0,"[{""id"": 9648, ""name"": ""Mystery""}, {""id"": 53, ""name"": ""Thriller""}]",en,7.924982,6.4,120,Released,Mystery,1,1,4.333333333333333,14.914123179965662,2.1888543108569465,4.795790545596741
292,Dave Chappelle's Block Party,3000000,11718595,100.0,2005.0,"[{""id"": 35, ""name"": ""Comedy""}, {""id"": 99, ""name"": ""Documentary""}, {""id"": 10402, ""name"": ""Music""}]",en,1.697846,6.4,28,Released,Comedy,1,1,3.906198333333333,14.914123179965662,0.9924536768384645,3.367295829986474
22013,Elmer Gantry,3000000,10400000,146.0,1960.0,"[{""id"": 18, ""name"": ""Drama""}]",en,6.734965,7.3,41,Released,Drama,1,1,3.466666666666667,14.914123179965662,2.0457509591279144,3.7376696182833684
821,Judgment at Nuremberg,3000000,10000000,186.0,1961.0,"[{""id"": 18, ""name"": ""Drama""}, {""id"": 36, ""name"": ""History""}]",en,13.338539,7.6,155,Released,Drama,1,1,3.333333333333333,14.914123179965662,2.6629509471358763,5.049856007249537
3089,Red River,3000000,9012000,133.0,1948.0,"[{""id"": 37, ""name"": ""Western""}]",en,5.344815,7.3,82,Released,Western,1,1,3.004,14.914123179965662,1.8476379439248918,4.418840607796598
132344,Before Midnight,3000000,11176469,108.0,2013.0,"[{""id"": 10749, ""name"": ""Romance""}, {""id"": 18, ""name"": ""Drama""}]",en,23.299907,7.4,568,Released,Romance,1,1,3.725489666666667,14.914123179965662,3.1904725231786855,6.343880434126331
15158,Phantasm II,3000000,7282851,97.0,1988.0,"[{""id"": 28, ""name"": ""Action""}, {""id"": 27, ""name"": ""Horror""}, {""id"": 878, ""name"": ""Science Fiction""}, {""id"": 53, ""name"": ""Thriller""}]",en,5.003615,6.3,94,Released,Action,1,1,2.427617,14.914123179965662,1.7923617877978009,4.553876891600541
44634,Woman Thou Art Loosed,3000000,6804016,94.0,2004.0,"[{""id"": 18, ""name"": ""Drama""}]",en,0.019984,5.0,3,Released,Drama,1,1,2.268005333333333,14.914123179965662,0.019786940898639017,1.3862943611198906
10557,East Is East,3800000,28200000,97.0,1999.0,"[{""id"": 35, ""name"": ""Comedy""}]",en,3.667372,6.5,59,Released,Comedy,1,1,7.421052631578948,15.150511887854474,1.5405961723833608,4.0943445622221
28005,Kama Sutra - A Tale of Love,3000000,4109095,117.0,1996.0,"[{""id"": 18, ""name"": ""Drama""}, {""id"": 36, ""name"": ""History""}, {""id"": 10749, ""name"": ""Romance""}]",en,3.937939,5.7,35,Released,Drama,1,1,1.3696983333333332,14.914123179965662,1.5969480376672618,3.58351893845611
252,Willy Wonka & the Chocolate Factory,3000000,4000000,100.0,1971.0,"[{""id"": 10751, ""name"": ""Family""}, {""id"": 14, ""name"": ""Fantasy""}]",en,23.981601,7.4,798,Released,Family,1,1,1.3333333333333333,14.914123179965662,3.218139593916692,6.683360945766275
18892,Jawbreaker,3000000,3076820,87.0,1999.0,"[{""id"": 35, ""name"": ""Comedy""}]",en,4.337685,5.9,90,Released,Comedy,1,1,1.0256066666666668,14.914123179965662,1.67479203837563,4.51085950651685
549,Basquiat,2962051,3011195,108.0,1996.0,"[{""id"": 18, ""name"": ""Drama""}, {""id"": 36, ""name"": ""History""}]",en,3.636634,6.6,94,Released,Drama,1,1,1.016591206565991,14.901392829361386,1.533988671951266,4.553876891600541
868,Tsotsi,3000000,9879971,94.0,2005.0,"[{""id"": 80, ""name"": ""Crime""}, {""id"": 18, ""name"": ""Drama""}]",af,2.504169,6.9,94,Released,Crime,1,1,3.2933236666666668,14.914123179965662,1.2539534025046946,4.553876891600541
10683,Happiness,3000000,2807390,139.0,1998.0,"[{""id"": 35, ""name"": ""Comedy""}, {""id"": 18, ""name"": ""Drama""}]",en,10.757539,7.4,194,Released,Comedy,1,1,0.9357966666666668,14.914123179965662,2.4644946518632467,5.272999558563747
246403,Tusk,2800000,1826705,102.0,2014.0,"[{""id"": 35, ""name"": ""Comedy""}, {""id"": 27, ""name"": ""Horror""}]",en,15.754614,5.1,366,Released,Comedy,1,1,0.6523946428571429,14.845130332288226,2.8186736830247625,5.905361848054571
670,Oldboy,3000000,14980005,120.0,2003.0,"[{""id"": 18, ""name"": ""Drama""}, {""id"": 53, ""name"": ""Thriller""}, {""id"": 9648, ""name"": ""Mystery""}, {""id"": 28, ""name"": ""Action""}]",ko,56.76349,8.0,1945,Released,Drama,1,1,4.993335,14.914123179965662,4.056356915196882,7.57353126274595
49010,Hobo with a Shotgun,3000000,748453,86.0,2011.0,"[{""id"": 28, ""name"": ""Action""}, {""id"": 35, ""name"": ""Comedy""}, {""id"": 53, ""name"": ""Thriller""}]",en,16.900433,5.7,211,Released,Action,1,1,0.2494843333333333,14.914123179965662,2.8848249024982713,5.356586274672012
24469,Fish Tank,3000000,2357852,123.0,2009.0,"[{""id"": 18, ""name"": ""Drama""}]",en,12.68672,6.9,250,Released,Drama,1,1,0.7859506666666667,14.914123179965662,2.6164260196515685,5.5254529391317835
84174,Bachelorette,3000000,11947954,87.0,2012.0,"[{""id"": 35, ""name"": ""Comedy""}, {""id"": 10749, ""name"": ""Romance""}]",en,20.95282,5.3,444,Released,Comedy,1,1,3.9826513333333335,14.914123179965662,3.088895605073228,6.09807428216624
38541,The Divide,3000000,22000,112.0,2011.0,"[{""id"": 878, ""name"": ""Science Fiction""}]",en,11.882563,5.7,197,Released,Science Fiction,1,1,0.0073333333333333,14.914123179965662,2.5558746915634174,5.288267030694535
234212,Demonic,3000000,3387000,83.0,2015.0,"[{""id"": 53, ""name"": ""Thriller""}, {""id"": 27, ""name"": ""Horror""}]",en,12.564554,4.9,148,Released,Thriller,1,1,1.129,14.914123179965662,2.6074600668383465,5.003946305945459
26039,Point Blank,2500000,3200000,92.0,1967.0,"[{""id"": 28, ""name"": ""Action""}, {""id"": 80, ""name"": ""Crime""}, {""id"": 18, ""name"": ""Drama""}, {""id"": 53, ""name"": ""Thriller""}]",en,5.164423,7.1,95,Released,Action,1,1,1.28,14.731801689838349,1.8187945393732865,4.564348191467836
666,Central Station,2900000,5596708,113.0,1998.0,"[{""id"": 18, ""name"": ""Drama""}]",pt,5.928937,7.6,126,Released,Drama,1,1,1.929899310344828,14.88022163978423,1.93570641038281,4.844187086458591
248,Pocketful of Miracles,2900000,5000000,136.0,1961.0,"[{""id"": 35, ""name"": ""Comedy""}, {""id"": 18, ""name"": ""Drama""}]",en,3.370225,7.3,25,Released,Comedy,1,1,1.7241379310344829,14.88022163978423,1.474814495196255,3.258096538021482
43942,Freakonomics,3000000,103735,93.0,2010.0,"[{""id"": 99, ""name"": ""Documentary""}]",en,1.781462,6.6,36,Released,Documentary,1,1,0.0345783333333333,14.914123179965662,1.0229766887465581,3.6109179126442243
10476,Hustle & Flow,8000000,23563727,116.0,2005.0,"[{""id"": 18, ""name"": ""Drama""}]",en,6.39503,6.9,99,Released,Drama,1,1,2.945465875,15.894952224644102,2.0008081529496664,4.605170185988092
239,Some Like It Hot,2883848,25000000,122.0,1959.0,"[{""id"": 35, ""name"": ""Comedy""}, {""id"": 10749, ""name"": ""Romance""}]",en,39.30982,8.0,808,Released,Comedy,1,1,8.668972844615944,14.87463641817992,3.6965951117259017,6.695798917058491
10281,Friday the 13th Part VII: The New Blood,2800000,19170001,88.0,1988.0,"[{""id"": 27, ""name"": ""Horror""}, {""id"": 53, ""name"": ""Thriller""}]",en,9.070842,5.3,192,Released,Horror,1,1,6.846428928571428,14.845130332288226,2.309644317932077,5.262690188904886
630,The Wizard of Oz,2777000,33754967,102.0,1939.0,"[{""id"": 12, ""name"": ""Adventure""}, {""id"": 10751, ""name"": ""Family""}, {""id"": 14, ""name"": ""Fantasy""}]",en,67.417542,7.4,1642,Released,Adventure,1,1,12.15519157364062,14.8368821263897,4.225629253736055,7.404279118037268
3034,Young Frankenstein,2800000,86273333,106.0,1974.0,"[{""id"": 35, ""name"": ""Comedy""}, {""id"": 878, ""name"": ""Science Fiction""}]",en,36.444894,7.7,854,Released,Comedy,1,1,30.811904642857144,14.845130332288226,3.6228703588787896,6.75110146893676
13025,Diary of the Dead,2000000,5364858,95.0,2007.0,"[{""id"": 27, ""name"": ""Horror""}, {""id"": 28, ""name"": ""Action""}, {""id"": 878, ""name"": ""Science Fiction""}]",en,15.351412,5.4,190,Released,Horror,1,1,2.682429,14.508658238524095,2.7943142544706476,5.25227342804663
17264,The Black Stallion,2700000,37799643,118.0,1979.0,"[{""id"": 12, ""name"": ""Adventure""}, {""id"": 10751, ""name"": ""Family""}]",en,11.35972,7.0,59,Released,Adventure,1,1,13.999867777777778,14.80876270134486,2.5144427980512623,4.0943445622221
15875,Donovan's Reef,2686000,6600000,109.0,1963.0,"[{""id"": 12, ""name"": ""Adventure""}, {""id"": 35, ""name"": ""Comedy""}, {""id"": 10749, ""name"": ""Romance""}]",en,1.897263,6.0,30,Released,Adventure,1,1,2.457185405807893,14.80356402836607,1.063766498235844,3.4339872044851463
43306,A Guy Named Joe,2627000,5363000,120.0,1944.0,"[{""id"": 18, ""name"": ""Drama""}, {""id"": 10749, ""name"": ""Romance""}, {""id"": 10752, ""name"": ""War""}]",en,0.531444,6.0,8,Released,Drama,1,1,2.041492196421774,14.781353449329957,0.4262110811634596,2.1972245773362196
11072,Blazing Saddles,2600000,119500000,93.0,1974.0,"[{""id"": 37, ""name"": ""Western""}, {""id"": 35, ""name"": ""Comedy""}]",en,22.793929,7.2,609,Released,Western,1,1,45.96153846153846,14.77102238760702,3.16943046410435,6.413458957167357
9730,Friday the 13th: The Final Chapter,2600000,32980880,91.0,1984.0,"[{""id"": 27, ""name"": ""Horror""}, {""id"": 53, ""name"": ""Thriller""}]",en,14.013414,5.9,237,Released,Horror,1,1,12.684953846153846,14.77102238760702,2.7089440681506667,5.472270673671475
209274,Ida,2159280,10700000,80.0,2013.0,"[{""id"": 18, ""name"": ""Drama""}]",pl,13.265432,7.1,260,Released,Drama,1,1,4.955355488866659,14.585285853876337,2.657839268118587,5.564520407322694
291,Riding Giants,2600000,3166000,105.0,2004.0,"[{""id"": 99, ""name"": ""Documentary""}]",en,0.895946,7.6,23,Released,Documentary,1,1,1.2176923076923076,14.77102238760702,0.6397179224145801,3.1780538303479458
14139,Timecrimes,2600000,553198,92.0,2007.0,"[{""id"": 878, ""name"": ""Science Fiction""}, {""id"": 53, ""name"": ""Thriller""}]",es,19.02965,7.0,308,Released,Science Fiction,1,1,0.2127684615384615,14.77102238760702,2.9972136757357424,5.733341276897746
872,Singin' in the Rain,2540800,7200000,103.0,1952.0,"[{""id"": 35, ""name"": ""Comedy""}, {""id"": 10402, ""name"": ""Music""}, {""id"": 10749, ""name"": ""Romance""}]",en,36.556954,7.8,727,Released,Comedy,1,1,2.8337531486146097,14.747989943611703,3.6258585541399215,6.590301048196686
139038,A Haunted House,2500000,60141683,86.0,2013.0,"[{""id"": 35, ""name"": ""Comedy""}, {""id"": 27, ""name"": ""Horror""}]",en,18.661541,5.4,516,Released,Comedy,1,1,24.0566732,14.731801689838349,2.978664494149816,6.248042874508429
126509,2016: Obama's America,2500000,33400000,87.0,2012.0,"[{""id"": 99, ""name"": ""Documentary""}]",en,0.973582,4.6,19,Released,Documentary,1,1,13.36,14.731801689838349,0.6798501658022823,2.995732273553991
10676,Halloween III: Season of the Witch,2500000,14400000,98.0,1982.0,"[{""id"": 27, ""name"": ""Horror""}, {""id"": 9648, ""name"": ""Mystery""}, {""id"": 878, ""name"": ""Science Fiction""}]",en,12.030456,5.0,229,Released,Horror,1,1,5.76,14.731801689838349,2.567289386687104,5.438079308923196
1687,Escape from the Planet of the Apes,2500000,12348905,98.0,1971.0,"[{""id"": 28, ""name"": ""Action""}, {""id"": 878, ""name"": ""Science Fiction""}]",en,18.30961,6.3,264,Released,Action,1,1,4.939562,14.731801689838349,2.960602899447237,5.579729825986222
24748,Hud,2500000,10000000,112.0,1963.0,"[{""id"": 28, ""name"": ""Action""}, {""id"": 18, ""name"": ""Drama""}, {""id"": 37, ""name"": ""Western""}]",en,6.82919,7.5,66,Released,Action,1,1,4.0,14.731801689838349,2.0578590563757078,4.204692619390966
401,Garden State,2500000,26781723,102.0,2004.0,"[{""id"": 35, ""name"": ""Comedy""}, {""id"": 18, ""name"": ""Drama""}, {""id"": 10749, ""name"": ""Romance""}]",en,30.583959,7.1,618,Released,Comedy,1,1,10.7126892,14.731801689838349,3.452649365124595,6.428105272684596
76,Before Sunrise,2500000,5535405,105.0,1995.0,"[{""id"": 18, ""name"": ""Drama""}, {""id"": 10749, ""name"": ""Romance""}]",en,23.672571,7.7,959,Released,Drama,1,1,2.214162,14.731801689838349,3.2056921407577263,6.866933284461882
84329,Robot & Frank,2500000,3325038,85.0,2012.0,"[{""id"": 878, ""name"": ""Science Fiction""}, {""id"": 35, ""name"": ""Comedy""}, {""id"": 18, ""name"": ""Drama""}, {""id"": 80, ""name"": ""Crime""}]",en,23.419061,6.8,450,Released,Science Fiction,1,1,1.3300152,14.731801689838349,3.195364015854806,6.111467339502679
157386,The Spectacular Now,2500000,6854611,95.0,2013.0,"[{""id"": 35, ""name"": ""Comedy""}, {""id"": 18, ""name"": ""Drama""}, {""id"": 10749, ""name"": ""Romance""}]",en,25.722747,6.8,1048,Released,Comedy,1,1,2.7418444,14.731801689838349,3.2855151502704065,6.955592608396297
46849,Eye of the Dolphin,2500000,71904,100.0,2007.0,"[{""id"": 18, ""name"": ""Drama""}]",en,0.301884,7.1,7,Released,Drama,1,1,0.0287616,14.731801689838349,0.26381244611530097,2.0794415416798357
20764,Sleep Dealer,2500000,107559,90.0,2008.0,"[{""id"": 18, ""name"": ""Drama""}, {""id"": 878, ""name"": ""Science Fiction""}, {""id"": 53, ""name"": ""Thriller""}]",en,4.624691,6.0,40,Released,Drama,1,1,0.0430236,14.731801689838349,1.7271660132482598,3.713572066704308
45132,Super,2500000,324138,96.0,2010.0,"[{""id"": 35, ""name"": ""Comedy""}, {""id"": 28, ""name"": ""Action""}, {""id"": 18, ""name"": ""Drama""}]",en,12.204569,6.6,441,Released,Comedy,1,1,0.1296552,14.731801689838349,2.5805629060645905,6.091309882077698
49471,Get on the Bus,2400000,5731103,120.0,1996.0,"[{""id"": 18, ""name"": ""Drama""}]",en,4.623059,7.0,11,Released,Drama,1,1,2.387959583333333,14.690979711984754,1.7268758218746156,2.4849066497880004
7512,Idiocracy,30000000,495303,84.0,2006.0,"[{""id"": 12, ""name"": ""Adventure""}, {""id"": 35, ""name"": ""Comedy""}, {""id"": 878, ""name"": ""Science Fiction""}]",en,27.940093,6.3,664,Released,Adventure,1,1,0.0165101,17.216707972959764,3.3652279347434404,6.499787040655854
11798,This Is England,2380000,8176544,101.0,2006.0,"[{""id"": 18, ""name"": ""Drama""}, {""id"": 80, ""name"": ""Crime""}]",en,8.395624,7.4,363,Released,Drama,1,1,3.43552268907563,14.682611465815636,2.240244048967441,5.8971538676367405
43546,Bathing Beauty,2361000,6892000,101.0,1944.0,"[{""id"": 35, ""name"": ""Comedy""}, {""id"": 10402, ""name"": ""Music""}]",en,0.628051,7.0,4,Released,Comedy,1,1,2.919102075391783,14.674596239616903,0.487383593871002,1.6094379124341003
17820,Show Boat,2300000,11000000,107.0,1951.0,"[{""id"": 10402, ""name"": ""Music""}, {""id"": 10749, ""name"": ""Romance""}]",en,1.606314,6.9,18,Released,Music,1,1,4.782608695652174,14.648420115681892,0.9579369626183882,2.9444389791664403
756,Fantasia,2280000,83320000,124.0,1940.0,"[{""id"": 16, ""name"": ""Animation""}, {""id"": 10751, ""name"": ""Family""}, {""id"": 10402, ""name"": ""Music""}]",en,32.875469,7.2,808,Released,Animation,1,1,36.54385964912281,14.639686439527019,3.5226911241224736,6.695798917058491
9728,Friday the 13th Part III,4000000,36690067,95.0,1982.0,"[{""id"": 27, ""name"": ""Horror""}, {""id"": 53, ""name"": ""Thriller""}]",en,14.206525,5.7,254,Released,Horror,1,1,9.17251675,15.201805169084134,2.721724612055303,5.541263545158426
9731,Friday the 13th: A New Beginning,2200000,21930418,92.0,1985.0,"[{""id"": 27, ""name"": ""Horror""}, {""id"": 53, ""name"": ""Thriller""}]",en,12.639469,5.1,196,Released,Horror,1,1,9.96837181818182,14.603968372873895,2.6129677220387704,5.2832037287379885
43610,The Valley of Decision,2160000,9132000,119.0,1945.0,"[{""id"": 18, ""name"": ""Drama""}]",en,0.1813,5.8,4,Released,Drama,1,1,4.227777777777778,14.585619242623203,0.1666155269723372,1.6094379124341003
887,The Best Years of Our Lives,2100000,23650000,172.0,1946.0,"[{""id"": 18, ""name"": ""Drama""}, {""id"": 36, ""name"": ""History""}, {""id"": 10749, ""name"": ""Romance""}]",en,8.38717,7.6,143,Released,Drama,1,1,11.261904761904765,14.557448378884015,2.239343863343206,4.969813299576001
364083,Mi America,2100000,3330,126.0,2015.0,"[{""id"": 18, ""name"": ""Drama""}, {""id"": 80, ""name"": ""Crime""}]",en,0.039007,0.0,0,Released,Drama,1,1,0.0015857142857142,14.557448378884015,0.038265449341748414,0.0
8329,[REC],1500000,30448000,78.0,2007.0,"[{""id"": 27, ""name"": ""Horror""}, {""id"": 9648, ""name"": ""Mystery""}]",es,31.691617,7.1,934,Released,Horror,1,1,20.298666666666666,14.220976332738882,3.487118684180877,6.840546529288687
657,From Russia with Love,2000000,78898765,115.0,1963.0,"[{""id"": 28, ""name"": ""Action""}, {""id"": 53, ""name"": ""Thriller""}, {""id"": 12, ""name"": ""Adventure""}]",en,41.298723,6.9,760,Released,Action,1,1,39.4493825,14.508658238524095,3.744756896471236,6.634633357861686
11561,Sleeper,2000000,18344729,89.0,1973.0,"[{""id"": 35, ""name"": ""Comedy""}, {""id"": 10749, ""name"": ""Romance""}, {""id"": 878, ""name"": ""Science Fiction""}]",en,10.664202,7.0,200,Released,Comedy,1,1,9.1723645,14.508658238524095,2.4565244933605133,5.303304908059076
270303,It Follows,2000000,14674076,100.0,2015.0,"[{""id"": 27, ""name"": ""Horror""}, {""id"": 53, ""name"": ""Thriller""}]",en,100.876794,6.6,1832,Released,Horror,1,1,7.337038,14.508658238524095,4.623764181221927,7.513709247839705
11624,Everything You Always Wanted to Know About Sex *But Were Afraid to Ask,2000000,18016290,88.0,1972.0,"[{""id"": 35, ""name"": ""Comedy""}]",en,13.223111,6.6,215,Released,Comedy,1,1,9.008145,14.508658238524095,2.654868176818342,5.375278407684165
595,To Kill a Mockingbird,2000000,13129846,129.0,1962.0,"[{""id"": 80, ""name"": ""Crime""}, {""id"": 18, ""name"": ""Drama""}]",en,22.139842,8.0,657,Released,Crime,1,1,6.564923,14.508658238524095,3.1415558937387624,6.489204931325317
8810,Mad Max 2: The Road Warrior,2000000,24600832,95.0,1981.0,"[{""id"": 12, ""name"": ""Adventure""}, {""id"": 28, ""name"": ""Action""}, {""id"": 53, ""name"": ""Thriller""}, {""id"": 878, ""name"": ""Science Fiction""}]",en,37.117362,7.3,957,Released,Adventure,1,1,12.300416,14.508658238524095,3.6406698738730334,6.86484777797086
226,Boys Don't Cry,2000000,11540607,118.0,1999.0,"[{""id"": 80, ""name"": ""Crime""}, {""id"": 18, ""name"": ""Drama""}]",en,15.557144,7.2,353,Released,Crime,1,1,5.7703035,14.508658238524095,2.8068176703154117,5.869296913133774
92182,Silent House,2000000,13101672,85.0,2011.0,"[{""id"": 27, ""name"": ""Horror""}, {""id"": 9648, ""name"": ""Mystery""}]",en,11.66632,5.2,125,Released,Horror,1,1,6.550836,14.508658238524095,2.5389465022627014,4.836281906951478
582,The Lives of Others,2000000,70000000,137.0,2006.0,"[{""id"": 18, ""name"": ""Drama""}, {""id"": 53, ""name"": ""Thriller""}]",de,34.938177,7.9,958,Released,Drama,1,1,35.0,14.508658238524095,3.581800156641001,6.8658910748834385
72213,Courageous,1000000,34522221,129.0,2011.0,"[{""id"": 18, ""name"": ""Drama""}]",en,5.961119,6.8,77,Released,Drama,1,1,34.522221,13.815511557963774,1.9403402372853435,4.356708826689592
990,The Hustler,2000000,7600000,134.0,1961.0,"[{""id"": 18, ""name"": ""Drama""}]",en,17.639478,7.6,240,Released,Drama,1,1,3.8,14.508658238524095,2.9252818045734723,5.484796933490655
55604,Boom Town,2000000,9172000,119.0,1940.0,"[{""id"": 12, ""name"": ""Adventure""}, {""id"": 18, ""name"": ""Drama""}, {""id"": 10749, ""name"": ""Romance""}]",en,1.867004,6.5,8,Released,Adventure,1,1,4.586,14.508658238524095,1.0532675820868658,2.1972245773362196
9662,The Triplets of Belleville,8000000,1477676,80.0,2003.0,"[{""id"": 12, ""name"": ""Adventure""}, {""id"": 16, ""name"": ""Animation""}, {""id"": 35, ""name"": ""Comedy""}, {""id"": 18, ""name"": ""Drama""}]",fr,13.944645,7.3,231,Released,Adventure,1,1,0.1847095,15.894952224644102,2.7043530416899753,5.44673737166631
80,Before Sunset,2700000,15992615,80.0,2004.0,"[{""id"": 18, ""name"": ""Drama""}, {""id"": 10749, ""name"": ""Romance""}]",en,14.799323,7.6,718,Released,Drama,1,1,5.923190740740741,14.80876270134486,2.759967091013649,6.577861357721047
55,Amores perros,2000000,20908467,154.0,2000.0,"[{""id"": 18, ""name"": ""Drama""}, {""id"": 53, ""name"": ""Thriller""}]",es,23.281616,7.6,521,Released,Drama,1,1,10.4542335,14.508658238524095,3.189719520813392,6.257667587882639
11023,Thirteen,2000000,4601043,100.0,2003.0,"[{""id"": 80, ""name"": ""Crime""}, {""id"": 18, ""name"": ""Drama""}]",en,20.331593,6.7,339,Released,Crime,1,1,2.3005215,14.508658238524095,3.060189213238886,5.8289456176102075
33667,Gentleman's Agreement,2000000,7800000,118.0,1947.0,"[{""id"": 18, ""name"": ""Drama""}, {""id"": 10749, ""name"": ""Romance""}]",en,5.381536,6.8,47,Released,Drama,1,1,3.9,14.508658238524095,1.853408820731599,3.8712010109078907
39013,Winter's Bone,2000000,13831503,100.0,2010.0,"[{""id"": 18, ""name"": ""Drama""}]",en,20.834883,6.8,565,Released,Drama,1,1,6.9157515,14.508658238524095,3.083508828553578,6.338594078203183
43839,Alexander's Ragtime Band,2000000,4000000,106.0,1938.0,"[{""id"": 18, ""name"": ""Drama""}, {""id"": 10402, ""name"": ""Music""}, {""id"": 10749, ""name"": ""Romance""}]",en,0.483974,4.8,6,Released,Drama,1,1,2.0,14.508658238524095,0.3947236243760745,1.9459101490553132
44639,Inside Job,2000000,7871522,109.0,2010.0,"[{""id"": 99, ""name"": ""Documentary""}]",en,16.930914,7.7,286,Released,Documentary,1,1,3.935761,14.508658238524095,2.886526262335656,5.659482215759621
301351,We Are Your Friends,6000000,11122090,96.0,2015.0,"[{""id"": 18, ""name"": ""Drama""}, {""id"": 10402, ""name"": ""Music""}, {""id"": 10749, ""name"": ""Romance""}]",en,28.819424,6.3,658,Released,Drama,1,1,1.853681666666667,15.607270193858982,3.3951599932546657,6.490723534502507
7873,Harsh Times,2000000,5967038,120.0,2005.0,"[{""id"": 80, ""name"": ""Crime""}, {""id"": 18, ""name"": ""Drama""}, {""id"": 53, ""name"": ""Thriller""}, {""id"": 28, ""name"": ""Action""}]",en,12.999023,6.3,197,Released,Crime,1,1,2.983519,14.508658238524095,2.638987541465837,5.288267030694535
331190,Captive,2000000,2801508,97.0,2015.0,"[{""id"": 80, ""name"": ""Crime""}, {""id"": 18, ""name"": ""Drama""}, {""id"": 53, ""name"": ""Thriller""}]",en,6.728882,5.6,92,Released,Crime,1,1,1.400754,14.508658238524095,2.044964220832617,4.532599493153256
15186,Full Frontal,2000000,2506446,96.0,2002.0,"[{""id"": 35, ""name"": ""Comedy""}, {""id"": 18, ""name"": ""Drama""}, {""id"": 10749, ""name"": ""Romance""}]",en,1.95686,4.8,26,Released,Comedy,1,1,1.253223,14.508658238524095,1.0841278944671362,3.295836866004329
1378,Shortbus,2000000,5179037,101.0,2006.0,"[{""id"": 10749, ""name"": ""Romance""}, {""id"": 18, ""name"": ""Drama""}, {""id"": 35, ""name"": ""Comedy""}]",en,14.846001,6.3,140,Released,Romance,1,1,2.5895185,14.508658238524095,2.7629171656504568,4.948759890378168
8885,Waltz with Bashir,2000000,11125849,90.0,2008.0,"[{""id"": 18, ""name"": ""Drama""}, {""id"": 16, ""name"": ""Animation""}, {""id"": 10752, ""name"": ""War""}]",he,14.08251,7.8,291,Released,Drama,1,1,5.5629245,14.508658238524095,2.7135357943526164,5.676753802268282
12901,No End in Sight,2000000,1431623,102.0,2007.0,"[{""id"": 99, ""name"": ""Documentary""}]",en,2.283796,7.2,23,Released,Documentary,1,1,0.7158115,14.508658238524095,1.189000070294068,3.1780538303479458
250124,The Diary of a Teenage Girl,2000000,1477002,98.0,2015.0,"[{""id"": 18, ""name"": ""Drama""}, {""id"": 10749, ""name"": ""Romance""}]",en,18.224326,6.8,279,Released,Drama,1,1,0.738501,14.508658238524095,2.9561764562595885,5.634789603169249
12228,Inside Deep Throat,2000000,653621,92.0,2005.0,"[{""id"": 36, ""name"": ""History""}, {""id"": 99, ""name"": ""Documentary""}]",en,3.980072,6.8,31,Released,History,1,1,0.3268105,14.508658238524095,1.6054443487633734,3.4657359027997265
42889,The Virginity Hit,2000000,563706,120.0,2010.0,"[{""id"": 35, ""name"": ""Comedy""}]",en,3.125382,4.6,19,Released,Comedy,1,1,0.281853,14.508658238524095,1.417158621559574,2.995732273553991
10656,Subway,2000000,390659,104.0,1985.0,"[{""id"": 28, ""name"": ""Action""}, {""id"": 53, ""name"": ""Thriller""}]",fr,5.261065,6.3,86,Released,Action,1,1,0.1953295,14.508658238524095,1.834350298437442,4.465908118654584
24746,Six-String Samurai,2000000,124494,91.0,1998.0,"[{""id"": 28, ""name"": ""Action""}, {""id"": 12, ""name"": ""Adventure""}, {""id"": 878, ""name"": ""Science Fiction""}]",en,1.892183,5.8,36,Released,Action,1,1,0.062247,14.508658238524095,1.0620115803028483,3.6109179126442243
12109,It's All Gone Pete Tong,2000000,120620,90.0,2004.0,"[{""id"": 18, ""name"": ""Drama""}, {""id"": 35, ""name"": ""Comedy""}, {""id"": 10402, ""name"": ""Music""}]",en,3.911445,7.1,52,Released,Drama,1,1,0.06031,14.508658238524095,1.5915681958618002,3.970291913552122
27023,Saint John of Las Vegas,3800000,111731,84.0,2009.0,"[{""id"": 35, ""name"": ""Comedy""}]",en,2.559806,5.9,18,Released,Comedy,1,1,0.0294028947368421,15.150511887854474,1.2697060489970438,2.9444389791664403
273899,Stonewall,13500000,187674,129.0,2015.0,"[{""id"": 18, ""name"": ""Drama""}]",en,5.16023,5.2,32,Released,Drama,1,1,0.0139017777777777,16.41820031748273,1.818114114510733,3.4965075614664802
20653,Roadside Romeo,7000000,1100000,93.0,2008.0,"[{""id"": 16, ""name"": ""Animation""}, {""id"": 10751, ""name"": ""Family""}, {""id"": 10769, ""name"": ""Foreign""}]",en,0.253595,6.7,3,Released,Animation,1,1,0.1571428571428571,15.76142084987672,0.22601542353863757,1.3862943611198906
28260,Return of the Living Dead 3,2000000,54207,97.0,1993.0,"[{""id"": 35, ""name"": ""Comedy""}, {""id"": 878, ""name"": ""Science Fiction""}, {""id"": 10749, ""name"": ""Romance""}, {""id"": 27, ""name"": ""Horror""}]",en,7.502934,5.9,88,Released,Comedy,1,1,0.0271035,14.508658238524095,2.140411280407166,4.48863636973214
13075,Sherrybaby,2000000,622806,96.0,2006.0,"[{""id"": 18, ""name"": ""Drama""}]",en,4.261509,6.3,41,Released,Drama,1,1,0.311403,14.508658238524095,1.6604178677360866,3.7376696182833684
115210,Stitches,100000,95000,86.0,2012.0,"[{""id"": 27, ""name"": ""Horror""}]",en,7.447714,5.5,92,Released,Horror,1,1,0.95,11.51293546492023,2.1338958722241737,4.532599493153256
11302,Bananas,2000000,11833696,82.0,1971.0,"[{""id"": 35, ""name"": ""Comedy""}]",en,5.941852,6.7,165,Released,Comedy,1,1,5.916848,14.508658238524095,1.9375685977078652,5.111987788356544
26388,Buried,1987650,19152480,94.0,2010.0,"[{""id"": 18, ""name"": ""Drama""}, {""id"": 53, ""name"": ""Thriller""}, {""id"": 9648, ""name"": ""Mystery""}]",en,32.841229,6.6,827,Released,Drama,1,1,9.635740698815184,14.502464097467449,3.521679852045444,6.71901315438526
38358,The Last Exorcism,1800000,67738090,87.0,2010.0,"[{""id"": 27, ""name"": ""Horror""}, {""id"": 18, ""name"": ""Drama""}, {""id"": 53, ""name"": ""Thriller""}]",en,14.838986,5.6,328,Released,Horror,1,1,37.63227222222222,14.403297778421795,2.7624743691857074,5.796057750765372
702,A Streetcar Named Desire,1800000,8000000,125.0,1951.0,"[{""id"": 18, ""name"": ""Drama""}]",en,14.884756,7.6,281,Released,Drama,1,1,4.444444444444445,14.403297778421795,2.7653599072006116,5.641907070938114
935,Dr. Strangelove or: How I Learned to Stop Worrying and Love the Bomb,1800000,9440272,95.0,1964.0,"[{""id"": 18, ""name"": ""Drama""}, {""id"": 35, ""name"": ""Comedy""}, {""id"": 10752, ""name"": ""War""}]",en,41.996783,8.0,1442,Released,Drama,1,1,5.244595555555556,14.403297778421795,3.7611252989413706,7.274479558773871
84175,Beasts of the Southern Wild,1800000,21107746,93.0,2012.0,"[{""id"": 18, ""name"": ""Drama""}, {""id"": 14, ""name"": ""Fantasy""}]",en,12.471239,6.8,403,Released,Drama,1,1,11.726525555555556,14.403297778421795,2.600556968374799,6.0014148779611505
1705,Battle for the Planet of the Apes,1700000,8844595,93.0,1973.0,"[{""id"": 28, ""name"": ""Action""}, {""id"": 878, ""name"": ""Science Fiction""}]",en,13.315383,5.5,215,Released,Action,1,1,5.202702941176471,14.346139397261565,2.6613346933441044,5.375278407684165
50875,Higher Ground,2000000,841733,109.0,2011.0,"[{""id"": 18, ""name"": ""Drama""}, {""id"": 53, ""name"": ""Thriller""}]",en,1.699101,5.3,14,Post Production,Drama,1,1,0.4208665,14.508658238524095,0.9929187546028454,2.70805020110221
4929,Hang 'em High,1800000,6800000,114.0,1968.0,"[{""id"": 37, ""name"": ""Western""}]",en,11.756943,6.7,192,Released,Western,1,1,3.7777777777777777,14.403297778421795,2.546075672411029,5.262690188904886
104,Run Lola Run,1530000,7267585,81.0,1998.0,"[{""id"": 28, ""name"": ""Action""}, {""id"": 18, ""name"": ""Drama""}, {""id"": 53, ""name"": ""Thriller""}]",de,27.36562,7.2,664,Released,Action,1,1,4.750055555555556,14.240778946963175,3.345177848463147,6.499787040655854
10894,May,500000,150277,93.0,2002.0,"[{""id"": 18, ""name"": ""Drama""}, {""id"": 27, ""name"": ""Horror""}, {""id"": 53, ""name"": ""Thriller""}, {""id"": 10749, ""name"": ""Romance""}]",en,8.650779,6.3,152,Released,Drama,1,1,0.300554,13.122365377402328,2.267038637481377,5.030437921392435
1688,Conquest of the Planet of the Apes,1700000,9700000,88.0,1972.0,"[{""id"": 28, ""name"": ""Action""}, {""id"": 878, ""name"": ""Science Fiction""}]",en,18.828683,6.1,236,Released,Action,1,1,5.705882352941177,14.346139397261565,2.9871295258027133,5.4680601411351315
43947,I Spit on Your Grave,2000000,572809,108.0,2010.0,"[{""id"": 53, ""name"": ""Thriller""}, {""id"": 80, ""name"": ""Crime""}, {""id"": 27, ""name"": ""Horror""}]",en,26.281839,6.3,519,Released,Thriller,1,1,0.2864045,14.508658238524095,3.3062212427266333,6.253828811575473
24066,"Happy, Texas",1700000,1943649,98.0,1999.0,"[{""id"": 35, ""name"": ""Comedy""}, {""id"": 80, ""name"": ""Crime""}]",en,2.079125,5.5,39,Released,Comedy,1,1,1.1433229411764705,14.346139397261565,1.1246454657149254,3.6888794541139363
191714,The Lunchbox,1000000,4235151,104.0,2013.0,"[{""id"": 18, ""name"": ""Drama""}, {""id"": 10749, ""name"": ""Romance""}]",hi,14.017809,7.3,221,Released,Drama,1,1,4.235151,13.815511557963774,2.7092367635251695,5.402677381872279
34106,You Can't Take It With You,1644736,7433101,126.0,1938.0,"[{""id"": 35, ""name"": ""Comedy""}, {""id"": 10749, ""name"": ""Romance""}]",en,3.426314,7.2,79,Released,Comedy,1,1,4.5193277218957935,14.313091050980239,1.4875671835317619,4.382026634673881
11426,From Here to Eternity,1650000,30500000,118.0,1953.0,"[{""id"": 10752, ""name"": ""War""}, {""id"": 18, ""name"": ""Drama""}, {""id"": 10749, ""name"": ""Romance""}]",en,6.915201,7.2,133,Released,War,1,1,18.484848484848484,14.316286451937186,2.0687850878304945,4.897839799950911
13909,She Wore a Yellow Ribbon,1600000,5400000,103.0,1949.0,"[{""id"": 37, ""name"": ""Western""}]",en,8.535178,7.1,61,Released,Western,1,1,3.375,14.285514812209815,2.25498790694316,4.127134385045092
592,The Conversation,1600000,4420000,113.0,1974.0,"[{""id"": 80, ""name"": ""Crime""}, {""id"": 18, ""name"": ""Drama""}, {""id"": 9648, ""name"": ""Mystery""}]",en,20.810292,7.5,372,Released,Crime,1,1,2.7625,14.285514812209815,3.0823819684778804,5.921578419643816
10758,Waitress,2000000,22179430,108.0,2007.0,"[{""id"": 35, ""name"": ""Comedy""}]",en,9.67299,6.7,129,Released,Comedy,1,1,11.089715,14.508658238524095,2.3677162509876992,4.867534450455582
11690,Bloodsport,1500000,11806119,92.0,1988.0,"[{""id"": 28, ""name"": ""Action""}]",en,17.49699,6.6,363,Released,Action,1,1,7.870746,14.220976332738882,2.917608016144056,5.8971538676367405
3083,Mr. Smith Goes to Washington,1500000,9600000,129.0,1939.0,"[{""id"": 35, ""name"": ""Comedy""}, {""id"": 18, ""name"": ""Drama""}]",en,12.2624,7.9,241,Released,Comedy,1,1,6.4,14.220976332738882,2.584932963855125,5.488937726156687
9344,Kids,1500000,7412216,91.0,1995.0,"[{""id"": 18, ""name"": ""Drama""}, {""id"": 80, ""name"": ""Crime""}]",en,13.291991,6.8,279,Released,Drama,1,1,4.941477333333333,14.220976332738882,2.659699310438043,5.634789603169249
10707,The Squid and the Whale,1500000,11098131,81.0,2005.0,"[{""id"": 35, ""name"": ""Comedy""}, {""id"": 18, ""name"": ""Drama""}]",en,13.788054,6.9,226,Released,Comedy,1,1,7.398754,14.220976332738882,2.6938196926771316,5.424950017481403
15647,Kissing Jessica Stein,1000000,10013424,97.0,2001.0,"[{""id"": 35, ""name"": ""Comedy""}]",en,3.990215,5.9,48,Released,Comedy,1,1,10.013424,13.815511557963774,1.6074789950075896,3.8918202981106265
4174,Spellbound,1500000,7000000,111.0,1945.0,"[{""id"": 18, ""name"": ""Drama""}, {""id"": 9648, ""name"": ""Mystery""}, {""id"": 53, ""name"": ""Thriller""}]",en,11.145915,7.3,160,Released,Drama,1,1,4.666666666666667,14.220976332738882,2.496992899262192,5.081404364984463
9464,Buffalo '66,1500000,2375097,110.0,1998.0,"[{""id"": 10749, ""name"": ""Romance""}, {""id"": 35, ""name"": ""Comedy""}, {""id"": 80, ""name"": ""Crime""}, {""id"": 18, ""name"": ""Drama""}]",en,10.009994,7.1,166,Released,Romance,1,1,1.583398,14.220976332738882,2.398803405775312,5.117993812416755
49018,Insidious,1500000,97009150,103.0,2010.0,"[{""id"": 27, ""name"": ""Horror""}, {""id"": 53, ""name"": ""Thriller""}]",en,58.594852,6.8,1737,Released,Horror,1,1,64.67276666666666,14.220976332738882,4.0875691945017705,7.460490305825338
13820,Repo Man,1500000,2300000,92.0,1984.0,"[{""id"": 35, ""name"": ""Comedy""}, {""id"": 80, ""name"": ""Crime""}, {""id"": 878, ""name"": ""Science Fiction""}, {""id"": 53, ""name"": ""Thriller""}]",en,11.35344,6.7,144,Released,Comedy,1,1,1.5333333333333334,14.220976332738882,2.513934566798345,4.976733742420574
17113,The Ballad of Jack and Rose,1500000,712294,111.0,2005.0,"[{""id"": 18, ""name"": ""Drama""}]",en,3.618646,6.5,43,Released,Drama,1,1,0.4748626666666666,14.220976332738882,1.5301015885461156,3.784189633918261
129139,The To Do List,1500000,3566225,104.0,2013.0,"[{""id"": 35, ""name"": ""Comedy""}, {""id"": 10749, ""name"": ""Romance""}]",en,15.017068,5.5,342,Released,Comedy,1,1,2.377483333333333,14.220976332738882,2.7736549036663147,5.83773044716594
507,Killing Zoe,1500000,418961,96.0,1993.0,"[{""id"": 28, ""name"": ""Action""}, {""id"": 80, ""name"": ""Crime""}, {""id"": 18, ""name"": ""Drama""}, {""id"": 53, ""name"": ""Thriller""}]",en,5.817519,6.1,111,Released,Action,1,1,0.2793073333333333,14.220976332738882,1.9194956226790842,4.718498871295094
4012,The Believer,1500000,416925,98.0,2001.0,"[{""id"": 18, ""name"": ""Drama""}]",en,9.856826,6.8,151,Released,Drama,1,1,0.27795,14.220976332738882,2.3847940065946243,5.0238805208462765
10972,Session 9,1500000,373967,100.0,2001.0,"[{""id"": 27, ""name"": ""Horror""}, {""id"": 9648, ""name"": ""Mystery""}]",en,11.064228,6.2,251,Released,Horror,1,1,0.2493113333333333,14.220976332738882,2.4902447102912566,5.529429087511423
3082,Modern Times,1,8500000,87.0,1936.0,"[{""id"": 18, ""name"": ""Drama""}, {""id"": 35, ""name"": ""Comedy""}]",en,28.27648,8.1,856,Released,Drama,1,1,8500000.0,0.6931471805599453,3.376784463287043,6.75343791859778
1961,My Name Is Bruce,1500000,173066,86.0,2007.0,"[{""id"": 35, ""name"": ""Comedy""}, {""id"": 27, ""name"": ""Horror""}]",en,7.5591,5.9,107,Released,Comedy,1,1,0.1153773333333333,14.220976332738882,2.1469950444391177,4.68213122712422
23963,Pontypool,1500000,32000,93.0,2009.0,"[{""id"": 27, ""name"": ""Horror""}, {""id"": 9648, ""name"": ""Mystery""}, {""id"": 878, ""name"": ""Science Fiction""}]",en,4.680206,6.6,183,Released,Horror,1,1,0.0213333333333333,14.220976332738882,1.7369874996810402,5.214935757608986
104755,The Lords of Salem,1500000,1165882,101.0,2012.0,"[{""id"": 27, ""name"": ""Horror""}, {""id"": 53, ""name"": ""Thriller""}]",en,14.504326,5.1,242,Released,Horror,1,1,0.7772546666666666,14.220976332738882,2.741119081759135,5.493061443340548
408,Snow White and the Seven Dwarfs,1488423,184925486,83.0,1937.0,"[{""id"": 14, ""name"": ""Fantasy""}, {""id"": 16, ""name"": ""Animation""}, {""id"": 10751, ""name"": ""Family""}]",en,80.171283,6.9,1914,Released,Fantasy,1,1,124.24256142239136,14.213228400022265,4.3965615269805545,7.557472901614746
39209,Shalako,1455000,2620000,113.0,1968.0,"[{""id"": 37, ""name"": ""Western""}]",en,3.598457,5.4,12,Released,Western,1,1,1.8006872852233675,14.190517145872716,1.5257208124416102,2.5649493574615367
100,"Lock, Stock and Two Smoking Barrels",1350000,3897569,105.0,1998.0,"[{""id"": 35, ""name"": ""Comedy""}, {""id"": 80, ""name"": ""Crime""}]",en,16.032594,7.5,1648,Released,Comedy,1,1,2.8870881481481483,14.115615891155079,2.8351288025114583,7.407924322559599
25784,Journey from the Fall,1300000,639000,135.0,2006.0,"[{""id"": 18, ""name"": ""Drama""}]",vi,0.072066,5.0,1,Released,Drama,1,1,0.4915384615384615,14.077875591662238,0.0695876279176093,0.6931471805599453
223,Rebecca,1288000,6000000,130.0,1940.0,"[{""id"": 18, ""name"": ""Drama""}, {""id"": 9648, ""name"": ""Mystery""}]",en,18.426825,7.7,336,Released,Drama,1,1,4.658385093167702,14.06860196204365,2.9666548429345347,5.820082930352362
9725,Friday the 13th Part 2,1250000,21722776,87.0,1981.0,"[{""id"": 27, ""name"": ""Horror""}, {""id"": 53, ""name"": ""Thriller""}]",en,16.517777,6.0,315,Released,Horror,1,1,17.3782208,14.038654909278163,2.8632161938962013,5.755742213586912
28580,The Lost Weekend,1250000,11000000,101.0,1945.0,"[{""id"": 18, ""name"": ""Drama""}]",en,6.903314,7.4,112,Released,Drama,1,1,8.8,14.038654909278163,2.067282165180991,4.727387818712341
23730,C.H.U.D.,1250000,3412497,88.0,1984.0,"[{""id"": 27, ""name"": ""Horror""}, {""id"": 878, ""name"": ""Science Fiction""}]",en,4.45544,5.3,62,Released,Horror,1,1,2.7299976,14.038654909278163,1.6966132759772004,4.143134726391533
19997,Niagara,1250000,8500000,92.0,1953.0,"[{""id"": 80, ""name"": ""Crime""}, {""id"": 18, ""name"": ""Drama""}, {""id"": 53, ""name"": ""Thriller""}]",en,9.903992,6.7,79,Released,Crime,1,1,6.8,14.038654909278163,2.389128960718247,4.382026634673881
43266,How Green Was My Valley,1250000,6000000,118.0,1941.0,"[{""id"": 18, ""name"": ""Drama""}]",en,7.70019,6.8,72,Released,Drama,1,1,4.8,14.038654909278163,2.1633448645025286,4.290459441148391
176,Saw,1200000,103911669,103.0,2004.0,"[{""id"": 27, ""name"": ""Horror""}, {""id"": 9648, ""name"": ""Mystery""}, {""id"": 80, ""name"": ""Crime""}]",en,63.655973,7.2,2184,Released,Horror,1,1,86.5930575,13.997832948091215,4.169080490741376,7.68937110752969
39939,Super Troopers,3000000,18492362,100.0,2001.0,"[{""id"": 35, ""name"": ""Comedy""}, {""id"": 80, ""name"": ""Crime""}, {""id"": 9648, ""name"": ""Mystery""}]",en,16.312803,6.6,362,Released,Comedy,1,1,6.164120666666666,14.914123179965662,2.8514462855994567,5.8944028342648505
11219,The Trouble with Harry,1200000,7000000,99.0,1955.0,"[{""id"": 35, ""name"": ""Comedy""}, {""id"": 9648, ""name"": ""Mystery""}, {""id"": 53, ""name"": ""Thriller""}]",en,6.920873,6.9,149,Released,Comedy,1,1,5.833333333333333,13.997832948091215,2.0695014270244823,5.0106352940962555
176124,Home Run,1200000,2861020,114.0,2013.0,"[{""id"": 18, ""name"": ""Drama""}]",en,3.085411,6.3,24,Released,Drama,1,1,2.384183333333333,13.997832948091215,1.407422335246023,3.2188758248682006
500,Reservoir Dogs,1200000,14661007,99.0,1992.0,"[{""id"": 80, ""name"": ""Crime""}, {""id"": 53, ""name"": ""Thriller""}]",en,66.925866,8.0,3697,Released,Crime,1,1,12.217505833333334,13.997832948091215,4.2184169045870465,8.21554741194707
429,"The Good, the Bad and the Ugly",1200000,6000000,161.0,1966.0,"[{""id"": 37, ""name"": ""Western""}]",it,88.377076,8.1,2311,Released,Western,1,1,5.0,13.997832948091215,4.492864228716434,7.7458682297922685
89750,"Pink Ribbons, Inc.",900000,25000,97.0,2011.0,"[{""id"": 99, ""name"": ""Documentary""}]",en,0.097913,6.8,6,Released,Documentary,1,1,0.0277777777777777,13.710151153416941,0.09341110497540502,1.9459101490553132
43884,The Charge of the Light Brigade,1200000,2736000,115.0,1936.0,"[{""id"": 28, ""name"": ""Action""}, {""id"": 12, ""name"": ""Adventure""}, {""id"": 18, ""name"": ""Drama""}, {""id"": 10752, ""name"": ""War""}]",en,2.968235,6.8,18,Released,Action,1,1,2.28,13.997832948091215,1.3783214114592894,2.9444389791664403
13064,Airborne,2600000,2850263,91.0,1993.0,"[{""id"": 28, ""name"": ""Action""}, {""id"": 12, ""name"": ""Adventure""}, {""id"": 35, ""name"": ""Comedy""}]",en,8.001156,6.1,20,Released,Action,1,1,1.096255,14.77102238760702,2.1973530135323824,3.044522437723423
7553,Waiting...,3000000,18637690,94.0,2005.0,"[{""id"": 35, ""name"": ""Comedy""}]",en,10.230583,6.2,237,Released,Comedy,1,1,6.212563333333334,14.914123179965662,2.418640681917533,5.472270673671475
39895,From a Whisper to a Scream,1100000,1400000,99.0,1987.0,"[{""id"": 35, ""name"": ""Comedy""}, {""id"": 27, ""name"": ""Horror""}]",en,1.220072,6.8,15,Released,Comedy,1,1,1.2727272727272727,13.910821646859095,0.7975396277907005,2.772588722239781
94329,The Raid,1100000,4105187,101.0,2011.0,"[{""id"": 28, ""name"": ""Action""}, {""id"": 53, ""name"": ""Thriller""}, {""id"": 80, ""name"": ""Crime""}]",id,40.285095,7.3,1055,Released,Action,1,1,3.7319881818181817,13.910821646859095,3.7205015389446174,6.962243464266207
289,Casablanca,878000,10462500,102.0,1942.0,"[{""id"": 18, ""name"": ""Drama""}, {""id"": 10749, ""name"": ""Romance""}]",en,43.729123,7.9,1422,Released,Drama,1,1,11.916287015945333,13.68540301156877,3.800624810724489,7.260522598089852
1366,Rocky,1000000,117235147,119.0,1976.0,"[{""id"": 18, ""name"": ""Drama""}]",en,72.19808,7.5,1791,Released,Drama,1,1,117.235147,13.815511557963774,4.293169191115069,7.491087593534876
5769,Tom Jones,1000000,37600000,128.0,1963.0,"[{""id"": 12, ""name"": ""Adventure""}, {""id"": 35, ""name"": ""Comedy""}, {""id"": 36, ""name"": ""History""}, {""id"": 10749, ""name"": ""Romance""}]",en,2.833166,6.1,39,Released,Adventure,1,1,37.6,13.815511557963774,1.3436910935743978,3.6888794541139363
277685,Unfriended,1000000,62882090,82.0,2015.0,"[{""id"": 27, ""name"": ""Horror""}, {""id"": 53, ""name"": ""Thriller""}]",en,41.972329,5.5,1047,Released,Horror,1,1,62.88209,13.815511557963774,3.7605563969231772,6.954638864880987
103,Taxi Driver,1300000,28262574,114.0,1976.0,"[{""id"": 80, ""name"": ""Crime""}, {""id"": 18, ""name"": ""Drama""}]",en,58.845025,8.0,2535,Released,Crime,1,1,21.74044153846154,14.077875591662238,4.09175830407109,7.8383433155571165
11298,The Howling,1000000,17985893,91.0,1981.0,"[{""id"": 18, ""name"": ""Drama""}, {""id"": 27, ""name"": ""Horror""}]",en,6.532855,6.4,161,Released,Drama,1,1,17.985893,13.815511557963774,2.01927412001898,5.087596335232384
646,Dr. No,950000,59600000,110.0,1962.0,"[{""id"": 12, ""name"": ""Adventure""}, {""id"": 28, ""name"": ""Action""}, {""id"": 53, ""name"": ""Thriller""}]",en,48.901542,6.9,940,Released,Adventure,1,1,62.73684210526316,13.76421831620775,3.9100519040836295,6.846943139585379
9003,Hellraiser,1000000,14564027,94.0,1987.0,"[{""id"": 27, ""name"": ""Horror""}]",en,22.583834,6.9,449,Released,Horror,1,1,14.564027,13.815511557963774,3.1605614773118695,6.1092475827643655
347126,God's Not Dead 2,5000000,23507567,121.0,2016.0,"[{""id"": 18, ""name"": ""Drama""}]",en,6.96858,5.7,72,Released,Drama,1,1,4.7015134,15.424948670398354,2.0755063087978076,4.290459441148391
10092,Cry_Wolf,1000000,10047674,90.0,2005.0,"[{""id"": 27, ""name"": ""Horror""}, {""id"": 53, ""name"": ""Thriller""}]",en,6.926926,5.6,126,Released,Horror,1,1,10.047674,13.815511557963774,2.0702653186278956,4.844187086458591
10643,Godzilla 2000,1000000,10037390,107.0,1999.0,"[{""id"": 12, ""name"": ""Adventure""}, {""id"": 27, ""name"": ""Horror""}, {""id"": 28, ""name"": ""Action""}, {""id"": 878, ""name"": ""Science Fiction""}]",ja,3.322721,5.9,43,Released,Adventure,1,1,10.03739,13.815511557963774,1.463885065087875,3.784189633918261
46705,Blue Valentine,3500000,16566240,112.0,2010.0,"[{""id"": 18, ""name"": ""Drama""}, {""id"": 10749, ""name"": ""Romance""}]",en,26.881611,6.9,890,Released,Drama,1,1,4.733211428571429,15.068273812173887,3.3279673675801744,6.792344427470809
546,Transamerica,1000000,13350369,103.0,2005.0,"[{""id"": 18, ""name"": ""Drama""}]",en,9.773398,6.9,144,Released,Drama,1,1,13.350369,13.815511557963774,2.377079947442018,4.976733742420574
76487,The Devil Inside,1000000,101758490,83.0,2012.0,"[{""id"": 53, ""name"": ""Thriller""}, {""id"": 27, ""name"": ""Horror""}]",en,13.152822,4.6,262,Released,Thriller,1,1,101.75849,13.815511557963774,2.64991403883378,5.572154032177765
5722,Beyond the Valley of the Dolls,2090000,40000000,109.0,1970.0,"[{""id"": 35, ""name"": ""Comedy""}, {""id"": 18, ""name"": ""Drama""}, {""id"": 53, ""name"": ""Thriller""}]",en,4.289003,6.6,53,Released,Comedy,1,1,19.138755980861244,14.55267510240978,1.6656297592986564,3.9889840465642745
39833,Love Me Tender,1000000,9000000,89.0,1956.0,"[{""id"": 18, ""name"": ""Drama""}, {""id"": 28, ""name"": ""Action""}, {""id"": 37, ""name"": ""Western""}, {""id"": 10402, ""name"": ""Music""}, {""id"": 10749, ""name"": ""Romance""}]",en,1.444258,5.5,21,Released,Drama,1,1,9.0,13.815511557963774,0.8937416003859113,3.091042453358316
1781,An Inconvenient Truth,1000000,46243000,100.0,2006.0,"[{""id"": 99, ""name"": ""Documentary""}]",en,14.139004,6.7,251,Released,Documentary,1,1,46.243,13.815511557963774,2.717274459847951,5.529429087511423
18712,Sands of Iwo Jima,1000000,7800000,100.0,1949.0,"[{""id"": 28, ""name"": ""Action""}, {""id"": 18, ""name"": ""Drama""}, {""id"": 36, ""name"": ""History""}, {""id"": 10752, ""name"": ""War""}]",en,3.851,6.2,33,Released,Action,1,1,7.8,13.815511557963774,1.5791848692630794,3.5263605246161616
171424,The Green Inferno,5000000,6833445,100.0,2014.0,"[{""id"": 28, ""name"": ""Action""}, {""id"": 12, ""name"": ""Adventure""}, {""id"": 27, ""name"": ""Horror""}, {""id"": 53, ""name"": ""Thriller""}]",en,17.845161,5.0,349,Released,Action,1,1,1.366689,15.424948670398354,2.936256170062811,5.857933154483459
113947,The Sessions,1000000,9138338,98.0,2012.0,"[{""id"": 18, ""name"": ""Drama""}, {""id"": 10749, ""name"": ""Romance""}, {""id"": 35, ""name"": ""Comedy""}]",en,9.115486,6.6,179,Released,Drama,1,1,9.138338,13.815511557963774,2.3140675169197427,5.19295685089021
32456,Two Girls and a Guy,1000000,2057193,84.0,1997.0,"[{""id"": 18, ""name"": ""Drama""}, {""id"": 10749, ""name"": ""Romance""}]",en,4.86805,5.4,24,Released,Drama,1,1,2.057193,13.815511557963774,1.769522381035163,3.2188758248682006
13508,Who Killed the Electric Car?,1000000,1678874,92.0,2006.0,"[{""id"": 99, ""name"": ""Documentary""}]",en,5.323184,7.2,59,Released,Documentary,1,1,1.678874,13.815511557963774,1.844222878763783,4.0943445622221
22597,The Broken Hearts Club: A Romantic Comedy,1000000,1744858,94.0,2000.0,"[{""id"": 35, ""name"": ""Comedy""}, {""id"": 18, ""name"": ""Drama""}, {""id"": 10749, ""name"": ""Romance""}]",en,3.424158,6.3,25,Released,Comedy,1,1,1.744858,13.815511557963774,1.487079977868008,3.258096538021482
26791,Brigham City,1000000,852206,119.0,2001.0,"[{""id"": 80, ""name"": ""Crime""}, {""id"": 18, ""name"": ""Drama""}, {""id"": 9648, ""name"": ""Mystery""}, {""id"": 53, ""name"": ""Thriller""}]",en,0.280083,7.3,4,Released,Crime,1,1,0.852206,13.815511557963774,0.24692491957926074,1.6094379124341003
56666,Fiza,1000000,623791,170.0,2000.0,"[{""id"": 18, ""name"": ""Drama""}, {""id"": 10769, ""name"": ""Foreign""}, {""id"": 10749, ""name"": ""Romance""}]",hi,0.043023,6.1,7,Released,Drama,1,1,0.623791,13.815511557963774,0.04212322754922823,2.0794415416798357
46989,Blue Car,1000000,464000,92.0,2002.0,"[{""id"": 18, ""name"": ""Drama""}]",en,0.672695,6.7,13,Released,Drama,1,1,0.464,13.815511557963774,0.5144360981521869,2.639057329615259
123678,The Act of Killing,1000000,444575,115.0,2012.0,"[{""id"": 99, ""name"": ""Documentary""}]",id,8.887411,7.5,210,Released,Documentary,1,1,0.444575,13.815511557963774,2.291262331789038,5.351858133476067
13362,Taxi to the Dark Side,1000000,274661,106.0,2007.0,"[{""id"": 99, ""name"": ""Documentary""}]",en,0.748565,6.6,53,Released,Documentary,1,1,0.274661,13.815511557963774,0.5587954515515203,3.9889840465642745
18206,Alone With Her,1000000,10018,78.0,2006.0,"[{""id"": 80, ""name"": ""Crime""}, {""id"": 18, ""name"": ""Drama""}, {""id"": 10749, ""name"": ""Romance""}, {""id"": 53, ""name"": ""Thriller""}]",en,2.175696,6.2,20,Released,Crime,1,1,0.010018,13.815511557963774,1.1555268209195093,3.044522437723423
13856,Special,1000000,7202,81.0,2006.0,"[{""id"": 18, ""name"": ""Drama""}, {""id"": 14, ""name"": ""Fantasy""}, {""id"": 878, ""name"": ""Science Fiction""}]",en,1.260314,6.6,32,Released,Drama,1,1,0.007202,13.815511557963774,0.8155037416862945,3.4965075614664802
29146,Charly,950000,814666,103.0,1968.0,"[{""id"": 18, ""name"": ""Drama""}, {""id"": 10749, ""name"": ""Romance""}, {""id"": 878, ""name"": ""Science Fiction""}]",en,0.178689,6.6,28,Released,Drama,1,1,0.8575431578947369,13.76421831620775,0.1644028038915778,3.367295829986474
654,On the Waterfront,910000,9600000,108.0,1954.0,"[{""id"": 80, ""name"": ""Crime""}, {""id"": 18, ""name"": ""Drama""}]",en,16.015599,8.0,357,Released,Crime,1,1,10.54945054945055,13.721200977393528,2.834130511564775,5.8805329864007
91070,L!fe Happens,930000,30905,100.0,2011.0,"[{""id"": 35, ""name"": ""Comedy""}]",en,5.974156,5.3,66,Released,Comedy,1,1,0.0332311827956989,13.742940940397677,1.9422113168016755,4.204692619390966
2009,"4 Months, 3 Weeks and 2 Days",852510,1185783,113.0,2007.0,"[{""id"": 18, ""name"": ""Drama""}]",ro,9.270133,7.3,156,Released,Drama,1,1,1.3909314846746663,13.655941391282369,2.32923997419741,5.056245805348308
2652,Hard Candy,950000,7022209,103.0,2005.0,"[{""id"": 18, ""name"": ""Drama""}, {""id"": 53, ""name"": ""Thriller""}]",en,25.918007,6.8,701,Released,Drama,1,1,7.391798947368421,13.76421831620775,3.292795467860528,6.553933404025811
9813,The Quiet,900000,381420,96.0,2005.0,"[{""id"": 18, ""name"": ""Drama""}, {""id"": 53, ""name"": ""Thriller""}]",en,4.0971,6.1,73,Released,Drama,1,1,0.4238,13.710151153416941,1.6286717505493984,4.304065093204169
3170,Bambi,858000,267447150,70.0,1942.0,"[{""id"": 16, ""name"": ""Animation""}, {""id"": 18, ""name"": ""Drama""}, {""id"": 10751, ""name"": ""Family""}]",en,47.651878,6.8,1405,Released,Animation,1,1,311.709965034965,13.662360543970586,3.884690410148014,7.2485040723706105
15708,Latter Days,850000,819939,107.0,2003.0,"[{""id"": 18, ""name"": ""Drama""}, {""id"": 35, ""name"": ""Comedy""}, {""id"": 10749, ""name"": ""Romance""}]",en,5.424916,6.7,56,Released,Drama,1,1,0.9646341176470588,13.652992804936396,1.8601835567658578,4.04305126783455
84200,"For a Good Time, Call...",850000,1243961,85.0,2012.0,"[{""id"": 35, ""name"": ""Comedy""}]",en,14.238376,5.8,110,Released,Comedy,1,1,1.4634835294117647,13.652992804936396,2.723816982900611,4.709530201312334
47889,Ruby in Paradise,800000,1001437,114.0,1993.0,"[{""id"": 18, ""name"": ""Drama""}, {""id"": 10749, ""name"": ""Romance""}]",en,0.59424,5.6,10,Released,Drama,1,1,1.25179625,13.592368256649284,0.46639713365162383,2.3978952727983707
25461,Raising Victor Vargas,800000,2816116,88.0,2002.0,"[{""id"": 18, ""name"": ""Drama""}, {""id"": 10749, ""name"": ""Romance""}]",en,3.643662,7.8,13,Released,Drama,1,1,3.520145,13.592368256649284,1.5355032791024907,2.639057329615259
26899,The Mudge Boy,800000,62852,94.0,2003.0,"[{""id"": 18, ""name"": ""Drama""}]",en,5.292536,7.3,23,Released,Drama,1,1,0.078565,13.592368256649284,1.839364169107512,3.1780538303479458
14451,Dead Snow,800000,1984662,91.0,2009.0,"[{""id"": 27, ""name"": ""Horror""}, {""id"": 35, ""name"": ""Comedy""}]",no,11.205726,6.1,311,Released,Horror,1,1,2.4808275,13.592368256649284,2.5019051858939387,5.7430031878094825
838,American Graffiti,777000,140000000,110.0,1973.0,"[{""id"": 35, ""name"": ""Comedy""}, {""id"": 18, ""name"": ""Drama""}]",en,19.326115,6.9,324,Released,Comedy,1,1,180.18018018018017,13.563196916350243,3.011906512477785,5.783825182329737
84332,Safety Not Guaranteed,750000,4007792,85.0,2012.0,"[{""id"": 35, ""name"": ""Comedy""}, {""id"": 10749, ""name"": ""Romance""}, {""id"": 878, ""name"": ""Science Fiction""}, {""id"": 18, ""name"": ""Drama""}]",en,25.186002,6.8,556,Released,Comedy,1,1,5.343722666666666,13.527829818844937,3.2652249931822483,6.322565239927284
74725,Kill List,500000,171760,95.0,2011.0,"[{""id"": 27, ""name"": ""Horror""}, {""id"": 53, ""name"": ""Thriller""}, {""id"": 80, ""name"": ""Crime""}]",en,12.203041,6.0,210,Released,Horror,1,1,0.34352,13.122365377402328,2.580447181847086,5.351858133476067
58428,The Innkeepers,750000,78396,102.0,2011.0,"[{""id"": 27, ""name"": ""Horror""}, {""id"": 53, ""name"": ""Thriller""}]",en,14.386807,5.4,219,Released,Horror,1,1,0.104528,13.527829818844937,2.7335104539407498,5.393627546352361
288,High Noon,730000,8000000,85.0,1952.0,"[{""id"": 37, ""name"": ""Western""}]",en,18.644023,7.6,334,Released,Western,1,1,10.95890410958904,13.500801182986649,2.977773119017282,5.814130531825066
14275,Hoop Dreams,700000,7830611,171.0,1994.0,"[{""id"": 99, ""name"": ""Documentary""}]",en,9.188431,7.7,87,Released,Documentary,1,1,11.186587142857142,13.45883704259595,2.3212528608945564,4.477336814478207
18734,L.I.E.,700000,1667192,97.0,2001.0,"[{""id"": 18, ""name"": ""Drama""}]",en,7.731064,6.7,31,Released,Drama,1,1,2.3817028571428573,13.45883704259595,2.1668872410045306,3.4657359027997265
7859,Half Nelson,700000,4911725,107.0,2006.0,"[{""id"": 18, ""name"": ""Drama""}]",en,12.378031,6.5,240,Released,Drama,1,1,7.01675,13.45883704259595,2.5936138839307867,5.484796933490655
302579,Naturally Native,700000,10508,107.0,1999.0,"[{""id"": 18, ""name"": ""Drama""}]",en,0.578798,0.0,0,Released,Drama,1,1,0.0150114285714285,13.45883704259595,0.4566637980208527,0.0
3080,Top Hat,609000,3202000,101.0,1935.0,"[{""id"": 35, ""name"": ""Comedy""}, {""id"": 10402, ""name"": ""Music""}, {""id"": 10749, ""name"": ""Romance""}]",en,3.898498,7.4,59,Released,Comedy,1,1,5.257799671592775,13.31957518872681,1.5889286275142251,4.0943445622221
2667,The Blair Witch Project,60000,248000000,81.0,1999.0,"[{""id"": 27, ""name"": ""Horror""}, {""id"": 9648, ""name"": ""Mystery""}]",en,41.690578,6.3,1055,Released,Horror,1,1,4133.333333333333,11.002116507732017,3.753978240148815,6.962243464266207
9459,Woodstock,600000,34505110,225.0,1970.0,"[{""id"": 36, ""name"": ""History""}, {""id"": 99, ""name"": ""Documentary""}, {""id"": 10402, ""name"": ""Music""}]",en,3.409764,7.1,66,Released,History,1,1,57.508516666666665,13.304686600863562,1.4838211732875608,4.204692619390966
704,A Hard Day's Night,560000,12299668,88.0,1964.0,"[{""id"": 35, ""name"": ""Comedy""}, {""id"": 10402, ""name"": ""Music""}]",en,10.730056,7.3,168,Released,Comedy,1,1,21.963692857142856,13.235693848424024,2.4621544367375345,5.1298987149230735
14438,Fireproof,500000,33456317,122.0,2008.0,"[{""id"": 18, ""name"": ""Drama""}]",en,6.093989,7.0,100,Released,Drama,1,1,66.912634,13.122365377402328,1.9592478057440819,4.61512051684126
83,Open Water,130000,54667954,79.0,2004.0,"[{""id"": 18, ""name"": ""Drama""}, {""id"": 53, ""name"": ""Thriller""}]",en,15.611857,5.4,315,Released,Drama,1,1,420.5227230769231,11.775297421715827,2.810116717496445,5.755742213586912
30315,Kingdom of the Spiders,500000,17000000,97.0,1977.0,"[{""id"": 27, ""name"": ""Horror""}, {""id"": 878, ""name"": ""Science Fiction""}]",en,2.537032,5.7,30,Released,Horror,1,1,34.0,13.122365377402328,1.263287957397572,3.4339872044851463
2056,The Station Agent,500000,8679814,88.0,2003.0,"[{""id"": 18, ""name"": ""Drama""}, {""id"": 35, ""name"": ""Comedy""}]",en,11.578545,7.4,210,Released,Drama,1,1,17.359628,13.122365377402328,2.5319925848057623,5.351858133476067
14271,Beyond the Mat,2053648,500000,102.0,1999.0,"[{""id"": 99, ""name"": ""Documentary""}]",en,2.778633,7.8,17,Released,Documentary,1,1,0.2434691826447375,14.535128768792003,1.329362304012265,2.8903717578961645
84401,Sholem Aleichem: Laughing In The Darkness,500000,845188,93.0,2012.0,"[{""id"": 99, ""name"": ""Documentary""}]",en,0.109579,7.0,2,Released,Documentary,1,1,1.690376,13.122365377402328,0.10398066410038567,1.0986122886681096
12281,Mean Creek,500000,603943,90.0,2004.0,"[{""id"": 80, ""name"": ""Crime""}, {""id"": 18, ""name"": ""Drama""}]",en,8.519202,6.9,106,Released,Crime,1,1,1.207886,13.122365377402328,2.253311021760474,4.672828834461906
346,Seven Samurai,2000000,271841,207.0,1954.0,"[{""id"": 28, ""name"": ""Action""}, {""id"": 18, ""name"": ""Drama""}]",ja,39.756748,8.2,878,Released,Action,1,1,0.1359205,14.508658238524095,3.7076214210695424,6.778784897685177
45649,Rubber,500000,98017,85.0,2010.0,"[{""id"": 35, ""name"": ""Comedy""}, {""id"": 18, ""name"": ""Drama""}, {""id"": 14, ""name"": ""Fantasy""}, {""id"": 27, ""name"": ""Horror""}, {""id"": 9648, ""name"": ""Mystery""}]",en,9.108949,5.7,251,Released,Comedy,1,1,0.196034,13.122365377402328,2.313421071149797,5.529429087511423
43933,Monsters,500000,4242978,94.0,2010.0,"[{""id"": 18, ""name"": ""Drama""}, {""id"": 53, ""name"": ""Thriller""}, {""id"": 878, ""name"": ""Science Fiction""}]",en,26.406001,6.2,587,Released,Drama,1,1,8.485956,13.122365377402328,3.3107620040123686,6.376726947898627
15624,Conversations with Other Women,450000,973525,84.0,2006.0,"[{""id"": 18, ""name"": ""Drama""}, {""id"": 10749, ""name"": ""Romance""}]",en,4.442355,6.2,38,Released,Drama,1,1,2.163388888888889,13.017005083966255,1.6942118716035353,3.6635616461296463
3062,42nd Street,439000,2281000,89.0,1933.0,"[{""id"": 10402, ""name"": ""Music""}, {""id"": 35, ""name"": ""Comedy""}, {""id"": 10749, ""name"": ""Romance""}]",en,1.933366,6.1,37,Released,Music,1,1,5.195899772209567,12.992256969959042,1.0761505691176785,3.6375861597263857
8193,Napoleon Dynamite,400000,46118097,95.0,2004.0,"[{""id"": 35, ""name"": ""Comedy""}]",en,23.603514,6.7,554,Released,Comedy,1,1,115.2952425,12.899222326086994,3.2028892782653213,6.318968113746434
23827,Paranormal Activity,15000,193355800,86.0,2007.0,"[{""id"": 27, ""name"": ""Horror""}, {""id"": 9648, ""name"": ""Mystery""}]",en,47.456823,5.9,1316,Released,Horror,1,1,12890.386666666667,9.61587214452889,3.8806731540151773,7.183111701743281
762,Monty Python and the Holy Grail,400000,5028948,91.0,1975.0,"[{""id"": 12, ""name"": ""Adventure""}, {""id"": 35, ""name"": ""Comedy""}, {""id"": 14, ""name"": ""Fantasy""}]",en,64.782984,7.8,1708,Released,Adventure,1,1,12.57237,12.899222326086994,4.186361203064346,7.443663683115591
1435,Tarnation,218,1162014,91.0,2003.0,"[{""id"": 99, ""name"": ""Documentary""}, {""id"": 18, ""name"": ""Drama""}]",en,1.063439,7.5,22,Released,Documentary,1,1,5330.339449541284,5.389071729816501,0.7243740083487882,3.1354942159291497
9029,What Happens in Vegas,35000000,170000000,99.0,2008.0,"[{""id"": 35, ""name"": ""Comedy""}, {""id"": 10749, ""name"": ""Romance""}]",da,38.100488,5.8,923,Released,Comedy,1,1,4.857142857142857,17.370858648025116,3.6661349477318494,6.828712071641684
11240,My Beautiful Laundrette,860000,2451545,97.0,1985.0,"[{""id"": 10749, ""name"": ""Romance""}, {""id"": 18, ""name"": ""Drama""}, {""id"": 35, ""name"": ""Comedy""}]",en,3.703005,6.6,51,Released,Romance,1,1,2.8506337209302326,13.664688831019712,1.5482016661135258,3.9512437185814275
3059,Intolerance,385907,8394751,197.0,1916.0,"[{""id"": 18, ""name"": ""Drama""}]",en,3.232447,7.4,60,Released,Drama,1,1,21.75330066570443,12.863354278070094,1.4427803127967211,4.110873864173311
65203,The Broadway Melody,379000,4358000,100.0,1929.0,"[{""id"": 18, ""name"": ""Drama""}, {""id"": 10402, ""name"": ""Music""}, {""id"": 10749, ""name"": ""Romance""}]",en,0.968865,5.0,19,Released,Drama,1,1,11.49868073878628,12.84529412258351,0.6774572345842635,2.995732273553991
764,The Evil Dead,350000,29400000,85.0,1981.0,"[{""id"": 27, ""name"": ""Horror""}]",en,35.037625,7.3,894,Released,Horror,1,1,84.0,12.765691290604371,3.5845635315675928,6.796823718274855
103620,Maniac,6000000,31081,89.0,2012.0,"[{""id"": 27, ""name"": ""Horror""}]",en,19.331884,6.0,316,Released,Horror,1,1,0.0051801666666666,15.607270193858982,3.0121902942762304,5.75890177387728
14278,Murderball,300000,1750211,88.0,2005.0,"[{""id"": 99, ""name"": ""Documentary""}]",en,1.085909,6.9,23,Released,Documentary,1,1,5.834036666666667,12.611541086966115,0.7352047314659454,3.1780538303479458
389,12 Angry Men,350000,1000000,96.0,1957.0,"[{""id"": 18, ""name"": ""Drama""}]",en,59.259204,8.2,2078,Released,Drama,1,1,2.857142857142857,12.765691290604371,4.098655324189089,7.639642287858013
3078,It Happened One Night,325000,4500000,105.0,1934.0,"[{""id"": 35, ""name"": ""Comedy""}, {""id"": 10749, ""name"": ""Romance""}]",en,11.871424,7.7,275,Released,Comedy,1,1,13.846153846153848,12.691583538230217,2.5550096603979835,5.62040086571715
21525,Tupac: Resurrection,300000,7808524,112.0,2003.0,"[{""id"": 10402, ""name"": ""Music""}, {""id"": 99, ""name"": ""Documentary""}]",en,1.314576,8.0,26,Released,Music,1,1,26.028413333333333,12.611541086966115,0.8392265174158425,3.295836866004329
55123,Tumbleweeds,312000,1281176,102.0,1999.0,"[{""id"": 35, ""name"": ""Comedy""}, {""id"": 18, ""name"": ""Drama""}]",en,1.505703,6.2,11,Released,Comedy,1,1,4.106333333333334,12.650761671914688,0.9185693338877027,2.4849066497880004
11980,The Prophecy,8,16,98.0,1995.0,"[{""id"": 14, ""name"": ""Fantasy""}, {""id"": 27, ""name"": ""Horror""}, {""id"": 53, ""name"": ""Thriller""}]",en,11.818333,6.4,138,Released,Fantasy,1,1,2.0,2.1972245773362196,2.5508764118364864,4.9344739331306915
73981,Ayurveda: Art of Being,300000,2074000,101.0,2001.0,"[{""id"": 99, ""name"": ""Documentary""}]",en,0.055868,5.5,3,Released,Documentary,1,1,6.913333333333333,12.611541086966115,0.05436317747091863,1.3862943611198906
118452,"First Love, Last Rites",300000,40542,94.0,1998.0,"[{""id"": 18, ""name"": ""Drama""}]",en,0.374291,3.0,1,Released,Drama,1,1,0.13514,12.611541086966115,0.31793796176875155,0.6931471805599453
13282,Death Race 2000,300000,8000000,80.0,1975.0,"[{""id"": 28, ""name"": ""Action""}, {""id"": 35, ""name"": ""Comedy""}, {""id"": 878, ""name"": ""Science Fiction""}]",en,6.473667,5.9,124,Released,Action,1,1,26.666666666666668,12.611541086966115,2.0113857756152673,4.8283137373023015
2255,Chasing Amy,250000,12021272,113.0,1997.0,"[{""id"": 35, ""name"": ""Comedy""}, {""id"": 18, ""name"": ""Drama""}, {""id"": 10749, ""name"": ""Romance""}]",en,20.601483,6.7,433,Released,Comedy,1,1,48.085088,12.429220196836383,3.072761969740715,6.073044534100405
50035,Lovely & Amazing,250000,4186931,91.0,2001.0,"[{""id"": 35, ""name"": ""Comedy""}, {""id"": 18, ""name"": ""Drama""}, {""id"": 10749, ""name"": ""Romance""}]",en,1.45917,6.3,23,Released,Comedy,1,1,16.747724,12.429220196836383,0.8998238946386502,3.1780538303479458
431,Cube,250000,501818,90.0,1997.0,"[{""id"": 53, ""name"": ""Thriller""}, {""id"": 878, ""name"": ""Science Fiction""}, {""id"": 9648, ""name"": ""Mystery""}]",en,44.656151,6.9,1069,Released,Thriller,1,1,2.007272,12.429220196836383,3.8211383405707986,6.975413927455952
51942,I Married a Strange Person!,250,203,72.0,1998.0,"[{""id"": 18, ""name"": ""Drama""}, {""id"": 35, ""name"": ""Comedy""}, {""id"": 16, ""name"": ""Animation""}]",en,0.293649,7.5,12,Released,Drama,1,1,0.812,5.5254529391317835,0.25746690735125566,2.5649493574615367
60420,Like Crazy,250000,3542353,90.0,2011.0,"[{""id"": 18, ""name"": ""Drama""}, {""id"": 10749, ""name"": ""Romance""}]",en,21.825564,6.4,381,Released,Drama,1,1,14.169412,12.429220196836383,3.1278811359238348,5.945420608606575
109729,The Canyons,250000,56825,99.0,2013.0,"[{""id"": 53, ""name"": ""Thriller""}, {""id"": 18, ""name"": ""Drama""}]",en,6.978907,4.1,75,Released,Thriller,1,1,0.2273,12.429220196836383,2.0768014346622774,4.330733340286331
3060,The Big Parade,245000,22000000,151.0,1925.0,"[{""id"": 18, ""name"": ""Drama""}, {""id"": 10749, ""name"": ""Romance""}, {""id"": 10752, ""name"": ""War""}]",en,0.785744,7.0,21,Released,Drama,1,1,89.79591836734694,12.409017571151187,0.5798351351144989,3.091042453358316
18533,Bronson,230000,2260712,92.0,2008.0,"[{""id"": 18, ""name"": ""Drama""}, {""id"": 28, ""name"": ""Action""}, {""id"": 80, ""name"": ""Crime""}]",en,18.450613,6.9,733,Released,Drama,1,1,9.829182608695652,12.345838935721968,2.967878586277326,6.598509028614515
139948,Burn,225000,111300,86.0,2012.0,"[{""id"": 10769, ""name"": ""Foreign""}, {""id"": 99, ""name"": ""Documentary""}]",en,0.126676,6.9,6,Released,Foreign,1,1,0.4946666666666666,12.323860125621126,0.11927170481617404,1.9459101490553132
70478,The Stewardesses,100000,27000000,69.0,1969.0,"[{""id"": 35, ""name"": ""Comedy""}]",en,1.183892,4.3,5,Released,Comedy,1,1,270.0,11.51293546492023,0.7811086061104893,1.791759469228055
35073,"The Beast from 20,000 Fathoms",210000,5000000,80.0,1953.0,"[{""id"": 12, ""name"": ""Adventure""}, {""id"": 27, ""name"": ""Horror""}, {""id"": 878, ""name"": ""Science Fiction""}]",en,2.043661,6.7,41,Released,Adventure,1,1,23.80952380952381,12.25486757159303,1.113061067174852,3.7376696182833684
9659,Mad Max,400000,100000000,93.0,1979.0,"[{""id"": 12, ""name"": ""Adventure""}, {""id"": 28, ""name"": ""Action""}, {""id"": 53, ""name"": ""Thriller""}, {""id"": 878, ""name"": ""Science Fiction""}]",en,33.142185,6.6,1213,Released,Adventure,1,1,250.0,12.899222326086994,3.530533716489953,7.101675971619444
10218,Swingers,200000,4505922,94.0,1996.0,"[{""id"": 35, ""name"": ""Comedy""}, {""id"": 10749, ""name"": ""Romance""}]",en,13.971674,6.8,253,Released,Comedy,1,1,22.52961,12.206077645517674,2.7061600158270336,5.537334267018537
391,A Fistful of Dollars,200000,14500000,99.0,1964.0,"[{""id"": 37, ""name"": ""Western""}]",it,38.771062,7.6,883,Released,Western,1,1,72.5,12.206077645517674,3.683139562408452,6.784457062637643
43595,She Done Him Wrong,200000,2200000,66.0,1933.0,"[{""id"": 35, ""name"": ""Comedy""}]",en,0.622752,5.1,27,Released,Comedy,1,1,11.0,12.206077645517674,0.48412347340641704,3.332204510175204
54897,The Grace Card,200000,2295733,101.0,2011.0,"[{""id"": 18, ""name"": ""Drama""}]",en,0.616283,6.5,10,Released,Drama,1,1,11.478665,12.206077645517674,0.4801290685289038,2.3978952727983707
21334,Children of Heaven,180000,900000,89.0,1997.0,"[{""id"": 18, ""name"": ""Drama""}, {""id"": 35, ""name"": ""Comedy""}, {""id"": 10751, ""name"": ""Family""}]",fa,7.072118,7.8,112,Released,Drama,1,1,5.0,12.100717685412471,2.0884159013785526,4.727387818712341
79120,Weekend,8000,469947,96.0,2011.0,"[{""id"": 18, ""name"": ""Drama""}, {""id"": 10749, ""name"": ""Romance""}]",en,1.041254,7.4,163,Released,Drama,1,1,58.743375,8.987321812850125,0.7135643248842063,5.099866427824199
55420,Another Earth,100000,1776935,92.0,2011.0,"[{""id"": 18, ""name"": ""Drama""}, {""id"": 878, ""name"": ""Science Fiction""}]",en,25.402697,6.8,527,Released,Drama,1,1,17.76935,11.51293546492023,3.273466164025295,6.269096283706261
5822,Sweet Sweetback's Baadasssss Song,150000,15200000,97.0,1971.0,"[{""id"": 28, ""name"": ""Action""}, {""id"": 18, ""name"": ""Drama""}, {""id"": 10749, ""name"": ""Romance""}]",en,0.132878,4.6,18,Released,Action,1,1,101.33333333333331,11.918397239722838,0.12476129751906076,2.9444389791664403
39141,Tadpole,150000,2891288,78.0,2002.0,"[{""id"": 35, ""name"": ""Comedy""}, {""id"": 18, ""name"": ""Drama""}, {""id"": 10749, ""name"": ""Romance""}]",en,8.570328,5.5,19,Released,Comedy,1,1,19.27525333333333,11.918397239722838,2.2586674786497354,2.995732273553991
5723,Once,160000,20710513,85.0,2007.0,"[{""id"": 18, ""name"": ""Drama""}, {""id"": 10402, ""name"": ""Music""}, {""id"": 10749, ""name"": ""Romance""}]",en,19.052179,7.3,453,Released,Drama,1,1,129.44070625,11.982935344196433,2.9983378261517584,6.118097198041348
1779,Roger & Me,160000,6706368,91.0,1989.0,"[{""id"": 99, ""name"": ""Documentary""}, {""id"": 36, ""name"": ""History""}]",en,3.284903,7.4,90,Released,Documentary,1,1,41.9148,11.982935344196433,1.4550979146873355,4.51085950651685
84355,Your Sister's Sister,125000,3200000,90.0,2011.0,"[{""id"": 18, ""name"": ""Drama""}, {""id"": 35, ""name"": ""Comedy""}]",en,12.833247,6.5,137,Released,Drama,1,1,25.6,11.736077016252437,2.6270748975852127,4.927253685157205
339408,The Birth of a Nation,8500000,15861566,120.0,2016.0,"[{""id"": 18, ""name"": ""Drama""}]",en,9.452808,6.5,178,Released,Drama,1,1,1.866066588235294,15.955576839107596,2.3468706504492265,5.187385805840755
18925,Facing the Giants,100000,10178331,111.0,2006.0,"[{""id"": 18, ""name"": ""Drama""}]",en,4.563698,6.6,64,Released,Drama,1,1,101.78331,11.51293546492023,1.716262995089917,4.174387269895637
299245,The Gallows,100000,42664410,87.0,2015.0,"[{""id"": 27, ""name"": ""Horror""}, {""id"": 53, ""name"": ""Thriller""}]",en,18.045782,4.9,361,Released,Horror,1,1,426.6441,11.51293546492023,2.946845659733441,5.891644211825771
985,Eraserhead,10000,7000000,89.0,1977.0,"[{""id"": 18, ""name"": ""Drama""}, {""id"": 14, ""name"": ""Fantasy""}, {""id"": 27, ""name"": ""Horror""}, {""id"": 878, ""name"": ""Science Fiction""}]",en,20.399578,7.5,485,Released,Drama,1,1,700.0,9.210440366976517,3.063371202207203,6.186208623900494
473,Pi,60000,3221152,84.0,1998.0,"[{""id"": 9648, ""name"": ""Mystery""}, {""id"": 18, ""name"": ""Drama""}, {""id"": 53, ""name"": ""Thriller""}]",en,27.788067,7.1,586,Released,Mystery,1,1,53.68586666666667,11.002116507732017,3.3599609610014713,6.375024819828097
9372,Super Size Me,65000,28575078,100.0,2004.0,"[{""id"": 99, ""name"": ""Documentary""}, {""id"": 35, ""name"": ""Comedy""}, {""id"": 18, ""name"": ""Drama""}]",en,10.400603,6.6,506,Released,Documentary,1,1,439.6165846153846,11.082157933374816,2.4336662487384144,6.2285110035911835
47607,Tiny Furniture,65000,416498,99.0,2010.0,"[{""id"": 10749, ""name"": ""Romance""}, {""id"": 35, ""name"": ""Comedy""}, {""id"": 18, ""name"": ""Drama""}]",en,2.380332,5.6,59,Released,Romance,1,1,6.4076615384615385,11.082157933374816,1.2179739295232535,4.0943445622221
242095,The Signal,4000000,600896,95.0,2014.0,"[{""id"": 53, ""name"": ""Thriller""}, {""id"": 878, ""name"": ""Science Fiction""}]",en,27.662696,5.8,631,Released,Thriller,1,1,0.150224,15.201805169084134,3.3555964863638694,6.448889394146858
42151,Down Terrace,31192,10000,89.0,2009.0,"[{""id"": 18, ""name"": ""Drama""}, {""id"": 28, ""name"": ""Action""}, {""id"": 35, ""name"": ""Comedy""}]",en,1.330379,6.3,26,Released,Drama,1,1,0.3205950243652218,10.347948989650975,0.8460309152939582,3.295836866004329
2292,Clerks,27000,3151130,92.0,1994.0,"[{""id"": 35, ""name"": ""Comedy""}]",en,19.748658,7.4,755,Released,Comedy,1,1,116.70851851851852,10.203629181337648,3.0324815698864134,6.628041376179533
692,Pink Flamingos,12000,6000000,93.0,1972.0,"[{""id"": 27, ""name"": ""Horror""}, {""id"": 35, ""name"": ""Comedy""}, {""id"": 80, ""name"": ""Crime""}]",en,4.553644,6.2,110,Released,Horror,1,1,500.0,9.392745258631441,1.7144542888828214,4.709530201312334
36095,Cure,20000,99000,111.0,1997.0,"[{""id"": 80, ""name"": ""Crime""}, {""id"": 27, ""name"": ""Horror""}, {""id"": 9648, ""name"": ""Mystery""}, {""id"": 53, ""name"": ""Thriller""}]",ja,0.212443,7.4,63,Released,Crime,1,1,4.95,9.90353755128617,0.19263733241520364,4.1588830833596715
14337,Primer,7000,424760,77.0,2004.0,"[{""id"": 878, ""name"": ""Science Fiction""}, {""id"": 18, ""name"": ""Drama""}, {""id"": 53, ""name"": ""Thriller""}]",en,23.307949,6.9,658,Released,Science Fiction,1,1,60.68,8.853808274977197,3.1908034161962,6.490723534502507
9367,El Mariachi,220000,2040920,81.0,1992.0,"[{""id"": 28, ""name"": ""Action""}, {""id"": 80, ""name"": ""Crime""}, {""id"": 53, ""name"": ""Thriller""}]",es,14.269792,6.6,238,Released,Action,1,1,9.276909090909092,12.301387370778713,2.7258764976577416,5.476463551931511
