id,title,budget,revenue,runtime,release_year,genres,original_language,popularity,vote_average,vote_count,status,primary_genre,has_budget,has_revenue,roi
19995,Avatar,237000000,2787965087,162.0,2009.0,"[{""id"": 28, ""name"": ""Action""}, {""id"": 12, ""name"": ""Adventure""}, {""id"": 14, ""name"": ""Fantasy""}, {""id"": 878, ""name"": ""Science Fiction""}]",en,150.437577,7.2,11800,Released,Action,1,1,11.763565767932489
285,Pirates of the Caribbean: At World's End,300000000,961000000,169.0,2007.0,"[{""id"": 12, ""name"": ""Adventure""}, {""id"": 14, ""name"": ""Fantasy""}, {""id"": 28, ""name"": ""Action""}]",en,139.082615,6.9,4500,Released,Adventure,1,1,3.203333333333333
206647,Spectre,245000000,880674609,148.0,2015.0,"[{""id"": 28, ""name"": ""Action""}, {""id"": 12, ""name"": ""Adventure""}, {""id"": 80, ""name"": ""Crime""}]",en,107.376788,6.3,4466,Released,Action,1,1,3.5945902408163266
49026,The Dark Knight Rises,250000000,1084939099,165.0,2012.0,"[{""id"": 28, ""name"": ""Action""}, {""id"": 80, ""name"": ""Crime""}, {""id"": 18, ""name"": ""Drama""}, {""id"": 53, ""name"": ""Thriller""}]",en,112.31295,7.6,9106,Released,Action,1,1,4.339756396
49529,John Carter,260000000,284139100,132.0,2012.0,"[{""id"": 28, ""name"": ""Action""}, {""id"": 12, ""name"": ""Adventure""}, {""id"": 878, ""name"": ""Science Fiction""}]",en,43.926995,6.1,2124,Released,Action,1,1,1.0928426923076924
559,Spider-Man 3,258000000,890871626,139.0,2007.0,"[{""id"": 14, ""name"": ""Fantasy""}, {""id"": 28, ""name"": ""Action""}, {""id"": 12, ""name"": ""Adventure""}]",en,115.699814,5.9,3576,Released,Fantasy,1,1,3.4529907984496124
38757,Tangled,260000000,591794936,100.0,2010.0,"[{""id"": 16, ""name"": ""Animation""}, {""id"": 10751, ""name"": ""Family""}]",en,48.681969,7.4,3330,Released,Animation,1,1,2.2761343692307694
99861,Avengers: Age of Ultron,280000000,1405403694,141.0,2015.0,"[{""id"": 28, ""name"": ""Action""}, {""id"": 12, ""name"": ""Adventure""}, {""id"": 878, ""name"": ""Science Fiction""}]",en,134.279229,7.3,6767,Released,Action,1,1,5.019298907142857
767,Harry Potter and the Half-Blood Prince,250000000,933959197,153.0,2009.0,"[{""id"": 12, ""name"": ""Adventure""}, {""id"": 14, ""name"": ""Fantasy""}, {""id"": 10751, ""name"": ""Family""}]",en,98.885637,7.4,5293,Released,Adventure,1,1,3.735836788
209112,Batman v Superman: Dawn of Justice,250000000,873260194,151.0,2016.0,"[{""id"": 28, ""name"": ""Action""}, {""id"": 12, ""name"": ""Adventure""}, {""id"": 14, ""name"": ""Fantasy""}]",en,155.790452,5.7,7004,Released,Action,1,1,3.493040776
1452,Superman Returns,270000000,391081192,154.0,2006.0,"[{""id"": 12, ""name"": ""Adventure""}, {""id"": 14, ""name"": ""Fantasy""}, {""id"": 28, ""name"": ""Action""}, {""id"": 878, ""name"": ""Science Fiction""}]",en,57.925623,5.4,1400,Released,Adventure,1,1,1.4484488592592593
10764,Quantum of Solace,200000000,586090727,106.0,2008.0,"[{""id"": 12, ""name"": ""Adventure""}, {""id"": 28, ""name"": ""Action""}, {""id"": 53, ""name"": ""Thriller""}, {""id"": 80, ""name"": ""Crime""}]",en,107.928811,6.1,2965,Released,Adventure,1,1,2.930453635
58,Pirates of the Caribbean: Dead Man's Chest,200000000,1065659812,151.0,2006.0,"[{""id"": 12, ""name"": ""Adventure""}, {""id"": 14, ""name"": ""Fantasy""}, {""id"": 28, ""name"": ""Action""}]",en,145.847379,7.0,5246,Released,Adventure,1,1,5.32829906
57201,The Lone Ranger,255000000,89289910,149.0,2013.0,"[{""id"": 28, ""name"": ""Action""}, {""id"": 12, ""name"": ""Adventure""}, {""id"": 37, ""name"": ""Western""}]",en,49.046956,5.9,2311,Released,Action,1,1,0.35015650980392155
49521,Man of Steel,225000000,662845518,143.0,2013.0,"[{""id"": 28, ""name"": ""Action""}, {""id"": 12, ""name"": ""Adventure""}, {""id"": 14, ""name"": ""Fantasy""}, {""id"": 878, ""name"": ""Science Fiction""}]",en,99.398009,6.5,6359,Released,Action,1,1,2.94598008
2454,The Chronicles of Narnia: Prince Caspian,225000000,419651413,150.0,2008.0,"[{""id"": 12, ""name"": ""Adventure""}, {""id"": 10751, ""name"": ""Family""}, {""id"": 14, ""name"": ""Fantasy""}]",en,53.978602,6.3,1630,Released,Adventure,1,1,1.8651173911111112
24428,The Avengers,220000000,1519557910,143.0,2012.0,"[{""id"": 878, ""name"": ""Science Fiction""}, {""id"": 28, ""name"": ""Action""}, {""id"": 12, ""name"": ""Adventure""}]",en,144.448633,7.4,11776,Released,Science Fiction,1,1,6.907081409090909
1865,Pirates of the Caribbean: On Stranger Tides,380000000,1045713802,136.0,2011.0,"[{""id"": 12, ""name"": ""Adventure""}, {""id"": 28, ""name"": ""Action""}, {""id"": 14, ""name"": ""Fantasy""}]",en,135.413856,6.4,4948,Released,Adventure,1,1,2.7518784263157894
41154,Men in Black 3,225000000,624026776,106.0,2012.0,"[{""id"": 28, ""name"": ""Action""}, {""id"": 35, ""name"": ""Comedy""}, {""id"": 878, ""name"": ""Science Fiction""}]",en,52.035179,6.2,4160,Released,Action,1,1,2.773452337777778
122917,The Hobbit: The Battle of the Five Armies,250000000,956019788,144.0,2014.0,"[{""id"": 28, ""name"": ""Action""}, {""id"": 12, ""name"": ""Adventure""}, {""id"": 14, ""name"": ""Fantasy""}]",en,120.965743,7.1,4760,Released,Action,1,1,3.824079152
1930,The Amazing Spider-Man,215000000,752215857,136.0,2012.0,"[{""id"": 28, ""name"": ""Action""}, {""id"": 12, ""name"": ""Adventure""}, {""id"": 14, ""name"": ""Fantasy""}]",en,89.866276,6.5,6586,Released,Action,1,1,3.4986784046511628
20662,Robin Hood,200000000,310669540,140.0,2010.0,"[{""id"": 28, ""name"": ""Action""}, {""id"": 12, ""name"": ""Adventure""}]",en,37.668301,6.2,1398,Released,Action,1,1,1.5533477
57158,The Hobbit: The Desolation of Smaug,250000000,958400000,161.0,2013.0,"[{""id"": 12, ""name"": ""Adventure""}, {""id"": 14, ""name"": ""Fantasy""}]",en,94.370564,7.6,4524,Released,Adventure,1,1,3.8336
2268,The Golden Compass,180000000,372234864,113.0,2007.0,"[{""id"": 12, ""name"": ""Adventure""}, {""id"": 14, ""name"": ""Fantasy""}]",en,42.990906,5.8,1303,Released,Adventure,1,1,2.0679714666666666
254,King Kong,207000000,550000000,187.0,2005.0,"[{""id"": 12, ""name"": ""Adventure""}, {""id"": 18, ""name"": ""Drama""}, {""id"": 28, ""name"": ""Action""}]",en,61.22601,6.6,2337,Released,Adventure,1,1,2.657004830917874
597,Titanic,200000000,1845034188,194.0,1997.0,"[{""id"": 18, ""name"": ""Drama""}, {""id"": 10749, ""name"": ""Romance""}, {""id"": 53, ""name"": ""Thriller""}]",en,100.025899,7.5,7562,Released,Drama,1,1,9.22517094
271110,Captain America: Civil War,250000000,1153304495,147.0,2016.0,"[{""id"": 12, ""name"": ""Adventure""}, {""id"": 28, ""name"": ""Action""}, {""id"": 878, ""name"": ""Science Fiction""}]",en,198.372395,7.1,7241,Released,Adventure,1,1,4.61321798
44833,Battleship,209000000,303025485,131.0,2012.0,"[{""id"": 53, ""name"": ""Thriller""}, {""id"": 28, ""name"": ""Action""}, {""id"": 12, ""name"": ""Adventure""}, {""id"": 878, ""name"": ""Science Fiction""}]",en,64.928382,5.5,2114,Released,Thriller,1,1,1.4498827033492823
135397,Jurassic World,150000000,1513528810,124.0,2015.0,"[{""id"": 28, ""name"": ""Action""}, {""id"": 12, ""name"": ""Adventure""}, {""id"": 878, ""name"": ""Science Fiction""}, {""id"": 53, ""name"": ""Thriller""}]",en,418.708552,6.5,8662,Released,Action,1,1,10.090192066666667
37724,Skyfall,200000000,1108561013,143.0,2012.0,"[{""id"": 28, ""name"": ""Action""}, {""id"": 12, ""name"": ""Adventure""}, {""id"": 53, ""name"": ""Thriller""}]",en,93.004993,6.9,7604,Released,Action,1,1,5.542805065
558,Spider-Man 2,200000000,783766341,127.0,2004.0,"[{""id"": 28, ""name"": ""Action""}, {""id"": 12, ""name"": ""Adventure""}, {""id"": 14, ""name"": ""Fantasy""}]",en,35.149586,6.7,4321,Released,Action,1,1,3.918831705
68721,Iron Man 3,200000000,1215439994,130.0,2013.0,"[{""id"": 28, ""name"": ""Action""}, {""id"": 12, ""name"": ""Adventure""}, {""id"": 878, ""name"": ""Science Fiction""}]",en,77.68208,6.8,8806,Released,Action,1,1,6.07719997
12155,Alice in Wonderland,200000000,1025491110,108.0,2010.0,"[{""id"": 10751, ""name"": ""Family""}, {""id"": 14, ""name"": ""Fantasy""}, {""id"": 12, ""name"": ""Adventure""}]",en,78.530105,6.4,4645,Released,Family,1,1,5.12745555
36668,X-Men: The Last Stand,210000000,459359555,104.0,2006.0,"[{""id"": 12, ""name"": ""Adventure""}, {""id"": 28, ""name"": ""Action""}, {""id"": 878, ""name"": ""Science Fiction""}, {""id"": 53, ""name"": ""Thriller""}]",en,3.857526,6.3,3525,Released,Adventure,1,1,2.1874264523809526
62211,Monsters University,200000000,743559607,104.0,2013.0,"[{""id"": 16, ""name"": ""Animation""}, {""id"": 10751, ""name"": ""Family""}]",en,89.186492,7.0,3528,Released,Animation,1,1,3.717798035
8373,Transformers: Revenge of the Fallen,150000000,836297228,150.0,2009.0,"[{""id"": 878, ""name"": ""Science Fiction""}, {""id"": 28, ""name"": ""Action""}, {""id"": 12, ""name"": ""Adventure""}]",en,21.939663,6.0,3138,Released,Science Fiction,1,1,5.575314853333333
91314,Transformers: Age of Extinction,210000000,1091405097,165.0,2014.0,"[{""id"": 878, ""name"": ""Science Fiction""}, {""id"": 28, ""name"": ""Action""}, {""id"": 12, ""name"": ""Adventure""}]",en,116.840296,5.8,3095,Released,Science Fiction,1,1,5.1971671285714285
68728,Oz: The Great and Powerful,200000000,491868548,130.0,2013.0,"[{""id"": 14, ""name"": ""Fantasy""}, {""id"": 12, ""name"": ""Adventure""}, {""id"": 10751, ""name"": ""Family""}]",en,46.985445,5.7,3530,Released,Fantasy,1,1,2.45934274
102382,The Amazing Spider-Man 2,200000000,705717432,142.0,2014.0,"[{""id"": 28, ""name"": ""Action""}, {""id"": 12, ""name"": ""Adventure""}, {""id"": 14, ""name"": ""Fantasy""}]",en,89.270217,6.5,4179,Released,Action,1,1,3.52858716
20526,TRON: Legacy,170000000,400062763,125.0,2010.0,"[{""id"": 12, ""name"": ""Adventure""}, {""id"": 28, ""name"": ""Action""}, {""id"": 878, ""name"": ""Science Fiction""}]",en,73.79505,6.3,2841,Released,Adventure,1,1,2.3533103705882352
49013,Cars 2,200000000,559852396,106.0,2011.0,"[{""id"": 16, ""name"": ""Animation""}, {""id"": 10751, ""name"": ""Family""}, {""id"": 12, ""name"": ""Adventure""}, {""id"": 35, ""name"": ""Comedy""}]",en,49.98659,5.8,2033,Released,Animation,1,1,2.79926198
44912,Green Lantern,200000000,219851172,114.0,2011.0,"[{""id"": 12, ""name"": ""Adventure""}, {""id"": 28, ""name"": ""Action""}, {""id"": 53, ""name"": ""Thriller""}, {""id"": 878, ""name"": ""Science Fiction""}]",en,51.872839,5.1,2487,Released,Adventure,1,1,1.09925586
10193,Toy Story 3,200000000,1066969703,103.0,2010.0,"[{""id"": 16, ""name"": ""Animation""}, {""id"": 10751, ""name"": ""Family""}, {""id"": 35, ""name"": ""Comedy""}]",en,59.995418,7.6,4597,Released,Animation,1,1,5.334848515
534,Terminator Salvation,200000000,371353001,115.0,2009.0,"[{""id"": 28, ""name"": ""Action""}, {""id"": 878, ""name"": ""Science Fiction""}, {""id"": 53, ""name"": ""Thriller""}]",en,71.862892,5.9,2463,Released,Action,1,1,1.856765005
168259,Furious 7,190000000,1506249360,137.0,2015.0,"[{""id"": 28, ""name"": ""Action""}]",en,102.322217,7.3,4176,Released,Action,1,1,7.927628210526316
72190,World War Z,200000000,531865000,116.0,2013.0,"[{""id"": 28, ""name"": ""Action""}, {""id"": 18, ""name"": ""Drama""}, {""id"": 27, ""name"": ""Horror""}, {""id"": 878, ""name"": ""Science Fiction""}, {""id"": 53, ""name"": ""Thriller""}]",en,81.834855,6.7,5560,Released,Action,1,1,2.659325
127585,X-Men: Days of Future Past,250000000,747862775,131.0,2014.0,"[{""id"": 28, ""name"": ""Action""}, {""id"": 12, ""name"": ""Adventure""}, {""id"": 14, ""name"": ""Fantasy""}, {""id"": 878, ""name"": ""Science Fiction""}]",en,118.078691,7.5,6032,Released,Action,1,1,2.9914511
54138,Star Trek Into Darkness,190000000,467365246,132.0,2013.0,"[{""id"": 28, ""name"": ""Action""}, {""id"": 12, ""name"": ""Adventure""}, {""id"": 878, ""name"": ""Science Fiction""}]",en,78.291018,7.4,4418,Released,Action,1,1,2.4598170842105263
81005,Jack the Giant Slayer,195000000,197687603,114.0,2013.0,"[{""id"": 28, ""name"": ""Action""}, {""id"": 10751, ""name"": ""Family""}, {""id"": 14, ""name"": ""Fantasy""}]",en,43.349855,5.5,2598,Released,Action,1,1,1.0137825794871795
64682,The Great Gatsby,105000000,351040419,143.0,2013.0,"[{""id"": 18, ""name"": ""Drama""}, {""id"": 10749, ""name"": ""Romance""}]",en,61.196071,7.3,3769,Released,Drama,1,1,3.3432420857142855
9543,Prince of Persia: The Sands of Time,150000000,335154643,116.0,2010.0,"[{""id"": 12, ""name"": ""Adventure""}, {""id"": 14, ""name"": ""Fantasy""}, {""id"": 28, ""name"": ""Action""}, {""id"": 10749, ""name"": ""Romance""}]",en,62.169881,6.2,2317,Released,Adventure,1,1,2.2343642866666666
68726,Pacific Rim,180000000,407602906,131.0,2013.0,"[{""id"": 28, ""name"": ""Action""}, {""id"": 878, ""name"": ""Science Fiction""}, {""id"": 12, ""name"": ""Adventure""}]",en,56.523205,6.7,4794,Released,Action,1,1,2.264460588888889
38356,Transformers: Dark of the Moon,195000000,1123746996,154.0,2011.0,"[{""id"": 28, ""name"": ""Action""}, {""id"": 878, ""name"": ""Science Fiction""}, {""id"": 12, ""name"": ""Adventure""}]",en,28.529607,6.1,3299,Released,Action,1,1,5.762805107692308
217,Indiana Jones and the Kingdom of the Crystal Skull,185000000,786636033,122.0,2008.0,"[{""id"": 12, ""name"": ""Adventure""}, {""id"": 28, ""name"": ""Action""}]",en,75.674458,5.7,2495,Released,Adventure,1,1,4.252086664864865
105864,The Good Dinosaur,175000000,331926147,93.0,2015.0,"[{""id"": 12, ""name"": ""Adventure""}, {""id"": 16, ""name"": ""Animation""}, {""id"": 10751, ""name"": ""Family""}]",en,51.692953,6.6,1736,Released,Adventure,1,1,1.89672084
62177,Brave,185000000,538983207,93.0,2012.0,"[{""id"": 16, ""name"": ""Animation""}, {""id"": 12, ""name"": ""Adventure""}, {""id"": 35, ""name"": ""Comedy""}, {""id"": 10751, ""name"": ""Family""}, {""id"": 28, ""name"": ""Action""}, {""id"": 14, ""name"": ""Fantasy""}]",en,125.114374,6.7,4641,Released,Animation,1,1,2.9134227405405406
188927,Star Trek Beyond,185000000,343471816,122.0,2016.0,"[{""id"": 28, ""name"": ""Action""}, {""id"": 12, ""name"": ""Adventure""}, {""id"": 878, ""name"": ""Science Fiction""}]",en,65.352913,6.6,2568,Released,Action,1,1,1.8566044108108108
10681,WALL·E,180000000,521311860,98.0,2008.0,"[{""id"": 16, ""name"": ""Animation""}, {""id"": 10751, ""name"": ""Family""}]",en,66.390712,7.8,6296,Released,Animation,1,1,2.896177
5174,Rush Hour 3,140000000,258022233,91.0,2007.0,"[{""id"": 28, ""name"": ""Action""}, {""id"": 35, ""name"": ""Comedy""}, {""id"": 80, ""name"": ""Crime""}, {""id"": 53, ""name"": ""Thriller""}]",en,22.57178,6.1,783,Released,Action,1,1,1.84301595
14161,2012,200000000,769653595,158.0,2009.0,"[{""id"": 28, ""name"": ""Action""}, {""id"": 12, ""name"": ""Adventure""}, {""id"": 878, ""name"": ""Science Fiction""}]",en,45.274225,5.6,4903,Released,Action,1,1,3.848267975
17979,A Christmas Carol,200000000,325233863,96.0,2009.0,"[{""id"": 16, ""name"": ""Animation""}, {""id"": 18, ""name"": ""Drama""}]",en,39.744242,6.6,1095,Released,Animation,1,1,1.626169315
76757,Jupiter Ascending,176000003,183987723,124.0,2015.0,"[{""id"": 878, ""name"": ""Science Fiction""}, {""id"": 14, ""name"": ""Fantasy""}, {""id"": 28, ""name"": ""Action""}, {""id"": 12, ""name"": ""Adventure""}]",en,85.36908,5.2,2768,Released,Science Fiction,1,1,1.0453847719536686
258489,The Legend of Tarzan,180000000,356743061,109.0,2016.0,"[{""id"": 28, ""name"": ""Action""}, {""id"": 12, ""name"": ""Adventure""}]",en,42.741719,5.5,2430,Released,Action,1,1,1.9819058944444445
411,"The Chronicles of Narnia: The Lion, the Witch and the Wardrobe",180000000,748806957,143.0,2005.0,"[{""id"": 12, ""name"": ""Adventure""}, {""id"": 10751, ""name"": ""Family""}, {""id"": 14, ""name"": ""Fantasy""}]",en,67.391328,6.7,2629,Released,Adventure,1,1,4.16003865
246655,X-Men: Apocalypse,178000000,543934787,144.0,2016.0,"[{""id"": 878, ""name"": ""Science Fiction""}]",en,139.272042,6.4,4721,Released,Science Fiction,1,1,3.0558134101123597
155,The Dark Knight,185000000,1004558444,152.0,2008.0,"[{""id"": 18, ""name"": ""Drama""}, {""id"": 28, ""name"": ""Action""}, {""id"": 80, ""name"": ""Crime""}, {""id"": 53, ""name"": ""Thriller""}]",en,187.322927,8.2,12002,Released,Drama,1,1,5.430045643243243
14160,Up,175000000,735099082,96.0,2009.0,"[{""id"": 16, ""name"": ""Animation""}, {""id"": 35, ""name"": ""Comedy""}, {""id"": 10751, ""name"": ""Family""}, {""id"": 12, ""name"": ""Adventure""}]",en,92.201962,7.7,6870,Released,Animation,1,1,4.200566182857143
15512,Monsters vs Aliens,175000000,381509870,94.0,2009.0,"[{""id"": 16, ""name"": ""Animation""}, {""id"": 10751, ""name"": ""Family""}, {""id"": 12, ""name"": ""Adventure""}, {""id"": 878, ""name"": ""Science Fiction""}]",en,36.167578,6.0,1423,Released,Animation,1,1,2.1800564
1726,Iron Man,140000000,585174222,126.0,2008.0,"[{""id"": 28, ""name"": ""Action""}, {""id"": 878, ""name"": ""Science Fiction""}, {""id"": 12, ""name"": ""Adventure""}]",en,120.725053,7.4,8776,Released,Action,1,1,4.179815871428572
44826,Hugo,170000000,185770160,126.0,2011.0,"[{""id"": 12, ""name"": ""Adventure""}, {""id"": 18, ""name"": ""Drama""}, {""id"": 10751, ""name"": ""Family""}]",en,32.319043,7.0,2141,Released,Adventure,1,1,1.0927656470588236
8487,Wild Wild West,170000000,222104681,106.0,1999.0,"[{""id"": 28, ""name"": ""Action""}, {""id"": 12, ""name"": ""Adventure""}, {""id"": 35, ""name"": ""Comedy""}, {""id"": 878, ""name"": ""Science Fiction""}, {""id"": 37, ""name"": ""Western""}]",en,40.748915,5.1,1020,Released,Action,1,1,1.3064981235294117
1735,The Mummy: Tomb of the Dragon Emperor,145000000,401128639,112.0,2008.0,"[{""id"": 12, ""name"": ""Adventure""}, {""id"": 28, ""name"": ""Action""}, {""id"": 14, ""name"": ""Fantasy""}]",en,60.034162,5.2,1387,Released,Adventure,1,1,2.7664044068965516
297761,Suicide Squad,175000000,745000000,123.0,2016.0,"[{""id"": 28, ""name"": ""Action""}, {""id"": 12, ""name"": ""Adventure""}, {""id"": 80, ""name"": ""Crime""}, {""id"": 14, ""name"": ""Fantasy""}, {""id"": 878, ""name"": ""Science Fiction""}]",en,90.23792,5.9,7458,Released,Action,1,1,4.257142857142857
2698,Evan Almighty,175000000,173000000,96.0,2007.0,"[{""id"": 14, ""name"": ""Fantasy""}, {""id"": 35, ""name"": ""Comedy""}, {""id"": 10751, ""name"": ""Family""}]",en,27.082182,5.3,1151,Released,Fantasy,1,1,0.9885714285714285
137113,Edge of Tomorrow,178000000,370541256,113.0,2014.0,"[{""id"": 28, ""name"": ""Action""}, {""id"": 878, ""name"": ""Science Fiction""}]",en,79.456485,7.6,4858,Released,Action,1,1,2.081692449438202
9804,Waterworld,175000000,264218220,135.0,1995.0,"[{""id"": 12, ""name"": ""Adventure""}, {""id"": 28, ""name"": ""Action""}]",en,44.640292,5.9,992,Released,Adventure,1,1,1.5098184
14869,G.I. Joe: The Rise of Cobra,175000000,302469017,118.0,2009.0,"[{""id"": 12, ""name"": ""Adventure""}, {""id"": 28, ""name"": ""Action""}, {""id"": 53, ""name"": ""Thriller""}, {""id"": 878, ""name"": ""Science Fiction""}]",en,32.852443,5.6,1962,Released,Adventure,1,1,1.7283943828571429
150540,Inside Out,175000000,857611174,94.0,2015.0,"[{""id"": 18, ""name"": ""Drama""}, {""id"": 35, ""name"": ""Comedy""}, {""id"": 16, ""name"": ""Animation""}, {""id"": 10751, ""name"": ""Family""}]",en,128.655964,8.0,6560,Released,Drama,1,1,4.90063528
278927,The Jungle Book,175000000,966550600,106.0,2016.0,"[{""id"": 10751, ""name"": ""Family""}, {""id"": 12, ""name"": ""Adventure""}, {""id"": 18, ""name"": ""Drama""}, {""id"": 14, ""name"": ""Fantasy""}]",en,94.199316,6.7,2892,Released,Family,1,1,5.523146285714286
10138,Iron Man 2,200000000,623933331,124.0,2010.0,"[{""id"": 12, ""name"": ""Adventure""}, {""id"": 28, ""name"": ""Action""}, {""id"": 878, ""name"": ""Science Fiction""}]",en,77.300194,6.6,6849,Released,Adventure,1,1,3.119666655
58595,Snow White and the Huntsman,170000000,396600000,127.0,2012.0,"[{""id"": 12, ""name"": ""Adventure""}, {""id"": 14, ""name"": ""Fantasy""}, {""id"": 18, ""name"": ""Drama""}]",en,77.178973,5.8,3118,Released,Adventure,1,1,2.3329411764705883
102651,Maleficent,180000000,758539785,97.0,2014.0,"[{""id"": 14, ""name"": ""Fantasy""}, {""id"": 12, ""name"": ""Adventure""}, {""id"": 28, ""name"": ""Action""}, {""id"": 10751, ""name"": ""Family""}, {""id"": 10749, ""name"": ""Romance""}]",en,110.620647,7.0,4496,Released,Fantasy,1,1,4.214109916666667
119450,Dawn of the Planet of the Apes,170000000,710644566,130.0,2014.0,"[{""id"": 878, ""name"": ""Science Fiction""}, {""id"": 28, ""name"": ""Action""}, {""id"": 18, ""name"": ""Drama""}, {""id"": 53, ""name"": ""Thriller""}]",en,243.791743,7.3,4410,Released,Science Fiction,1,1,4.180262152941176
64686,47 Ronin,175000000,150962475,119.0,2013.0,"[{""id"": 18, ""name"": ""Drama""}, {""id"": 28, ""name"": ""Action""}, {""id"": 12, ""name"": ""Adventure""}, {""id"": 14, ""name"": ""Fantasy""}]",en,41.796339,5.9,1326,Released,Drama,1,1,0.8626427142857143
100402,Captain America: The Winter Soldier,170000000,714766572,136.0,2014.0,"[{""id"": 28, ""name"": ""Action""}, {""id"": 12, ""name"": ""Adventure""}, {""id"": 878, ""name"": ""Science Fiction""}]",en,72.225265,7.6,5764,Released,Action,1,1,4.204509247058824
10192,Shrek Forever After,165000000,752600867,93.0,2010.0,"[{""id"": 35, ""name"": ""Comedy""}, {""id"": 12, ""name"": ""Adventure""}, {""id"": 14, ""name"": ""Fantasy""}, {""id"": 16, ""name"": ""Animation""}, {""id"": 10751, ""name"": ""Family""}]",en,44.041186,6.0,1959,Released,Comedy,1,1,4.561217375757575
158852,Tomorrowland,190000000,209154322,130.0,2015.0,"[{""id"": 12, ""name"": ""Adventure""}, {""id"": 10751, ""name"": ""Family""}, {""id"": 9648, ""name"": ""Mystery""}, {""id"": 878, ""name"": ""Science Fiction""}]",en,130.311355,6.2,2846,Released,Adventure,1,1,1.1008122210526317
177572,Big Hero 6,165000000,652105443,102.0,2014.0,"[{""id"": 12, ""name"": ""Adventure""}, {""id"": 10751, ""name"": ""Family""}, {""id"": 16, ""name"": ""Animation""}, {""id"": 28, ""name"": ""Action""}, {""id"": 35, ""name"": ""Comedy""}]",en,203.73459,7.8,6135,Released,Adventure,1,1,3.9521542
82690,Wreck-It Ralph,165000000,471222889,108.0,2012.0,"[{""id"": 10751, ""name"": ""Family""}, {""id"": 16, ""name"": ""Animation""}, {""id"": 35, ""name"": ""Comedy""}, {""id"": 12, ""name"": ""Adventure""}]",en,62.341073,7.1,4570,Released,Family,1,1,2.855896296969697
5255,The Polar Express,165000000,305875730,100.0,2004.0,"[{""id"": 12, ""name"": ""Adventure""}, {""id"": 16, ""name"": ""Animation""}, {""id"": 10751, ""name"": ""Family""}, {""id"": 14, ""name"": ""Fantasy""}]",en,47.323228,6.4,1474,Released,Adventure,1,1,1.853792303030303
47933,Independence Day: Resurgence,165000000,389681935,120.0,2016.0,"[{""id"": 28, ""name"": ""Action""}, {""id"": 12, ""name"": ""Adventure""}, {""id"": 878, ""name"": ""Science Fiction""}]",en,48.775723,4.9,2491,Released,Action,1,1,2.3617086969696968
10191,How to Train Your Dragon,165000000,494878759,98.0,2010.0,"[{""id"": 14, ""name"": ""Fantasy""}, {""id"": 12, ""name"": ""Adventure""}, {""id"": 16, ""name"": ""Animation""}, {""id"": 10751, ""name"": ""Family""}]",en,67.263269,7.5,4227,Released,Fantasy,1,1,2.999265206060606
296,Terminator 3: Rise of the Machines,200000000,435000000,109.0,2003.0,"[{""id"": 28, ""name"": ""Action""}, {""id"": 53, ""name"": ""Thriller""}, {""id"": 878, ""name"": ""Science Fiction""}]",en,69.405188,5.9,2143,Released,Action,1,1,2.175
118340,Guardians of the Galaxy,170000000,773328629,121.0,2014.0,"[{""id"": 28, ""name"": ""Action""}, {""id"": 878, ""name"": ""Science Fiction""}, {""id"": 12, ""name"": ""Adventure""}]",en,481.098624,7.9,9742,Released,Action,1,1,4.548991935294118
157336,Interstellar,165000000,675120017,169.0,2014.0,"[{""id"": 12, ""name"": ""Adventure""}, {""id"": 18, ""name"": ""Drama""}, {""id"": 878, ""name"": ""Science Fiction""}]",en,724.247784,8.1,10867,Released,Adventure,1,1,4.0916364666666665
27205,Inception,160000000,825532764,148.0,2010.0,"[{""id"": 28, ""name"": ""Action""}, {""id"": 53, ""name"": ""Thriller""}, {""id"": 878, ""name"": ""Science Fiction""}, {""id"": 9648, ""name"": ""Mystery""}, {""id"": 12, ""name"": ""Adventure""}]",en,167.58371,8.1,13752,Released,Action,1,1,5.159579775
315011,Shin Godzilla,15000000,77000000,120.0,2016.0,"[{""id"": 28, ""name"": ""Action""}, {""id"": 12, ""name"": ""Adventure""}, {""id"": 18, ""name"": ""Drama""}, {""id"": 27, ""name"": ""Horror""}, {""id"": 878, ""name"": ""Science Fiction""}]",ja,9.476999,6.5,143,Released,Action,1,1,5.133333333333334
49051,The Hobbit: An Unexpected Journey,250000000,1021103568,169.0,2012.0,"[{""id"": 12, ""name"": ""Adventure""}, {""id"": 14, ""name"": ""Fantasy""}, {""id"": 28, ""name"": ""Action""}]",en,108.849621,7.0,8297,Released,Adventure,1,1,4.084414272
9799,The Fast and the Furious,38000000,207283925,106.0,2001.0,"[{""id"": 28, ""name"": ""Action""}, {""id"": 80, ""name"": ""Crime""}, {""id"": 53, ""name"": ""Thriller""}]",en,6.909942,6.6,3428,Released,Action,1,1,5.454840131578948
4922,The Curious Case of Benjamin Button,150000000,333932083,166.0,2008.0,"[{""id"": 14, ""name"": ""Fantasy""}, {""id"": 18, ""name"": ""Drama""}, {""id"": 53, ""name"": ""Thriller""}, {""id"": 9648, ""name"": ""Mystery""}, {""id"": 10749, ""name"": ""Romance""}]",en,60.269279,7.3,3292,Released,Fantasy,1,1,2.2262138866666668
49538,X-Men: First Class,160000000,353624124,132.0,2011.0,"[{""id"": 28, ""name"": ""Action""}, {""id"": 878, ""name"": ""Science Fiction""}, {""id"": 12, ""name"": ""Adventure""}]",en,3.195174,7.1,5181,Released,Action,1,1,2.210150775
131634,The Hunger Games: Mockingjay - Part 2,160000000,653428261,137.0,2015.0,"[{""id"": 28, ""name"": ""Action""}, {""id"": 12, ""name"": ""Adventure""}, {""id"": 878, ""name"": ""Science Fiction""}]",en,127.284427,6.6,3984,Released,Action,1,1,4.08392663125
27022,The Sorcerer's Apprentice,150000000,215283742,109.0,2010.0,"[{""id"": 14, ""name"": ""Fantasy""}, {""id"": 12, ""name"": ""Adventure""}, {""id"": 28, ""name"": ""Action""}, {""id"": 35, ""name"": ""Comedy""}, {""id"": 18, ""name"": ""Drama""}]",en,35.580815,5.8,1470,Released,Fantasy,1,1,1.4352249466666667
503,Poseidon,160000000,181674817,99.0,2006.0,"[{""id"": 12, ""name"": ""Adventure""}, {""id"": 28, ""name"": ""Action""}, {""id"": 18, ""name"": ""Drama""}, {""id"": 53, ""name"": ""Thriller""}]",en,21.133748,5.5,583,Released,Adventure,1,1,1.13546760625
241259,Alice Through the Looking Glass,170000000,299370084,113.0,2016.0,"[{""id"": 14, ""name"": ""Fantasy""}]",en,56.268916,6.5,1725,Released,Fantasy,1,1,1.7610004941176471
810,Shrek the Third,160000000,798958165,93.0,2007.0,"[{""id"": 14, ""name"": ""Fantasy""}, {""id"": 12, ""name"": ""Adventure""}, {""id"": 16, ""name"": ""Animation""}, {""id"": 35, ""name"": ""Comedy""}, {""id"": 10751, ""name"": ""Family""}]",en,42.986467,6.0,2278,Released,Fantasy,1,1,4.99348853125
68735,Warcraft,160000000,433677183,123.0,2016.0,"[{""id"": 28, ""name"": ""Action""}, {""id"": 12, ""name"": ""Adventure""}, {""id"": 14, ""name"": ""Fantasy""}]",en,63.148529,6.3,2268,Released,Action,1,1,2.71048239375
87101,Terminator Genisys,155000000,440603537,126.0,2015.0,"[{""id"": 878, ""name"": ""Science Fiction""}, {""id"": 28, ""name"": ""Action""}, {""id"": 53, ""name"": ""Thriller""}, {""id"": 12, ""name"": ""Adventure""}]",en,202.042635,5.8,3631,Released,Science Fiction,1,1,2.842603464516129
10140,The Chronicles of Narnia: The Voyage of the Dawn Treader,155000000,415686217,113.0,2010.0,"[{""id"": 12, ""name"": ""Adventure""}, {""id"": 10751, ""name"": ""Family""}, {""id"": 14, ""name"": ""Fantasy""}]",en,49.661984,6.2,1514,Released,Adventure,1,1,2.6818465612903224
676,Pearl Harbor,140000000,449220945,183.0,2001.0,"[{""id"": 36, ""name"": ""History""}, {""id"": 10749, ""name"": ""Romance""}, {""id"": 10752, ""name"": ""War""}]",en,34.20669,6.6,1791,Released,History,1,1,3.208721035714286
1858,Transformers,150000000,709709780,144.0,2007.0,"[{""id"": 12, ""name"": ""Adventure""}, {""id"": 878, ""name"": ""Science Fiction""}, {""id"": 28, ""name"": ""Action""}]",en,25.468493,6.6,4040,Released,Adventure,1,1,4.7313985333333335
1966,Alexander,155000000,167298192,175.0,2004.0,"[{""id"": 10752, ""name"": ""War""}, {""id"": 36, ""name"": ""History""}, {""id"": 28, ""name"": ""Action""}, {""id"": 12, ""name"": ""Adventure""}, {""id"": 18, ""name"": ""Drama""}, {""id"": 10749, ""name"": ""Romance""}]",en,39.019229,5.6,927,Released,War,1,1,1.0793431741935484
675,Harry Potter and the Order of the Phoenix,150000000,938212738,138.0,2007.0,"[{""id"": 12, ""name"": ""Adventure""}, {""id"": 14, ""name"": ""Fantasy""}, {""id"": 10751, ""name"": ""Family""}, {""id"": 9648, ""name"": ""Mystery""}]",en,78.144395,7.4,5494,Released,Adventure,1,1,6.254751586666667
674,Harry Potter and the Goblet of Fire,150000000,895921036,157.0,2005.0,"[{""id"": 12, ""name"": ""Adventure""}, {""id"": 14, ""name"": ""Fantasy""}, {""id"": 10751, ""name"": ""Family""}]",en,101.250416,7.5,5608,Released,Adventure,1,1,5.9728069066666665
8960,Hancock,150000000,624029371,92.0,2008.0,"[{""id"": 14, ""name"": ""Fantasy""}, {""id"": 28, ""name"": ""Action""}]",en,56.758411,6.2,2961,Released,Fantasy,1,1,4.160195806666667
6479,I Am Legend,150000000,585349010,101.0,2007.0,"[{""id"": 18, ""name"": ""Drama""}, {""id"": 27, ""name"": ""Horror""}, {""id"": 28, ""name"": ""Action""}, {""id"": 53, ""name"": ""Thriller""}, {""id"": 878, ""name"": ""Science Fiction""}]",en,70.867401,6.9,4853,Released,Drama,1,1,3.902326733333333
118,Charlie and the Chocolate Factory,150000000,474968763,115.0,2005.0,"[{""id"": 12, ""name"": ""Adventure""}, {""id"": 35, ""name"": ""Comedy""}, {""id"": 10751, ""name"": ""Family""}, {""id"": 14, ""name"": ""Fantasy""}]",en,53.905592,6.7,3624,Released,Adventure,1,1,3.16645842
2062,Ratatouille,150000000,623722818,111.0,2007.0,"[{""id"": 16, ""name"": ""Animation""}, {""id"": 35, ""name"": ""Comedy""}, {""id"": 10751, ""name"": ""Family""}, {""id"": 14, ""name"": ""Fantasy""}]",en,65.677399,7.5,4369,Released,Animation,1,1,4.15815212
272,Batman Begins,150000000,374218673,140.0,2005.0,"[{""id"": 28, ""name"": ""Action""}, {""id"": 80, ""name"": ""Crime""}, {""id"": 18, ""name"": ""Drama""}]",en,115.040024,7.5,7359,Released,Action,1,1,2.4947911533333333
10527,Madagascar: Escape 2 Africa,150000000,603900354,89.0,2008.0,"[{""id"": 10751, ""name"": ""Family""}, {""id"": 16, ""name"": ""Animation""}]",en,44.141021,6.2,1810,Released,Family,1,1,4.02600236
18360,Night at the Museum: Battle of the Smithsonian,150000000,413106170,105.0,2009.0,"[{""id"": 12, ""name"": ""Adventure""}, {""id"": 14, ""name"": ""Fantasy""}, {""id"": 28, ""name"": ""Action""}, {""id"": 35, ""name"": ""Comedy""}, {""id"": 10751, ""name"": ""Family""}]",en,81.781591,5.9,1971,Released,Adventure,1,1,2.7540411333333332
2080,X-Men Origins: Wolverine,150000000,373062864,107.0,2009.0,"[{""id"": 12, ""name"": ""Adventure""}, {""id"": 28, ""name"": ""Action""}, {""id"": 53, ""name"": ""Thriller""}, {""id"": 878, ""name"": ""Science Fiction""}]",en,5.954334,6.2,4021,Released,Adventure,1,1,2.48708576
605,The Matrix Revolutions,150000000,424988211,129.0,2003.0,"[{""id"": 12, ""name"": ""Adventure""}, {""id"": 28, ""name"": ""Action""}, {""id"": 53, ""name"": ""Thriller""}, {""id"": 878, ""name"": ""Science Fiction""}]",en,73.313918,6.4,3096,Released,Adventure,1,1,2.83325474
109445,Frozen,150000000,1274219009,102.0,2013.0,"[{""id"": 16, ""name"": ""Animation""}, {""id"": 12, ""name"": ""Adventure""}, {""id"": 10751, ""name"": ""Family""}]",en,165.125366,7.3,5295,Released,Animation,1,1,8.494793393333333
604,The Matrix Reloaded,150000000,738599701,138.0,2003.0,"[{""id"": 12, ""name"": ""Adventure""}, {""id"": 28, ""name"": ""Action""}, {""id"": 53, ""name"": ""Thriller""}, {""id"": 878, ""name"": ""Science Fiction""}]",en,70.78591,6.7,3443,Released,Adventure,1,1,4.923998006666666
76338,Thor: The Dark World,170000000,644571402,112.0,2013.0,"[{""id"": 28, ""name"": ""Action""}, {""id"": 12, ""name"": ""Adventure""}, {""id"": 14, ""name"": ""Fantasy""}]",en,99.499595,6.8,4755,Released,Action,1,1,3.7915964823529413
76341,Mad Max: Fury Road,150000000,378858340,120.0,2015.0,"[{""id"": 28, ""name"": ""Action""}, {""id"": 12, ""name"": ""Adventure""}, {""id"": 878, ""name"": ""Science Fiction""}, {""id"": 53, ""name"": ""Thriller""}]",en,434.278564,7.2,9427,Released,Action,1,1,2.5257222666666665
13448,Angels & Demons,150000000,356613439,138.0,2009.0,"[{""id"": 53, ""name"": ""Thriller""}, {""id"": 9648, ""name"": ""Mystery""}]",en,67.447636,6.5,2129,Released,Thriller,1,1,2.3774229266666667
10195,Thor,150000000,449326618,115.0,2011.0,"[{""id"": 12, ""name"": ""Adventure""}, {""id"": 14, ""name"": ""Fantasy""}, {""id"": 28, ""name"": ""Action""}]",en,86.493424,6.6,6525,Released,Adventure,1,1,2.995510786666667
13053,Bolt,150000000,309979994,98.0,2008.0,"[{""id"": 16, ""name"": ""Animation""}, {""id"": 10751, ""name"": ""Family""}, {""id"": 12, ""name"": ""Adventure""}, {""id"": 35, ""name"": ""Comedy""}]",en,41.845878,6.3,1750,Released,Animation,1,1,2.0665332933333334
19585,G-Force,150000000,292817841,88.0,2009.0,"[{""id"": 14, ""name"": ""Fantasy""}, {""id"": 28, ""name"": ""Action""}, {""id"": 12, ""name"": ""Adventure""}, {""id"": 10751, ""name"": ""Family""}, {""id"": 35, ""name"": ""Comedy""}]",en,26.710398,5.1,510,Released,Fantasy,1,1,1.95211894
57165,Wrath of the Titans,150000000,301000000,99.0,2012.0,"[{""id"": 12, ""name"": ""Adventure""}]",en,44.927635,5.5,1431,Released,Adventure,1,1,2.006666666666667
62213,Dark Shadows,150000000,245527149,113.0,2012.0,"[{""id"": 35, ""name"": ""Comedy""}, {""id"": 14, ""name"": ""Fantasy""}]",en,50.306728,5.7,2320,Released,Comedy,1,1,1.63684766
177677,Mission: Impossible - Rogue Nation,150000000,682330139,131.0,2015.0,"[{""id"": 28, ""name"": ""Action""}, {""id"": 12, ""name"": ""Adventure""}, {""id"": 53, ""name"": ""Thriller""}]",en,114.522237,7.1,3224,Released,Action,1,1,4.548867593333333
5559,Bee Movie,150000000,287594577,91.0,2007.0,"[{""id"": 10751, ""name"": ""Family""}, {""id"": 16, ""name"": ""Animation""}, {""id"": 12, ""name"": ""Adventure""}, {""id"": 35, ""name"": ""Comedy""}]",en,29.332905,5.7,1171,Released,Family,1,1,1.91729718
49444,Kung Fu Panda 2,150000000,665692281,91.0,2011.0,"[{""id"": 16, ""name"": ""Animation""}, {""id"": 10751, ""name"": ""Family""}]",en,51.247321,6.7,1880,Released,Animation,1,1,4.43794854
10196,The Last Airbender,150000000,318502923,103.0,2010.0,"[{""id"": 28, ""name"": ""Action""}, {""id"": 12, ""name"": ""Adventure""}, {""id"": 10751, ""name"": ""Family""}, {""id"": 14, ""name"": ""Fantasy""}]",en,33.769336,4.7,1151,Released,Action,1,1,2.12335282
956,Mission: Impossible III,150000000,397850012,126.0,2006.0,"[{""id"": 12, ""name"": ""Adventure""}, {""id"": 28, ""name"": ""Action""}, {""id"": 53, ""name"": ""Thriller""}]",en,63.079003,6.5,2028,Released,Adventure,1,1,2.6523334133333334
117251,White House Down,150000000,205366737,131.0,2013.0,"[{""id"": 28, ""name"": ""Action""}, {""id"": 18, ""name"": ""Drama""}, {""id"": 53, ""name"": ""Thriller""}]",en,39.004588,6.4,1891,Released,Action,1,1,1.36911158
50321,Mars Needs Moms,150000000,38992758,88.0,2011.0,"[{""id"": 12, ""name"": ""Adventure""}, {""id"": 16, ""name"": ""Animation""}, {""id"": 10751, ""name"": ""Family""}]",en,12.362599,5.5,199,Released,Adventure,1,1,0.25995172
11619,Flushed Away,149000000,64459316,85.0,2006.0,"[{""id"": 12, ""name"": ""Adventure""}, {""id"": 16, ""name"": ""Animation""}, {""id"": 35, ""name"": ""Comedy""}, {""id"": 10751, ""name"": ""Family""}]",en,22.550135,6.0,874,Released,Adventure,1,1,0.4326128590604027
266647,Pan,150000000,128388320,111.0,2015.0,"[{""id"": 12, ""name"": ""Adventure""}, {""id"": 10751, ""name"": ""Family""}, {""id"": 14, ""name"": ""Fantasy""}]",en,48.03528,5.9,954,Released,Adventure,1,1,0.8559221333333333
82703,Mr. Peabody & Sherman,145000000,272912430,92.0,2014.0,"[{""id"": 16, ""name"": ""Animation""}, {""id"": 12, ""name"": ""Adventure""}, {""id"": 10751, ""name"": ""Family""}]",en,38.73494,6.7,843,Released,Animation,1,1,1.8821546896551724
652,Troy,175000000,497409852,163.0,2004.0,"[{""id"": 12, ""name"": ""Adventure""}, {""id"": 18, ""name"": ""Drama""}, {""id"": 10752, ""name"": ""War""}]",en,66.803149,6.9,2759,Released,Adventure,1,1,2.8423420114285713
80321,Madagascar 3: Europe's Most Wanted,145000000,746921274,93.0,2012.0,"[{""id"": 16, ""name"": ""Animation""}, {""id"": 10751, ""name"": ""Family""}]",en,44.989192,6.4,1808,Released,Animation,1,1,5.1511812
36669,Die Another Day,140000000,431971116,133.0,2002.0,"[{""id"": 12, ""name"": ""Adventure""}, {""id"": 28, ""name"": ""Action""}, {""id"": 53, ""name"": ""Thriller""}]",en,54.159392,5.8,1092,Released,Adventure,1,1,3.0855079714285716
43074,Ghostbusters,144000000,229147509,116.0,2016.0,"[{""id"": 28, ""name"": ""Action""}, {""id"": 14, ""name"": ""Fantasy""}, {""id"": 35, ""name"": ""Comedy""}]",en,66.21806,5.3,2142,Released,Action,1,1,1.5913021458333334
95,Armageddon,140000000,553799566,151.0,1998.0,"[{""id"": 28, ""name"": ""Action""}, {""id"": 53, ""name"": ""Thriller""}, {""id"": 878, ""name"": ""Science Fiction""}, {""id"": 12, ""name"": ""Adventure""}]",en,58.485967,6.4,2482,Released,Action,1,1,3.9557111857142857
608,Men in Black II,140000000,441818803,88.0,2002.0,"[{""id"": 28, ""name"": ""Action""}, {""id"": 12, ""name"": ""Adventure""}, {""id"": 35, ""name"": ""Comedy""}, {""id"": 878, ""name"": ""Science Fiction""}]",en,91.332849,6.0,3114,Released,Action,1,1,3.1558485928571427
2310,Beowulf,70000000,195735876,115.0,2007.0,"[{""id"": 12, ""name"": ""Adventure""}, {""id"": 28, ""name"": ""Action""}, {""id"": 16, ""name"": ""Animation""}]",en,35.601665,5.5,841,Released,Adventure,1,1,2.7962268
140300,Kung Fu Panda 3,145000000,521170825,95.0,2016.0,"[{""id"": 28, ""name"": ""Action""}, {""id"": 12, ""name"": ""Adventure""}, {""id"": 16, ""name"": ""Animation""}, {""id"": 35, ""name"": ""Comedy""}, {""id"": 10751, ""name"": ""Family""}]",en,56.747978,6.7,1603,Released,Action,1,1,3.594281551724138
56292,Mission: Impossible - Ghost Protocol,145000000,694713380,133.0,2011.0,"[{""id"": 28, ""name"": ""Action""}, {""id"": 53, ""name"": ""Thriller""}, {""id"": 12, ""name"": ""Adventure""}]",en,77.77477,6.8,3972,Released,Action,1,1,4.79112675862069
81188,Rise of the Guardians,145000000,306941670,97.0,2012.0,"[{""id"": 14, ""name"": ""Fantasy""}, {""id"": 16, ""name"": ""Animation""}, {""id"": 10751, ""name"": ""Family""}]",en,61.788035,7.1,1922,Released,Fantasy,1,1,2.116839103448276
7552,Fun with Dick and Jane,100000000,202026112,90.0,2005.0,"[{""id"": 35, ""name"": ""Comedy""}]",en,25.159168,5.9,627,Released,Comedy,1,1,2.02026112
616,The Last Samurai,140000000,456758981,154.0,2003.0,"[{""id"": 18, ""name"": ""Drama""}, {""id"": 28, ""name"": ""Action""}, {""id"": 10752, ""name"": ""War""}, {""id"": 36, ""name"": ""History""}]",en,52.341226,7.3,1895,Released,Drama,1,1,3.26256415
147441,Exodus: Gods and Kings,140000000,268031828,150.0,2014.0,"[{""id"": 12, ""name"": ""Adventure""}, {""id"": 18, ""name"": ""Drama""}, {""id"": 28, ""name"": ""Action""}]",en,101.599427,5.6,1921,Released,Adventure,1,1,1.9145130571428572
13475,Star Trek,150000000,385680446,127.0,2009.0,"[{""id"": 878, ""name"": ""Science Fiction""}, {""id"": 28, ""name"": ""Action""}, {""id"": 12, ""name"": ""Adventure""}]",en,73.616808,7.4,4518,Released,Science Fiction,1,1,2.5712029733333335
557,Spider-Man,139000000,821708551,121.0,2002.0,"[{""id"": 14, ""name"": ""Fantasy""}, {""id"": 28, ""name"": ""Action""}]",en,82.502566,6.8,5265,Released,Fantasy,1,1,5.911572309352518
82702,How to Train Your Dragon 2,145000000,609123048,102.0,2014.0,"[{""id"": 14, ""name"": ""Fantasy""}, {""id"": 28, ""name"": ""Action""}, {""id"": 12, ""name"": ""Adventure""}, {""id"": 16, ""name"": ""Animation""}, {""id"": 35, ""name"": ""Comedy""}, {""id"": 10751, ""name"": ""Family""}]",en,100.21391,7.6,3106,Released,Fantasy,1,1,4.200848606896551
205584,Gods of Egypt,140000000,150680864,127.0,2016.0,"[{""id"": 14, ""name"": ""Fantasy""}]",en,56.257249,5.3,1277,Released,Fantasy,1,1,1.0762918857142858
10048,Stealth,135000000,76932943,121.0,2005.0,"[{""id"": 28, ""name"": ""Action""}]",en,17.88953,4.9,331,Released,Action,1,1,0.5698736518518519
13183,Watchmen,130000000,185258983,163.0,2009.0,"[{""id"": 28, ""name"": ""Action""}, {""id"": 9648, ""name"": ""Mystery""}, {""id"": 878, ""name"": ""Science Fiction""}]",en,64.798873,7.0,2811,Released,Action,1,1,1.4250691
944,Lethal Weapon 4,140000000,285444603,127.0,1998.0,"[{""id"": 28, ""name"": ""Action""}, {""id"": 12, ""name"": ""Adventure""}, {""id"": 35, ""name"": ""Comedy""}, {""id"": 80, ""name"": ""Crime""}, {""id"": 53, ""name"": ""Thriller""}]",en,24.855701,6.3,767,Released,Action,1,1,2.0388900214285712
1927,Hulk,137000000,245360480,138.0,2003.0,"[{""id"": 18, ""name"": ""Drama""}, {""id"": 28, ""name"": ""Action""}, {""id"": 878, ""name"": ""Science Fiction""}]",en,34.981698,5.3,1533,Released,Drama,1,1,1.790952408759124
72559,G.I. Joe: Retaliation,130000000,371876278,110.0,2013.0,"[{""id"": 12, ""name"": ""Adventure""}, {""id"": 28, ""name"": ""Action""}, {""id"": 878, ""name"": ""Science Fiction""}, {""id"": 53, ""name"": ""Thriller""}]",en,59.325589,5.4,3025,Released,Adventure,1,1,2.860586753846154
7364,Sahara,130000000,119269486,124.0,2005.0,"[{""id"": 28, ""name"": ""Action""}, {""id"": 12, ""name"": ""Adventure""}, {""id"": 35, ""name"": ""Comedy""}, {""id"": 18, ""name"": ""Drama""}, {""id"": 9648, ""name"": ""Mystery""}]",en,21.605568,5.7,434,Released,Action,1,1,0.9174575846153846
2114,Final Fantasy: The Spirits Within,137000000,85131830,106.0,2001.0,"[{""id"": 12, ""name"": ""Adventure""}, {""id"": 28, ""name"": ""Action""}, {""id"": 16, ""name"": ""Animation""}, {""id"": 14, ""name"": ""Fantasy""}, {""id"": 878, ""name"": ""Science Fiction""}, {""id"": 53, ""name"": ""Thriller""}]",en,26.074908,5.9,433,Released,Adventure,1,1,0.6214002189781022
1771,Captain America: The First Avenger,140000000,370569774,124.0,2011.0,"[{""id"": 28, ""name"": ""Action""}, {""id"": 12, ""name"": ""Adventure""}, {""id"": 878, ""name"": ""Science Fiction""}]",en,74.506246,6.6,7047,Released,Action,1,1,2.646926957142857
36643,The World Is Not Enough,135000000,361832400,128.0,1999.0,"[{""id"": 12, ""name"": ""Adventure""}, {""id"": 28, ""name"": ""Action""}, {""id"": 53, ""name"": ""Thriller""}]",en,39.604363,6.0,862,Released,Adventure,1,1,2.68024
8619,Master and Commander: The Far Side of the World,150000000,212011111,138.0,2003.0,"[{""id"": 12, ""name"": ""Adventure""}]",en,36.973031,6.9,790,Released,Adventure,1,1,1.4134074066666666
50620,The Twilight Saga: Breaking Dawn - Part 2,120000000,829000000,115.0,2012.0,"[{""id"": 12, ""name"": ""Adventure""}, {""id"": 14, ""name"": ""Fantasy""}, {""id"": 18, ""name"": ""Drama""}, {""id"": 10749, ""name"": ""Romance""}]",en,99.687084,6.1,2553,Released,Adventure,1,1,6.908333333333333
65759,Happy Feet Two,130000000,150406466,100.0,2011.0,"[{""id"": 16, ""name"": ""Animation""}, {""id"": 35, ""name"": ""Comedy""}, {""id"": 10751, ""name"": ""Family""}]",en,17.7735,5.8,373,Released,Animation,1,1,1.1569728153846155
1724,The Incredible Hulk,150000000,163712074,114.0,2008.0,"[{""id"": 878, ""name"": ""Science Fiction""}, {""id"": 28, ""name"": ""Action""}, {""id"": 12, ""name"": ""Adventure""}]",en,62.898336,6.1,3021,Released,Science Fiction,1,1,1.0914138266666666
267935,The BFG,140000000,183345589,120.0,2016.0,"[{""id"": 12, ""name"": ""Adventure""}, {""id"": 10751, ""name"": ""Family""}, {""id"": 14, ""name"": ""Fantasy""}]",en,44.19092,6.0,1000,Released,Adventure,1,1,1.30961135
281957,The Revenant,135000000,532950503,156.0,2015.0,"[{""id"": 37, ""name"": ""Western""}, {""id"": 18, ""name"": ""Drama""}, {""id"": 12, ""name"": ""Adventure""}, {""id"": 53, ""name"": ""Thriller""}]",en,100.635882,7.3,6396,Released,Western,1,1,3.9477815037037036
77950,Turbo,135000000,282570682,96.0,2013.0,"[{""id"": 16, ""name"": ""Animation""}, {""id"": 10751, ""name"": ""Family""}]",en,44.765377,6.1,1074,Released,Animation,1,1,2.093116162962963
44896,Rango,135000000,245724603,107.0,2011.0,"[{""id"": 16, ""name"": ""Animation""}, {""id"": 35, ""name"": ""Comedy""}, {""id"": 10751, ""name"": ""Family""}, {""id"": 37, ""name"": ""Western""}, {""id"": 12, ""name"": ""Adventure""}]",en,29.91353,6.6,2051,Released,Animation,1,1,1.8201822444444444
270946,Penguins of Madagascar,132000000,373552094,92.0,2014.0,"[{""id"": 10751, ""name"": ""Family""}, {""id"": 16, ""name"": ""Animation""}, {""id"": 12, ""name"": ""Adventure""}, {""id"": 35, ""name"": ""Comedy""}]",en,84.366984,6.5,1346,Released,Family,1,1,2.829940106060606
2503,The Bourne Ultimatum,70000000,442824138,115.0,2007.0,"[{""id"": 28, ""name"": ""Action""}, {""id"": 18, ""name"": ""Drama""}, {""id"": 9648, ""name"": ""Mystery""}, {""id"": 53, ""name"": ""Thriller""}]",en,45.381501,7.3,2888,Released,Action,1,1,6.326059114285714
9502,Kung Fu Panda,130000000,631744560,90.0,2008.0,"[{""id"": 12, ""name"": ""Adventure""}, {""id"": 16, ""name"": ""Animation""}, {""id"": 10751, ""name"": ""Family""}, {""id"": 35, ""name"": ""Comedy""}]",en,84.689648,6.9,3145,Released,Adventure,1,1,4.859573538461539
102899,Ant-Man,130000000,519311965,117.0,2015.0,"[{""id"": 878, ""name"": ""Science Fiction""}, {""id"": 28, ""name"": ""Action""}, {""id"": 12, ""name"": ""Adventure""}]",en,120.09361,7.0,5880,Released,Science Fiction,1,1,3.9947074230769233
101299,The Hunger Games: Catching Fire,130000000,847423452,146.0,2013.0,"[{""id"": 12, ""name"": ""Adventure""}, {""id"": 28, ""name"": ""Action""}, {""id"": 878, ""name"": ""Science Fiction""}]",en,76.310119,7.4,6495,Released,Adventure,1,1,6.518641938461538
228161,Home,135000000,368871007,94.0,2015.0,"[{""id"": 14, ""name"": ""Fantasy""}, {""id"": 35, ""name"": ""Comedy""}, {""id"": 16, ""name"": ""Animation""}, {""id"": 878, ""name"": ""Science Fiction""}, {""id"": 10751, ""name"": ""Family""}]",en,63.473086,6.8,1519,Released,Fantasy,1,1,2.7323778296296295
74,War of the Worlds,132000000,591739379,116.0,2005.0,"[{""id"": 12, ""name"": ""Adventure""}, {""id"": 53, ""name"": ""Thriller""}, {""id"": 878, ""name"": ""Science Fiction""}]",en,48.572726,6.2,2322,Released,Adventure,1,1,4.482874083333333
8961,Bad Boys II,130000000,273339556,147.0,2003.0,"[{""id"": 12, ""name"": ""Adventure""}, {""id"": 28, ""name"": ""Action""}, {""id"": 35, ""name"": ""Comedy""}, {""id"": 53, ""name"": ""Thriller""}, {""id"": 80, ""name"": ""Crime""}]",en,38.068736,6.3,1564,Released,Adventure,1,1,2.1026119692307694
417859,Puss in Boots,130000000,554987477,90.0,2011.0,"[{""id"": 28, ""name"": ""Action""}, {""id"": 12, ""name"": ""Adventure""}, {""id"": 16, ""name"": ""Animation""}, {""id"": 10751, ""name"": ""Family""}, {""id"": 14, ""name"": ""Fantasy""}]",en,20.678787,6.4,451,Released,Action,1,1,4.269134438461538
27576,Salt,110000000,293329073,100.0,2010.0,"[{""id"": 28, ""name"": ""Action""}, {""id"": 9648, ""name"": ""Mystery""}, {""id"": 53, ""name"": ""Thriller""}]",en,48.829437,6.2,2093,Released,Action,1,1,2.6666279363636365
86834,Noah,125000000,362637473,139.0,2014.0,"[{""id"": 18, ""name"": ""Drama""}, {""id"": 12, ""name"": ""Adventure""}]",en,46.115758,5.6,2350,Released,Drama,1,1,2.901099784
17578,The Adventures of Tintin,130000000,371940071,107.0,2011.0,"[{""id"": 12, ""name"": ""Adventure""}, {""id"": 16, ""name"": ""Animation""}, {""id"": 9648, ""name"": ""Mystery""}]",en,89.938296,6.7,2061,Released,Adventure,1,1,2.861077469230769
673,Harry Potter and the Prisoner of Azkaban,130000000,789804554,141.0,2004.0,"[{""id"": 12, ""name"": ""Adventure""}, {""id"": 14, ""name"": ""Fantasy""}, {""id"": 10751, ""name"": ""Family""}]",en,79.679601,7.7,5877,Released,Adventure,1,1,6.075419646153846
6972,Australia,130000000,49554002,165.0,2008.0,"[{""id"": 18, ""name"": ""Drama""}]",en,28.840997,6.3,694,Released,Drama,1,1,0.38118463076923076
82700,After Earth,130000000,243843127,100.0,2013.0,"[{""id"": 878, ""name"": ""Science Fiction""}, {""id"": 28, ""name"": ""Action""}, {""id"": 12, ""name"": ""Adventure""}]",en,42.840582,5.0,2532,Released,Science Fiction,1,1,1.8757163615384616
10567,Dinosaur,127500000,354248063,82.0,2000.0,"[{""id"": 16, ""name"": ""Animation""}, {""id"": 10751, ""name"": ""Family""}]",en,26.548594,6.2,542,Released,Animation,1,1,2.7784161803921568
181533,Night at the Museum: Secret of the Tomb,127000000,349424282,97.0,2014.0,"[{""id"": 12, ""name"": ""Adventure""}, {""id"": 35, ""name"": ""Comedy""}, {""id"": 14, ""name"": ""Fantasy""}, {""id"": 10751, ""name"": ""Family""}]",en,115.597753,6.1,1851,Released,Adventure,1,1,2.7513722992125986
38055,Megamind,130000000,321887208,95.0,2010.0,"[{""id"": 16, ""name"": ""Animation""}, {""id"": 28, ""name"": ""Action""}, {""id"": 35, ""name"": ""Comedy""}, {""id"": 10751, ""name"": ""Family""}, {""id"": 878, ""name"": ""Science Fiction""}]",en,68.757242,6.7,1918,Released,Animation,1,1,2.476055446153846
671,Harry Potter and the Philosopher's Stone,125000000,976475550,152.0,2001.0,"[{""id"": 12, ""name"": ""Adventure""}, {""id"": 14, ""name"": ""Fantasy""}, {""id"": 10751, ""name"": ""Family""}]",en,109.984351,7.5,7006,Released,Adventure,1,1,7.8118044
49524,R.I.P.D.,130000000,61648500,96.0,2013.0,"[{""id"": 14, ""name"": ""Fantasy""}, {""id"": 28, ""name"": ""Action""}, {""id"": 35, ""name"": ""Comedy""}, {""id"": 80, ""name"": ""Crime""}]",en,39.448066,5.4,1260,Released,Fantasy,1,1,0.4742192307692308
22,Pirates of the Caribbean: The Curse of the Black Pearl,140000000,655011224,143.0,2003.0,"[{""id"": 12, ""name"": ""Adventure""}, {""id"": 14, ""name"": ""Fantasy""}, {""id"": 28, ""name"": ""Action""}]",en,271.972889,7.5,6985,Released,Adventure,1,1,4.6786516
131631,The Hunger Games: Mockingjay - Part 1,125000000,752100229,123.0,2014.0,"[{""id"": 878, ""name"": ""Science Fiction""}, {""id"": 12, ""name"": ""Adventure""}, {""id"": 53, ""name"": ""Thriller""}]",en,206.227151,6.6,5584,Released,Science Fiction,1,1,6.016801832
591,The Da Vinci Code,125000000,767820459,149.0,2006.0,"[{""id"": 53, ""name"": ""Thriller""}, {""id"": 9648, ""name"": ""Mystery""}]",en,45.313197,6.5,2704,Released,Thriller,1,1,6.142563672
172385,Rio 2,103000000,500188435,102.0,2014.0,"[{""id"": 16, ""name"": ""Animation""}, {""id"": 12, ""name"": ""Adventure""}, {""id"": 35, ""name"": ""Comedy""}, {""id"": 10751, ""name"": ""Family""}]",en,42.40024,6.3,978,Released,Animation,1,1,4.856198398058252
36658,X2,110000000,407711549,133.0,2003.0,"[{""id"": 12, ""name"": ""Adventure""}, {""id"": 28, ""name"": ""Action""}, {""id"": 878, ""name"": ""Science Fiction""}, {""id"": 53, ""name"": ""Thriller""}]",en,2.871739,6.8,3506,Released,Adventure,1,1,3.706468627272727
51497,Fast Five,125000000,626137675,130.0,2011.0,"[{""id"": 28, ""name"": ""Action""}, {""id"": 53, ""name"": ""Thriller""}, {""id"": 80, ""name"": ""Crime""}]",en,7.255718,7.1,2438,Released,Action,1,1,5.0091014
58574,Sherlock Holmes: A Game of Shadows,125000000,334615000,129.0,2011.0,"[{""id"": 12, ""name"": ""Adventure""}, {""id"": 28, ""name"": ""Action""}, {""id"": 80, ""name"": ""Crime""}, {""id"": 9648, ""name"": ""Mystery""}]",en,81.499621,7.0,3886,Released,Adventure,1,1,2.67692
18823,Clash of the Titans,125000000,232713139,106.0,2010.0,"[{""id"": 12, ""name"": ""Adventure""}, {""id"": 14, ""name"": ""Fantasy""}, {""id"": 28, ""name"": ""Action""}]",en,47.686442,5.6,2233,Released,Adventure,1,1,1.861705112
861,Total Recall,65000000,261317921,113.0,1990.0,"[{""id"": 28, ""name"": ""Action""}, {""id"": 12, ""name"": ""Adventure""}, {""id"": 878, ""name"": ""Science Fiction""}]",en,43.129703,7.1,1710,Released,Action,1,1,4.020275707692308
1911,The 13th Warrior,160000000,61698899,102.0,1999.0,"[{""id"": 12, ""name"": ""Adventure""}, {""id"": 14, ""name"": ""Fantasy""}, {""id"": 28, ""name"": ""Action""}]",en,27.220157,6.4,510,Released,Adventure,1,1,0.38561811875
49040,The Bourne Legacy,130000000,276572938,120.0,2012.0,"[{""id"": 28, ""name"": ""Action""}, {""id"": 53, ""name"": ""Thriller""}]",en,90.33681,6.0,2651,Released,Action,1,1,2.1274841384615386
415,Batman & Robin,125000000,238207122,125.0,1997.0,"[{""id"": 28, ""name"": ""Action""}, {""id"": 80, ""name"": ""Crime""}, {""id"": 14, ""name"": ""Fantasy""}]",en,50.073575,4.2,1418,Released,Action,1,1,1.905656976
8871,How the Grinch Stole Christmas,123000000,345141403,104.0,2000.0,"[{""id"": 10751, ""name"": ""Family""}, {""id"": 35, ""name"": ""Comedy""}, {""id"": 14, ""name"": ""Fantasy""}]",en,45.419668,6.2,1386,Released,Family,1,1,2.8060276666666666
435,The Day After Tomorrow,125000000,544272402,124.0,2004.0,"[{""id"": 28, ""name"": ""Action""}, {""id"": 12, ""name"": ""Adventure""}, {""id"": 878, ""name"": ""Science Fiction""}, {""id"": 53, ""name"": ""Thriller""}]",en,41.380094,6.2,2392,Released,Action,1,1,4.354179216
955,Mission: Impossible II,125000000,546388105,123.0,2000.0,"[{""id"": 12, ""name"": ""Adventure""}, {""id"": 28, ""name"": ""Action""}, {""id"": 53, ""name"": ""Thriller""}]",en,54.931334,5.9,1928,Released,Adventure,1,1,4.37110484
2133,The Perfect Storm,120000000,325756637,130.0,2000.0,"[{""id"": 18, ""name"": ""Drama""}]",en,25.752118,6.2,597,Released,Drama,1,1,2.714638641666667
1979,Fantastic 4: Rise of the Silver Surfer,130000000,289047763,92.0,2007.0,"[{""id"": 12, ""name"": ""Adventure""}, {""id"": 14, ""name"": ""Fantasy""}, {""id"": 28, ""name"": ""Action""}, {""id"": 53, ""name"": ""Thriller""}]",en,60.810723,5.4,2589,Released,Adventure,1,1,2.223444330769231
87827,Life of Pi,120000000,609016565,127.0,2012.0,"[{""id"": 12, ""name"": ""Adventure""}, {""id"": 18, ""name"": ""Drama""}, {""id"": 28, ""name"": ""Action""}]",en,51.328145,7.2,5797,Released,Adventure,1,1,5.0751380416666665
1250,Ghost Rider,110000000,228738393,114.0,2007.0,"[{""id"": 53, ""name"": ""Thriller""}, {""id"": 28, ""name"": ""Action""}, {""id"": 14, ""name"": ""Fantasy""}, {""id"": 27, ""name"": ""Horror""}]",en,46.834704,5.2,1712,Released,Thriller,1,1,2.079439936363636
324668,Jason Bourne,120000000,415484914,123.0,2016.0,"[{""id"": 28, ""name"": ""Action""}, {""id"": 53, ""name"": ""Thriller""}]",en,62.641286,5.9,2341,Released,Action,1,1,3.4623742833333333
9471,Charlie's Angels: Full Throttle,120000000,259175788,106.0,2003.0,"[{""id"": 28, ""name"": ""Action""}, {""id"": 12, ""name"": ""Adventure""}, {""id"": 35, ""name"": ""Comedy""}]",en,33.616115,5.2,914,Released,Action,1,1,2.1597982333333334
70981,Prometheus,130000000,403170142,124.0,2012.0,"[{""id"": 878, ""name"": ""Science Fiction""}, {""id"": 12, ""name"": ""Adventure""}, {""id"": 9648, ""name"": ""Mystery""}]",en,68.889395,6.3,5080,Released,Science Fiction,1,1,3.1013087846153846
10996,Stuart Little 2,120000000,169956806,78.0,2002.0,"[{""id"": 10751, ""name"": ""Family""}, {""id"": 12, ""name"": ""Adventure""}, {""id"": 16, ""name"": ""Animation""}, {""id"": 35, ""name"": ""Comedy""}]",en,27.990284,5.4,613,Released,Family,1,1,1.4163067166666667
68724,Elysium,115000000,286140700,109.0,2013.0,"[{""id"": 878, ""name"": ""Science Fiction""}, {""id"": 28, ""name"": ""Action""}, {""id"": 18, ""name"": ""Drama""}, {""id"": 53, ""name"": ""Thriller""}]",en,67.33767,6.4,3439,Released,Science Fiction,1,1,2.48818
2789,The Chronicles of Riddick,105000000,115772733,119.0,2004.0,"[{""id"": 28, ""name"": ""Action""}, {""id"": 878, ""name"": ""Science Fiction""}]",en,27.835436,6.3,1570,Released,Action,1,1,1.1025974571428572
97020,RoboCop,120000000,242688965,102.0,2014.0,"[{""id"": 28, ""name"": ""Action""}, {""id"": 878, ""name"": ""Science Fiction""}]",en,66.757869,5.7,2342,Released,Action,1,1,2.0224080416666665
7459,Speed Racer,120000000,93945766,135.0,2008.0,"[{""id"": 28, ""name"": ""Action""}, {""id"": 10751, ""name"": ""Family""}, {""id"": 878, ""name"": ""Science Fiction""}]",en,17.060695,5.7,354,Released,Action,1,1,0.7828813833333333
42888,How Do You Know,120000000,48668907,121.0,2010.0,"[{""id"": 35, ""name"": ""Comedy""}, {""id"": 18, ""name"": ""Drama""}, {""id"": 10749, ""name"": ""Romance""}]",en,11.137655,4.9,223,Released,Comedy,1,1,0.405574225
37834,Knight and Day,117000000,261930431,109.0,2010.0,"[{""id"": 28, ""name"": ""Action""}, {""id"": 35, ""name"": ""Comedy""}]",en,44.906918,5.9,1547,Released,Action,1,1,2.2387216324786325
75612,Oblivion,120000000,286168572,124.0,2013.0,"[{""id"": 28, ""name"": ""Action""}, {""id"": 878, ""name"": ""Science Fiction""}, {""id"": 12, ""name"": ""Adventure""}, {""id"": 9648, ""name"": ""Mystery""}]",en,67.698004,6.4,4800,Released,Action,1,1,2.3847381
1895,Star Wars: Episode III - Revenge of the Sith,113000000,850000000,140.0,2005.0,"[{""id"": 878, ""name"": ""Science Fiction""}, {""id"": 12, ""name"": ""Adventure""}, {""id"": 28, ""name"": ""Action""}]",en,44.108427,7.1,4116,Released,Science Fiction,1,1,7.522123893805309
1894,Star Wars: Episode II - Attack of the Clones,120000000,649398328,142.0,2002.0,"[{""id"": 12, ""name"": ""Adventure""}, {""id"": 28, ""name"": ""Action""}, {""id"": 878, ""name"": ""Science Fiction""}]",en,43.987061,6.4,3992,Released,Adventure,1,1,5.411652733333334
585,"Monsters, Inc.",115000000,562816256,92.0,2001.0,"[{""id"": 16, ""name"": ""Animation""}, {""id"": 35, ""name"": ""Comedy""}, {""id"": 10751, ""name"": ""Family""}]",en,106.815545,7.5,5996,Released,Animation,1,1,4.8940544
76170,The Wolverine,120000000,415440673,126.0,2013.0,"[{""id"": 28, ""name"": ""Action""}, {""id"": 878, ""name"": ""Science Fiction""}, {""id"": 12, ""name"": ""Adventure""}, {""id"": 14, ""name"": ""Fantasy""}]",en,15.953444,6.3,4053,Released,Action,1,1,3.4620056083333335
1893,Star Wars: Episode I - The Phantom Menace,115000000,924317558,136.0,1999.0,"[{""id"": 12, ""name"": ""Adventure""}, {""id"": 28, ""name"": ""Action""}, {""id"": 878, ""name"": ""Science Fiction""}]",en,54.035265,6.3,4432,Released,Adventure,1,1,8.037543982608696
49519,The Croods,135000000,585178928,98.0,2013.0,"[{""id"": 12, ""name"": ""Adventure""}, {""id"": 16, ""name"": ""Animation""}, {""id"": 35, ""name"": ""Comedy""}, {""id"": 10751, ""name"": ""Family""}, {""id"": 14, ""name"": ""Fantasy""}]",en,64.183321,6.8,2399,Released,Adventure,1,1,4.334658725925926
2395,Asterix at the Olympic Games,97250400,132900000,116.0,2008.0,"[{""id"": 14, ""name"": ""Fantasy""}, {""id"": 12, ""name"": ""Adventure""}, {""id"": 35, ""name"": ""Comedy""}, {""id"": 10751, ""name"": ""Family""}]",fr,20.344364,5.0,471,Released,Fantasy,1,1,1.366575355988253
12100,Windtalkers,115000000,77628265,134.0,2002.0,"[{""id"": 18, ""name"": ""Drama""}, {""id"": 28, ""name"": ""Action""}, {""id"": 36, ""name"": ""History""}, {""id"": 10752, ""name"": ""War""}]",en,18.714197,5.8,341,Released,Drama,1,1,0.6750283913043478
290595,The Huntsman: Winter's War,115000000,164602163,114.0,2016.0,"[{""id"": 28, ""name"": ""Action""}, {""id"": 12, ""name"": ""Adventure""}, {""id"": 18, ""name"": ""Drama""}]",en,60.467984,6.0,1523,Released,Action,1,1,1.431323156521739
98566,Teenage Mutant Ninja Turtles,125000000,477200000,101.0,2014.0,"[{""id"": 878, ""name"": ""Science Fiction""}, {""id"": 28, ""name"": ""Action""}, {""id"": 12, ""name"": ""Adventure""}, {""id"": 14, ""name"": ""Fantasy""}, {""id"": 35, ""name"": ""Comedy""}]",en,143.350376,5.8,2636,Released,Science Fiction,1,1,3.8176
49047,Gravity,105000000,716392705,91.0,2013.0,"[{""id"": 878, ""name"": ""Science Fiction""}, {""id"": 53, ""name"": ""Thriller""}, {""id"": 18, ""name"": ""Drama""}]",en,110.153618,7.3,5751,Released,Science Fiction,1,1,6.822787666666667
9619,Dante's Peak,116000000,178127760,108.0,1997.0,"[{""id"": 28, ""name"": ""Action""}, {""id"": 12, ""name"": ""Adventure""}, {""id"": 53, ""name"": ""Thriller""}]",en,16.90444,5.7,428,Released,Action,1,1,1.5355841379310344
308531,Teenage Mutant Ninja Turtles: Out of the Shadows,135000000,245623848,112.0,2016.0,"[{""id"": 14, ""name"": ""Fantasy""}, {""id"": 28, ""name"": ""Action""}, {""id"": 12, ""name"": ""Adventure""}, {""id"": 35, ""name"": ""Comedy""}]",en,39.873791,5.8,963,Released,Fantasy,1,1,1.8194359111111111
166424,Fantastic Four,120000000,167977596,100.0,2015.0,"[{""id"": 28, ""name"": ""Action""}, {""id"": 12, ""name"": ""Adventure""}, {""id"": 878, ""name"": ""Science Fiction""}]",en,38.126095,4.4,2278,Released,Action,1,1,1.3998133
1593,Night at the Museum,110000000,574480841,108.0,2006.0,"[{""id"": 28, ""name"": ""Action""}, {""id"": 12, ""name"": ""Adventure""}, {""id"": 35, ""name"": ""Comedy""}, {""id"": 10751, ""name"": ""Family""}, {""id"": 14, ""name"": ""Fantasy""}]",en,48.780039,6.3,2862,Released,Action,1,1,5.2225531
254128,San Andreas,110000000,470490832,114.0,2015.0,"[{""id"": 28, ""name"": ""Action""}, {""id"": 18, ""name"": ""Drama""}, {""id"": 53, ""name"": ""Thriller""}]",en,100.412364,6.0,2968,Released,Action,1,1,4.277189381818181
714,Tomorrow Never Dies,110000000,333011068,119.0,1997.0,"[{""id"": 12, ""name"": ""Adventure""}, {""id"": 28, ""name"": ""Action""}, {""id"": 53, ""name"": ""Thriller""}]",en,42.887121,6.0,925,Released,Adventure,1,1,3.0273733454545453
2024,The Patriot,110000000,215294342,165.0,2000.0,"[{""id"": 18, ""name"": ""Drama""}, {""id"": 36, ""name"": ""History""}, {""id"": 10752, ""name"": ""War""}, {""id"": 28, ""name"": ""Action""}]",en,23.657284,6.8,1099,Released,Drama,1,1,1.957221290909091
163,Ocean's Twelve,110000000,362744280,125.0,2004.0,"[{""id"": 53, ""name"": ""Thriller""}, {""id"": 80, ""name"": ""Crime""}]",en,76.840712,6.4,2124,Released,Thriller,1,1,3.2976752727272727
787,Mr. & Mrs. Smith,110000000,478207520,120.0,2005.0,"[{""id"": 28, ""name"": ""Action""}, {""id"": 35, ""name"": ""Comedy""}, {""id"": 18, ""name"": ""Drama""}, {""id"": 53, ""name"": ""Thriller""}]",en,44.635452,6.5,2965,Released,Action,1,1,4.347341090909091
262500,Insurgent,110000000,295238201,119.0,2015.0,"[{""id"": 12, ""name"": ""Adventure""}, {""id"": 878, ""name"": ""Science Fiction""}, {""id"": 53, ""name"": ""Thriller""}]",en,103.718387,6.2,3829,Released,Adventure,1,1,2.6839836454545454
2567,The Aviator,116000000,102000000,170.0,2004.0,"[{""id"": 18, ""name"": ""Drama""}]",en,45.616098,7.0,1489,Released,Drama,1,1,0.8793103448275862
38745,Gulliver's Travels,112000000,237382724,85.0,2010.0,"[{""id"": 35, ""name"": ""Comedy""}]",en,22.845143,4.9,621,Released,Comedy,1,1,2.1194886071428574
40805,The Green Hornet,120000000,227817248,119.0,2011.0,"[{""id"": 28, ""name"": ""Action""}, {""id"": 80, ""name"": ""Crime""}, {""id"": 35, ""name"": ""Comedy""}]",en,31.703608,5.5,1251,Released,Action,1,1,1.8984770666666666
53182,300: Rise of an Empire,110000000,337580051,102.0,2014.0,"[{""id"": 28, ""name"": ""Action""}, {""id"": 10752, ""name"": ""War""}]",en,71.510596,6.1,2397,Released,Action,1,1,3.0689095545454546
41513,The Smurfs,110000000,563749323,103.0,2011.0,"[{""id"": 16, ""name"": ""Animation""}, {""id"": 10751, ""name"": ""Family""}, {""id"": 12, ""name"": ""Adventure""}, {""id"": 35, ""name"": ""Comedy""}, {""id"": 14, ""name"": ""Fantasy""}]",en,36.65422,5.5,1179,Released,Animation,1,1,5.124993845454545
13700,Home on the Range,110000000,103951461,76.0,2004.0,"[{""id"": 16, ""name"": ""Animation""}, {""id"": 10751, ""name"": ""Family""}]",en,19.625972,5.7,389,Released,Animation,1,1,0.9450132818181818
262504,Allegiant,110000000,179246868,121.0,2016.0,"[{""id"": 12, ""name"": ""Adventure""}, {""id"": 878, ""name"": ""Science Fiction""}]",en,86.105615,5.9,1998,Released,Adventure,1,1,1.6295169818181818
39254,Real Steel,110000000,299268508,127.0,2011.0,"[{""id"": 28, ""name"": ""Action""}, {""id"": 878, ""name"": ""Science Fiction""}, {""id"": 18, ""name"": ""Drama""}]",en,37.195046,6.6,2692,Released,Action,1,1,2.7206228
77931,The Smurfs 2,105000000,347434178,105.0,2013.0,"[{""id"": 14, ""name"": ""Fantasy""}, {""id"": 10751, ""name"": ""Family""}, {""id"": 35, ""name"": ""Comedy""}, {""id"": 16, ""name"": ""Animation""}]",en,32.473628,5.5,695,Released,Fantasy,1,1,3.308896933333333
1639,Speed 2: Cruise Control,160000000,164508066,121.0,1997.0,"[{""id"": 28, ""name"": ""Action""}, {""id"": 12, ""name"": ""Adventure""}, {""id"": 53, ""name"": ""Thriller""}]",en,23.336875,4.1,434,Released,Action,1,1,1.0281754125
80274,Ender's Game,110000000,125537191,114.0,2013.0,"[{""id"": 878, ""name"": ""Science Fiction""}, {""id"": 28, ""name"": ""Action""}, {""id"": 12, ""name"": ""Adventure""}]",en,45.94834,6.6,2303,Released,Science Fiction,1,1,1.1412471909090909
1571,Live Free or Die Hard,110000000,383531464,128.0,2007.0,"[{""id"": 28, ""name"": ""Action""}, {""id"": 53, ""name"": ""Thriller""}]",en,48.93337,6.4,2089,Released,Action,1,1,3.486649672727273
120,The Lord of the Rings: The Fellowship of the Ring,93000000,871368364,178.0,2001.0,"[{""id"": 12, ""name"": ""Adventure""}, {""id"": 14, ""name"": ""Fantasy""}, {""id"": 28, ""name"": ""Action""}]",en,138.049577,8.0,8705,Released,Adventure,1,1,9.369552301075268
10204,Around the World in 80 Days,110000000,72178895,120.0,2004.0,"[{""id"": 28, ""name"": ""Action""}, {""id"": 12, ""name"": ""Adventure""}, {""id"": 35, ""name"": ""Comedy""}]",en,22.643776,5.7,672,Released,Action,1,1,0.6561717727272727
8489,Ali,107000000,87713825,157.0,2001.0,"[{""id"": 18, ""name"": ""Drama""}]",en,18.866672,6.7,447,Released,Drama,1,1,0.8197553738317757
2048,"I, Robot",120000000,347234916,115.0,2004.0,"[{""id"": 28, ""name"": ""Action""}, {""id"": 878, ""name"": ""Science Fiction""}]",en,95.914473,6.7,3793,Released,Action,1,1,2.8936243
1495,Kingdom of Heaven,130000000,211643158,144.0,2005.0,"[{""id"": 18, ""name"": ""Drama""}, {""id"": 28, ""name"": ""Action""}, {""id"": 12, ""name"": ""Adventure""}, {""id"": 36, ""name"": ""History""}, {""id"": 10752, ""name"": ""War""}]",en,44.490453,6.6,1157,Released,Drama,1,1,1.6280242923076924
10137,Stuart Little,133000000,300135367,84.0,1999.0,"[{""id"": 16, ""name"": ""Animation""}, {""id"": 14, ""name"": ""Fantasy""}, {""id"": 10751, ""name"": ""Family""}, {""id"": 35, ""name"": ""Comedy""}]",en,30.475297,5.8,959,Released,Animation,1,1,2.256656894736842
10198,The Princess and the Frog,105000000,267045765,97.0,2009.0,"[{""id"": 10749, ""name"": ""Romance""}, {""id"": 10751, ""name"": ""Family""}, {""id"": 16, ""name"": ""Animation""}, {""id"": 10402, ""name"": ""Music""}]",en,62.479574,6.7,1247,Released,Romance,1,1,2.543293
286217,The Martian,108000000,630161890,141.0,2015.0,"[{""id"": 18, ""name"": ""Drama""}, {""id"": 12, ""name"": ""Adventure""}, {""id"": 878, ""name"": ""Science Fiction""}]",en,167.93287,7.6,7268,Released,Drama,1,1,5.834832314814815
1635,The Island,126000000,162949164,136.0,2005.0,"[{""id"": 28, ""name"": ""Action""}, {""id"": 53, ""name"": ""Thriller""}, {""id"": 878, ""name"": ""Science Fiction""}, {""id"": 12, ""name"": ""Adventure""}]",en,37.68056,6.5,1770,Released,Action,1,1,1.2932473333333334
24113,Town & Country,90000000,10372291,104.0,2001.0,"[{""id"": 35, ""name"": ""Comedy""}, {""id"": 10749, ""name"": ""Romance""}]",en,1.004579,3.7,16,Released,Comedy,1,1,0.11524767777777778
9679,Gone in Sixty Seconds,90000000,237202299,118.0,2000.0,"[{""id"": 28, ""name"": ""Action""}, {""id"": 80, ""name"": ""Crime""}, {""id"": 53, ""name"": ""Thriller""}]",en,52.995628,6.1,1485,Released,Action,1,1,2.6355811
98,Gladiator,103000000,457640427,155.0,2000.0,"[{""id"": 28, ""name"": ""Action""}, {""id"": 18, ""name"": ""Drama""}, {""id"": 12, ""name"": ""Adventure""}]",en,95.301296,7.9,5439,Released,Action,1,1,4.443110941747573
180,Minority Report,102000000,358372926,145.0,2002.0,"[{""id"": 28, ""name"": ""Action""}, {""id"": 53, ""name"": ""Thriller""}, {""id"": 878, ""name"": ""Science Fiction""}, {""id"": 9648, ""name"": ""Mystery""}]",en,65.948959,7.1,2608,Released,Action,1,1,3.5134600588235294
672,Harry Potter and the Chamber of Secrets,100000000,876688482,161.0,2002.0,"[{""id"": 12, ""name"": ""Adventure""}, {""id"": 14, ""name"": ""Fantasy""}, {""id"": 10751, ""name"": ""Family""}]",en,132.397737,7.4,5815,Released,Adventure,1,1,8.76688482
36557,Casino Royale,150000000,599045960,144.0,2006.0,"[{""id"": 12, ""name"": ""Adventure""}, {""id"": 28, ""name"": ""Action""}, {""id"": 53, ""name"": ""Thriller""}]",en,88.935165,7.3,3855,Released,Adventure,1,1,3.9936397333333336
869,Planet of the Apes,100000000,362211740,119.0,2001.0,"[{""id"": 53, ""name"": ""Thriller""}, {""id"": 878, ""name"": ""Science Fiction""}, {""id"": 28, ""name"": ""Action""}, {""id"": 12, ""name"": ""Adventure""}]",en,51.188633,5.6,1243,Released,Thriller,1,1,3.6221174
280,Terminator 2: Judgment Day,100000000,520000000,137.0,1991.0,"[{""id"": 28, ""name"": ""Action""}, {""id"": 53, ""name"": ""Thriller""}, {""id"": 878, ""name"": ""Science Fiction""}]",en,101.74155,7.7,4185,Released,Action,1,1,5.2
11322,Public Enemies,80000000,214104620,140.0,2009.0,"[{""id"": 36, ""name"": ""History""}, {""id"": 80, ""name"": ""Crime""}, {""id"": 18, ""name"": ""Drama""}]",en,33.691694,6.5,1344,Released,History,1,1,2.67630775
4982,American Gangster,100000000,266465037,157.0,2007.0,"[{""id"": 18, ""name"": ""Drama""}, {""id"": 80, ""name"": ""Crime""}]",en,42.361215,7.4,1502,Released,Drama,1,1,2.66465037
36955,True Lies,115000000,378882411,141.0,1994.0,"[{""id"": 28, ""name"": ""Action""}, {""id"": 53, ""name"": ""Thriller""}]",en,38.729418,6.8,1116,Released,Action,1,1,3.2946296608695653
18487,The Taking of Pelham 1 2 3,100000000,150166126,106.0,2009.0,"[{""id"": 53, ""name"": ""Thriller""}, {""id"": 18, ""name"": ""Drama""}, {""id"": 80, ""name"": ""Crime""}]",en,40.597856,6.2,954,Released,Thriller,1,1,1.50166126
39451,Little Fockers,100000000,310650585,98.0,2010.0,"[{""id"": 35, ""name"": ""Comedy""}, {""id"": 10749, ""name"": ""Romance""}]",en,32.389353,5.4,1060,Released,Comedy,1,1,3.10650585
27581,The Other Guys,100000000,170432927,107.0,2010.0,"[{""id"": 28, ""name"": ""Action""}, {""id"": 35, ""name"": ""Comedy""}, {""id"": 80, ""name"": ""Crime""}]",en,24.399642,6.1,1383,Released,Action,1,1,1.70432927
9268,Eraser,100000000,242295562,115.0,1996.0,"[{""id"": 28, ""name"": ""Action""}, {""id"": 18, ""name"": ""Drama""}, {""id"": 9648, ""name"": ""Mystery""}, {""id"": 53, ""name"": ""Thriller""}]",en,24.507987,5.6,543,Released,Action,1,1,2.42295562
68718,Django Unchained,100000000,425368238,165.0,2012.0,"[{""id"": 18, ""name"": ""Drama""}, {""id"": 37, ""name"": ""Western""}]",en,82.121691,7.8,10099,Released,Drama,1,1,4.25368238
10545,The Hunchback of Notre Dame,100000000,100138851,91.0,1996.0,"[{""id"": 18, ""name"": ""Drama""}, {""id"": 16, ""name"": ""Animation""}, {""id"": 10751, ""name"": ""Family""}]",en,46.727941,6.8,1129,Released,Drama,1,1,1.00138851
11688,The Emperor's New Groove,100000000,169327687,78.0,2000.0,"[{""id"": 12, ""name"": ""Adventure""}, {""id"": 16, ""name"": ""Animation""}, {""id"": 35, ""name"": ""Comedy""}, {""id"": 10751, ""name"": ""Family""}, {""id"": 14, ""name"": ""Fantasy""}]",en,51.113717,7.2,1490,Released,Adventure,1,1,1.69327687
76163,The Expendables 2,100000000,312573423,103.0,2012.0,"[{""id"": 28, ""name"": ""Action""}, {""id"": 12, ""name"": ""Adventure""}, {""id"": 53, ""name"": ""Thriller""}]",en,53.732892,6.1,2896,Released,Action,1,1,3.12573423
2059,National Treasure,100000000,347451894,131.0,2004.0,"[{""id"": 12, ""name"": ""Adventure""}, {""id"": 28, ""name"": ""Action""}, {""id"": 53, ""name"": ""Thriller""}, {""id"": 9648, ""name"": ""Mystery""}]",en,58.849256,6.4,1926,Released,Adventure,1,1,3.47451894
2486,Eragon,100000000,249288105,104.0,2006.0,"[{""id"": 14, ""name"": ""Fantasy""}, {""id"": 28, ""name"": ""Action""}, {""id"": 12, ""name"": ""Adventure""}, {""id"": 10751, ""name"": ""Family""}]",en,30.863434,4.9,967,Released,Fantasy,1,1,2.49288105
16523,Where the Wild Things Are,100000000,100086793,101.0,2009.0,"[{""id"": 10751, ""name"": ""Family""}, {""id"": 14, ""name"": ""Fantasy""}]",en,31.586215,6.4,572,Released,Family,1,1,1.00086793
116711,Epic,100000000,268426634,102.0,2013.0,"[{""id"": 16, ""name"": ""Animation""}, {""id"": 12, ""name"": ""Adventure""}, {""id"": 10751, ""name"": ""Family""}, {""id"": 14, ""name"": ""Fantasy""}]",en,36.711378,6.4,1121,Released,Animation,1,1,2.68426634
37710,The Tourist,100000000,278731369,103.0,2010.0,"[{""id"": 28, ""name"": ""Action""}, {""id"": 53, ""name"": ""Thriller""}, {""id"": 10749, ""name"": ""Romance""}]",en,41.426678,6.0,1699,Released,Action,1,1,2.78731369
9946,End of Days,100000000,211989043,121.0,1999.0,"[{""id"": 28, ""name"": ""Action""}, {""id"": 14, ""name"": ""Fantasy""}, {""id"": 27, ""name"": ""Horror""}, {""id"": 9648, ""name"": ""Mystery""}]",en,20.652943,5.5,482,Released,Action,1,1,2.11989043
1372,Blood Diamond,100000000,170877916,143.0,2006.0,"[{""id"": 18, ""name"": ""Drama""}, {""id"": 53, ""name"": ""Thriller""}, {""id"": 28, ""name"": ""Action""}]",en,52.792678,7.3,2281,Released,Drama,1,1,1.70877916
106646,The Wolf of Wall Street,100000000,392000694,180.0,2013.0,"[{""id"": 80, ""name"": ""Crime""}, {""id"": 18, ""name"": ""Drama""}, {""id"": 35, ""name"": ""Comedy""}]",en,95.007934,7.9,6571,Released,Crime,1,1,3.92000694
414,Batman Forever,100000000,336529144,121.0,1995.0,"[{""id"": 28, ""name"": ""Action""}, {""id"": 80, ""name"": ""Crime""}, {""id"": 14, ""name"": ""Fantasy""}]",en,48.205606,5.2,1498,Released,Action,1,1,3.36529144
563,Starship Troopers,105000000,121214377,129.0,1997.0,"[{""id"": 12, ""name"": ""Adventure""}, {""id"": 28, ""name"": ""Action""}, {""id"": 53, ""name"": ""Thriller""}, {""id"": 878, ""name"": ""Science Fiction""}]",en,58.782359,6.7,1560,Released,Adventure,1,1,1.154422638095238
83542,Cloud Atlas,102000000,130482868,172.0,2012.0,"[{""id"": 18, ""name"": ""Drama""}, {""id"": 878, ""name"": ""Science Fiction""}]",en,73.872343,6.6,2977,Released,Drama,1,1,1.2792438039215686
41216,Legend of the Guardians: The Owls of Ga'Hoole,80000000,140073390,97.0,2010.0,"[{""id"": 16, ""name"": ""Animation""}, {""id"": 12, ""name"": ""Adventure""}, {""id"": 10751, ""name"": ""Family""}, {""id"": 14, ""name"": ""Fantasy""}]",en,37.321848,6.5,703,Released,Animation,1,1,1.750917375
314,Catwoman,100000000,82102379,104.0,2004.0,"[{""id"": 28, ""name"": ""Action""}, {""id"": 80, ""name"": ""Crime""}]",en,32.271938,4.2,808,Released,Action,1,1,0.82102379
184315,Hercules,100000000,243400000,99.0,2014.0,"[{""id"": 28, ""name"": ""Action""}, {""id"": 12, ""name"": ""Adventure""}]",en,76.842247,5.6,1680,Released,Action,1,1,2.434
9016,Treasure Planet,140000000,109578115,95.0,2002.0,"[{""id"": 12, ""name"": ""Adventure""}, {""id"": 16, ""name"": ""Animation""}, {""id"": 10751, ""name"": ""Family""}, {""id"": 14, ""name"": ""Fantasy""}, {""id"": 878, ""name"": ""Science Fiction""}]",en,38.924136,7.2,948,Released,Adventure,1,1,0.7827008214285714
18162,Land of the Lost,100000000,68688831,102.0,2009.0,"[{""id"": 12, ""name"": ""Adventure""}, {""id"": 35, ""name"": ""Comedy""}, {""id"": 878, ""name"": ""Science Fiction""}]",en,19.38841,5.3,381,Released,Adventure,1,1,0.68688831
138103,The Expendables 3,90000000,206172544,127.0,2014.0,"[{""id"": 28, ""name"": ""Action""}, {""id"": 12, ""name"": ""Adventure""}, {""id"": 53, ""name"": ""Thriller""}]",en,61.025639,6.1,1795,Released,Action,1,1,2.2908060444444445
257088,Point Break,105000000,133718711,114.0,2015.0,"[{""id"": 28, ""name"": ""Action""}, {""id"": 80, ""name"": ""Crime""}, {""id"": 53, ""name"": ""Thriller""}]",en,33.507289,5.5,783,Released,Action,1,1,1.2735115333333333
205775,In the Heart of the Sea,100000000,93820758,122.0,2015.0,"[{""id"": 53, ""name"": ""Thriller""}, {""id"": 18, ""name"": ""Drama""}, {""id"": 12, ""name"": ""Adventure""}, {""id"": 28, ""name"": ""Action""}, {""id"": 36, ""name"": ""History""}]",en,50.767332,6.5,1276,Released,Thriller,1,1,0.93820758
11692,The Adventures of Pluto Nash,100000000,7103973,95.0,2002.0,"[{""id"": 28, ""name"": ""Action""}, {""id"": 35, ""name"": ""Comedy""}, {""id"": 878, ""name"": ""Science Fiction""}]",en,12.092241,4.4,142,Released,Action,1,1,0.07103973
22972,Green Zone,100000000,94882889,115.0,2010.0,"[{""id"": 10752, ""name"": ""War""}, {""id"": 28, ""name"": ""Action""}, {""id"": 12, ""name"": ""Adventure""}, {""id"": 18, ""name"": ""Drama""}, {""id"": 53, ""name"": ""Thriller""}]",en,30.254021,6.4,717,Released,War,1,1,0.94882889
227973,The Peanuts Movie,99000000,246233113,88.0,2015.0,"[{""id"": 16, ""name"": ""Animation""}]",en,34.308098,6.5,604,Released,Animation,1,1,2.4872031616161614
29193,The Spanish Prisoner,10000000,13835130,110.0,1997.0,"[{""id"": 80, ""name"": ""Crime""}, {""id"": 18, ""name"": ""Drama""}, {""id"": 9648, ""name"": ""Mystery""}, {""id"": 53, ""name"": ""Thriller""}]",en,3.091077,7.1,73,Released,Crime,1,1,1.383513
1734,The Mummy Returns,98000000,433013274,130.0,2001.0,"[{""id"": 12, ""name"": ""Adventure""}, {""id"": 28, ""name"": ""Action""}, {""id"": 14, ""name"": ""Fantasy""}]",en,41.862983,6.0,2206,Released,Adventure,1,1,4.418502795918367
3131,Gangs of New York,100000000,193772504,167.0,2002.0,"[{""id"": 18, ""name"": ""Drama""}, {""id"": 36, ""name"": ""History""}, {""id"": 80, ""name"": ""Crime""}]",en,46.160048,7.1,1910,Released,Drama,1,1,1.93772504
76758,The Flowers of War,94000000,95311434,145.0,2011.0,"[{""id"": 18, ""name"": ""Drama""}, {""id"": 36, ""name"": ""History""}, {""id"": 10752, ""name"": ""War""}]",zh,12.516546,7.1,187,Released,Drama,1,1,1.0139514255319149
9408,Surf's Up,85000000,149044513,85.0,2007.0,"[{""id"": 16, ""name"": ""Animation""}, {""id"": 35, ""name"": ""Comedy""}, {""id"": 10751, ""name"": ""Family""}]",en,23.230851,5.9,601,Released,Animation,1,1,1.7534648588235293
9890,The Stepford Wives,90000000,102000000,93.0,2004.0,"[{""id"": 28, ""name"": ""Action""}, {""id"": 35, ""name"": ""Comedy""}, {""id"": 878, ""name"": ""Science Fiction""}]",en,19.224754,5.4,334,Released,Action,1,1,1.1333333333333333
855,Black Hawk Down,92000000,172989651,144.0,2001.0,"[{""id"": 28, ""name"": ""Action""}, {""id"": 36, ""name"": ""History""}, {""id"": 10752, ""name"": ""War""}]",en,44.455166,7.2,1811,Released,Action,1,1,1.8803222934782609
18,The Fifth Element,90000000,263920180,126.0,1997.0,"[{""id"": 12, ""name"": ""Adventure""}, {""id"": 14, ""name"": ""Fantasy""}, {""id"": 28, ""name"": ""Action""}, {""id"": 53, ""name"": ""Thriller""}, {""id"": 878, ""name"": ""Science Fiction""}]",en,109.528572,7.3,3885,Released,Adventure,1,1,2.9324464444444445
37786,Sex and the City 2,100000000,288347692,146.0,2010.0,"[{""id"": 35, ""name"": ""Comedy""}, {""id"": 18, ""name"": ""Drama""}, {""id"": 10749, ""name"": ""Romance""}]",en,18.325897,5.4,426,Released,Comedy,1,1,2.88347692
10501,The Road to El Dorado,95000000,76432727,89.0,2000.0,"[{""id"": 12, ""name"": ""Adventure""}, {""id"": 16, ""name"": ""Animation""}, {""id"": 35, ""name"": ""Comedy""}, {""id"": 10751, ""name"": ""Family""}]",en,37.054554,7.0,858,Released,Adventure,1,1,0.8045550210526315
57800,Ice Age: Continental Drift,95000000,877244782,88.0,2012.0,"[{""id"": 16, ""name"": ""Animation""}, {""id"": 35, ""name"": ""Comedy""}, {""id"": 12, ""name"": ""Adventure""}, {""id"": 10751, ""name"": ""Family""}]",en,65.229868,6.2,2672,Released,Animation,1,1,9.2341556
150689,Cinderella,95000000,543514353,105.0,2015.0,"[{""id"": 10749, ""name"": ""Romance""}, {""id"": 14, ""name"": ""Fantasy""}, {""id"": 10751, ""name"": ""Family""}, {""id"": 18, ""name"": ""Drama""}]",en,101.187052,6.7,2374,Released,Romance,1,1,5.721203715789474
7980,The Lovely Bones,65000000,93525586,136.0,2009.0,"[{""id"": 14, ""name"": ""Fantasy""}, {""id"": 18, ""name"": ""Drama""}]",en,29.257137,6.6,1065,Released,Fantasy,1,1,1.4388551692307692
12,Finding Nemo,94000000,940335536,100.0,2003.0,"[{""id"": 16, ""name"": ""Animation""}, {""id"": 10751, ""name"": ""Family""}]",en,85.688789,7.6,6122,Released,Animation,1,1,10.003569531914893
122,The Lord of the Rings: The Return of the King,94000000,1118888979,201.0,2003.0,"[{""id"": 12, ""name"": ""Adventure""}, {""id"": 14, ""name"": ""Fantasy""}, {""id"": 28, ""name"": ""Action""}]",en,123.630332,8.1,8064,Released,Adventure,1,1,11.903074244680852
121,The Lord of the Rings: The Two Towers,79000000,926287400,179.0,2002.0,"[{""id"": 12, ""name"": ""Adventure""}, {""id"": 14, ""name"": ""Fantasy""}, {""id"": 28, ""name"": ""Action""}]",en,106.914973,8.0,7487,Released,Adventure,1,1,11.725156962025316
68737,Seventh Son,95000000,114178613,102.0,2014.0,"[{""id"": 12, ""name"": ""Adventure""}, {""id"": 14, ""name"": ""Fantasy""}]",en,63.628459,5.2,957,Released,Adventure,1,1,1.2018801368421053
1995,Lara Croft: Tomb Raider,115000000,274703340,100.0,2001.0,"[{""id"": 12, ""name"": ""Adventure""}, {""id"": 14, ""name"": ""Fantasy""}, {""id"": 28, ""name"": ""Action""}, {""id"": 53, ""name"": ""Thriller""}]",en,41.498631,5.7,2192,Released,Adventure,1,1,2.388724695652174
157353,Transcendence,100000000,103039258,119.0,2014.0,"[{""id"": 53, ""name"": ""Thriller""}, {""id"": 878, ""name"": ""Science Fiction""}, {""id"": 18, ""name"": ""Drama""}, {""id"": 9648, ""name"": ""Mystery""}]",en,58.991388,5.9,2295,Released,Thriller,1,1,1.03039258
331,Jurassic Park III,93000000,368780809,92.0,2001.0,"[{""id"": 12, ""name"": ""Adventure""}, {""id"": 28, ""name"": ""Action""}, {""id"": 53, ""name"": ""Thriller""}, {""id"": 878, ""name"": ""Science Fiction""}]",en,1.859364,5.7,2077,Released,Adventure,1,1,3.9653850430107527
61791,Rise of the Planet of the Apes,93000000,482860185,105.0,2011.0,"[{""id"": 53, ""name"": ""Thriller""}, {""id"": 28, ""name"": ""Action""}, {""id"": 18, ""name"": ""Drama""}, {""id"": 878, ""name"": ""Science Fiction""}]",en,138.433168,7.0,4347,Released,Thriller,1,1,5.192045
8204,The Spiderwick Chronicles,90000000,162839667,95.0,2008.0,"[{""id"": 12, ""name"": ""Adventure""}, {""id"": 10751, ""name"": ""Family""}, {""id"": 14, ""name"": ""Fantasy""}]",en,21.436682,6.3,572,Released,Adventure,1,1,1.8093296333333333
47964,A Good Day to Die Hard,92000000,304654182,98.0,2013.0,"[{""id"": 28, ""name"": ""Action""}, {""id"": 53, ""name"": ""Thriller""}]",en,65.402595,5.2,3493,Released,Action,1,1,3.3114585
10733,The Alamo,145000000,25819961,137.0,2004.0,"[{""id"": 37, ""name"": ""Western""}, {""id"": 36, ""name"": ""History""}, {""id"": 10752, ""name"": ""War""}]",en,10.660441,5.8,106,Released,Western,1,1,0.17806869655172414
9806,The Incredibles,92000000,631442092,115.0,2004.0,"[{""id"": 28, ""name"": ""Action""}, {""id"": 12, ""name"": ""Adventure""}, {""id"": 16, ""name"": ""Animation""}, {""id"": 10751, ""name"": ""Family""}]",en,77.817571,7.4,5152,Released,Action,1,1,6.863501
1408,Cutthroat Island,98000000,10017322,119.0,1995.0,"[{""id"": 28, ""name"": ""Action""}, {""id"": 12, ""name"": ""Adventure""}]",en,7.029308,5.7,136,Released,Action,1,1,0.10221757142857144
32657,Percy Jackson & the Olympians: The Lightning Thief,95000000,226497209,118.0,2010.0,"[{""id"": 12, ""name"": ""Adventure""}, {""id"": 14, ""name"": ""Fantasy""}, {""id"": 10751, ""name"": ""Family""}]",en,61.121717,6.0,2010,Released,Adventure,1,1,2.384181147368421
607,Men in Black,90000000,589390539,98.0,1997.0,"[{""id"": 28, ""name"": ""Action""}, {""id"": 12, ""name"": ""Adventure""}, {""id"": 35, ""name"": ""Comedy""}, {""id"": 878, ""name"": ""Science Fiction""}]",en,104.121555,6.9,4412,Released,Action,1,1,6.548783766666666
863,Toy Story 2,90000000,497366869,92.0,1999.0,"[{""id"": 16, ""name"": ""Animation""}, {""id"": 35, ""name"": ""Comedy""}, {""id"": 10751, ""name"": ""Family""}]",en,73.575118,7.3,3806,Released,Animation,1,1,5.526298544444445
44048,Unstoppable,100000000,167805466,98.0,2010.0,"[{""id"": 28, ""name"": ""Action""}, {""id"": 53, ""name"": ""Thriller""}]",en,37.698465,6.3,1165,Released,Action,1,1,1.67805466
5175,Rush Hour 2,90000000,347325802,90.0,2001.0,"[{""id"": 28, ""name"": ""Action""}, {""id"": 35, ""name"": ""Comedy""}, {""id"": 80, ""name"": ""Crime""}, {""id"": 53, ""name"": ""Thriller""}]",en,35.814765,6.4,1054,Released,Action,1,1,3.8591755777777776
2655,What Lies Beneath,100000000,155464351,130.0,2000.0,"[{""id"": 18, ""name"": ""Drama""}, {""id"": 27, ""name"": ""Horror""}, {""id"": 9648, ""name"": ""Mystery""}, {""id"": 53, ""name"": ""Thriller""}]",en,15.835672,6.3,488,Released,Drama,1,1,1.55464351
22794,Cloudy with a Chance of Meatballs,100000000,242988466,90.0,2009.0,"[{""id"": 16, ""name"": ""Animation""}, {""id"": 35, ""name"": ""Comedy""}, {""id"": 10751, ""name"": ""Family""}]",en,46.781182,6.5,1747,Released,Animation,1,1,2.42988466
8355,Ice Age: Dawn of the Dinosaurs,90000000,886686817,94.0,2009.0,"[{""id"": 16, ""name"": ""Animation""}, {""id"": 35, ""name"": ""Comedy""}, {""id"": 10751, ""name"": ""Family""}, {""id"": 12, ""name"": ""Adventure""}]",en,69.457898,6.5,2271,Released,Animation,1,1,9.852075744444445
116745,The Secret Life of Walter Mitty,90000000,188133322,114.0,2013.0,"[{""id"": 12, ""name"": ""Adventure""}, {""id"": 35, ""name"": ""Comedy""}, {""id"": 18, ""name"": ""Drama""}, {""id"": 14, ""name"": ""Fantasy""}]",en,43.348022,7.0,3144,Released,Adventure,1,1,2.0903702444444443
4327,Charlie's Angels,92000000,264105545,98.0,2000.0,"[{""id"": 28, ""name"": ""Action""}, {""id"": 12, ""name"": ""Adventure""}, {""id"": 35, ""name"": ""Comedy""}, {""id"": 80, ""name"": ""Crime""}, {""id"": 53, ""name"": ""Thriller""}]",en,40.20395,5.6,1232,Released,Action,1,1,2.870712445652174
1422,The Departed,90000000,289847354,151.0,2006.0,"[{""id"": 18, ""name"": ""Drama""}, {""id"": 53, ""name"": ""Thriller""}, {""id"": 80, ""name"": ""Crime""}]",en,63.429157,7.9,4339,Released,Drama,1,1,3.2205261555555555
10674,Mulan,90000000,304320254,88.0,1998.0,"[{""id"": 16, ""name"": ""Animation""}, {""id"": 10751, ""name"": ""Family""}, {""id"": 12, ""name"": ""Adventure""}]",en,67.427755,7.6,2008,Released,Animation,1,1,3.3813361555555557
7446,Tropic Thunder,92000000,188072649,107.0,2008.0,"[{""id"": 28, ""name"": ""Action""}, {""id"": 35, ""name"": ""Comedy""}]",en,43.192048,6.5,1667,Released,Action,1,1,2.0442679239130435
65754,The Girl with the Dragon Tattoo,90000000,232617430,158.0,2011.0,"[{""id"": 53, ""name"": ""Thriller""}, {""id"": 80, ""name"": ""Crime""}, {""id"": 9648, ""name"": ""Mystery""}, {""id"": 18, ""name"": ""Drama""}]",en,47.651083,7.2,2434,Released,Thriller,1,1,2.584638111111111
1572,Die Hard: With a Vengeance,90000000,366101666,128.0,1995.0,"[{""id"": 28, ""name"": ""Action""}, {""id"": 53, ""name"": ""Thriller""}]",en,51.881077,6.9,2066,Released,Action,1,1,4.067796288888889
10528,Sherlock Holmes,90000000,524028679,128.0,2009.0,"[{""id"": 28, ""name"": ""Action""}, {""id"": 12, ""name"": ""Adventure""}, {""id"": 80, ""name"": ""Crime""}, {""id"": 9648, ""name"": ""Mystery""}]",en,57.834787,7.0,5766,Released,Action,1,1,5.822540877777778
271969,Ben-Hur,100000000,94061311,125.0,2016.0,"[{""id"": 18, ""name"": ""Drama""}]",en,29.608322,5.3,621,Released,Drama,1,1,0.94061311
10865,Atlantis: The Lost Empire,120000000,186053725,95.0,2001.0,"[{""id"": 16, ""name"": ""Animation""}, {""id"": 10751, ""name"": ""Family""}, {""id"": 12, ""name"": ""Adventure""}, {""id"": 878, ""name"": ""Science Fiction""}]",en,51.548589,6.7,1224,Released,Animation,1,1,1.5504477083333332
2253,Valkyrie,75000000,200276000,121.0,2008.0,"[{""id"": 18, ""name"": ""Drama""}, {""id"": 53, ""name"": ""Thriller""}, {""id"": 36, ""name"": ""History""}, {""id"": 10752, ""name"": ""War""}]",en,38.832842,6.7,1173,Released,Drama,1,1,2.6703466666666666
10661,You Don't Mess with the Zohan,90000000,201596308,113.0,2008.0,"[{""id"": 35, ""name"": ""Comedy""}, {""id"": 28, ""name"": ""Action""}]",en,40.597344,5.5,1048,Released,Comedy,1,1,2.239958977777778
257344,Pixels,88000000,243637091,105.0,2015.0,"[{""id"": 28, ""name"": ""Action""}, {""id"": 35, ""name"": ""Comedy""}, {""id"": 878, ""name"": ""Science Fiction""}]",en,140.849495,5.6,2513,Released,Action,1,1,2.7686033068181817
644,A.I. Artificial Intelligence,100000000,235926552,146.0,2001.0,"[{""id"": 18, ""name"": ""Drama""}, {""id"": 878, ""name"": ""Science Fiction""}, {""id"": 12, ""name"": ""Adventure""}]",en,34.035114,6.8,1974,Released,Drama,1,1,2.35926552
10756,The Haunted Mansion,90000000,182290266,99.0,2003.0,"[{""id"": 53, ""name"": ""Thriller""}, {""id"": 14, ""name"": ""Fantasy""}, {""id"": 35, ""name"": ""Comedy""}, {""id"": 10751, ""name"": ""Family""}, {""id"": 9648, ""name"": ""Mystery""}]",en,16.302378,5.2,466,Released,Thriller,1,1,2.0254474
686,Contact,90000000,171120329,150.0,1997.0,"[{""id"": 18, ""name"": ""Drama""}, {""id"": 878, ""name"": ""Science Fiction""}, {""id"": 9648, ""name"": ""Mystery""}]",en,55.249434,7.2,1308,Released,Drama,1,1,1.901336988888889
9383,Hollow Man,95000000,190213455,112.0,2000.0,"[{""id"": 28, ""name"": ""Action""}, {""id"": 878, ""name"": ""Science Fiction""}, {""id"": 53, ""name"": ""Thriller""}]",en,28.200874,5.6,634,Released,Action,1,1,2.002246894736842
179,The Interpreter,80000000,162944923,128.0,2005.0,"[{""id"": 80, ""name"": ""Crime""}, {""id"": 53, ""name"": ""Thriller""}]",en,18.69984,6.2,392,Released,Crime,1,1,2.0368115375
76285,Percy Jackson: Sea of Monsters,90000000,174578751,106.0,2013.0,"[{""id"": 12, ""name"": ""Adventure""}, {""id"": 10751, ""name"": ""Family""}, {""id"": 14, ""name"": ""Fantasy""}]",en,40.262261,5.9,1648,Released,Adventure,1,1,1.9397639
1996,Lara Croft Tomb Raider: The Cradle of Life,95000000,156505388,117.0,2003.0,"[{""id"": 28, ""name"": ""Action""}, {""id"": 12, ""name"": ""Adventure""}, {""id"": 14, ""name"": ""Fantasy""}, {""id"": 53, ""name"": ""Thriller""}]",en,56.811056,5.5,1418,Released,Action,1,1,1.6474251368421053
291805,Now You See Me 2,90000000,334901337,129.0,2016.0,"[{""id"": 28, ""name"": ""Action""}, {""id"": 12, ""name"": ""Adventure""}, {""id"": 35, ""name"": ""Comedy""}, {""id"": 80, ""name"": ""Crime""}, {""id"": 9648, ""name"": ""Mystery""}, {""id"": 53, ""name"": ""Thriller""}]",en,51.535701,6.7,3235,Released,Action,1,1,3.7211259666666665
10003,The Saint,68000000,118063304,116.0,1997.0,"[{""id"": 53, ""name"": ""Thriller""}, {""id"": 28, ""name"": ""Action""}, {""id"": 10749, ""name"": ""Romance""}, {""id"": 878, ""name"": ""Science Fiction""}, {""id"": 12, ""name"": ""Adventure""}]",en,20.913852,5.9,302,Released,Thriller,1,1,1.7362250588235295
1535,Spy Game,92000000,143049560,126.0,2001.0,"[{""id"": 28, ""name"": ""Action""}, {""id"": 80, ""name"": ""Crime""}, {""id"": 53, ""name"": ""Thriller""}]",en,27.166757,6.8,579,Released,Action,1,1,1.5548865217391303
2067,Mission to Mars,90000000,60874615,114.0,2000.0,"[{""id"": 878, ""name"": ""Science Fiction""}]",en,16.058284,5.7,369,Released,Science Fiction,1,1,0.6763846111111111
46195,Rio,90000000,484635760,96.0,2011.0,"[{""id"": 16, ""name"": ""Animation""}, {""id"": 12, ""name"": ""Adventure""}, {""id"": 35, ""name"": ""Comedy""}, {""id"": 10751, ""name"": ""Family""}]",en,46.200042,6.5,2166,Released,Animation,1,1,5.384841777777778
2277,Bicentennial Man,100000000,93700000,131.0,1999.0,"[{""id"": 35, ""name"": ""Comedy""}, {""id"": 878, ""name"": ""Science Fiction""}]",en,24.939295,6.9,963,Released,Comedy,1,1,0.937
4477,The Devil's Own,90000000,140807547,107.0,1997.0,"[{""id"": 80, ""name"": ""Crime""}, {""id"": 53, ""name"": ""Thriller""}, {""id"": 18, ""name"": ""Drama""}]",en,15.350451,5.9,290,Released,Crime,1,1,1.5645283
8665,K-19: The Widowmaker,100000000,35168966,138.0,2002.0,"[{""id"": 18, ""name"": ""Drama""}, {""id"": 36, ""name"": ""History""}, {""id"": 53, ""name"": ""Thriller""}]",en,15.625949,6.1,264,Released,Drama,1,1,0.35168966
9387,Conan the Barbarian,20000000,79114085,129.0,1982.0,"[{""id"": 12, ""name"": ""Adventure""}, {""id"": 14, ""name"": ""Fantasy""}, {""id"": 28, ""name"": ""Action""}]",en,31.802807,6.6,650,Released,Adventure,1,1,3.95570425
921,Cinderella Man,88000000,108539911,144.0,2005.0,"[{""id"": 10749, ""name"": ""Romance""}, {""id"": 18, ""name"": ""Drama""}, {""id"": 36, ""name"": ""History""}]",en,24.100863,7.3,616,Released,Romance,1,1,1.2334080795454545
49852,The Nutcracker: The Untold Story,90000000,16178959,110.0,2010.0,"[{""id"": 14, ""name"": ""Fantasy""}, {""id"": 28, ""name"": ""Action""}, {""id"": 10751, ""name"": ""Family""}]",en,3.593349,5.4,50,Released,Fantasy,1,1,0.1797662111111111
4464,Seabiscuit,87000000,148336445,141.0,2003.0,"[{""id"": 18, ""name"": ""Drama""}, {""id"": 36, ""name"": ""History""}]",en,14.824166,6.7,216,Released,Drama,1,1,1.7050166091954022
664,Twister,92000000,494471524,113.0,1996.0,"[{""id"": 28, ""name"": ""Action""}, {""id"": 12, ""name"": ""Adventure""}, {""id"": 18, ""name"": ""Drama""}]",en,32.079995,6.1,950,Released,Action,1,1,5.374690478260869
8358,Cast Away,90000000,429632142,143.0,2000.0,"[{""id"": 12, ""name"": ""Adventure""}, {""id"": 18, ""name"": ""Drama""}]",en,57.739713,7.5,3218,Released,Adventure,1,1,4.773690466666666
9836,Happy Feet,100000000,384335608,108.0,2006.0,"[{""id"": 16, ""name"": ""Animation""}, {""id"": 35, ""name"": ""Comedy""}]",en,37.272385,5.9,1410,Released,Animation,1,1,3.84335608
2502,The Bourne Supremacy,75000000,288500217,108.0,2004.0,"[{""id"": 28, ""name"": ""Action""}, {""id"": 18, ""name"": ""Drama""}, {""id"": 53, ""name"": ""Thriller""}]",en,53.213931,7.2,2825,Released,Action,1,1,3.84666956
9772,Air Force One,85000000,315156409,124.0,1997.0,"[{""id"": 28, ""name"": ""Action""}, {""id"": 53, ""name"": ""Thriller""}]",en,36.38795,6.2,840,Released,Action,1,1,3.7077224588235294
161,Ocean's Eleven,85000000,450717150,116.0,2001.0,"[{""id"": 53, ""name"": ""Thriller""}, {""id"": 80, ""name"": ""Crime""}]",en,60.929352,7.2,3783,Released,Thriller,1,1,5.302554705882353
52451,The Three Musketeers,75000000,132274484,110.0,2011.0,"[{""id"": 12, ""name"": ""Adventure""}, {""id"": 28, ""name"": ""Action""}, {""id"": 53, ""name"": ""Thriller""}]",en,36.605246,5.6,924,Released,Adventure,1,1,1.7636597866666666
76492,Hotel Transylvania,85000000,358375603,91.0,2012.0,"[{""id"": 16, ""name"": ""Animation""}, {""id"": 35, ""name"": ""Comedy""}, {""id"": 10751, ""name"": ""Family""}, {""id"": 14, ""name"": ""Fantasy""}]",en,56.257411,6.8,2566,Released,Animation,1,1,4.216183564705882
4523,Enchanted,85000000,340487652,107.0,2007.0,"[{""id"": 35, ""name"": ""Comedy""}, {""id"": 10751, ""name"": ""Family""}, {""id"": 14, ""name"": ""Fantasy""}, {""id"": 10749, ""name"": ""Romance""}]",en,29.21998,6.6,1449,Released,Comedy,1,1,4.005737082352941
59961,Safe House,85000000,208076205,115.0,2012.0,"[{""id"": 28, ""name"": ""Action""}, {""id"": 53, ""name"": ""Thriller""}]",en,34.773106,6.3,1345,Released,Action,1,1,2.4479553529411766
10481,102 Dalmatians,85000000,183611771,100.0,2000.0,"[{""id"": 35, ""name"": ""Comedy""}, {""id"": 10751, ""name"": ""Family""}]",en,9.895061,5.1,313,Released,Comedy,1,1,2.160138482352941
59108,Tower Heist,75000000,152930623,104.0,2011.0,"[{""id"": 28, ""name"": ""Action""}, {""id"": 35, ""name"": ""Comedy""}]",en,36.743324,5.8,932,Released,Action,1,1,2.0390749733333333
1581,The Holiday,85000000,194168700,136.0,2006.0,"[{""id"": 35, ""name"": ""Comedy""}, {""id"": 10749, ""name"": ""Romance""}]",en,44.967453,6.7,1225,Released,Comedy,1,1,2.2843376470588237
9798,Enemy of the State,90000000,250649836,132.0,1998.0,"[{""id"": 28, ""name"": ""Action""}, {""id"": 18, ""name"": ""Drama""}, {""id"": 53, ""name"": ""Thriller""}]",en,41.207568,6.7,1240,Released,Action,1,1,2.7849981777777777
22897,It's Complicated,85000000,219103655,121.0,2009.0,"[{""id"": 35, ""name"": ""Comedy""}, {""id"": 10749, ""name"": ""Romance""}]",en,16.479851,6.2,360,Released,Comedy,1,1,2.577690058823529
298,Ocean's Thirteen,85000000,311312624,122.0,2007.0,"[{""id"": 80, ""name"": ""Crime""}, {""id"": 53, ""name"": ""Thriller""}]",en,42.069993,6.5,1999,Released,Crime,1,1,3.6625014588235296
7484,Open Season,85000000,197309027,83.0,2006.0,"[{""id"": 12, ""name"": ""Adventure""}, {""id"": 16, ""name"": ""Animation""}, {""id"": 10751, ""name"": ""Family""}]",en,26.61951,6.1,656,Released,Adventure,1,1,2.3212826705882352
157350,Divergent,85000000,288747895,139.0,2014.0,"[{""id"": 12, ""name"": ""Adventure""}, {""id"": 28, ""name"": ""Action""}, {""id"": 878, ""name"": ""Science Fiction""}]",en,80.316463,6.9,4663,Released,Adventure,1,1,3.3970340588235293
853,Enemy at the Gates,68000000,96976270,131.0,2001.0,"[{""id"": 10752, ""name"": ""War""}]",en,41.273567,7.2,999,Released,War,1,1,1.4261216176470588
10159,The Rundown,85000000,80916492,104.0,2003.0,"[{""id"": 12, ""name"": ""Adventure""}, {""id"": 28, ""name"": ""Action""}, {""id"": 35, ""name"": ""Comedy""}, {""id"": 53, ""name"": ""Thriller""}]",en,24.107835,6.4,514,Released,Adventure,1,1,0.9519587294117647
9593,Last Action Hero,85000000,137298489,130.0,1993.0,"[{""id"": 12, ""name"": ""Adventure""}, {""id"": 14, ""name"": ""Fantasy""}, {""id"": 28, ""name"": ""Action""}, {""id"": 35, ""name"": ""Comedy""}, {""id"": 10751, ""name"": ""Family""}]",en,32.044191,6.1,712,Released,Adventure,1,1,1.6152763411764706
1904,Memoirs of a Geisha,85000000,162242962,145.0,2005.0,"[{""id"": 18, ""name"": ""Drama""}, {""id"": 36, ""name"": ""History""}, {""id"": 10749, ""name"": ""Romance""}]",en,16.595874,7.3,652,Released,Drama,1,1,1.9087407294117646
9615,The Fast and the Furious: Tokyo Drift,85000000,158468292,104.0,2006.0,"[{""id"": 28, ""name"": ""Action""}, {""id"": 80, ""name"": ""Crime""}, {""id"": 18, ""name"": ""Drama""}, {""id"": 53, ""name"": ""Thriller""}]",en,8.282876,6.1,1705,Released,Action,1,1,1.8643328470588236
297,Meet Joe Black,90000000,142940100,178.0,1998.0,"[{""id"": 14, ""name"": ""Fantasy""}, {""id"": 18, ""name"": ""Drama""}, {""id"": 9648, ""name"": ""Mystery""}]",en,36.069611,6.9,1147,Released,Fantasy,1,1,1.5882233333333333
9884,Collateral Damage,85000000,78382433,108.0,2002.0,"[{""id"": 28, ""name"": ""Action""}, {""id"": 53, ""name"": ""Thriller""}, {""id"": 18, ""name"": ""Drama""}]",en,18.827753,5.5,427,Released,Action,1,1,0.9221462705882353
62764,Mirror Mirror,85000000,183018522,106.0,2012.0,"[{""id"": 12, ""name"": ""Adventure""}, {""id"": 14, ""name"": ""Fantasy""}, {""id"": 18, ""name"": ""Drama""}, {""id"": 35, ""name"": ""Comedy""}, {""id"": 878, ""name"": ""Science Fiction""}, {""id"": 10751, ""name"": ""Family""}]",en,48.126297,5.5,1114,Released,Adventure,1,1,2.153159082352941
22538,Scott Pilgrim vs. the World,60000000,47664559,112.0,2010.0,"[{""id"": 28, ""name"": ""Action""}, {""id"": 12, ""name"": ""Adventure""}, {""id"": 35, ""name"": ""Comedy""}]",en,38.885195,7.2,2126,Released,Action,1,1,0.7944093166666667
9341,The Core,60000000,74208267,136.0,2003.0,"[{""id"": 28, ""name"": ""Action""}, {""id"": 53, ""name"": ""Thriller""}, {""id"": 12, ""name"": ""Adventure""}, {""id"": 878, ""name"": ""Science Fiction""}]",en,29.211255,5.4,516,Released,Action,1,1,1.23680445
12107,Nutty Professor II: The Klumps,84000000,123307945,106.0,2000.0,"[{""id"": 14, ""name"": ""Fantasy""}, {""id"": 35, ""name"": ""Comedy""}, {""id"": 10749, ""name"": ""Romance""}, {""id"": 878, ""name"": ""Science Fiction""}]",en,17.783361,4.7,332,Released,Fantasy,1,1,1.4679517261904762
9637,Scooby-Doo,84000000,275650703,88.0,2002.0,"[{""id"": 9648, ""name"": ""Mystery""}, {""id"": 12, ""name"": ""Adventure""}, {""id"": 35, ""name"": ""Comedy""}]",en,31.435539,5.4,820,Released,Mystery,1,1,3.281555988095238
49049,Dredd,50000000,41037742,95.0,2012.0,"[{""id"": 28, ""name"": ""Action""}, {""id"": 878, ""name"": ""Science Fiction""}]",en,57.673932,6.6,1940,Released,Action,1,1,0.82075484
9339,Click,82500000,237681299,107.0,2006.0,"[{""id"": 35, ""name"": ""Comedy""}, {""id"": 18, ""name"": ""Drama""}, {""id"": 14, ""name"": ""Fantasy""}, {""id"": 10749, ""name"": ""Romance""}]",en,41.176631,6.0,2104,Released,Comedy,1,1,2.8809854424242425
16281,Creepshow,8000000,21028755,120.0,1982.0,"[{""id"": 27, ""name"": ""Horror""}, {""id"": 35, ""name"": ""Comedy""}, {""id"": 14, ""name"": ""Fantasy""}]",en,13.661289,6.7,226,Released,Horror,1,1,2.628594375
39691,Cats & Dogs 2 : The Revenge of Kitty Galore,85000000,112483764,82.0,2010.0,"[{""id"": 35, ""name"": ""Comedy""}, {""id"": 10751, ""name"": ""Family""}]",en,11.77398,4.9,119,Released,Comedy,1,1,1.3233384
8247,Jumper,85000000,222231186,88.0,2008.0,"[{""id"": 12, ""name"": ""Adventure""}, {""id"": 14, ""name"": ""Fantasy""}, {""id"": 878, ""name"": ""Science Fiction""}]",en,21.218,5.9,1799,Released,Adventure,1,1,2.6144845411764708
11253,Hellboy II: The Golden Army,85000000,160388063,120.0,2008.0,"[{""id"": 12, ""name"": ""Adventure""}, {""id"": 14, ""name"": ""Fantasy""}, {""id"": 878, ""name"": ""Science Fiction""}]",en,58.57976,6.5,1527,Released,Adventure,1,1,1.886918388235294
1949,Zodiac,65000000,84785914,157.0,2007.0,"[{""id"": 80, ""name"": ""Crime""}, {""id"": 18, ""name"": ""Drama""}, {""id"": 9648, ""name"": ""Mystery""}, {""id"": 53, ""name"": ""Thriller""}]",en,51.970905,7.3,2023,Released,Crime,1,1,1.3043986769230769
8452,The 6th Day,82000000,96085477,123.0,2000.0,"[{""id"": 878, ""name"": ""Science Fiction""}]",en,18.447479,5.7,595,Released,Science Fiction,1,1,1.1717741097560976
310,Bruce Almighty,80000000,484572835,101.0,2003.0,"[{""id"": 14, ""name"": ""Fantasy""}, {""id"": 35, ""name"": ""Comedy""}]",en,109.684788,6.4,3012,Released,Fantasy,1,1,6.0571604375
27578,The Expendables,80000000,274470394,103.0,2010.0,"[{""id"": 53, ""name"": ""Thriller""}, {""id"": 12, ""name"": ""Adventure""}, {""id"": 28, ""name"": ""Action""}]",en,77.580661,6.0,2926,Released,Thriller,1,1,3.430879925
954,Mission: Impossible,80000000,457696359,110.0,1996.0,"[{""id"": 12, ""name"": ""Adventure""}, {""id"": 28, ""name"": ""Action""}, {""id"": 53, ""name"": ""Thriller""}]",en,75.290998,6.7,2631,Released,Adventure,1,1,5.7212044875
70160,The Hunger Games,75000000,691210692,142.0,2012.0,"[{""id"": 878, ""name"": ""Science Fiction""}, {""id"": 12, ""name"": ""Adventure""}, {""id"": 14, ""name"": ""Fantasy""}]",en,68.550698,6.9,9455,Released,Science Fiction,1,1,9.21614256
45243,The Hangover Part II,80000000,254455986,102.0,2011.0,"[{""id"": 35, ""name"": ""Comedy""}]",en,58.040149,6.2,3739,Released,Comedy,1,1,3.180699825
364,Batman Returns,80000000,280000000,126.0,1992.0,"[{""id"": 28, ""name"": ""Action""}, {""id"": 14, ""name"": ""Fantasy""}]",en,59.113174,6.6,1673,Released,Action,1,1,3.5
7518,Over the Hedge,80000000,343397247,83.0,2006.0,"[{""id"": 35, ""name"": ""Comedy""}, {""id"": 16, ""name"": ""Animation""}, {""id"": 10751, ""name"": ""Family""}]",en,36.32705,6.3,1074,Released,Comedy,1,1,4.2924655875
11544,Lilo & Stitch,80000000,145771527,85.0,2002.0,"[{""id"": 16, ""name"": ""Animation""}, {""id"": 10751, ""name"": ""Family""}]",en,55.659988,7.1,1314,Released,Animation,1,1,1.8221440875
9986,Charlotte's Web,85000000,144000000,97.0,2006.0,"[{""id"": 35, ""name"": ""Comedy""}, {""id"": 10751, ""name"": ""Family""}, {""id"": 14, ""name"": ""Fantasy""}]",en,14.132583,5.8,288,Released,Comedy,1,1,1.6941176470588235
8656,Deep Impact,75000000,140464664,120.0,1998.0,"[{""id"": 28, ""name"": ""Action""}, {""id"": 18, ""name"": ""Drama""}, {""id"": 10749, ""name"": ""Romance""}]",en,34.070054,5.9,855,Released,Action,1,1,1.8728621866666666
9291,The Longest Yard,82000000,190320568,113.0,2005.0,"[{""id"": 35, ""name"": ""Comedy""}, {""id"": 18, ""name"": ""Drama""}]",en,26.065735,6.2,785,Released,Comedy,1,1,2.320982536585366
55301,Alvin and the Chipmunks: Chipwrecked,75000000,342695435,87.0,2011.0,"[{""id"": 35, ""name"": ""Comedy""}, {""id"": 14, ""name"": ""Fantasy""}, {""id"": 10751, ""name"": ""Family""}, {""id"": 10402, ""name"": ""Music""}, {""id"": 16, ""name"": ""Animation""}]",en,23.473004,5.4,484,Released,Comedy,1,1,4.569272466666667
109418,Grown Ups 2,80000000,246984278,100.0,2013.0,"[{""id"": 35, ""name"": ""Comedy""}]",en,45.589568,5.8,1155,Released,Comedy,1,1,3.087303475
11665,Get Smart,80000000,230685453,110.0,2008.0,"[{""id"": 28, ""name"": ""Action""}, {""id"": 35, ""name"": ""Comedy""}, {""id"": 53, ""name"": ""Thriller""}]",en,23.496054,6.0,1051,Released,Action,1,1,2.8835681625
6964,Something's Gotta Give,80000000,266728738,128.0,2003.0,"[{""id"": 18, ""name"": ""Drama""}, {""id"": 35, ""name"": ""Comedy""}, {""id"": 10749, ""name"": ""Romance""}]",en,16.939441,6.3,410,Released,Drama,1,1,3.334109225
11324,Shutter Island,80000000,294804195,138.0,2010.0,"[{""id"": 18, ""name"": ""Drama""}, {""id"": 53, ""name"": ""Thriller""}, {""id"": 9648, ""name"": ""Mystery""}]",en,81.914696,7.8,6336,Released,Drama,1,1,3.6850524375
12193,Four Christmases,80000000,163733697,88.0,2008.0,"[{""id"": 35, ""name"": ""Comedy""}, {""id"": 10749, ""name"": ""Romance""}, {""id"": 18, ""name"": ""Drama""}]",en,19.500893,5.3,331,Released,Comedy,1,1,2.0466712125
9928,Robots,75000000,260696994,91.0,2005.0,"[{""id"": 16, ""name"": ""Animation""}, {""id"": 35, ""name"": ""Comedy""}, {""id"": 10751, ""name"": ""Family""}, {""id"": 878, ""name"": ""Science Fiction""}]",en,29.558157,6.0,1333,Released,Animation,1,1,3.47595992
754,Face/Off,80000000,245676146,138.0,1997.0,"[{""id"": 28, ""name"": ""Action""}, {""id"": 80, ""name"": ""Crime""}, {""id"": 878, ""name"": ""Science Fiction""}, {""id"": 53, ""name"": ""Thriller""}]",en,46.075037,6.8,1583,Released,Action,1,1,3.070951825
10202,Bedtime Stories,80000000,212874442,99.0,2008.0,"[{""id"": 14, ""name"": ""Fantasy""}, {""id"": 35, ""name"": ""Comedy""}, {""id"": 10751, ""name"": ""Family""}, {""id"": 10749, ""name"": ""Romance""}]",en,23.531721,5.9,901,Released,Fantasy,1,1,2.660930525
4147,Road to Perdition,80000000,181001478,117.0,2002.0,"[{""id"": 53, ""name"": ""Thriller""}, {""id"": 80, ""name"": ""Crime""}, {""id"": 18, ""name"": ""Drama""}]",en,49.078546,7.3,1077,Released,Thriller,1,1,2.262518475
50546,Just Go with It,80000000,214918407,117.0,2011.0,"[{""id"": 10749, ""name"": ""Romance""}, {""id"": 35, ""name"": ""Comedy""}]",en,37.02665,6.3,1543,Released,Romance,1,1,2.6864800875
1701,Con Air,75000000,224012234,115.0,1997.0,"[{""id"": 28, ""name"": ""Action""}, {""id"": 53, ""name"": ""Thriller""}, {""id"": 80, ""name"": ""Crime""}]",en,45.154631,6.5,1270,Released,Action,1,1,2.9868297866666667
13027,Eagle Eye,80000000,178066569,118.0,2008.0,"[{""id"": 9648, ""name"": ""Mystery""}, {""id"": 53, ""name"": ""Thriller""}, {""id"": 28, ""name"": ""Action""}]",en,46.887983,6.3,1018,Released,Mystery,1,1,2.2258321125
2289,Cold Mountain,79000000,173013509,154.0,2003.0,"[{""id"": 18, ""name"": ""Drama""}]",en,24.598479,6.7,533,Released,Drama,1,1,2.190044417721519
20504,The Book of Eli,80000000,157107755,118.0,2010.0,"[{""id"": 28, ""name"": ""Action""}, {""id"": 53, ""name"": ""Thriller""}, {""id"": 878, ""name"": ""Science Fiction""}]",en,32.363538,6.6,2164,Released,Action,1,1,1.9638469375
9574,Flubber,80000000,177977226,93.0,1997.0,"[{""id"": 35, ""name"": ""Comedy""}, {""id"": 10751, ""name"": ""Family""}, {""id"": 878, ""name"": ""Science Fiction""}]",en,11.50396,5.3,695,Released,Comedy,1,1,2.224715325
11618,The Haunting,80000000,91188905,113.0,1999.0,"[{""id"": 27, ""name"": ""Horror""}, {""id"": 53, ""name"": ""Thriller""}, {""id"": 14, ""name"": ""Fantasy""}, {""id"": 9648, ""name"": ""Mystery""}]",en,19.375768,5.2,369,Released,Horror,1,1,1.1398613125
2300,Space Jam,80000000,250200000,88.0,1996.0,"[{""id"": 16, ""name"": ""Animation""}, {""id"": 35, ""name"": ""Comedy""}, {""id"": 18, ""name"": ""Drama""}, {""id"": 10751, ""name"": ""Family""}, {""id"": 14, ""name"": ""Fantasy""}]",en,36.125715,6.5,1288,Released,Animation,1,1,3.1275
10200,The Day the Earth Stood Still,80000000,233093859,104.0,2008.0,"[{""id"": 18, ""name"": ""Drama""}, {""id"": 878, ""name"": ""Science Fiction""}, {""id"": 53, ""name"": ""Thriller""}]",en,41.890722,5.2,1043,Released,Drama,1,1,2.9136732375
8834,Conspiracy Theory,75000000,136982834,135.0,1997.0,"[{""id"": 28, ""name"": ""Action""}, {""id"": 18, ""name"": ""Drama""}, {""id"": 9648, ""name"": ""Mystery""}, {""id"": 53, ""name"": ""Thriller""}]",en,22.179658,6.5,431,Released,Action,1,1,1.8264377866666666
228150,Fury,68000000,211817906,135.0,2014.0,"[{""id"": 10752, ""name"": ""War""}, {""id"": 18, ""name"": ""Drama""}, {""id"": 28, ""name"": ""Action""}]",en,139.575085,7.4,3946,Released,War,1,1,3.114969205882353
6068,Six Days Seven Nights,70000000,164000000,98.0,1998.0,"[{""id"": 28, ""name"": ""Action""}, {""id"": 12, ""name"": ""Adventure""}, {""id"": 35, ""name"": ""Comedy""}, {""id"": 10749, ""name"": ""Romance""}]",en,18.264635,5.6,332,Released,Action,1,1,2.342857142857143
41515,Yogi Bear,80000000,201584141,80.0,2010.0,"[{""id"": 35, ""name"": ""Comedy""}, {""id"": 10751, ""name"": ""Family""}, {""id"": 16, ""name"": ""Animation""}, {""id"": 12, ""name"": ""Adventure""}]",en,11.187696,5.2,220,Released,Comedy,1,1,2.5198017625
9023,Spirit: Stallion of the Cimarron,80000000,122563539,83.0,2002.0,"[{""id"": 37, ""name"": ""Western""}, {""id"": 16, ""name"": ""Animation""}, {""id"": 12, ""name"": ""Adventure""}, {""id"": 35, ""name"": ""Comedy""}, {""id"": 10751, ""name"": ""Family""}]",en,41.670544,7.4,831,Released,Western,1,1,1.5320442375
38317,Zookeeper,80000000,169852759,102.0,2011.0,"[{""id"": 35, ""name"": ""Comedy""}, {""id"": 10749, ""name"": ""Romance""}, {""id"": 10751, ""name"": ""Family""}]",en,27.46264,5.3,498,Released,Comedy,1,1,2.1231594875
2157,Lost in Space,80000000,136159423,130.0,1998.0,"[{""id"": 12, ""name"": ""Adventure""}, {""id"": 10751, ""name"": ""Family""}, {""id"": 878, ""name"": ""Science Fiction""}]",en,17.455024,5.0,388,Released,Adventure,1,1,1.7019927875
14462,The Manchurian Candidate,80000000,96105964,129.0,2004.0,"[{""id"": 18, ""name"": ""Drama""}, {""id"": 53, ""name"": ""Thriller""}, {""id"": 9648, ""name"": ""Mystery""}]",en,21.394281,6.2,393,Released,Drama,1,1,1.20132455
159824,Hotel Transylvania 2,80000000,473226958,89.0,2015.0,"[{""id"": 16, ""name"": ""Animation""}, {""id"": 35, ""name"": ""Comedy""}, {""id"": 10751, ""name"": ""Family""}]",en,61.692197,6.7,1497,Released,Animation,1,1,5.915336975
49948,Fantasia 2000,80000000,90874570,74.0,1999.0,"[{""id"": 16, ""name"": ""Animation""}, {""id"": 10751, ""name"": ""Family""}, {""id"": 10402, ""name"": ""Music""}]",en,14.530946,7.0,292,Released,Animation,1,1,1.135932125
2135,The Time Machine,80000000,123729176,96.0,2002.0,"[{""id"": 878, ""name"": ""Science Fiction""}, {""id"": 12, ""name"": ""Adventure""}, {""id"": 28, ""name"": ""Action""}]",en,25.978555,5.8,631,Released,Science Fiction,1,1,1.5466147
9705,Swordfish,102000000,147080413,99.0,2001.0,"[{""id"": 28, ""name"": ""Action""}, {""id"": 80, ""name"": ""Crime""}, {""id"": 53, ""name"": ""Thriller""}]",en,36.788745,6.1,932,Released,Action,1,1,1.4419648333333333
1656,The Legend of Zorro,75000000,142400065,129.0,2005.0,"[{""id"": 28, ""name"": ""Action""}, {""id"": 12, ""name"": ""Adventure""}]",en,31.054334,5.9,893,Released,Action,1,1,1.8986675333333334
12159,What Dreams May Come,85000000,71485043,113.0,1998.0,"[{""id"": 18, ""name"": ""Drama""}, {""id"": 14, ""name"": ""Fantasy""}, {""id"": 10749, ""name"": ""Romance""}]",en,21.891078,6.8,577,Released,Drama,1,1,0.841000505882353
4442,The Brothers Grimm,88000000,105316267,118.0,2005.0,"[{""id"": 12, ""name"": ""Adventure""}, {""id"": 14, ""name"": ""Fantasy""}, {""id"": 28, ""name"": ""Action""}, {""id"": 35, ""name"": ""Comedy""}, {""id"": 53, ""name"": ""Thriller""}]",en,40.138009,5.6,818,Released,Adventure,1,1,1.1967757613636363
75,Mars Attacks!,70000000,101371017,106.0,1996.0,"[{""id"": 35, ""name"": ""Comedy""}, {""id"": 14, ""name"": ""Fantasy""}, {""id"": 878, ""name"": ""Science Fiction""}]",en,44.090535,6.1,1509,Released,Comedy,1,1,1.4481573857142858
19959,Surrogates,80000000,122444772,89.0,2009.0,"[{""id"": 28, ""name"": ""Action""}, {""id"": 878, ""name"": ""Science Fiction""}, {""id"": 53, ""name"": ""Thriller""}]",en,36.664991,5.9,1195,Released,Action,1,1,1.53055965
11973,Thirteen Days,80000000,34566746,145.0,2000.0,"[{""id"": 18, ""name"": ""Drama""}, {""id"": 53, ""name"": ""Thriller""}]",en,18.26121,6.9,189,Released,Drama,1,1,0.432084325
11228,Daylight,80000000,159212469,115.0,1996.0,"[{""id"": 28, ""name"": ""Action""}, {""id"": 12, ""name"": ""Adventure""}, {""id"": 53, ""name"": ""Thriller""}]",en,16.681269,5.8,378,Released,Action,1,1,1.9901558625
77951,Walking With Dinosaurs,80000000,126546518,87.0,2013.0,"[{""id"": 16, ""name"": ""Animation""}, {""id"": 10751, ""name"": ""Family""}, {""id"": 12, ""name"": ""Adventure""}]",en,10.088006,5.2,133,Released,Animation,1,1,1.581831475
5491,Battlefield Earth,44000000,21400000,118.0,2000.0,"[{""id"": 28, ""name"": ""Action""}, {""id"": 878, ""name"": ""Science Fiction""}, {""id"": 10752, ""name"": ""War""}]",en,7.89147,3.0,255,Released,Action,1,1,0.4863636363636364
10715,Looney Tunes: Back in Action,80000000,68514844,90.0,2003.0,"[{""id"": 16, ""name"": ""Animation""}, {""id"": 35, ""name"": ""Comedy""}, {""id"": 10751, ""name"": ""Family""}]",en,16.715631,5.6,297,Released,Animation,1,1,0.85643555
10197,Nine,80000000,53825515,112.0,2009.0,"[{""id"": 18, ""name"": ""Drama""}, {""id"": 10402, ""name"": ""Music""}, {""id"": 10749, ""name"": ""Romance""}]",en,9.357734,5.1,165,Released,Drama,1,1,0.6728189375
9562,Timeline,80000000,19480739,116.0,2003.0,"[{""id"": 28, ""name"": ""Action""}, {""id"": 12, ""name"": ""Adventure""}, {""id"": 878, ""name"": ""Science Fiction""}]",en,11.22268,5.4,318,Released,Action,1,1,0.2435092375
9922,The Postman,80000000,17626234,177.0,1997.0,"[{""id"": 18, ""name"": ""Drama""}, {""id"": 12, ""name"": ""Adventure""}]",en,14.564667,6.1,299,Released,Drama,1,1,0.220327925
9447,Babe: Pig in the City,90000000,69131860,92.0,1998.0,"[{""id"": 12, ""name"": ""Adventure""}, {""id"": 35, ""name"": ""Comedy""}, {""id"": 18, ""name"": ""Drama""}, {""id"": 10751, ""name"": ""Family""}, {""id"": 14, ""name"": ""Fantasy""}]",en,11.356079,5.2,305,Released,Adventure,1,1,0.7681317777777777
274854,The Last Witch Hunter,90000000,146936910,106.0,2015.0,"[{""id"": 14, ""name"": ""Fantasy""}, {""id"": 28, ""name"": ""Action""}, {""id"": 12, ""name"": ""Adventure""}]",en,52.612025,5.7,1316,Released,Fantasy,1,1,1.6326323333333332
8870,Red Planet,80000000,33463969,106.0,2000.0,"[{""id"": 53, ""name"": ""Thriller""}, {""id"": 28, ""name"": ""Action""}, {""id"": 878, ""name"": ""Science Fiction""}]",en,13.800656,5.4,267,Released,Thriller,1,1,0.4182996125
9992,Arthur and the Invisibles,86000000,107944236,94.0,2006.0,"[{""id"": 12, ""name"": ""Adventure""}, {""id"": 14, ""name"": ""Fantasy""}, {""id"": 16, ""name"": ""Animation""}, {""id"": 10751, ""name"": ""Family""}]",en,27.097932,6.0,639,Released,Adventure,1,1,1.255165534883721
10077,A Sound of Thunder,80000000,5989640,110.0,2005.0,"[{""id"": 53, ""name"": ""Thriller""}, {""id"": 878, ""name"": ""Science Fiction""}, {""id"": 12, ""name"": ""Adventure""}, {""id"": 28, ""name"": ""Action""}]",en,7.342892,4.8,111,Released,Thriller,1,1,0.0748705
76649,Pompeii,130000000,117831631,105.0,2014.0,"[{""id"": 28, ""name"": ""Action""}, {""id"": 12, ""name"": ""Adventure""}, {""id"": 36, ""name"": ""History""}, {""id"": 10749, ""name"": ""Romance""}, {""id"": 18, ""name"": ""Drama""}]",en,50.561849,5.2,1267,Released,Action,1,1,0.9063971615384615
453,A Beautiful Mind,60000000,313542341,135.0,2001.0,"[{""id"": 18, ""name"": ""Drama""}, {""id"": 10749, ""name"": ""Romance""}]",en,59.248437,7.7,3009,Released,Drama,1,1,5.2257056833333335
8587,The Lion King,45000000,788241776,89.0,1994.0,"[{""id"": 10751, ""name"": ""Family""}, {""id"": 16, ""name"": ""Animation""}, {""id"": 18, ""name"": ""Drama""}]",en,90.457886,8.0,5376,Released,Family,1,1,17.516483911111113
72545,Journey 2: The Mysterious Island,79000000,355692760,94.0,2012.0,"[{""id"": 12, ""name"": ""Adventure""}, {""id"": 28, ""name"": ""Action""}, {""id"": 878, ""name"": ""Science Fiction""}]",en,40.723459,5.8,1030,Released,Adventure,1,1,4.50244
109451,Cloudy with a Chance of Meatballs 2,78000000,248384621,95.0,2013.0,"[{""id"": 16, ""name"": ""Animation""}, {""id"": 10751, ""name"": ""Family""}, {""id"": 35, ""name"": ""Comedy""}]",en,41.247402,6.4,915,Released,Animation,1,1,3.184418217948718
9533,Red Dragon,78000000,209196298,124.0,2002.0,"[{""id"": 80, ""name"": ""Crime""}, {""id"": 53, ""name"": ""Thriller""}, {""id"": 27, ""name"": ""Horror""}]",en,10.083905,6.7,1115,Released,Crime,1,1,2.6820038205128207
2023,Hidalgo,100000000,108103450,136.0,2004.0,"[{""id"": 37, ""name"": ""Western""}, {""id"": 12, ""name"": ""Adventure""}]",en,16.759252,6.5,318,Released,Western,1,1,1.0810345
71880,Jack and Jill,79000000,149673788,91.0,2011.0,"[{""id"": 35, ""name"": ""Comedy""}]",en,22.132418,4.1,604,Released,Comedy,1,1,1.894604911392405
584,2 Fast 2 Furious,76000000,236350661,107.0,2003.0,"[{""id"": 28, ""name"": ""Action""}, {""id"": 80, ""name"": ""Crime""}, {""id"": 53, ""name"": ""Thriller""}]",en,10.520961,6.2,2028,Released,Action,1,1,3.1098771184210525
309809,The Little Prince,64000000,97571250,92.0,2015.0,"[{""id"": 12, ""name"": ""Adventure""}, {""id"": 16, ""name"": ""Animation""}, {""id"": 14, ""name"": ""Fantasy""}]",en,35.384423,7.6,756,Released,Adventure,1,1,1.52455078125
4858,The Invasion,80000000,15071514,99.0,2007.0,"[{""id"": 878, ""name"": ""Science Fiction""}, {""id"": 53, ""name"": ""Thriller""}]",en,15.673154,5.7,359,Released,Science Fiction,1,1,0.188393925
17711,The Adventures of Rocky & Bullwinkle,76000000,35134820,88.0,2000.0,"[{""id"": 28, ""name"": ""Action""}, {""id"": 12, ""name"": ""Adventure""}, {""id"": 16, ""name"": ""Animation""}, {""id"": 35, ""name"": ""Comedy""}, {""id"": 10751, ""name"": ""Family""}]",en,8.981427,3.9,87,Released,Action,1,1,0.46230026315789474
328111,The Secret Life of Pets,75000000,875958308,87.0,2016.0,"[{""id"": 16, ""name"": ""Animation""}, {""id"": 10751, ""name"": ""Family""}]",en,31.482872,5.9,3462,Released,Animation,1,1,11.679444106666667
8698,The League of Extraordinary Gentlemen,78000000,179265204,110.0,2003.0,"[{""id"": 14, ""name"": ""Fantasy""}, {""id"": 28, ""name"": ""Action""}, {""id"": 53, ""name"": ""Thriller""}, {""id"": 878, ""name"": ""Science Fiction""}]",en,47.436675,5.7,1155,Released,Fantasy,1,1,2.2982718461538463
93456,Despicable Me 2,76000000,970761885,98.0,2013.0,"[{""id"": 16, ""name"": ""Animation""}, {""id"": 35, ""name"": ""Comedy""}, {""id"": 10751, ""name"": ""Family""}]",en,136.886704,7.0,4637,Released,Animation,1,1,12.773182697368421
602,Independence Day,75000000,816969268,145.0,1996.0,"[{""id"": 28, ""name"": ""Action""}, {""id"": 12, ""name"": ""Adventure""}, {""id"": 878, ""name"": ""Science Fiction""}]",en,60.442593,6.7,3260,Released,Action,1,1,10.892923573333332
330,The Lost World: Jurassic Park,73000000,229074524,129.0,1997.0,"[{""id"": 12, ""name"": ""Adventure""}, {""id"": 28, ""name"": ""Action""}, {""id"": 878, ""name"": ""Science Fiction""}]",en,2.502487,6.2,2487,Released,Adventure,1,1,3.1380071780821917
953,Madagascar,75000000,532680671,86.0,2005.0,"[{""id"": 10751, ""name"": ""Family""}, {""id"": 16, ""name"": ""Animation""}]",en,48.110909,6.6,3237,Released,Family,1,1,7.1024089466666664
9693,Children of Men,76000000,69959751,109.0,2006.0,"[{""id"": 18, ""name"": ""Drama""}, {""id"": 28, ""name"": ""Action""}, {""id"": 53, ""name"": ""Thriller""}, {""id"": 878, ""name"": ""Science Fiction""}]",en,35.387874,7.4,2071,Released,Drama,1,1,0.9205230394736842
36657,X-Men,75000000,296339527,104.0,2000.0,"[{""id"": 12, ""name"": ""Adventure""}, {""id"": 28, ""name"": ""Action""}, {""id"": 878, ""name"": ""Science Fiction""}]",en,4.66891,6.8,4097,Released,Adventure,1,1,3.9511936933333334
8909,Wanted,75000000,258270008,110.0,2008.0,"[{""id"": 28, ""name"": ""Action""}, {""id"": 53, ""name"": ""Thriller""}, {""id"": 80, ""name"": ""Crime""}]",en,73.82289,6.4,2528,Released,Action,1,1,3.4436001066666666
9802,The Rock,75000000,335062621,136.0,1996.0,"[{""id"": 28, ""name"": ""Action""}, {""id"": 12, ""name"": ""Adventure""}, {""id"": 53, ""name"": ""Thriller""}]",en,51.469576,6.9,1456,Released,Action,1,1,4.467501613333333
950,Ice Age: The Meltdown,80000000,660940780,91.0,2006.0,"[{""id"": 16, ""name"": ""Animation""}, {""id"": 10751, ""name"": ""Family""}, {""id"": 35, ""name"": ""Comedy""}, {""id"": 12, ""name"": ""Adventure""}]",en,85.115058,6.5,2951,Released,Animation,1,1,8.26175975
1824,50 First Dates,75000000,196482882,99.0,2004.0,"[{""id"": 35, ""name"": ""Comedy""}, {""id"": 10749, ""name"": ""Romance""}]",en,61.437586,6.6,2105,Released,Comedy,1,1,2.61977176
2976,Hairspray,50000000,90450008,117.0,2007.0,"[{""id"": 10751, ""name"": ""Family""}, {""id"": 35, ""name"": ""Comedy""}, {""id"": 10402, ""name"": ""Music""}, {""id"": 10749, ""name"": ""Romance""}]",en,31.160542,6.5,709,Released,Family,1,1,1.80900016
11026,Exorcist: The Beginning,80000000,78000586,114.0,2004.0,"[{""id"": 27, ""name"": ""Horror""}, {""id"": 9648, ""name"": ""Mystery""}, {""id"": 53, ""name"": ""Thriller""}]",en,15.761384,4.7,183,Released,Horror,1,1,0.975007325
75656,Now You See Me,75000000,117698894,115.0,2013.0,"[{""id"": 53, ""name"": ""Thriller""}, {""id"": 80, ""name"": ""Crime""}]",en,71.124686,7.3,5487,Released,Thriller,1,1,1.5693185866666666
38365,Grown Ups,80000000,271430189,102.0,2010.0,"[{""id"": 35, ""name"": ""Comedy""}]",en,38.864027,6.0,1705,Released,Comedy,1,1,3.3928773625
594,The Terminal,60000000,219417255,128.0,2004.0,"[{""id"": 35, ""name"": ""Comedy""}, {""id"": 18, ""name"": ""Drama""}]",en,57.753914,7.0,1910,Released,Comedy,1,1,3.65695425
15189,Hotel for Dogs,35000000,73034460,100.0,2009.0,"[{""id"": 35, ""name"": ""Comedy""}, {""id"": 10751, ""name"": ""Family""}]",en,13.25753,5.7,202,Released,Comedy,1,1,2.0866988571428573
11678,Vertical Limit,75000000,215663859,124.0,2000.0,"[{""id"": 28, ""name"": ""Action""}, {""id"": 12, ""name"": ""Adventure""}, {""id"": 53, ""name"": ""Thriller""}]",en,13.318744,5.9,283,Released,Action,1,1,2.87551812
6538,Charlie Wilson's War,75000000,119000410,102.0,2007.0,"[{""id"": 35, ""name"": ""Comedy""}, {""id"": 18, ""name"": ""Drama""}, {""id"": 36, ""name"": ""History""}]",en,18.70031,6.5,338,Released,Comedy,1,1,1.5866721333333333
10555,Shark Tale,75000000,367275019,90.0,2004.0,"[{""id"": 16, ""name"": ""Animation""}, {""id"": 28, ""name"": ""Action""}, {""id"": 35, ""name"": ""Comedy""}, {""id"": 10751, ""name"": ""Family""}]",en,47.094369,5.8,1557,Released,Animation,1,1,4.897000253333333
1125,Dreamgirls,70000000,154937680,134.0,2006.0,"[{""id"": 18, ""name"": ""Drama""}]",en,14.486311,6.6,284,Released,Drama,1,1,2.213395428571429
4551,Be Cool,53000000,95226116,118.0,2005.0,"[{""id"": 35, ""name"": ""Comedy""}, {""id"": 80, ""name"": ""Crime""}]",en,18.61472,5.4,292,Released,Comedy,1,1,1.7967191698113207
612,Munich,70000000,130358911,164.0,2005.0,"[{""id"": 18, ""name"": ""Drama""}, {""id"": 28, ""name"": ""Action""}, {""id"": 36, ""name"": ""History""}, {""id"": 53, ""name"": ""Thriller""}]",en,29.035222,6.9,696,Released,Drama,1,1,1.862270157142857
9567,Tears of the Sun,70000000,85632458,121.0,2003.0,"[{""id"": 28, ""name"": ""Action""}, {""id"": 18, ""name"": ""Drama""}, {""id"": 10752, ""name"": ""War""}]",en,27.055085,6.4,573,Released,Action,1,1,1.2233208285714285
37821,Killers,75000000,98159963,100.0,2010.0,"[{""id"": 28, ""name"": ""Action""}, {""id"": 35, ""name"": ""Comedy""}, {""id"": 53, ""name"": ""Thriller""}, {""id"": 10749, ""name"": ""Romance""}]",en,23.004607,5.7,772,Released,Action,1,1,1.3087995066666667
203801,The Man from U.N.C.L.E.,75000000,108145109,116.0,2015.0,"[{""id"": 35, ""name"": ""Comedy""}, {""id"": 28, ""name"": ""Action""}, {""id"": 12, ""name"": ""Adventure""}]",en,48.744209,7.1,2265,Released,Comedy,1,1,1.4419347866666667
2539,Spanglish,80000000,55041367,130.0,2004.0,"[{""id"": 35, ""name"": ""Comedy""}]",en,14.209329,5.8,369,Released,Comedy,1,1,0.6880170875
9297,Monster House,75000000,140175006,91.0,2006.0,"[{""id"": 16, ""name"": ""Animation""}, {""id"": 35, ""name"": ""Comedy""}, {""id"": 10751, ""name"": ""Family""}, {""id"": 14, ""name"": ""Fantasy""}]",en,36.368839,6.3,874,Released,Animation,1,1,1.86900008
3172,Bandits,75000000,67631903,123.0,2001.0,"[{""id"": 28, ""name"": ""Action""}, {""id"": 35, ""name"": ""Comedy""}, {""id"": 80, ""name"": ""Crime""}, {""id"": 10749, ""name"": ""Romance""}]",en,24.353302,6.2,302,Released,Action,1,1,0.9017587066666667
6520,First Knight,55000000,127600435,134.0,1995.0,"[{""id"": 28, ""name"": ""Action""}, {""id"": 12, ""name"": ""Adventure""}, {""id"": 18, ""name"": ""Drama""}, {""id"": 10749, ""name"": ""Romance""}]",en,19.143321,5.9,311,Released,Action,1,1,2.320007909090909
37958,Immortals,75000000,226904017,110.0,2011.0,"[{""id"": 14, ""name"": ""Fantasy""}, {""id"": 28, ""name"": ""Action""}, {""id"": 18, ""name"": ""Drama""}]",en,37.917002,5.7,880,Released,Fantasy,1,1,3.025386893333333
2026,Hostage,52000000,77944725,113.0,2005.0,"[{""id"": 9648, ""name"": ""Mystery""}, {""id"": 18, ""name"": ""Drama""}, {""id"": 53, ""name"": ""Thriller""}, {""id"": 80, ""name"": ""Crime""}]",en,23.663713,6.2,512,Released,Mystery,1,1,1.4989370192307692
7450,Titan A.E.,75000000,36754634,94.0,2000.0,"[{""id"": 16, ""name"": ""Animation""}, {""id"": 28, ""name"": ""Action""}, {""id"": 878, ""name"": ""Science Fiction""}, {""id"": 10751, ""name"": ""Family""}, {""id"": 12, ""name"": ""Adventure""}]",en,14.44381,6.3,313,Released,Animation,1,1,0.49006178666666667
11375,Hollywood Homicide,75000000,51142659,116.0,2003.0,"[{""id"": 28, ""name"": ""Action""}, {""id"": 12, ""name"": ""Adventure""}, {""id"": 35, ""name"": ""Comedy""}, {""id"": 53, ""name"": ""Thriller""}]",en,10.605084,5.0,166,Released,Action,1,1,0.68190212
9425,Soldier,75000000,14567883,99.0,1998.0,"[{""id"": 28, ""name"": ""Action""}, {""id"": 10752, ""name"": ""War""}, {""id"": 878, ""name"": ""Science Fiction""}]",en,11.873856,6.1,221,Released,Action,1,1,0.19423844
23685,Monkeybone,75000000,5409517,93.0,2001.0,"[{""id"": 12, ""name"": ""Adventure""}, {""id"": 14, ""name"": ""Fantasy""}, {""id"": 16, ""name"": ""Animation""}, {""id"": 28, ""name"": ""Action""}, {""id"": 35, ""name"": ""Comedy""}]",en,8.098369,4.3,78,Released,Adventure,1,1,0.07212689333333333
11866,Flight of the Phoenix,45000000,21009180,113.0,2004.0,"[{""id"": 28, ""name"": ""Action""}, {""id"": 12, ""name"": ""Adventure""}, {""id"": 18, ""name"": ""Drama""}, {""id"": 53, ""name"": ""Thriller""}]",en,20.374308,5.7,276,Released,Action,1,1,0.46687066666666666
9741,Unbreakable,75000000,248118121,106.0,2000.0,"[{""id"": 878, ""name"": ""Science Fiction""}, {""id"": 53, ""name"": ""Thriller""}, {""id"": 18, ""name"": ""Drama""}]",en,42.006908,6.9,1946,Released,Science Fiction,1,1,3.308241613333333
211672,Minions,74000000,1156730962,91.0,2015.0,"[{""id"": 10751, ""name"": ""Family""}, {""id"": 16, ""name"": ""Animation""}, {""id"": 12, ""name"": ""Adventure""}, {""id"": 35, ""name"": ""Comedy""}]",en,875.581305,6.4,4571,Released,Family,1,1,15.631499486486486
23629,Sucker Punch,82000000,89792502,110.0,2011.0,"[{""id"": 28, ""name"": ""Action""}, {""id"": 14, ""name"": ""Fantasy""}, {""id"": 53, ""name"": ""Thriller""}]",en,39.127082,5.9,1623,Released,Action,1,1,1.095030512195122
8688,Snake Eyes,73000000,103891409,98.0,1998.0,"[{""id"": 80, ""name"": ""Crime""}, {""id"": 9648, ""name"": ""Mystery""}]",en,20.790703,5.8,327,Released,Crime,1,1,1.4231699863013698
10153,Sphere,75000000,13100000,134.0,1998.0,"[{""id"": 878, ""name"": ""Science Fiction""}]",en,18.65988,5.8,476,Released,Science Fiction,1,1,0.17466666666666666
153518,The Angry Birds Movie,73000000,349779543,97.0,2016.0,"[{""id"": 10751, ""name"": ""Family""}, {""id"": 16, ""name"": ""Animation""}]",en,45.720894,5.9,1022,Released,Family,1,1,4.791500589041096
8676,Fool's Gold,70000000,111231041,112.0,2008.0,"[{""id"": 10749, ""name"": ""Romance""}, {""id"": 35, ""name"": ""Comedy""}, {""id"": 12, ""name"": ""Adventure""}]",en,21.789615,5.4,444,Released,Romance,1,1,1.5890148714285715
20829,Funny People,75000000,61458982,146.0,2009.0,"[{""id"": 35, ""name"": ""Comedy""}, {""id"": 18, ""name"": ""Drama""}]",en,20.199057,5.7,390,Released,Comedy,1,1,0.8194530933333334
4349,The Kingdom,70000000,86658558,110.0,2007.0,"[{""id"": 53, ""name"": ""Thriller""}, {""id"": 28, ""name"": ""Action""}, {""id"": 18, ""name"": ""Drama""}]",en,26.123705,6.5,513,Released,Thriller,1,1,1.2379794
9718,Talladega Nights: The Ballad of Ricky Bobby,72500000,162966177,116.0,2006.0,"[{""id"": 35, ""name"": ""Comedy""}]",en,12.599836,6.2,491,Released,Comedy,1,1,2.2478093379310344
10808,Dr. Dolittle 2,70000000,176104344,87.0,2001.0,"[{""id"": 35, ""name"": ""Comedy""}, {""id"": 10751, ""name"": ""Family""}, {""id"": 10749, ""name"": ""Romance""}, {""id"": 14, ""name"": ""Fantasy""}]",en,13.543053,4.9,410,Released,Comedy,1,1,2.515776342857143
197,Braveheart,72000000,210000000,177.0,1995.0,"[{""id"": 28, ""name"": ""Action""}, {""id"": 18, ""name"": ""Drama""}, {""id"": 36, ""name"": ""History""}, {""id"": 10752, ""name"": ""War""}]",en,60.722162,7.7,3336,Released,Action,1,1,2.9166666666666665
25,Jarhead,72000000,96889998,125.0,2005.0,"[{""id"": 18, ""name"": ""Drama""}, {""id"": 10752, ""name"": ""War""}]",en,32.227223,6.6,765,Released,Drama,1,1,1.3456944166666667
35,The Simpsons Movie,75000000,527068851,87.0,2007.0,"[{""id"": 16, ""name"": ""Animation""}, {""id"": 35, ""name"": ""Comedy""}, {""id"": 10751, ""name"": ""Family""}]",en,46.875375,6.9,2264,Released,Animation,1,1,7.02758468
11086,The Majestic,72000000,37317558,152.0,2001.0,"[{""id"": 18, ""name"": ""Drama""}, {""id"": 10749, ""name"": ""Romance""}]",en,11.215702,6.6,188,Released,Drama,1,1,0.5182994166666667
10477,Driven,94000000,54744738,116.0,2001.0,"[{""id"": 28, ""name"": ""Action""}]",en,8.468586,4.5,179,Released,Action,1,1,0.582390829787234
1997,Two Brothers,74500000,62172050,109.0,2004.0,"[{""id"": 12, ""name"": ""Adventure""}, {""id"": 18, ""name"": ""Drama""}, {""id"": 10751, ""name"": ""Family""}]",en,8.884318,6.9,180,Released,Adventure,1,1,0.8345241610738255
6947,The Village,60000000,256697520,108.0,2004.0,"[{""id"": 18, ""name"": ""Drama""}, {""id"": 9648, ""name"": ""Mystery""}, {""id"": 53, ""name"": ""Thriller""}]",en,27.491891,6.2,1071,Released,Drama,1,1,4.278292
3050,Doctor Dolittle,71000000,294456605,85.0,1998.0,"[{""id"": 35, ""name"": ""Comedy""}, {""id"": 10751, ""name"": ""Family""}, {""id"": 14, ""name"": ""Fantasy""}]",en,21.462935,5.4,686,Released,Comedy,1,1,4.147276126760564
2675,Signs,72000000,408247917,106.0,2002.0,"[{""id"": 18, ""name"": ""Drama""}, {""id"": 53, ""name"": ""Thriller""}, {""id"": 878, ""name"": ""Science Fiction""}, {""id"": 9648, ""name"": ""Mystery""}]",en,28.848187,6.4,1599,Released,Drama,1,1,5.670109958333334
809,Shrek 2,150000000,919838758,93.0,2004.0,"[{""id"": 12, ""name"": ""Adventure""}, {""id"": 16, ""name"": ""Animation""}, {""id"": 35, ""name"": ""Comedy""}, {""id"": 10751, ""name"": ""Family""}, {""id"": 14, ""name"": ""Fantasy""}]",en,47.320801,6.7,2988,Released,Adventure,1,1,6.132258386666667
920,Cars,120000000,461983149,117.0,2006.0,"[{""id"": 16, ""name"": ""Animation""}, {""id"": 12, ""name"": ""Adventure""}, {""id"": 35, ""name"": ""Comedy""}, {""id"": 10751, ""name"": ""Family""}]",en,82.643036,6.6,3877,Released,Animation,1,1,3.849859575
4806,Runaway Bride,70000000,309457509,116.0,1999.0,"[{""id"": 35, ""name"": ""Comedy""}, {""id"": 10749, ""name"": ""Romance""}]",en,20.230535,5.7,455,Released,Comedy,1,1,4.420821557142857
7451,xXx,70000000,277448382,124.0,2002.0,"[{""id"": 28, ""name"": ""Action""}, {""id"": 12, ""name"": ""Adventure""}, {""id"": 53, ""name"": ""Thriller""}]",en,46.217769,5.8,1424,Released,Action,1,1,3.963548314285714
228165,The SpongeBob Movie: Sponge Out of Water,74000000,311594032,93.0,2015.0,"[{""id"": 16, ""name"": ""Animation""}, {""id"": 12, ""name"": ""Adventure""}, {""id"": 35, ""name"": ""Comedy""}, {""id"": 10751, ""name"": ""Family""}]",en,36.952268,5.8,719,Released,Animation,1,1,4.210730162162162
3595,Ransom,80000000,309492681,117.0,1996.0,"[{""id"": 28, ""name"": ""Action""}, {""id"": 53, ""name"": ""Thriller""}]",en,16.411345,6.4,470,Released,Action,1,1,3.8686585125
16869,Inglourious Basterds,70000000,319131050,153.0,2009.0,"[{""id"": 18, ""name"": ""Drama""}, {""id"": 28, ""name"": ""Action""}, {""id"": 53, ""name"": ""Thriller""}, {""id"": 10752, ""name"": ""War""}]",en,72.595961,7.9,6430,Released,Drama,1,1,4.559015
879,Hook,70000000,300854823,144.0,1991.0,"[{""id"": 12, ""name"": ""Adventure""}, {""id"": 14, ""name"": ""Fantasy""}, {""id"": 35, ""name"": ""Comedy""}, {""id"": 10751, ""name"": ""Family""}]",en,33.648404,6.6,1532,Released,Adventure,1,1,4.297926042857143
1573,Die Hard 2,70000000,240031094,124.0,1990.0,"[{""id"": 28, ""name"": ""Action""}, {""id"": 53, ""name"": ""Thriller""}]",en,57.69847,6.6,1896,Released,Action,1,1,3.4290156285714284
9257,S.W.A.T.,80000000,116643346,117.0,2003.0,"[{""id"": 28, ""name"": ""Action""}, {""id"": 53, ""name"": ""Thriller""}, {""id"": 80, ""name"": ""Crime""}]",en,34.052253,5.8,770,Released,Action,1,1,1.458041825
1903,Vanilla Sky,68000000,203388341,136.0,2001.0,"[{""id"": 18, ""name"": ""Drama""}, {""id"": 9648, ""name"": ""Mystery""}, {""id"": 10749, ""name"": ""Romance""}, {""id"": 878, ""name"": ""Science Fiction""}, {""id"": 53, ""name"": ""Thriller""}]",en,27.299301,6.5,1078,Released,Drama,1,1,2.991005014705882
9697,Lady in the Water,75000000,42285169,110.0,2006.0,"[{""id"": 18, ""name"": ""Drama""}, {""id"": 53, ""name"": ""Thriller""}, {""id"": 14, ""name"": ""Fantasy""}, {""id"": 9648, ""name"": ""Mystery""}]",en,20.219385,5.3,409,Released,Drama,1,1,0.5638022533333333
395,AVP: Alien vs. Predator,70000000,171183863,101.0,2004.0,"[{""id"": 12, ""name"": ""Adventure""}, {""id"": 878, ""name"": ""Science Fiction""}, {""id"": 28, ""name"": ""Action""}]",en,42.957216,5.5,1217,Released,Adventure,1,1,2.445483757142857
23398,Alvin and the Chipmunks: The Squeakquel,75000000,443140005,88.0,2009.0,"[{""id"": 35, ""name"": ""Comedy""}, {""id"": 10751, ""name"": ""Family""}, {""id"": 16, ""name"": ""Animation""}, {""id"": 14, ""name"": ""Fantasy""}, {""id"": 10402, ""name"": ""Music""}]",en,29.412262,5.4,666,Released,Comedy,1,1,5.9085334
10590,We Were Soldiers,75000000,114660784,138.0,2002.0,"[{""id"": 28, ""name"": ""Action""}, {""id"": 36, ""name"": ""History""}, {""id"": 10752, ""name"": ""War""}]",en,19.708731,6.7,521,Released,Action,1,1,1.5288104533333333
117263,Olympus Has Fallen,70000000,161025640,120.0,2013.0,"[{""id"": 28, ""name"": ""Action""}, {""id"": 53, ""name"": ""Thriller""}]",en,59.428223,6.2,2981,Released,Action,1,1,2.300366285714286
200,Star Trek: Insurrection,70000000,118000000,103.0,1998.0,"[{""id"": 878, ""name"": ""Science Fiction""}, {""id"": 28, ""name"": ""Action""}, {""id"": 12, ""name"": ""Adventure""}, {""id"": 53, ""name"": ""Thriller""}]",en,19.711951,6.3,391,Released,Science Fiction,1,1,1.6857142857142857
44943,Battle: Los Angeles,70000000,202466756,116.0,2011.0,"[{""id"": 28, ""name"": ""Action""}, {""id"": 878, ""name"": ""Science Fiction""}]",en,49.199234,5.5,1448,Released,Action,1,1,2.8923822285714285
587,Big Fish,70000000,122919055,125.0,2003.0,"[{""id"": 12, ""name"": ""Adventure""}, {""id"": 14, ""name"": ""Fantasy""}, {""id"": 18, ""name"": ""Drama""}]",en,46.199482,7.6,1994,Released,Adventure,1,1,1.7559865
57212,War Horse,66000000,177584879,146.0,2011.0,"[{""id"": 18, ""name"": ""Drama""}, {""id"": 10752, ""name"": ""War""}]",en,29.505574,7.0,992,Released,Drama,1,1,2.690679984848485
152760,The Monuments Men,70000000,154984035,118.0,2014.0,"[{""id"": 10752, ""name"": ""War""}, {""id"": 18, ""name"": ""Drama""}, {""id"": 36, ""name"": ""History""}, {""id"": 28, ""name"": ""Action""}]",en,43.873266,5.8,1523,Released,War,1,1,2.214057642857143
2756,The Abyss,70000000,90000098,139.0,1989.0,"[{""id"": 12, ""name"": ""Adventure""}, {""id"": 28, ""name"": ""Action""}, {""id"": 53, ""name"": ""Thriller""}, {""id"": 878, ""name"": ""Science Fiction""}]",en,24.961625,7.1,808,Released,Adventure,1,1,1.2857156857142857
33909,Wall Street: Money Never Sleeps,70000000,134748021,133.0,2010.0,"[{""id"": 18, ""name"": ""Drama""}, {""id"": 80, ""name"": ""Crime""}]",en,23.25645,5.8,493,Released,Drama,1,1,1.9249717285714285
49017,Dracula Untold,70000000,215529201,92.0,2014.0,"[{""id"": 27, ""name"": ""Horror""}, {""id"": 28, ""name"": ""Action""}, {""id"": 18, ""name"": ""Drama""}, {""id"": 14, ""name"": ""Fantasy""}, {""id"": 10752, ""name"": ""War""}]",en,64.457947,6.2,2389,Released,Horror,1,1,3.078988585714286
9882,The Siege,70000000,116672912,116.0,1998.0,"[{""id"": 18, ""name"": ""Drama""}, {""id"": 28, ""name"": ""Action""}, {""id"": 53, ""name"": ""Thriller""}, {""id"": 80, ""name"": ""Crime""}]",en,20.089933,6.0,352,Released,Drama,1,1,1.6667558857142857
2270,Stardust,70000000,135560026,127.0,2007.0,"[{""id"": 12, ""name"": ""Adventure""}, {""id"": 14, ""name"": ""Fantasy""}, {""id"": 10749, ""name"": ""Romance""}, {""id"": 10751, ""name"": ""Family""}]",en,48.032734,7.1,1184,Released,Adventure,1,1,1.9365718
978,Seven Years in Tibet,70000000,131457682,136.0,1997.0,"[{""id"": 12, ""name"": ""Adventure""}, {""id"": 18, ""name"": ""Drama""}, {""id"": 36, ""name"": ""History""}]",en,16.92991,7.0,630,Released,Adventure,1,1,1.8779668857142857
44564,The Dilemma,70000000,67112664,111.0,2011.0,"[{""id"": 35, ""name"": ""Comedy""}, {""id"": 18, ""name"": ""Drama""}]",en,14.780634,5.2,304,Released,Comedy,1,1,0.9587523428571428
3132,Bad Company,70000000,65977295,116.0,2002.0,"[{""id"": 28, ""name"": ""Action""}, {""id"": 12, ""name"": ""Adventure""}, {""id"": 35, ""name"": ""Comedy""}, {""id"": 53, ""name"": ""Thriller""}]",en,14.086292,5.4,228,Released,Action,1,1,0.9425327857142857
8814,Doom,60000000,55987321,105.0,2005.0,"[{""id"": 12, ""name"": ""Adventure""}, {""id"": 28, ""name"": ""Action""}, {""id"": 27, ""name"": ""Horror""}]",en,29.261348,5.0,609,Released,Adventure,1,1,0.9331220166666667
8427,I Spy,70000000,33561137,97.0,2002.0,"[{""id"": 28, ""name"": ""Action""}, {""id"": 12, ""name"": ""Adventure""}, {""id"": 35, ""name"": ""Comedy""}, {""id"": 53, ""name"": ""Thriller""}]",en,13.267631,5.2,269,Released,Action,1,1,0.4794448142857143
52520,Underworld: Awakening,70000000,160112671,88.0,2012.0,"[{""id"": 14, ""name"": ""Fantasy""}, {""id"": 28, ""name"": ""Action""}, {""id"": 27, ""name"": ""Horror""}]",en,58.401204,6.1,1862,Released,Fantasy,1,1,2.2873238714285713
80585,Rock of Ages,75000000,59418613,123.0,2012.0,"[{""id"": 35, ""name"": ""Comedy""}, {""id"": 18, ""name"": ""Drama""}, {""id"": 10402, ""name"": ""Music""}, {""id"": 10749, ""name"": ""Romance""}]",en,23.515938,6.0,385,Released,Comedy,1,1,0.7922481733333333
10592,Hart's War,70000000,32287044,125.0,2002.0,"[{""id"": 18, ""name"": ""Drama""}, {""id"": 10752, ""name"": ""War""}]",en,14.244518,5.9,241,Released,Drama,1,1,0.4612434857142857
49021,Killer Elite,66000000,57777106,116.0,2011.0,"[{""id"": 28, ""name"": ""Action""}, {""id"": 12, ""name"": ""Adventure""}, {""id"": 53, ""name"": ""Thriller""}]",en,29.501489,6.1,695,Released,Action,1,1,0.875410696969697
10550,Ballistic: Ecks vs. Sever,70000000,19924033,91.0,2002.0,"[{""id"": 28, ""name"": ""Action""}, {""id"": 12, ""name"": ""Adventure""}, {""id"": 53, ""name"": ""Thriller""}]",en,8.37378,4.3,97,Released,Action,1,1,0.28462904285714286
11258,Hard Rain,70000000,19870567,97.0,1998.0,"[{""id"": 53, ""name"": ""Thriller""}]",en,10.930537,5.5,179,Released,Thriller,1,1,0.2838652428571429
12610,Osmosis Jones,75000000,13596911,95.0,2001.0,"[{""id"": 12, ""name"": ""Adventure""}, {""id"": 16, ""name"": ""Animation""}, {""id"": 28, ""name"": ""Action""}, {""id"": 35, ""name"": ""Comedy""}, {""id"": 10751, ""name"": ""Family""}]",en,10.54544,5.9,228,Released,Adventure,1,1,0.18129214666666665
59981,Legends of Oz: Dorothy's Return,70000000,18662027,88.0,2013.0,"[{""id"": 16, ""name"": ""Animation""}, {""id"": 10402, ""name"": ""Music""}, {""id"": 10751, ""name"": ""Family""}]",en,6.682006,5.9,43,Released,Animation,1,1,0.26660038571428574
201088,Blackhat,70000000,17752940,133.0,2015.0,"[{""id"": 80, ""name"": ""Crime""}, {""id"": 18, ""name"": ""Drama""}, {""id"": 9648, ""name"": ""Mystery""}]",en,46.832372,5.1,826,Released,Crime,1,1,0.25361342857142855
5137,Sky Captain and the World of Tomorrow,70000000,57958696,107.0,2004.0,"[{""id"": 9648, ""name"": ""Mystery""}, {""id"": 28, ""name"": ""Action""}, {""id"": 53, ""name"": ""Thriller""}, {""id"": 878, ""name"": ""Science Fiction""}, {""id"": 12, ""name"": ""Adventure""}]",en,24.664776,5.7,439,Released,Mystery,1,1,0.8279813714285714
3093,Basic Instinct 2,70000000,38629478,114.0,2006.0,"[{""id"": 80, ""name"": ""Crime""}, {""id"": 9648, ""name"": ""Mystery""}, {""id"": 53, ""name"": ""Thriller""}]",en,13.483387,4.6,180,Released,Crime,1,1,0.5518496857142857
107846,Escape Plan,50000000,122915111,115.0,2013.0,"[{""id"": 28, ""name"": ""Action""}, {""id"": 53, ""name"": ""Thriller""}]",en,44.478043,6.7,1659,Released,Action,1,1,2.45830222
188207,The Legend of Hercules,70000000,61279452,99.0,2014.0,"[{""id"": 28, ""name"": ""Action""}, {""id"": 12, ""name"": ""Adventure""}]",en,25.020428,4.4,533,Released,Action,1,1,0.8754207428571429
4614,The Sum of All Fears,68000000,193000000,124.0,2002.0,"[{""id"": 53, ""name"": ""Thriller""}, {""id"": 28, ""name"": ""Action""}, {""id"": 18, ""name"": ""Drama""}]",en,22.392544,5.9,437,Released,Thriller,1,1,2.838235294117647
24021,The Twilight Saga: Eclipse,68000000,698491347,124.0,2010.0,"[{""id"": 12, ""name"": ""Adventure""}, {""id"": 14, ""name"": ""Fantasy""}, {""id"": 18, ""name"": ""Drama""}, {""id"": 10749, ""name"": ""Romance""}]",en,107.069763,5.8,2301,Released,Adventure,1,1,10.271931573529411
11371,The Score,68000000,71069884,124.0,2001.0,"[{""id"": 28, ""name"": ""Action""}, {""id"": 80, ""name"": ""Crime""}, {""id"": 53, ""name"": ""Thriller""}]",en,22.572323,6.7,423,Released,Action,1,1,1.0451453529411765
20352,Despicable Me,69000000,543513985,95.0,2010.0,"[{""id"": 16, ""name"": ""Animation""}, {""id"": 10751, ""name"": ""Family""}]",en,113.858273,7.1,6478,Released,Animation,1,1,7.877014275362319
11517,Money Train,60000000,35431113,103.0,1995.0,"[{""id"": 28, ""name"": ""Action""}, {""id"": 35, ""name"": ""Comedy""}, {""id"": 80, ""name"": ""Crime""}]",en,10.004564,5.4,222,Released,Action,1,1,0.59051855
214756,Ted 2,68000000,217022588,115.0,2015.0,"[{""id"": 35, ""name"": ""Comedy""}]",en,68.734513,6.2,2463,Released,Comedy,1,1,3.1915086470588236
26428,Agora,70000000,39041505,127.0,2009.0,"[{""id"": 12, ""name"": ""Adventure""}, {""id"": 18, ""name"": ""Drama""}, {""id"": 36, ""name"": ""History""}]",en,18.888806,6.9,395,Released,Adventure,1,1,0.5577357857142857
9824,Mystery Men,68000000,29762011,121.0,1999.0,"[{""id"": 12, ""name"": ""Adventure""}, {""id"": 14, ""name"": ""Fantasy""}, {""id"": 28, ""name"": ""Action""}, {""id"": 35, ""name"": ""Comedy""}, {""id"": 878, ""name"": ""Science Fiction""}]",en,12.948627,5.7,250,Released,Adventure,1,1,0.4376766323529412
48988,Hall Pass,36000000,83160734,105.0,2011.0,"[{""id"": 35, ""name"": ""Comedy""}]",en,27.11589,5.4,611,Released,Comedy,1,1,2.310020388888889
9008,The Insider,90000000,60289912,157.0,1999.0,"[{""id"": 18, ""name"": ""Drama""}, {""id"": 53, ""name"": ""Thriller""}]",en,26.153669,7.3,481,Released,Drama,1,1,0.6698879111111111
300673,The Finest Hours,80000000,52099090,114.0,2016.0,"[{""id"": 28, ""name"": ""Action""}, {""id"": 18, ""name"": ""Drama""}, {""id"": 36, ""name"": ""History""}, {""id"": 53, ""name"": ""Thriller""}]",en,28.223664,6.3,588,Released,Action,1,1,0.651238625
12113,Body of Lies,70000000,113280098,128.0,2008.0,"[{""id"": 28, ""name"": ""Action""}, {""id"": 18, ""name"": ""Drama""}, {""id"": 53, ""name"": ""Thriller""}]",en,37.507136,6.5,895,Released,Action,1,1,1.6182871142857143
38778,Dinner for Schmucks,69000000,86387857,114.0,2010.0,"[{""id"": 35, ""name"": ""Comedy""}]",en,11.023691,5.5,531,Released,Comedy,1,1,1.2519979275362318
72331,Abraham Lincoln: Vampire Hunter,69000000,112265139,94.0,2012.0,"[{""id"": 28, ""name"": ""Action""}, {""id"": 14, ""name"": ""Fantasy""}, {""id"": 27, ""name"": ""Horror""}]",en,38.634767,5.5,1269,Released,Action,1,1,1.627031
1844,Entrapment,66000000,212404396,112.0,1999.0,"[{""id"": 10749, ""name"": ""Romance""}, {""id"": 18, ""name"": ""Drama""}, {""id"": 9648, ""name"": ""Mystery""}]",en,25.877794,6.0,602,Released,Romance,1,1,3.2182484242424243
846,The X Files,66000000,189198313,121.0,1998.0,"[{""id"": 9648, ""name"": ""Mystery""}, {""id"": 878, ""name"": ""Science Fiction""}, {""id"": 53, ""name"": ""Thriller""}]",en,18.59991,6.6,488,Released,Mystery,1,1,2.866641106060606
9703,The Last Legion,67000000,25303038,102.0,2007.0,"[{""id"": 28, ""name"": ""Action""}, {""id"": 12, ""name"": ""Adventure""}, {""id"": 14, ""name"": ""Fantasy""}, {""id"": 10752, ""name"": ""War""}]",en,12.282911,5.0,207,Released,Action,1,1,0.37765728358208955
857,Saving Private Ryan,70000000,481840909,169.0,1998.0,"[{""id"": 18, ""name"": ""Drama""}, {""id"": 36, ""name"": ""History""}, {""id"": 10752, ""name"": ""War""}]",en,76.041867,7.9,5048,Released,Drama,1,1,6.8834415571428575
136797,Need for Speed,66000000,203277636,130.0,2014.0,"[{""id"": 28, ""name"": ""Action""}, {""id"": 80, ""name"": ""Crime""}, {""id"": 18, ""name"": ""Drama""}, {""id"": 53, ""name"": ""Thriller""}]",en,54.81489,6.1,1520,Released,Action,1,1,3.0799641818181818
3981,What Women Want,70000000,374111707,127.0,2000.0,"[{""id"": 35, ""name"": ""Comedy""}, {""id"": 10749, ""name"": ""Romance""}]",en,31.39165,6.1,992,Released,Comedy,1,1,5.344452957142857
425,Ice Age,59000000,383257136,81.0,2002.0,"[{""id"": 16, ""name"": ""Animation""}, {""id"": 35, ""name"": ""Comedy""}, {""id"": 10751, ""name"": ""Family""}, {""id"": 12, ""name"": ""Adventure""}]",en,99.561972,7.1,3857,Released,Animation,1,1,6.495883661016949
6171,Dreamcatcher,68000000,75715436,136.0,2003.0,"[{""id"": 18, ""name"": ""Drama""}, {""id"": 27, ""name"": ""Horror""}, {""id"": 878, ""name"": ""Science Fiction""}, {""id"": 53, ""name"": ""Thriller""}]",en,26.792794,5.3,567,Released,Drama,1,1,1.113462294117647
72976,Lincoln,65000000,275293450,149.0,2012.0,"[{""id"": 36, ""name"": ""History""}, {""id"": 18, ""name"": ""Drama""}]",en,36.307296,6.7,1429,Released,History,1,1,4.2352838461538465
603,The Matrix,63000000,463517383,136.0,1999.0,"[{""id"": 28, ""name"": ""Action""}, {""id"": 878, ""name"": ""Science Fiction""}]",en,104.309993,7.9,8907,Released,Action,1,1,7.357418777777778
568,Apollo 13,52000000,355237933,140.0,1995.0,"[{""id"": 18, ""name"": ""Drama""}]",en,68.140214,7.3,1599,Released,Drama,1,1,6.831498711538462
9021,The Santa Clause 2,65000000,172855065,104.0,2002.0,"[{""id"": 14, ""name"": ""Fantasy""}, {""id"": 35, ""name"": ""Comedy""}, {""id"": 10751, ""name"": ""Family""}]",en,14.646884,5.5,297,Released,Fantasy,1,1,2.6593086923076923
82695,Les Misérables,61000000,441809770,157.0,2012.0,"[{""id"": 18, ""name"": ""Drama""}, {""id"": 10402, ""name"": ""Music""}, {""id"": 10749, ""name"": ""Romance""}]",en,48.356214,7.1,1884,Released,Drama,1,1,7.242783114754098
9489,You've Got Mail,65000000,250821495,119.0,1998.0,"[{""id"": 35, ""name"": ""Comedy""}, {""id"": 10749, ""name"": ""Romance""}]",en,28.540267,6.3,838,Released,Comedy,1,1,3.8587922307692306
12133,Step Brothers,65000000,128107642,98.0,2008.0,"[{""id"": 35, ""name"": ""Comedy""}]",en,22.977983,6.5,1062,Released,Comedy,1,1,1.9708868
9342,The Mask of Zorro,95000000,250288523,136.0,1998.0,"[{""id"": 28, ""name"": ""Action""}, {""id"": 12, ""name"": ""Adventure""}]",en,31.086791,6.3,1183,Released,Action,1,1,2.6346160315789473
41733,Due Date,65000000,211780824,95.0,2010.0,"[{""id"": 35, ""name"": ""Comedy""}, {""id"": 18, ""name"": ""Drama""}]",en,43.865294,6.2,1685,Released,Comedy,1,1,3.2581665230769232
227306,Unbroken,65000000,163442937,137.0,2014.0,"[{""id"": 18, ""name"": ""Drama""}, {""id"": 10752, ""name"": ""War""}]",en,43.055253,7.3,1400,Released,Drama,1,1,2.514506723076923
5551,Space Cowboys,65000000,128884132,130.0,2000.0,"[{""id"": 28, ""name"": ""Action""}, {""id"": 12, ""name"": ""Adventure""}, {""id"": 53, ""name"": ""Thriller""}]",en,15.772081,6.3,403,Released,Action,1,1,1.9828328
9350,Cliffhanger,70000000,255000211,112.0,1993.0,"[{""id"": 28, ""name"": ""Action""}, {""id"": 12, ""name"": ""Adventure""}, {""id"": 53, ""name"": ""Thriller""}]",en,26.19909,6.1,588,Released,Action,1,1,3.642860157142857
9208,Broken Arrow,50000000,150270147,108.0,1996.0,"[{""id"": 28, ""name"": ""Action""}, {""id"": 12, ""name"": ""Adventure""}, {""id"": 18, ""name"": ""Drama""}, {""id"": 53, ""name"": ""Thriller""}]",en,22.769108,5.7,453,Released,Action,1,1,3.00540294
4244,The Kid,65000000,69700000,104.0,2000.0,"[{""id"": 14, ""name"": ""Fantasy""}, {""id"": 35, ""name"": ""Comedy""}, {""id"": 10751, ""name"": ""Family""}]",en,18.281798,6.0,238,Released,Fantasy,1,1,1.0723076923076924
1852,World Trade Center,63000000,162945894,128.0,2006.0,"[{""id"": 18, ""name"": ""Drama""}, {""id"": 36, ""name"": ""History""}, {""id"": 53, ""name"": ""Thriller""}]",en,24.697533,5.9,447,Released,Drama,1,1,2.586442761904762
76493,The Dictator,65000000,179379533,83.0,2012.0,"[{""id"": 35, ""name"": ""Comedy""}]",en,31.349143,5.9,1743,Released,Comedy,1,1,2.759685123076923
345,Eyes Wide Shut,65000000,162091208,159.0,1999.0,"[{""id"": 9648, ""name"": ""Mystery""}, {""id"": 18, ""name"": ""Drama""}]",en,27.870312,7.1,1234,Released,Mystery,1,1,2.4937108923076923
196867,Annie,65000000,133821816,119.0,2014.0,"[{""id"": 35, ""name"": ""Comedy""}, {""id"": 18, ""name"": ""Drama""}, {""id"": 10751, ""name"": ""Family""}]",en,33.439187,6.0,466,Released,Comedy,1,1,2.058797169230769
256591,Focus,50100000,153962963,105.0,2015.0,"[{""id"": 10749, ""name"": ""Romance""}, {""id"": 35, ""name"": ""Comedy""}, {""id"": 80, ""name"": ""Crime""}, {""id"": 18, ""name"": ""Drama""}]",en,59.634029,6.7,2542,Released,Romance,1,1,3.0731130339321355
59962,This Means War,65000000,156974557,103.0,2012.0,"[{""id"": 28, ""name"": ""Action""}, {""id"": 35, ""name"": ""Comedy""}, {""id"": 10749, ""name"": ""Romance""}]",en,38.994297,5.9,1389,Released,Action,1,1,2.4149931846153847
36648,Blade: Trinity,65000000,128905366,123.0,2004.0,"[{""id"": 878, ""name"": ""Science Fiction""}, {""id"": 28, ""name"": ""Action""}, {""id"": 27, ""name"": ""Horror""}, {""id"": 53, ""name"": ""Thriller""}, {""id"": 12, ""name"": ""Adventure""}, {""id"": 14, ""name"": ""Fantasy""}]",en,49.660055,5.7,1252,Released,Science Fiction,1,1,1.983159476923077
1880,Red Dawn,4200000,38376497,114.0,1984.0,"[{""id"": 28, ""name"": ""Action""}, {""id"": 53, ""name"": ""Thriller""}]",en,11.743085,6.4,215,Released,Action,1,1,9.13726119047619
71679,Resident Evil: Retribution,65000000,240159255,95.0,2012.0,"[{""id"": 28, ""name"": ""Action""}, {""id"": 27, ""name"": ""Horror""}, {""id"": 878, ""name"": ""Science Fiction""}]",en,6.227675,5.6,1600,Released,Action,1,1,3.6947577692307694
10483,Death Race,45000000,73762516,105.0,2008.0,"[{""id"": 28, ""name"": ""Action""}, {""id"": 53, ""name"": ""Thriller""}, {""id"": 878, ""name"": ""Science Fiction""}]",en,42.57877,6.0,1175,Released,Action,1,1,1.6391670222222223
11412,The Long Kiss Goodnight,65000000,89456761,120.0,1996.0,"[{""id"": 80, ""name"": ""Crime""}, {""id"": 28, ""name"": ""Action""}, {""id"": 9648, ""name"": ""Mystery""}, {""id"": 53, ""name"": ""Thriller""}]",en,15.858629,6.5,314,Released,Crime,1,1,1.3762578615384615
6795,Zathura: A Space Adventure,65000000,64321501,101.0,2005.0,"[{""id"": 10751, ""name"": ""Family""}, {""id"": 14, ""name"": ""Fantasy""}, {""id"": 878, ""name"": ""Science Fiction""}, {""id"": 12, ""name"": ""Adventure""}]",en,15.194239,6.1,779,Released,Family,1,1,0.9895615538461539
550,Fight Club,63000000,100853753,139.0,1999.0,"[{""id"": 18, ""name"": ""Drama""}]",en,146.757391,8.3,9413,Released,Drama,1,1,1.6008532222222223
11170,We Are Marshall,65000000,43545364,124.0,2006.0,"[{""id"": 18, ""name"": ""Drama""}]",en,8.629665,6.7,186,Released,Drama,1,1,0.6699286769230769
9292,Hudson Hawk,65000000,17218080,100.0,1991.0,"[{""id"": 28, ""name"": ""Action""}, {""id"": 12, ""name"": ""Adventure""}, {""id"": 35, ""name"": ""Comedy""}]",en,16.803457,5.4,269,Released,Action,1,1,0.26489353846153846
100241,"I, Frankenstein",65000000,71154592,92.0,2014.0,"[{""id"": 27, ""name"": ""Horror""}, {""id"": 53, ""name"": ""Thriller""}]",en,31.324734,5.0,687,Released,Horror,1,1,1.0946860307692308
257,Oliver Twist,50000000,42093706,130.0,2005.0,"[{""id"": 80, ""name"": ""Crime""}, {""id"": 18, ""name"": ""Drama""}, {""id"": 10751, ""name"": ""Family""}]",en,20.415572,6.7,274,Released,Crime,1,1,0.84187412
9947,Elektra,43000000,56681566,97.0,2005.0,"[{""id"": 28, ""name"": ""Action""}, {""id"": 14, ""name"": ""Fantasy""}]",en,28.613892,4.8,575,Released,Action,1,1,1.3181759534883721
189,Sin City: A Dame to Kill For,65000000,39407616,102.0,2014.0,"[{""id"": 80, ""name"": ""Crime""}, {""id"": 53, ""name"": ""Thriller""}]",en,85.428395,6.3,1286,Released,Crime,1,1,0.6062710153846154
12618,Random Hearts,64000000,74608570,133.0,1999.0,"[{""id"": 18, ""name"": ""Drama""}, {""id"": 10749, ""name"": ""Romance""}]",en,4.137237,5.3,63,Released,Drama,1,1,1.16575890625
253412,Everest,55000000,203427584,121.0,2015.0,"[{""id"": 12, ""name"": ""Adventure""}, {""id"": 18, ""name"": ""Drama""}]",en,60.246978,6.7,1772,Released,Adventure,1,1,3.6986833454545454
1427,Perfume: The Story of a Murderer,50000000,132180323,147.0,2006.0,"[{""id"": 80, ""name"": ""Crime""}, {""id"": 14, ""name"": ""Fantasy""}, {""id"": 18, ""name"": ""Drama""}]",en,42.551902,7.1,1165,Released,Crime,1,1,2.64360646
818,Austin Powers in Goldmember,63000000,296655431,94.0,2002.0,"[{""id"": 35, ""name"": ""Comedy""}, {""id"": 80, ""name"": ""Crime""}, {""id"": 878, ""name"": ""Science Fiction""}]",en,40.137264,5.9,979,Released,Comedy,1,1,4.7088163650793655
16577,Astro Boy,65000000,44091067,94.0,2009.0,"[{""id"": 16, ""name"": ""Animation""}, {""id"": 28, ""name"": ""Action""}, {""id"": 10751, ""name"": ""Family""}, {""id"": 878, ""name"": ""Science Fiction""}]",en,24.857079,6.1,409,Released,Animation,1,1,0.6783241076923077
329,Jurassic Park,63000000,920100000,127.0,1993.0,"[{""id"": 12, ""name"": ""Adventure""}, {""id"": 878, ""name"": ""Science Fiction""}]",en,40.413191,7.6,4856,Released,Adventure,1,1,14.604761904761904
12160,Wyatt Earp,63000000,25052000,191.0,1994.0,"[{""id"": 18, ""name"": ""Drama""}, {""id"": 28, ""name"": ""Action""}, {""id"": 37, ""name"": ""Western""}]",en,13.859307,6.5,202,Released,Drama,1,1,0.39765079365079364
9331,Clear and Present Danger,62000000,215887717,141.0,1994.0,"[{""id"": 28, ""name"": ""Action""}, {""id"": 18, ""name"": ""Drama""}, {""id"": 53, ""name"": ""Thriller""}]",en,18.832471,6.4,386,Released,Action,1,1,3.482059951612903
300168,Dragon Blade,65000000,121545703,127.0,2015.0,"[{""id"": 28, ""name"": ""Action""}, {""id"": 18, ""name"": ""Drama""}, {""id"": 12, ""name"": ""Adventure""}]",zh,9.568884,5.9,145,Released,Action,1,1,1.8699338923076922
9072,Little Man,64000000,101595121,98.0,2006.0,"[{""id"": 35, ""name"": ""Comedy""}, {""id"": 80, ""name"": ""Crime""}]",en,12.421504,5.3,261,Released,Comedy,1,1,1.587423765625
3536,U-571,62000000,127666415,116.0,2000.0,"[{""id"": 28, ""name"": ""Action""}, {""id"": 18, ""name"": ""Drama""}, {""id"": 53, ""name"": ""Thriller""}, {""id"": 10752, ""name"": ""War""}]",en,18.096884,6.1,340,Released,Action,1,1,2.0591357258064518
9087,The American President,62000000,107879496,106.0,1995.0,"[{""id"": 35, ""name"": ""Comedy""}, {""id"": 18, ""name"": ""Drama""}, {""id"": 10749, ""name"": ""Romance""}]",en,11.056763,6.5,195,Released,Comedy,1,1,1.739991870967742
12177,The Love Guru,62000000,41819064,87.0,2008.0,"[{""id"": 35, ""name"": ""Comedy""}, {""id"": 10749, ""name"": ""Romance""}]",en,13.218008,4.3,242,Released,Comedy,1,1,0.6745010322580646
12138,3000 Miles to Graceland,62000000,18720175,125.0,2001.0,"[{""id"": 28, ""name"": ""Action""}, {""id"": 12, ""name"": ""Adventure""}, {""id"": 35, ""name"": ""Comedy""}, {""id"": 53, ""name"": ""Thriller""}, {""id"": 80, ""name"": ""Crime""}]",en,11.262655,5.8,178,Released,Action,1,1,0.3019383064516129
273248,The Hateful Eight,44000000,155760117,167.0,2015.0,"[{""id"": 80, ""name"": ""Crime""}, {""id"": 18, ""name"": ""Drama""}, {""id"": 9648, ""name"": ""Mystery""}, {""id"": 37, ""name"": ""Western""}]",en,68.717016,7.6,4274,Released,Crime,1,1,3.5400026590909093
50359,Hop,63000000,183953723,95.0,2011.0,"[{""id"": 16, ""name"": ""Animation""}, {""id"": 35, ""name"": ""Comedy""}, {""id"": 10751, ""name"": ""Family""}]",en,16.791058,5.5,331,Released,Animation,1,1,2.919900365079365
1271,300,65000000,422610419,117.0,2006.0,"[{""id"": 28, ""name"": ""Action""}, {""id"": 12, ""name"": ""Adventure""}, {""id"": 10752, ""name"": ""War""}]",en,65.197968,7.0,4997,Released,Action,1,1,6.501698753846154
693,Meet the Fockers,80000000,516642939,115.0,2004.0,"[{""id"": 35, ""name"": ""Comedy""}, {""id"": 10749, ""name"": ""Romance""}]",en,32.829538,6.1,1373,Released,Comedy,1,1,6.4580367375
14306,Marley & Me,60000000,244082376,115.0,2008.0,"[{""id"": 35, ""name"": ""Comedy""}, {""id"": 10751, ""name"": ""Family""}]",en,30.951203,6.9,1343,Released,Comedy,1,1,4.0680396
497,The Green Mile,60000000,284600000,189.0,1999.0,"[{""id"": 14, ""name"": ""Fantasy""}, {""id"": 18, ""name"": ""Drama""}, {""id"": 80, ""name"": ""Crime""}]",en,103.698022,8.2,4048,Released,Fantasy,1,1,4.743333333333333
9982,Chicken Little,150000000,314432665,81.0,2005.0,"[{""id"": 16, ""name"": ""Animation""}, {""id"": 10751, ""name"": ""Family""}, {""id"": 35, ""name"": ""Comedy""}]",en,47.973995,5.6,944,Released,Animation,1,1,2.096217766666667
210577,Gone Girl,61000000,369330363,145.0,2014.0,"[{""id"": 9648, ""name"": ""Mystery""}, {""id"": 53, ""name"": ""Thriller""}, {""id"": 18, ""name"": ""Drama""}]",en,143.041543,7.9,5862,Released,Mystery,1,1,6.054596114754099
2501,The Bourne Identity,60000000,214034224,119.0,2002.0,"[{""id"": 28, ""name"": ""Action""}, {""id"": 18, ""name"": ""Drama""}, {""id"": 9648, ""name"": ""Mystery""}, {""id"": 53, ""name"": ""Thriller""}]",en,86.476817,7.3,3583,Released,Action,1,1,3.567237066666667
710,GoldenEye,58000000,352194034,130.0,1995.0,"[{""id"": 12, ""name"": ""Adventure""}, {""id"": 28, ""name"": ""Action""}, {""id"": 53, ""name"": ""Thriller""}]",en,59.824565,6.6,1174,Released,Adventure,1,1,6.072310931034483
2275,The General's Daughter,60000000,149705852,116.0,1999.0,"[{""id"": 80, ""name"": ""Crime""}, {""id"": 18, ""name"": ""Drama""}, {""id"": 9648, ""name"": ""Mystery""}, {""id"": 53, ""name"": ""Thriller""}]",en,18.345613,6.1,205,Released,Crime,1,1,2.4950975333333334
37165,The Truman Show,60000000,264118201,103.0,1998.0,"[{""id"": 35, ""name"": ""Comedy""}, {""id"": 18, ""name"": ""Drama""}]",en,56.488027,7.8,4537,Released,Comedy,1,1,4.401970016666667
9837,The Prince of Egypt,70000000,218613188,99.0,1998.0,"[{""id"": 12, ""name"": ""Adventure""}, {""id"": 16, ""name"": ""Animation""}, {""id"": 18, ""name"": ""Drama""}, {""id"": 10751, ""name"": ""Family""}, {""id"": 10402, ""name"": ""Music""}]",en,29.464852,6.8,817,Released,Adventure,1,1,3.1230455428571426
10708,Daddy Day Care,60000000,164433867,92.0,2003.0,"[{""id"": 35, ""name"": ""Comedy""}, {""id"": 10751, ""name"": ""Family""}]",en,18.106021,5.6,506,Released,Comedy,1,1,2.74056445
136400,2 Guns,61000000,131940411,109.0,2013.0,"[{""id"": 28, ""name"": ""Action""}, {""id"": 35, ""name"": ""Comedy""}, {""id"": 80, ""name"": ""Crime""}]",en,42.881415,6.6,1589,Released,Action,1,1,2.162957557377049
10992,Cats & Dogs,60000000,93375151,87.0,2001.0,"[{""id"": 35, ""name"": ""Comedy""}, {""id"": 10751, ""name"": ""Family""}]",en,18.735024,5.0,352,Released,Comedy,1,1,1.5562525166666668
9654,The Italian Job,60000000,176070171,110.0,2003.0,"[{""id"": 28, ""name"": ""Action""}, {""id"": 80, ""name"": ""Crime""}]",en,62.766854,6.6,1919,Released,Action,1,1,2.93450285
2642,Two Weeks Notice,60000000,93354918,101.0,2002.0,"[{""id"": 10749, ""name"": ""Romance""}, {""id"": 35, ""name"": ""Comedy""}]",en,24.153567,5.9,487,Released,Romance,1,1,1.5559153
8916,Antz,60000000,171757863,83.0,1998.0,"[{""id"": 12, ""name"": ""Adventure""}, {""id"": 16, ""name"": ""Animation""}, {""id"": 35, ""name"": ""Comedy""}, {""id"": 10751, ""name"": ""Family""}]",en,41.515702,6.0,1272,Released,Adventure,1,1,2.86263105
19899,Couples Retreat,70000000,171844840,113.0,2009.0,"[{""id"": 35, ""name"": ""Comedy""}, {""id"": 10749, ""name"": ""Romance""}]",en,26.676487,5.3,588,Released,Comedy,1,1,2.4549262857142855
2119,Days of Thunder,60000000,157920733,107.0,1990.0,"[{""id"": 12, ""name"": ""Adventure""}]",en,16.278022,5.9,353,Released,Adventure,1,1,2.632012216666667
9641,Cheaper by the Dozen 2,60000000,129181830,94.0,2005.0,"[{""id"": 35, ""name"": ""Comedy""}]",en,18.831023,5.7,526,Released,Comedy,1,1,2.1530305
294254,Maze Runner: The Scorch Trials,61000000,311256926,132.0,2015.0,"[{""id"": 28, ""name"": ""Action""}]",en,113.161483,6.4,3040,Released,Action,1,1,5.102572557377049
38167,Eat Pray Love,60000000,204594016,133.0,2010.0,"[{""id"": 18, ""name"": ""Drama""}]",en,28.800112,5.8,636,Released,Drama,1,1,3.4099002666666665
39514,RED,58000000,71664962,111.0,2010.0,"[{""id"": 28, ""name"": ""Action""}, {""id"": 12, ""name"": ""Adventure""}, {""id"": 35, ""name"": ""Comedy""}, {""id"": 80, ""name"": ""Crime""}, {""id"": 53, ""name"": ""Thriller""}]",en,41.430245,6.6,2808,Released,Action,1,1,1.2356027931034483
9563,Any Given Sunday,55000000,100230832,163.0,1999.0,"[{""id"": 18, ""name"": ""Drama""}]",en,23.127561,6.8,422,Released,Drama,1,1,1.8223787636363635
547,The Horse Whisperer,60000000,186883563,170.0,1998.0,"[{""id"": 18, ""name"": ""Drama""}, {""id"": 10749, ""name"": ""Romance""}]",en,12.867352,6.7,292,Released,Drama,1,1,3.11472605
1538,Collateral,65000000,217764291,120.0,2004.0,"[{""id"": 18, ""name"": ""Drama""}, {""id"": 80, ""name"": ""Crime""}, {""id"": 53, ""name"": ""Thriller""}]",en,44.815022,7.0,1451,Released,Drama,1,1,3.3502198615384615
9334,The Scorpion King,60000000,165333180,92.0,2002.0,"[{""id"": 28, ""name"": ""Action""}, {""id"": 14, ""name"": ""Fantasy""}, {""id"": 12, ""name"": ""Adventure""}]",en,37.537093,5.3,779,Released,Action,1,1,2.755553
11128,Ladder 49,60000000,74541707,115.0,2004.0,"[{""id"": 18, ""name"": ""Drama""}, {""id"": 28, ""name"": ""Action""}, {""id"": 53, ""name"": ""Thriller""}]",en,10.99991,6.2,207,Released,Drama,1,1,1.2423617833333334
75780,Jack Reacher,60000000,218340595,130.0,2012.0,"[{""id"": 80, ""name"": ""Crime""}, {""id"": 18, ""name"": ""Drama""}, {""id"": 53, ""name"": ""Thriller""}]",en,56.868399,6.3,2998,Released,Crime,1,1,3.6390099166666667
8914,Deep Blue Sea,60000000,73648228,105.0,1999.0,"[{""id"": 28, ""name"": ""Action""}, {""id"": 878, ""name"": ""Science Fiction""}, {""id"": 53, ""name"": ""Thriller""}]",en,22.991269,5.6,604,Released,Action,1,1,1.2274704666666667
39538,Contagion,60000000,137551594,106.0,2011.0,"[{""id"": 18, ""name"": ""Drama""}, {""id"": 53, ""name"": ""Thriller""}, {""id"": 878, ""name"": ""Science Fiction""}]",en,38.820858,6.2,1325,Released,Drama,1,1,2.2925265666666665
14836,Coraline,60000000,124596398,100.0,2009.0,"[{""id"": 16, ""name"": ""Animation""}, {""id"": 10751, ""name"": ""Family""}]",en,51.146047,7.3,1386,Released,Animation,1,1,2.0766066333333333
8645,The Happening,60000000,163403799,91.0,2008.0,"[{""id"": 53, ""name"": ""Thriller""}, {""id"": 878, ""name"": ""Science Fiction""}]",en,20.501582,4.9,950,Released,Thriller,1,1,2.72339665
9509,Man on Fire,70000000,130293714,146.0,2004.0,"[{""id"": 28, ""name"": ""Action""}, {""id"": 18, ""name"": ""Drama""}, {""id"": 53, ""name"": ""Thriller""}, {""id"": 80, ""name"": ""Crime""}]",en,45.299089,7.3,1553,Released,Action,1,1,1.8613387714285714
10067,The Shaggy Dog,50000000,61112916,98.0,2006.0,"[{""id"": 35, ""name"": ""Comedy""}, {""id"": 10751, ""name"": ""Family""}]",en,4.280619,4.5,137,Released,Comedy,1,1,1.22225832
9384,Starsky & Hutch,60000000,170268750,101.0,2004.0,"[{""id"": 35, ""name"": ""Comedy""}, {""id"": 80, ""name"": ""Crime""}]",en,28.848842,5.6,644,Released,Comedy,1,1,2.8378125
9279,Jingle All the Way,60000000,129832389,89.0,1996.0,"[{""id"": 10751, ""name"": ""Family""}, {""id"": 35, ""name"": ""Comedy""}]",en,22.501041,5.5,575,Released,Family,1,1,2.16387315
1487,Hellboy,66000000,99318987,122.0,2004.0,"[{""id"": 14, ""name"": ""Fantasy""}, {""id"": 28, ""name"": ""Action""}, {""id"": 878, ""name"": ""Science Fiction""}]",en,47.479755,6.5,2225,Released,Fantasy,1,1,1.5048331363636365
9422,A Civil Action,70000000,56702901,115.0,1998.0,"[{""id"": 18, ""name"": ""Drama""}]",en,10.147321,6.1,109,Released,Drama,1,1,0.8100414428571429
77174,ParaNorman,60000000,107139399,90.0,2012.0,"[{""id"": 10751, ""name"": ""Family""}, {""id"": 16, ""name"": ""Animation""}, {""id"": 12, ""name"": ""Adventure""}, {""id"": 35, ""name"": ""Comedy""}]",en,39.539045,6.7,789,Released,Family,1,1,1.78565665
4824,The Jackal,60000000,159330280,124.0,1997.0,"[{""id"": 28, ""name"": ""Action""}, {""id"": 53, ""name"": ""Thriller""}, {""id"": 12, ""name"": ""Adventure""}, {""id"": 80, ""name"": ""Crime""}]",en,19.747459,6.1,527,Released,Action,1,1,2.655504666666667
9620,Paycheck,60000000,96269812,119.0,2003.0,"[{""id"": 28, ""name"": ""Action""}, {""id"": 12, ""name"": ""Adventure""}, {""id"": 9648, ""name"": ""Mystery""}, {""id"": 878, ""name"": ""Science Fiction""}, {""id"": 53, ""name"": ""Thriller""}]",en,29.018826,5.9,581,Released,Action,1,1,1.6044968666666666
10199,The Tale of Despereaux,60000000,50877145,93.0,2008.0,"[{""id"": 12, ""name"": ""Adventure""}, {""id"": 16, ""name"": ""Animation""}, {""id"": 10751, ""name"": ""Family""}]",en,16.493576,5.8,258,Released,Adventure,1,1,0.8479524166666667
3512,Under Siege 2: Dark Territory,60000000,104324083,100.0,1995.0,"[{""id"": 28, ""name"": ""Action""}, {""id"": 53, ""name"": ""Thriller""}]",en,13.080725,5.6,210,Released,Action,1,1,1.7387347166666667
137094,Jack Ryan: Shadow Recruit,60000000,50549107,105.0,2014.0,"[{""id"": 28, ""name"": ""Action""}, {""id"": 18, ""name"": ""Drama""}, {""id"": 53, ""name"": ""Thriller""}]",en,42.538258,5.9,1173,Released,Action,1,1,0.8424851166666667
274479,Joy,60000000,101134059,124.0,2015.0,"[{""id"": 18, ""name"": ""Drama""}, {""id"": 35, ""name"": ""Comedy""}]",en,29.876507,6.4,1581,Released,Drama,1,1,1.68556765
267860,London Has Fallen,60000000,205754447,99.0,2016.0,"[{""id"": 28, ""name"": ""Action""}, {""id"": 80, ""name"": ""Crime""}, {""id"": 53, ""name"": ""Thriller""}]",en,61.849521,5.8,1621,Released,Action,1,1,3.4292407833333334
8078,Alien: Resurrection,70000000,162000000,109.0,1997.0,"[{""id"": 878, ""name"": ""Science Fiction""}, {""id"": 27, ""name"": ""Horror""}, {""id"": 28, ""name"": ""Action""}]",en,37.44963,5.9,1365,Released,Science Fiction,1,1,2.3142857142857145
7485,Shooter,61000000,95696996,124.0,2007.0,"[{""id"": 28, ""name"": ""Action""}, {""id"": 18, ""name"": ""Drama""}, {""id"": 9648, ""name"": ""Mystery""}, {""id"": 53, ""name"": ""Thriller""}, {""id"": 80, ""name"": ""Crime""}]",en,37.378081,6.9,1462,Released,Action,1,1,1.568803213114754
170687,The Boxtrolls,60000000,108255770,97.0,2014.0,"[{""id"": 16, ""name"": ""Animation""}, {""id"": 35, ""name"": ""Comedy""}, {""id"": 10751, ""name"": ""Family""}, {""id"": 14, ""name"": ""Fantasy""}]",en,30.656345,6.6,668,Released,Animation,1,1,1.8042628333333333
6435,Practical Magic,75000000,46683377,104.0,1998.0,"[{""id"": 18, ""name"": ""Drama""}, {""id"": 14, ""name"": ""Fantasy""}, {""id"": 35, ""name"": ""Comedy""}]",en,15.142701,6.3,338,Released,Drama,1,1,0.6224450266666667
137106,The Lego Movie,60000000,469160692,100.0,2014.0,"[{""id"": 12, ""name"": ""Adventure""}, {""id"": 16, ""name"": ""Animation""}, {""id"": 35, ""name"": ""Comedy""}, {""id"": 10751, ""name"": ""Family""}, {""id"": 14, ""name"": ""Fantasy""}]",en,59.547928,7.5,3070,Released,Adventure,1,1,7.8193448666666665
6278,Reign of Fire,60000000,43061982,101.0,2002.0,"[{""id"": 12, ""name"": ""Adventure""}, {""id"": 28, ""name"": ""Action""}, {""id"": 14, ""name"": ""Fantasy""}]",en,27.615108,6.0,669,Released,Adventure,1,1,0.7176997
82682,Gangster Squad,60000000,105200903,113.0,2013.0,"[{""id"": 80, ""name"": ""Crime""}, {""id"": 18, ""name"": ""Drama""}, {""id"": 28, ""name"": ""Action""}, {""id"": 53, ""name"": ""Thriller""}]",en,29.041198,6.2,1778,Released,Crime,1,1,1.7533483833333334
17610,Year One,60000000,62357900,97.0,2009.0,"[{""id"": 35, ""name"": ""Comedy""}, {""id"": 12, ""name"": ""Adventure""}]",en,25.293538,4.6,524,Released,Comedy,1,1,1.0392983333333334
22954,Invictus,60000000,122233971,134.0,2009.0,"[{""id"": 18, ""name"": ""Drama""}, {""id"": 36, ""name"": ""History""}]",en,23.85119,7.0,1125,Released,Drama,1,1,2.03723285
16995,State of Play,60000000,87784194,127.0,2009.0,"[{""id"": 28, ""name"": ""Action""}]",en,21.685719,6.7,484,Released,Action,1,1,1.4630699
16558,Duplicity,78146652,60000000,125.0,2009.0,"[{""id"": 10749, ""name"": ""Romance""}, {""id"": 35, ""name"": ""Comedy""}, {""id"": 80, ""name"": ""Crime""}]",en,13.630049,5.7,201,Released,Romance,1,1,0.7677872111526928
9849,My Favorite Martian,65000000,36850101,94.0,1999.0,"[{""id"": 35, ""name"": ""Comedy""}, {""id"": 18, ""name"": ""Drama""}, {""id"": 10751, ""name"": ""Family""}, {""id"": 878, ""name"": ""Science Fiction""}]",en,6.80692,5.1,80,Released,Comedy,1,1,0.5669246307692307
5820,The Sentinel,60000000,77920346,108.0,2006.0,"[{""id"": 28, ""name"": ""Action""}, {""id"": 53, ""name"": ""Thriller""}, {""id"": 80, ""name"": ""Crime""}]",en,15.352807,5.8,225,Released,Action,1,1,1.2986724333333333
16866,Planet 51,70000000,104945765,91.0,2009.0,"[{""id"": 878, ""name"": ""Science Fiction""}, {""id"": 16, ""name"": ""Animation""}, {""id"": 10751, ""name"": ""Family""}, {""id"": 35, ""name"": ""Comedy""}, {""id"": 12, ""name"": ""Adventure""}]",en,23.661071,5.6,556,Released,Science Fiction,1,1,1.4992252142857143
201,Star Trek: Nemesis,60000000,67312826,117.0,2002.0,"[{""id"": 878, ""name"": ""Science Fiction""}, {""id"": 28, ""name"": ""Action""}, {""id"": 12, ""name"": ""Adventure""}, {""id"": 53, ""name"": ""Thriller""}]",en,21.605533,6.1,479,Released,Science Fiction,1,1,1.1218804333333334
11775,Intolerable Cruelty,60000000,119940815,100.0,2003.0,"[{""id"": 80, ""name"": ""Crime""}, {""id"": 35, ""name"": ""Comedy""}, {""id"": 10749, ""name"": ""Romance""}]",en,22.620125,5.8,391,Released,Crime,1,1,1.9990135833333333
12201,Edge of Darkness,80000000,74901339,117.0,2010.0,"[{""id"": 80, ""name"": ""Crime""}, {""id"": 18, ""name"": ""Drama""}, {""id"": 9648, ""name"": ""Mystery""}, {""id"": 53, ""name"": ""Thriller""}]",en,24.657931,6.2,487,Released,Crime,1,1,0.9362667375
11015,The Relic,60000000,33956608,110.0,1997.0,"[{""id"": 27, ""name"": ""Horror""}, {""id"": 9648, ""name"": ""Mystery""}, {""id"": 53, ""name"": ""Thriller""}]",en,12.621769,5.8,130,Released,Horror,1,1,0.5659434666666666
9932,Analyze That,60000000,55003135,96.0,2002.0,"[{""id"": 35, ""name"": ""Comedy""}, {""id"": 80, ""name"": ""Crime""}]",en,21.08952,5.7,380,Released,Comedy,1,1,0.9167189166666667
13389,Righteous Kill,60000000,73174566,101.0,2008.0,"[{""id"": 28, ""name"": ""Action""}, {""id"": 80, ""name"": ""Crime""}, {""id"": 18, ""name"": ""Drama""}, {""id"": 53, ""name"": ""Thriller""}]",en,18.380176,5.9,375,Released,Action,1,1,1.2195761
17332,The Soloist,60000000,31720158,109.0,2009.0,"[{""id"": 18, ""name"": ""Drama""}]",en,17.299333,6.6,234,Released,Drama,1,1,0.5286693
4958,The Legend of Bagger Vance,80000000,39459427,126.0,2000.0,"[{""id"": 14, ""name"": ""Fantasy""}, {""id"": 18, ""name"": ""Drama""}]",en,16.848899,6.3,251,Released,Fantasy,1,1,0.4932428375
786,Almost Famous,60000000,47383689,122.0,2000.0,"[{""id"": 18, ""name"": ""Drama""}, {""id"": 10402, ""name"": ""Music""}]",en,21.547446,7.4,797,Released,Drama,1,1,0.78972815
11679,xXx: State of the Union,60000000,71073932,101.0,2005.0,"[{""id"": 28, ""name"": ""Action""}, {""id"": 12, ""name"": ""Adventure""}, {""id"": 80, ""name"": ""Crime""}, {""id"": 18, ""name"": ""Drama""}, {""id"": 9648, ""name"": ""Mystery""}, {""id"": 53, ""name"": ""Thriller""}]",en,36.689223,4.7,549,Released,Action,1,1,1.1845655333333334
38321,Priest,60000000,78309131,87.0,2011.0,"[{""id"": 28, ""name"": ""Action""}, {""id"": 878, ""name"": ""Science Fiction""}, {""id"": 14, ""name"": ""Fantasy""}, {""id"": 53, ""name"": ""Thriller""}, {""id"": 27, ""name"": ""Horror""}]",en,28.350927,5.4,692,Released,Action,1,1,1.3051521833333333
14411,Sinbad: Legend of the Seven Seas,60000000,26288320,86.0,2003.0,"[{""id"": 10751, ""name"": ""Family""}, {""id"": 16, ""name"": ""Animation""}, {""id"": 12, ""name"": ""Adventure""}]",en,18.815442,6.6,372,Released,Family,1,1,0.4381386666666667
8413,Event Horizon,60000000,26673242,96.0,1997.0,"[{""id"": 27, ""name"": ""Horror""}, {""id"": 878, ""name"": ""Science Fiction""}, {""id"": 9648, ""name"": ""Mystery""}]",en,29.787135,6.5,742,Released,Horror,1,1,0.4445540333333333
10052,Dragonfly,60000000,52322400,104.0,2002.0,"[{""id"": 18, ""name"": ""Drama""}]",en,8.927137,6.1,204,Released,Drama,1,1,0.87204
9676,The Black Dahlia,50000000,49111202,121.0,2006.0,"[{""id"": 18, ""name"": ""Drama""}]",en,15.213484,5.7,287,Released,Drama,1,1,0.98222404
9664,Flyboys,60000000,17800000,140.0,2006.0,"[{""id"": 28, ""name"": ""Action""}, {""id"": 12, ""name"": ""Adventure""}, {""id"": 18, ""name"": ""Drama""}, {""id"": 36, ""name"": ""History""}, {""id"": 10749, ""name"": ""Romance""}, {""id"": 10752, ""name"": ""War""}]",en,13.155999,6.3,271,Released,Action,1,1,0.2966666666666667
2100,The Last Castle,72000000,27642707,131.0,2001.0,"[{""id"": 28, ""name"": ""Action""}, {""id"": 18, ""name"": ""Drama""}, {""id"": 53, ""name"": ""Thriller""}]",en,15.433244,7.0,285,Released,Action,1,1,0.38392648611111113
10384,Supernova,90000000,14828081,91.0,2000.0,"[{""id"": 27, ""name"": ""Horror""}, {""id"": 878, ""name"": ""Science Fiction""}, {""id"": 53, ""name"": ""Thriller""}]",en,5.762037,4.9,109,Released,Horror,1,1,0.16475645555555554
137321,Winter's Tale,60000000,30800231,118.0,2014.0,"[{""id"": 18, ""name"": ""Drama""}, {""id"": 14, ""name"": ""Fantasy""}, {""id"": 9648, ""name"": ""Mystery""}, {""id"": 10749, ""name"": ""Romance""}]",en,22.736038,6.0,487,Released,Drama,1,1,0.5133371833333333
123553,The Mortal Instruments: City of Bones,60000000,90565421,130.0,2013.0,"[{""id"": 28, ""name"": ""Action""}, {""id"": 12, ""name"": ""Adventure""}, {""id"": 18, ""name"": ""Drama""}, {""id"": 9648, ""name"": ""Mystery""}, {""id"": 10749, ""name"": ""Romance""}, {""id"": 14, ""name"": ""Fantasy""}]",en,45.514031,6.2,1602,Released,Action,1,1,1.5094236833333334
11260,Meet Dave,60000000,50650079,90.0,2008.0,"[{""id"": 35, ""name"": ""Comedy""}, {""id"": 878, ""name"": ""Science Fiction""}, {""id"": 12, ""name"": ""Adventure""}, {""id"": 10751, ""name"": ""Family""}]",en,18.676291,5.0,371,Released,Comedy,1,1,0.8441679833333333
9009,Dark Water,30000000,25473093,105.0,2005.0,"[{""id"": 18, ""name"": ""Drama""}, {""id"": 27, ""name"": ""Horror""}, {""id"": 53, ""name"": ""Thriller""}]",en,14.376463,5.3,274,Released,Drama,1,1,0.8491031
2309,Inkheart,60000000,57490374,106.0,2008.0,"[{""id"": 12, ""name"": ""Adventure""}, {""id"": 10751, ""name"": ""Family""}, {""id"": 14, ""name"": ""Fantasy""}]",en,27.018886,6.0,592,Released,Adventure,1,1,0.9581729
8285,The Spirit,60000000,39031337,103.0,2008.0,"[{""id"": 28, ""name"": ""Action""}, {""id"": 35, ""name"": ""Comedy""}, {""id"": 53, ""name"": ""Thriller""}, {""id"": 80, ""name"": ""Crime""}, {""id"": 878, ""name"": ""Science Fiction""}]",en,14.84856,4.7,320,Released,Action,1,1,0.6505222833333333
210860,Mortdecai,60000000,30418560,106.0,2015.0,"[{""id"": 35, ""name"": ""Comedy""}, {""id"": 12, ""name"": ""Adventure""}]",en,52.417529,5.4,1055,Released,Comedy,1,1,0.506976
381902,The Monkey King 2,68490000,193677158,120.0,2016.0,"[{""id"": 28, ""name"": ""Action""}, {""id"": 12, ""name"": ""Adventure""}, {""id"": 14, ""name"": ""Fantasy""}]",zh,4.72629,6.0,24,Released,Action,1,1,2.8278165863629727
13922,The Great Raid,80000000,10166502,132.0,2005.0,"[{""id"": 28, ""name"": ""Action""}, {""id"": 36, ""name"": ""History""}, {""id"": 10752, ""name"": ""War""}]",en,8.923215,6.8,91,Released,Action,1,1,0.127081275
293660,Deadpool,58000000,783112979,108.0,2016.0,"[{""id"": 28, ""name"": ""Action""}, {""id"": 12, ""name"": ""Adventure""}, {""id"": 35, ""name"": ""Comedy""}]",en,514.569956,7.4,10995,Released,Action,1,1,13.501947913793103
190859,American Sniper,58800000,542307423,133.0,2014.0,"[{""id"": 10752, ""name"": ""War""}, {""id"": 28, ""name"": ""Action""}]",en,87.53437,7.4,4469,Released,War,1,1,9.222915357142858
257445,Goosebumps,58000000,158162788,103.0,2015.0,"[{""id"": 12, ""name"": ""Adventure""}, {""id"": 27, ""name"": ""Horror""}, {""id"": 35, ""name"": ""Comedy""}]",en,45.351617,6.2,995,Released,Adventure,1,1,2.7269446206896553
9007,Just Like Heaven,58000000,102854431,95.0,2005.0,"[{""id"": 35, ""name"": ""Comedy""}, {""id"": 14, ""name"": ""Fantasy""}, {""id"": 10749, ""name"": ""Romance""}]",en,13.43573,6.5,579,Released,Comedy,1,1,1.7733522586206896
889,The Flintstones in Viva Rock Vegas,83000000,59468275,90.0,2000.0,"[{""id"": 878, ""name"": ""Science Fiction""}, {""id"": 35, ""name"": ""Comedy""}, {""id"": 10751, ""name"": ""Family""}, {""id"": 10749, ""name"": ""Romance""}]",en,6.248309,4.4,134,Released,Science Fiction,1,1,0.7164852409638555
1370,Rambo III,63000000,189015611,102.0,1988.0,"[{""id"": 28, ""name"": ""Action""}, {""id"": 12, ""name"": ""Adventure""}, {""id"": 53, ""name"": ""Thriller""}, {""id"": 10752, ""name"": ""War""}]",en,31.294717,5.7,690,Released,Action,1,1,3.000247793650794
4942,Leatherheads,58000000,41299492,114.0,2008.0,"[{""id"": 35, ""name"": ""Comedy""}, {""id"": 10749, ""name"": ""Romance""}, {""id"": 18, ""name"": ""Drama""}]",en,7.739276,5.7,130,Released,Comedy,1,1,0.7120602068965517
24438,Did You Hear About the Morgans?,58000000,85280250,103.0,2009.0,"[{""id"": 35, ""name"": ""Comedy""}]",en,14.403696,5.1,276,Released,Comedy,1,1,1.4703491379310345
116741,The Internship,58000000,44000000,119.0,2013.0,"[{""id"": 35, ""name"": ""Comedy""}]",en,1.551497,6.1,1658,Released,Comedy,1,1,0.7586206896551724
35791,Resident Evil: Afterlife,60000000,300228084,97.0,2010.0,"[{""id"": 28, ""name"": ""Action""}, {""id"": 12, ""name"": ""Adventure""}, {""id"": 27, ""name"": ""Horror""}, {""id"": 878, ""name"": ""Science Fiction""}]",en,2.143764,5.8,1363,Released,Action,1,1,5.0038014
72431,Red Tails,58000000,50365377,125.0,2012.0,"[{""id"": 18, ""name"": ""Drama""}, {""id"": 28, ""name"": ""Action""}, {""id"": 12, ""name"": ""Adventure""}, {""id"": 36, ""name"": ""History""}, {""id"": 10752, ""name"": ""War""}]",en,12.29603,5.9,178,Released,Drama,1,1,0.8683685689655173
1813,The Devil's Advocate,57000000,152944660,144.0,1997.0,"[{""id"": 18, ""name"": ""Drama""}, {""id"": 27, ""name"": ""Horror""}, {""id"": 9648, ""name"": ""Mystery""}, {""id"": 53, ""name"": ""Thriller""}]",en,33.8473,7.2,1374,Released,Drama,1,1,2.683239649122807
87428,That's My Boy,70000000,58058367,116.0,2012.0,"[{""id"": 35, ""name"": ""Comedy""}]",en,21.723897,5.5,453,Released,Comedy,1,1,0.8294052428571429
8840,DragonHeart,57000000,115267375,103.0,1996.0,"[{""id"": 14, ""name"": ""Fantasy""}]",en,31.791979,6.4,535,Released,Fantasy,1,1,2.022234649122807
10589,After the Sunset,60000000,61347797,97.0,2004.0,"[{""id"": 28, ""name"": ""Action""}, {""id"": 35, ""name"": ""Comedy""}, {""id"": 80, ""name"": ""Crime""}, {""id"": 18, ""name"": ""Drama""}]",en,14.113066,6.0,226,Released,Action,1,1,1.0224632833333334
71676,Ghost Rider: Spirit of Vengeance,57000000,149217355,95.0,2011.0,"[{""id"": 28, ""name"": ""Action""}, {""id"": 14, ""name"": ""Fantasy""}, {""id"": 53, ""name"": ""Thriller""}]",en,48.622278,4.7,1135,Released,Action,1,1,2.6178483333333333
1722,Captain Corelli's Mandolin,57000000,62112895,131.0,2001.0,"[{""id"": 18, ""name"": ""Drama""}, {""id"": 36, ""name"": ""History""}, {""id"": 10749, ""name"": ""Romance""}]",en,9.061866,5.5,145,Released,Drama,1,1,1.0896999122807018
10022,The Pacifier,56000000,113006880,95.0,2005.0,"[{""id"": 28, ""name"": ""Action""}, {""id"": 35, ""name"": ""Comedy""}, {""id"": 18, ""name"": ""Drama""}, {""id"": 10751, ""name"": ""Family""}, {""id"": 53, ""name"": ""Thriller""}]",en,35.4763,5.8,842,Released,Action,1,1,2.01798
11358,Walking Tall,56000000,57223890,86.0,2004.0,"[{""id"": 12, ""name"": ""Adventure""}, {""id"": 18, ""name"": ""Drama""}, {""id"": 28, ""name"": ""Action""}, {""id"": 53, ""name"": ""Thriller""}]",en,23.438398,6.0,381,Released,Adventure,1,1,1.0218551785714285
13,Forrest Gump,55000000,677945399,142.0,1994.0,"[{""id"": 35, ""name"": ""Comedy""}, {""id"": 18, ""name"": ""Drama""}, {""id"": 10749, ""name"": ""Romance""}]",en,138.133331,8.2,7927,Released,Comedy,1,1,12.326279981818182
6477,Alvin and the Chipmunks,60000000,361366633,92.0,2007.0,"[{""id"": 35, ""name"": ""Comedy""}, {""id"": 10402, ""name"": ""Music""}, {""id"": 10751, ""name"": ""Family""}, {""id"": 14, ""name"": ""Fantasy""}, {""id"": 16, ""name"": ""Animation""}]",en,47.336034,5.5,1177,Released,Comedy,1,1,6.022777216666666
1597,Meet the Parents,55000000,330444045,108.0,2000.0,"[{""id"": 35, ""name"": ""Comedy""}, {""id"": 10749, ""name"": ""Romance""}]",en,29.97224,6.6,1698,Released,Comedy,1,1,6.008073545454545
10530,Pocahontas,55000000,346079773,81.0,1995.0,"[{""id"": 12, ""name"": ""Adventure""}, {""id"": 16, ""name"": ""Animation""}, {""id"": 18, ""name"": ""Drama""}, {""id"": 10751, ""name"": ""Family""}]",en,47.845589,6.7,1457,Released,Adventure,1,1,6.292359509090909
1924,Superman,55000000,300218018,143.0,1978.0,"[{""id"": 28, ""name"": ""Action""}, {""id"": 12, ""name"": ""Adventure""}, {""id"": 14, ""name"": ""Fantasy""}, {""id"": 878, ""name"": ""Science Fiction""}]",en,48.507081,6.9,1022,Released,Action,1,1,5.458509418181818
9327,The Nutty Professor,54000000,128769345,95.0,1996.0,"[{""id"": 14, ""name"": ""Fantasy""}, {""id"": 35, ""name"": ""Comedy""}, {""id"": 10749, ""name"": ""Romance""}, {""id"": 878, ""name"": ""Science Fiction""}]",en,20.28119,5.4,702,Released,Fantasy,1,1,2.3846175
8488,Hitch,70000000,368100420,118.0,2005.0,"[{""id"": 35, ""name"": ""Comedy""}, {""id"": 18, ""name"": ""Drama""}, {""id"": 10749, ""name"": ""Romance""}]",en,34.576913,6.4,1665,Released,Comedy,1,1,5.258577428571429
8273,American Wedding,55000000,231449203,103.0,2003.0,"[{""id"": 35, ""name"": ""Comedy""}, {""id"": 10749, ""name"": ""Romance""}]",en,36.194802,6.0,1129,Released,Comedy,1,1,4.208167327272728
109424,Captain Phillips,55000000,95000000,134.0,2013.0,"[{""id"": 28, ""name"": ""Action""}, {""id"": 18, ""name"": ""Drama""}, {""id"": 53, ""name"": ""Thriller""}]",en,52.786917,7.6,2454,Released,Action,1,1,1.7272727272727273
35056,Date Night,55000000,152263880,97.0,2010.0,"[{""id"": 35, ""name"": ""Comedy""}]",en,38.06168,5.9,1122,Released,Comedy,1,1,2.768434181818182
8839,Casper,50000000,287928194,100.0,1995.0,"[{""id"": 14, ""name"": ""Fantasy""}, {""id"": 35, ""name"": ""Comedy""}, {""id"": 10751, ""name"": ""Family""}]",en,19.830132,6.0,1019,Released,Fantasy,1,1,5.75856388
156022,The Equalizer,55000000,192330738,132.0,2014.0,"[{""id"": 53, ""name"": ""Thriller""}, {""id"": 28, ""name"": ""Action""}, {""id"": 80, ""name"": ""Crime""}]",en,79.922059,7.1,2954,Released,Thriller,1,1,3.496922509090909
7303,Maid in Manhattan,55000000,154906693,105.0,2002.0,"[{""id"": 35, ""name"": ""Comedy""}, {""id"": 18, ""name"": ""Drama""}, {""id"": 10749, ""name"": ""Romance""}]",en,19.738215,5.6,485,Released,Comedy,1,1,2.8164853272727273
8963,Crimson Tide,53000000,157387195,116.0,1995.0,"[{""id"": 28, ""name"": ""Action""}, {""id"": 53, ""name"": ""Thriller""}, {""id"": 18, ""name"": ""Drama""}]",en,20.334629,7.0,498,Released,Action,1,1,2.969569716981132
1402,The Pursuit of Happyness,55000000,307077295,117.0,2006.0,"[{""id"": 18, ""name"": ""Drama""}]",en,80.581367,7.7,2525,Released,Drama,1,1,5.583223545454546
9315,Flightplan,55000000,223387299,98.0,2005.0,"[{""id"": 53, ""name"": ""Thriller""}, {""id"": 18, ""name"": ""Drama""}, {""id"": 9648, ""name"": ""Mystery""}]",en,32.05145,6.1,772,Released,Thriller,1,1,4.061587254545454
8984,Disclosure,55000000,214015089,123.0,1994.0,"[{""id"": 18, ""name"": ""Drama""}, {""id"": 53, ""name"": ""Thriller""}, {""id"": 80, ""name"": ""Crime""}, {""id"": 9648, ""name"": ""Mystery""}, {""id"": 10749, ""name"": ""Romance""}]",en,15.064058,5.9,210,Released,Drama,1,1,3.891183436363636
795,City of Angels,55000000,198685114,114.0,1998.0,"[{""id"": 18, ""name"": ""Drama""}, {""id"": 14, ""name"": ""Fantasy""}, {""id"": 10749, ""name"": ""Romance""}]",en,21.272734,6.4,529,Released,Drama,1,1,3.612456618181818
24,Kill Bill: Vol. 1,30000000,180949000,111.0,2003.0,"[{""id"": 28, ""name"": ""Action""}, {""id"": 80, ""name"": ""Crime""}]",en,79.754966,7.7,4949,Released,Action,1,1,6.031633333333334
393,Kill Bill: Vol. 2,30000000,152159461,136.0,2004.0,"[{""id"": 28, ""name"": ""Action""}, {""id"": 80, ""name"": ""Crime""}, {""id"": 53, ""name"": ""Thriller""}]",en,50.622607,7.6,3948,Released,Action,1,1,5.071982033333334
9618,Tango & Cash,55000000,63408614,104.0,1989.0,"[{""id"": 28, ""name"": ""Action""}, {""id"": 12, ""name"": ""Adventure""}, {""id"": 35, ""name"": ""Comedy""}]",en,22.787667,6.1,458,Released,Action,1,1,1.1528838909090908
9374,Death Becomes Her,55000000,149022650,104.0,1992.0,"[{""id"": 14, ""name"": ""Fantasy""}, {""id"": 35, ""name"": ""Comedy""}]",en,29.498304,6.3,636,Released,Fantasy,1,1,2.7095027272727275
8584,Shanghai Noon,55000000,56932305,110.0,2000.0,"[{""id"": 12, ""name"": ""Adventure""}, {""id"": 28, ""name"": ""Action""}, {""id"": 35, ""name"": ""Comedy""}, {""id"": 37, ""name"": ""Western""}]",en,25.400935,6.2,735,Released,Adventure,1,1,1.0351328181818182
2320,Executive Decision,55000000,121969216,133.0,1996.0,"[{""id"": 28, ""name"": ""Action""}, {""id"": 12, ""name"": ""Adventure""}, {""id"": 18, ""name"": ""Drama""}, {""id"": 53, ""name"": ""Thriller""}]",en,17.231675,5.8,256,Released,Action,1,1,2.217622109090909
58224,Mr. Popper's Penguins,55000000,187361754,94.0,2011.0,"[{""id"": 35, ""name"": ""Comedy""}, {""id"": 10751, ""name"": ""Family""}]",en,32.835777,5.7,751,Released,Comedy,1,1,3.4065773454545454
1729,The Forbidden Kingdom,55000000,127906624,104.0,2008.0,"[{""id"": 28, ""name"": ""Action""}, {""id"": 12, ""name"": ""Adventure""}, {""id"": 14, ""name"": ""Fantasy""}]",en,17.097041,6.3,461,Released,Action,1,1,2.325574981818182
175574,Free Birds,55000000,110000000,91.0,2013.0,"[{""id"": 16, ""name"": ""Animation""}, {""id"": 35, ""name"": ""Comedy""}, {""id"": 10751, ""name"": ""Family""}]",en,14.414937,5.7,254,Released,Animation,1,1,2.0
8077,Alien³,50000000,159773545,114.0,1992.0,"[{""id"": 878, ""name"": ""Science Fiction""}, {""id"": 28, ""name"": ""Action""}, {""id"": 27, ""name"": ""Horror""}]",en,45.856409,6.2,1633,Released,Science Fiction,1,1,3.1954709
8818,Evita,55000000,141047179,134.0,1996.0,"[{""id"": 36, ""name"": ""History""}, {""id"": 18, ""name"": ""Drama""}, {""id"": 10402, ""name"": ""Music""}]",en,7.027139,5.9,120,Released,History,1,1,2.564494163636364
8195,Ronin,55000000,41610884,122.0,1998.0,"[{""id"": 28, ""name"": ""Action""}, {""id"": 53, ""name"": ""Thriller""}, {""id"": 80, ""name"": ""Crime""}, {""id"": 12, ""name"": ""Adventure""}]",en,32.657488,6.7,658,Released,Action,1,1,0.7565615272727273
10586,The Ghost and the Darkness,50000000,75000000,109.0,1996.0,"[{""id"": 12, ""name"": ""Adventure""}]",en,12.46525,6.4,236,Released,Adventure,1,1,1.5
116149,Paddington,55000000,259207227,95.0,2014.0,"[{""id"": 10751, ""name"": ""Family""}, {""id"": 35, ""name"": ""Comedy""}]",en,39.882276,7.0,883,Released,Family,1,1,4.712858672727273
80035,The Watch,68000000,68267862,98.0,2012.0,"[{""id"": 35, ""name"": ""Comedy""}]",en,39.395881,5.3,881,Released,Comedy,1,1,1.0039391470588235
10632,The Hunted,55000000,34234008,94.0,2003.0,"[{""id"": 18, ""name"": ""Drama""}, {""id"": 28, ""name"": ""Action""}, {""id"": 53, ""name"": ""Thriller""}, {""id"": 80, ""name"": ""Crime""}]",en,8.634954,6.0,189,Released,Drama,1,1,0.6224365090909091
1792,Stuck on You,55000000,33828318,118.0,2003.0,"[{""id"": 35, ""name"": ""Comedy""}]",en,8.802525,5.1,188,Released,Comedy,1,1,0.6150603272727273
72197,The Pirates! In an Adventure with Scientists!,60000000,118338361,88.0,2012.0,"[{""id"": 16, ""name"": ""Animation""}, {""id"": 12, ""name"": ""Adventure""}, {""id"": 10751, ""name"": ""Family""}, {""id"": 35, ""name"": ""Comedy""}]",en,23.700759,6.4,374,Released,Animation,1,1,1.9723060166666666
3580,Changeling,55000000,113020255,141.0,2008.0,"[{""id"": 80, ""name"": ""Crime""}, {""id"": 18, ""name"": ""Drama""}, {""id"": 9648, ""name"": ""Mystery""}]",en,27.50916,7.3,1131,Released,Crime,1,1,2.0549137272727274
12123,Chain Reaction,50000000,60209334,107.0,1996.0,"[{""id"": 28, ""name"": ""Action""}, {""id"": 18, ""name"": ""Drama""}, {""id"": 878, ""name"": ""Science Fiction""}, {""id"": 53, ""name"": ""Thriller""}]",en,20.58862,5.3,284,Released,Action,1,1,1.20418668
9566,The Fan,55000000,18626419,116.0,1996.0,"[{""id"": 18, ""name"": ""Drama""}, {""id"": 9648, ""name"": ""Mystery""}, {""id"": 53, ""name"": ""Thriller""}]",en,4.366488,5.7,194,Released,Drama,1,1,0.33866216363636364
9833,The Phantom of the Opera,70000000,154648887,143.0,2004.0,"[{""id"": 53, ""name"": ""Thriller""}, {""id"": 18, ""name"": ""Drama""}, {""id"": 10749, ""name"": ""Romance""}]",en,18.927463,7.0,438,Released,Thriller,1,1,2.2092698142857143
4517,Elizabeth: The Golden Age,55000000,74237563,114.0,2007.0,"[{""id"": 18, ""name"": ""Drama""}, {""id"": 36, ""name"": ""History""}, {""id"": 10749, ""name"": ""Romance""}]",en,15.274137,6.6,303,Released,Drama,1,1,1.3497738727272728
8202,Æon Flux,62000000,52304001,93.0,2005.0,"[{""id"": 28, ""name"": ""Action""}, {""id"": 878, ""name"": ""Science Fiction""}]",en,29.954302,5.4,703,Released,Action,1,1,0.8436129193548387
16072,Gods and Generals,56000000,12923936,214.0,2003.0,"[{""id"": 18, ""name"": ""Drama""}, {""id"": 36, ""name"": ""History""}, {""id"": 10752, ""name"": ""War""}]",en,4.362535,6.1,48,Released,Drama,1,1,0.23078457142857142
34314,Turbulence,55000000,11466088,100.0,1997.0,"[{""id"": 28, ""name"": ""Action""}, {""id"": 53, ""name"": ""Thriller""}, {""id"": 80, ""name"": ""Crime""}]",en,4.700024,5.2,62,Released,Action,1,1,0.20847432727272727
145220,Muppets Most Wanted,50000000,80383290,112.0,2014.0,"[{""id"": 35, ""name"": ""Comedy""}, {""id"": 12, ""name"": ""Adventure""}, {""id"": 80, ""name"": ""Crime""}, {""id"": 10751, ""name"": ""Family""}]",en,14.808304,6.2,316,Released,Comedy,1,1,1.6076658
14623,Thunderbirds,57000000,28283637,95.0,2004.0,"[{""id"": 28, ""name"": ""Action""}, {""id"": 12, ""name"": ""Adventure""}, {""id"": 35, ""name"": ""Comedy""}, {""id"": 10751, ""name"": ""Family""}, {""id"": 14, ""name"": ""Fantasy""}, {""id"": 878, ""name"": ""Science Fiction""}]",en,9.27875,4.2,91,Released,Action,1,1,0.4962041578947368
42297,Burlesque,55000000,89519773,119.0,2010.0,"[{""id"": 18, ""name"": ""Drama""}, {""id"": 10749, ""name"": ""Romance""}]",en,22.863516,6.9,573,Released,Drama,1,1,1.6276322363636364
802,Lolita,2000000,9250000,153.0,1962.0,"[{""id"": 18, ""name"": ""Drama""}, {""id"": 10749, ""name"": ""Romance""}]",en,23.962109,7.3,395,Released,Drama,1,1,4.625
10375,D-Tox,55000000,6416302,96.0,2002.0,"[{""id"": 28, ""name"": ""Action""}, {""id"": 53, ""name"": ""Thriller""}]",en,12.669778,5.3,123,Released,Action,1,1,0.11666003636363637
36586,Blade II,54000000,155010032,117.0,2002.0,"[{""id"": 14, ""name"": ""Fantasy""}, {""id"": 27, ""name"": ""Horror""}, {""id"": 28, ""name"": ""Action""}, {""id"": 53, ""name"": ""Thriller""}]",en,67.169587,6.2,1528,Released,Fantasy,1,1,2.870556148148148
11321,Seven Pounds,55000000,168167691,123.0,2008.0,"[{""id"": 18, ""name"": ""Drama""}]",en,41.472404,7.5,2039,Released,Drama,1,1,3.057594381818182
70074,Bullet to the Head,55000000,9489829,92.0,2013.0,"[{""id"": 28, ""name"": ""Action""}, {""id"": 80, ""name"": ""Crime""}, {""id"": 53, ""name"": ""Thriller""}]",en,22.503935,5.2,481,Released,Action,1,1,0.17254234545454544
242,The Godfather: Part III,54000000,136766062,162.0,1990.0,"[{""id"": 80, ""name"": ""Crime""}, {""id"": 18, ""name"": ""Drama""}, {""id"": 53, ""name"": ""Thriller""}]",en,59.194915,7.1,1546,Released,Crime,1,1,2.532704851851852
9621,Elizabethtown,57000000,52034889,123.0,2005.0,"[{""id"": 35, ""name"": ""Comedy""}, {""id"": 18, ""name"": ""Drama""}, {""id"": 10749, ""name"": ""Romance""}]",en,22.894898,6.1,327,Released,Comedy,1,1,0.9128927894736842
1819,"You, Me and Dupree",54000000,130431368,108.0,2006.0,"[{""id"": 35, ""name"": ""Comedy""}, {""id"": 10749, ""name"": ""Romance""}]",en,18.600367,5.4,407,Released,Comedy,1,1,2.4153957037037035
8536,Superman II,54000000,190458706,127.0,1980.0,"[{""id"": 28, ""name"": ""Action""}, {""id"": 12, ""name"": ""Adventure""}, {""id"": 14, ""name"": ""Fantasy""}, {""id"": 878, ""name"": ""Science Fiction""}]",en,30.515175,6.5,629,Released,Action,1,1,3.527013074074074
8046,Gigli,54000000,7266209,121.0,2003.0,"[{""id"": 18, ""name"": ""Drama""}]",en,9.053456,3.5,104,Released,Drama,1,1,0.13455942592592593
1717,All the King's Men,55000000,9450897,125.0,2006.0,"[{""id"": 18, ""name"": ""Drama""}, {""id"": 53, ""name"": ""Thriller""}]",en,7.768223,5.7,95,Released,Drama,1,1,0.17183449090909092
479,Shaft,46000000,107196498,99.0,2000.0,"[{""id"": 28, ""name"": ""Action""}, {""id"": 12, ""name"": ""Adventure""}, {""id"": 80, ""name"": ""Crime""}, {""id"": 53, ""name"": ""Thriller""}]",en,19.643365,5.5,308,Released,Action,1,1,2.330358652173913
9444,Anastasia,53000000,139804348,94.0,1997.0,"[{""id"": 16, ""name"": ""Animation""}, {""id"": 10751, ""name"": ""Family""}]",en,45.565918,7.4,1432,Released,Animation,1,1,2.637817886792453
824,Moulin Rouge!,52500000,179213434,127.0,2001.0,"[{""id"": 18, ""name"": ""Drama""}, {""id"": 10402, ""name"": ""Music""}, {""id"": 10749, ""name"": ""Romance""}]",en,57.374341,7.4,1300,Released,Drama,1,1,3.413589219047619
11456,Domestic Disturbance,75000000,54249294,89.0,2001.0,"[{""id"": 9648, ""name"": ""Mystery""}, {""id"": 53, ""name"": ""Thriller""}, {""id"": 80, ""name"": ""Crime""}]",en,8.41856,5.4,113,Released,Mystery,1,1,0.72332392
261023,Black Mass,53000000,98837872,122.0,2015.0,"[{""id"": 80, ""name"": ""Crime""}, {""id"": 18, ""name"": ""Drama""}]",en,46.049902,6.3,1242,Released,Crime,1,1,1.8648655094339623
3683,Flags of Our Fathers,90000000,65900249,132.0,2006.0,"[{""id"": 10752, ""name"": ""War""}, {""id"": 18, ""name"": ""Drama""}, {""id"": 36, ""name"": ""History""}]",en,23.9366,6.7,526,Released,War,1,1,0.7322249888888889
22803,Law Abiding Citizen,53000000,126690726,109.0,2009.0,"[{""id"": 18, ""name"": ""Drama""}, {""id"": 80, ""name"": ""Crime""}, {""id"": 53, ""name"": ""Thriller""}]",en,49.593978,7.2,1486,Released,Drama,1,1,2.3903910566037734
285923,Grindhouse,67000000,25037897,191.0,2007.0,"[{""id"": 53, ""name"": ""Thriller""}, {""id"": 28, ""name"": ""Action""}, {""id"": 27, ""name"": ""Horror""}]",en,16.637642,6.8,459,Released,Thriller,1,1,0.3736999552238806
640,Catch Me If You Can,52000000,352114312,141.0,2002.0,"[{""id"": 18, ""name"": ""Drama""}, {""id"": 80, ""name"": ""Crime""}]",en,73.944049,7.7,3795,Released,Drama,1,1,6.771429076923077
97630,Zero Dark Thirty,40000000,132820716,157.0,2012.0,"[{""id"": 53, ""name"": ""Thriller""}, {""id"": 18, ""name"": ""Drama""}, {""id"": 36, ""name"": ""History""}]",en,38.306954,6.7,1702,Released,Thriller,1,1,3.3205179
9767,The Break-Up,52000000,204999686,106.0,2006.0,"[{""id"": 10749, ""name"": ""Romance""}, {""id"": 35, ""name"": ""Comedy""}]",en,26.251217,5.6,832,Released,Romance,1,1,3.9423016538461537
11631,Mamma Mia!,52000000,609841637,108.0,2008.0,"[{""id"": 35, ""name"": ""Comedy""}, {""id"": 10749, ""name"": ""Romance""}]",en,30.780599,6.4,1386,Released,Comedy,1,1,11.727723788461539
32856,Valentine's Day,52000000,216485654,125.0,2010.0,"[{""id"": 35, ""name"": ""Comedy""}, {""id"": 10749, ""name"": ""Romance""}]",en,25.41929,5.7,1013,Released,Comedy,1,1,4.163185653846154
6519,The Dukes of Hazzard,50000000,110803676,104.0,2005.0,"[{""id"": 28, ""name"": ""Action""}, {""id"": 12, ""name"": ""Adventure""}, {""id"": 35, ""name"": ""Comedy""}]",en,15.98212,5.1,316,Released,Action,1,1,2.21607352
8741,The Thin Red Line,52000000,98126565,170.0,1998.0,"[{""id"": 18, ""name"": ""Drama""}, {""id"": 36, ""name"": ""History""}, {""id"": 10752, ""name"": ""War""}]",en,40.072583,7.2,771,Released,Drama,1,1,1.887049326923077
49520,The Change-Up,52000000,75450437,112.0,2011.0,"[{""id"": 35, ""name"": ""Comedy""}]",en,32.015477,5.9,736,Released,Comedy,1,1,1.4509699423076923
1850,Man on the Moon,82000000,47434430,118.0,1999.0,"[{""id"": 35, ""name"": ""Comedy""}, {""id"": 18, ""name"": ""Drama""}, {""id"": 10749, ""name"": ""Romance""}]",en,24.444186,6.9,435,Released,Comedy,1,1,0.5784686585365854
524,Casino,52000000,116112375,178.0,1995.0,"[{""id"": 18, ""name"": ""Drama""}, {""id"": 80, ""name"": ""Crime""}]",en,40.06688,7.8,1307,Released,Drama,1,1,2.2329302884615383
26389,From Paris with Love,52000000,52826594,92.0,2010.0,"[{""id"": 28, ""name"": ""Action""}, {""id"": 80, ""name"": ""Crime""}, {""id"": 53, ""name"": ""Thriller""}]",en,27.916284,6.1,675,Released,Action,1,1,1.0158960384615385
2123,"Me, Myself & Irene",51000000,149270999,116.0,2000.0,"[{""id"": 35, ""name"": ""Comedy""}]",en,39.001682,6.1,927,Released,Comedy,1,1,2.9268823333333334
9907,Barnyard,51000000,72779000,90.0,2006.0,"[{""id"": 16, ""name"": ""Animation""}, {""id"": 35, ""name"": ""Comedy""}, {""id"": 10751, ""name"": ""Family""}]",en,10.430832,5.3,225,Released,Animation,1,1,1.4270392156862746
18239,The Twilight Saga: New Moon,50000000,709827462,130.0,2009.0,"[{""id"": 12, ""name"": ""Adventure""}, {""id"": 14, ""name"": ""Fantasy""}, {""id"": 18, ""name"": ""Drama""}, {""id"": 10749, ""name"": ""Romance""}]",en,94.815867,5.6,2436,Released,Adventure,1,1,14.19654924
808,Shrek,60000000,484409218,90.0,2001.0,"[{""id"": 12, ""name"": ""Adventure""}, {""id"": 16, ""name"": ""Animation""}, {""id"": 35, ""name"": ""Comedy""}, {""id"": 10751, ""name"": ""Family""}, {""id"": 14, ""name"": ""Fantasy""}]",en,67.298732,7.3,4056,Released,Adventure,1,1,8.073486966666668
38050,The Adjustment Bureau,50200000,127869379,106.0,2011.0,"[{""id"": 878, ""name"": ""Science Fiction""}, {""id"": 53, ""name"": ""Thriller""}, {""id"": 10749, ""name"": ""Romance""}]",en,26.60772,6.5,1652,Released,Science Fiction,1,1,2.5471987848605577
8367,Robin Hood: Prince of Thieves,48000000,390493908,143.0,1991.0,"[{""id"": 12, ""name"": ""Adventure""}]",en,28.803729,6.6,909,Released,Adventure,1,1,8.13528975
9390,Jerry Maguire,50000000,273552592,139.0,1996.0,"[{""id"": 35, ""name"": ""Comedy""}, {""id"": 18, ""name"": ""Drama""}, {""id"": 10749, ""name"": ""Romance""}]",en,27.039636,6.7,913,Released,Comedy,1,1,5.47105184
72105,Ted,50000000,549368315,106.0,2012.0,"[{""id"": 35, ""name"": ""Comedy""}, {""id"": 14, ""name"": ""Fantasy""}]",en,68.87691,6.3,4697,Released,Comedy,1,1,10.9873663
2898,As Good as It Gets,50000000,314178011,139.0,1997.0,"[{""id"": 35, ""name"": ""Comedy""}, {""id"": 10749, ""name"": ""Romance""}]",en,37.885022,7.2,915,Released,Comedy,1,1,6.28356022
10312,Patch Adams,50000000,202292902,115.0,1998.0,"[{""id"": 35, ""name"": ""Comedy""}, {""id"": 18, ""name"": ""Drama""}]",en,35.537397,7.0,832,Released,Comedy,1,1,4.04585804
109443,Anchorman 2: The Legend Continues,50000000,173649015,119.0,2013.0,"[{""id"": 35, ""name"": ""Comedy""}]",en,38.125008,6.0,923,Released,Comedy,1,1,3.4729803
2022,Mr. Deeds,50000000,171269535,96.0,2002.0,"[{""id"": 35, ""name"": ""Comedy""}, {""id"": 10749, ""name"": ""Romance""}]",en,18.121404,5.6,644,Released,Comedy,1,1,3.4253907
37686,Super 8,50000000,260095987,112.0,2011.0,"[{""id"": 53, ""name"": ""Thriller""}, {""id"": 878, ""name"": ""Science Fiction""}, {""id"": 9648, ""name"": ""Mystery""}]",en,37.069253,6.6,2435,Released,Thriller,1,1,5.20191974
462,Erin Brockovich,52000000,256271286,131.0,2000.0,"[{""id"": 18, ""name"": ""Drama""}]",en,30.347332,7.1,716,Released,Drama,1,1,4.928293961538461
9919,How to Lose a Guy in 10 Days,50000000,177371441,116.0,2003.0,"[{""id"": 35, ""name"": ""Comedy""}, {""id"": 10749, ""name"": ""Romance""}]",en,23.854701,6.3,850,Released,Comedy,1,1,3.54742882
187017,22 Jump Street,50000000,188441614,112.0,2014.0,"[{""id"": 80, ""name"": ""Crime""}, {""id"": 35, ""name"": ""Comedy""}, {""id"": 28, ""name"": ""Action""}]",en,52.380982,7.0,3319,Released,Crime,1,1,3.76883228
628,Interview with the Vampire,60000000,223664608,123.0,1994.0,"[{""id"": 27, ""name"": ""Horror""}, {""id"": 10749, ""name"": ""Romance""}]",en,50.163785,7.2,1516,Released,Horror,1,1,3.7277434666666664
10201,Yes Man,70000000,225990978,104.0,2008.0,"[{""id"": 35, ""name"": ""Comedy""}]",en,43.849351,6.4,1813,Released,Comedy,1,1,3.228442542857143
302699,Central Intelligence,50000000,216972543,107.0,2016.0,"[{""id"": 28, ""name"": ""Action""}, {""id"": 35, ""name"": ""Comedy""}]",en,45.318703,6.2,1650,Released,Action,1,1,4.33945086
274167,Daddy's Home,50000000,242786137,96.0,2015.0,"[{""id"": 35, ""name"": ""Comedy""}]",en,38.616744,5.8,854,Released,Comedy,1,1,4.85572274
224141,Into the Woods,50000000,212902372,125.0,2014.0,"[{""id"": 14, ""name"": ""Fantasy""}, {""id"": 35, ""name"": ""Comedy""}, {""id"": 10402, ""name"": ""Music""}]",en,65.90161,5.6,1652,Released,Fantasy,1,1,4.25804744
388,Inside Man,45000000,184376254,129.0,2006.0,"[{""id"": 80, ""name"": ""Crime""}, {""id"": 18, ""name"": ""Drama""}, {""id"": 53, ""name"": ""Thriller""}]",en,45.220386,7.3,1630,Released,Crime,1,1,4.097250088888889
2112,Payback,90000000,161626121,100.0,1999.0,"[{""id"": 18, ""name"": ""Drama""}, {""id"": 28, ""name"": ""Action""}, {""id"": 53, ""name"": ""Thriller""}, {""id"": 80, ""name"": ""Crime""}]",en,17.457947,6.7,548,Released,Drama,1,1,1.7958457888888888
10329,Congo,50000000,152022101,109.0,1995.0,"[{""id"": 28, ""name"": ""Action""}, {""id"": 12, ""name"": ""Adventure""}, {""id"": 18, ""name"": ""Drama""}, {""id"": 9648, ""name"": ""Mystery""}, {""id"": 878, ""name"": ""Science Fiction""}, {""id"": 53, ""name"": ""Thriller""}]",en,10.755847,5.0,213,Released,Action,1,1,3.04044202
74465,We Bought a Zoo,50000000,120081841,124.0,2011.0,"[{""id"": 18, ""name"": ""Drama""}, {""id"": 35, ""name"": ""Comedy""}, {""id"": 10751, ""name"": ""Family""}]",en,38.629763,6.5,909,Released,Drama,1,1,2.40163682
13811,Knowing,50000000,155446362,121.0,2009.0,"[{""id"": 28, ""name"": ""Action""}, {""id"": 12, ""name"": ""Adventure""}, {""id"": 18, ""name"": ""Drama""}, {""id"": 9648, ""name"": ""Mystery""}, {""id"": 878, ""name"": ""Science Fiction""}, {""id"": 53, ""name"": ""Thriller""}]",en,32.693093,5.9,1486,Released,Action,1,1,3.10892724
6877,Failure to Launch,50000000,88715192,97.0,2006.0,"[{""id"": 35, ""name"": ""Comedy""}]",en,18.806031,5.5,399,Released,Comedy,1,1,1.77430384
10320,The Ring Two,50000000,161451538,110.0,2005.0,"[{""id"": 18, ""name"": ""Drama""}, {""id"": 27, ""name"": ""Horror""}, {""id"": 53, ""name"": ""Thriller""}]",en,32.233713,5.4,632,Released,Drama,1,1,3.22903076
50646,"Crazy, Stupid, Love.",50000000,142851197,118.0,2011.0,"[{""id"": 35, ""name"": ""Comedy""}, {""id"": 18, ""name"": ""Drama""}, {""id"": 10749, ""name"": ""Romance""}]",en,37.990705,7.0,2443,Released,Comedy,1,1,2.85702394
8920,Garfield,50000000,200804534,80.0,2004.0,"[{""id"": 16, ""name"": ""Animation""}, {""id"": 35, ""name"": ""Comedy""}, {""id"": 10751, ""name"": ""Family""}]",en,17.667826,5.2,820,Released,Animation,1,1,4.01609068
60308,Moneyball,50000000,110206216,133.0,2011.0,"[{""id"": 18, ""name"": ""Drama""}]",en,46.180421,7.0,1381,Released,Drama,1,1,2.20412432
6950,Outbreak,50000000,189859560,127.0,1995.0,"[{""id"": 28, ""name"": ""Action""}, {""id"": 18, ""name"": ""Drama""}, {""id"": 878, ""name"": ""Science Fiction""}, {""id"": 53, ""name"": ""Thriller""}]",en,30.397496,6.3,513,Released,Action,1,1,3.7971912
225574,Non-Stop,50000000,222809600,106.0,2014.0,"[{""id"": 28, ""name"": ""Action""}, {""id"": 53, ""name"": ""Thriller""}, {""id"": 9648, ""name"": ""Mystery""}]",en,83.295796,6.8,2268,Released,Action,1,1,4.456192
13836,Race to Witch Mountain,50000000,106303988,98.0,2009.0,"[{""id"": 12, ""name"": ""Adventure""}, {""id"": 10751, ""name"": ""Family""}, {""id"": 14, ""name"": ""Fantasy""}, {""id"": 878, ""name"": ""Science Fiction""}, {""id"": 53, ""name"": ""Thriller""}, {""id"": 28, ""name"": ""Action""}]",en,23.935053,5.5,509,Released,Adventure,1,1,2.12607976
752,V for Vendetta,54000000,132511035,132.0,2006.0,"[{""id"": 28, ""name"": ""Action""}, {""id"": 53, ""name"": ""Thriller""}, {""id"": 14, ""name"": ""Fantasy""}]",en,84.630969,7.7,4442,Released,Action,1,1,2.4539080555555555
6038,Shanghai Knights,50000000,88323487,115.0,2003.0,"[{""id"": 28, ""name"": ""Action""}, {""id"": 12, ""name"": ""Adventure""}, {""id"": 35, ""name"": ""Comedy""}, {""id"": 37, ""name"": ""Western""}]",en,16.251204,6.0,692,Released,Action,1,1,1.76646974
9975,Curious George,50000000,69834815,86.0,2006.0,"[{""id"": 12, ""name"": ""Adventure""}, {""id"": 16, ""name"": ""Animation""}, {""id"": 35, ""name"": ""Comedy""}, {""id"": 10751, ""name"": ""Family""}]",en,9.894346,6.2,106,Released,Adventure,1,1,1.3966963
11451,Herbie Fully Loaded,50000000,66002004,101.0,2005.0,"[{""id"": 35, ""name"": ""Comedy""}, {""id"": 10751, ""name"": ""Family""}, {""id"": 12, ""name"": ""Adventure""}, {""id"": 14, ""name"": ""Fantasy""}, {""id"": 10749, ""name"": ""Romance""}]",en,12.050755,5.1,542,Released,Comedy,1,1,1.32004008
12103,Don't Say a Word,50000000,100020092,113.0,2001.0,"[{""id"": 53, ""name"": ""Thriller""}]",en,11.596207,6.0,220,Released,Thriller,1,1,2.00040184
60304,Hansel & Gretel: Witch Hunters,50000000,224803475,88.0,2013.0,"[{""id"": 14, ""name"": ""Fantasy""}, {""id"": 27, ""name"": ""Horror""}, {""id"": 28, ""name"": ""Action""}]",en,53.02787,5.7,3239,Released,Fantasy,1,1,4.4960695
2251,Unfaithful,50000000,119137784,124.0,2002.0,"[{""id"": 53, ""name"": ""Thriller""}, {""id"": 18, ""name"": ""Drama""}]",en,14.382253,6.3,276,Released,Thriller,1,1,2.38275568
46529,I Am Number Four,50000000,144492830,109.0,2011.0,"[{""id"": 28, ""name"": ""Action""}, {""id"": 53, ""name"": ""Thriller""}, {""id"": 878, ""name"": ""Science Fiction""}, {""id"": 12, ""name"": ""Adventure""}]",en,43.450266,5.9,1567,Released,Action,1,1,2.8898566
231,Syriana,50000000,94000000,128.0,2005.0,"[{""id"": 18, ""name"": ""Drama""}, {""id"": 53, ""name"": ""Thriller""}]",en,16.871194,6.3,451,Released,Drama,1,1,1.88
300671,13 Hours: The Secret Soldiers of Benghazi,50000000,69411370,144.0,2016.0,"[{""id"": 28, ""name"": ""Action""}, {""id"": 18, ""name"": ""Drama""}, {""id"": 36, ""name"": ""History""}, {""id"": 53, ""name"": ""Thriller""}, {""id"": 10752, ""name"": ""War""}]",en,42.526529,7.0,938,Released,Action,1,1,1.3882274
228326,The Book of Life,50000000,97437106,95.0,2014.0,"[{""id"": 10749, ""name"": ""Romance""}, {""id"": 16, ""name"": ""Animation""}, {""id"": 12, ""name"": ""Adventure""}, {""id"": 35, ""name"": ""Comedy""}, {""id"": 10751, ""name"": ""Family""}, {""id"": 14, ""name"": ""Fantasy""}]",en,34.890999,7.3,755,Released,Romance,1,1,1.94874212
9754,Firewall,45000000,82800000,105.0,2006.0,"[{""id"": 53, ""name"": ""Thriller""}]",en,18.186026,5.6,267,Released,Thriller,1,1,1.84
66,Absolute Power,50000000,50068310,121.0,1997.0,"[{""id"": 80, ""name"": ""Crime""}, {""id"": 18, ""name"": ""Drama""}, {""id"": 53, ""name"": ""Thriller""}]",en,13.576765,6.4,223,Released,Crime,1,1,1.0013662
4421,G.I. Jane,50000000,48169156,125.0,1997.0,"[{""id"": 28, ""name"": ""Action""}, {""id"": 18, ""name"": ""Drama""}]",en,19.434672,6.0,395,Released,Action,1,1,0.96338312
2649,The Game,50000000,109423648,129.0,1997.0,"[{""id"": 18, ""name"": ""Drama""}, {""id"": 53, ""name"": ""Thriller""}, {""id"": 9648, ""name"": ""Mystery""}]",en,62.925175,7.5,1506,Released,Drama,1,1,2.18847296
588,Silent Hill,50000000,97607453,125.0,2006.0,"[{""id"": 27, ""name"": ""Horror""}, {""id"": 9648, ""name"": ""Mystery""}]",en,32.927994,6.3,1067,Released,Horror,1,1,1.95214906
71552,American Reunion,50000000,234989584,113.0,2012.0,"[{""id"": 35, ""name"": ""Comedy""}]",en,39.920035,6.1,1611,Released,Comedy,1,1,4.69979168
9631,The Negotiator,50000000,44547681,140.0,1998.0,"[{""id"": 28, ""name"": ""Action""}, {""id"": 12, ""name"": ""Adventure""}, {""id"": 80, ""name"": ""Crime""}, {""id"": 18, ""name"": ""Drama""}, {""id"": 9648, ""name"": ""Mystery""}, {""id"": 53, ""name"": ""Thriller""}]",en,28.725621,6.8,582,Released,Action,1,1,0.89095362
216282,Into the Storm,50000000,160602194,89.0,2014.0,"[{""id"": 28, ""name"": ""Action""}, {""id"": 53, ""name"": ""Thriller""}]",en,20.566554,5.8,817,Released,Action,1,1,3.21204388
306,Beverly Hills Cop III,50000000,119208989,104.0,1994.0,"[{""id"": 28, ""name"": ""Action""}, {""id"": 35, ""name"": ""Comedy""}, {""id"": 80, ""name"": ""Crime""}]",en,20.333953,5.5,434,Released,Action,1,1,2.38417978
928,Gremlins 2: The New Batch,50000000,41482207,106.0,1990.0,"[{""id"": 35, ""name"": ""Comedy""}, {""id"": 27, ""name"": ""Horror""}, {""id"": 14, ""name"": ""Fantasy""}]",en,33.98637,6.2,652,Released,Comedy,1,1,0.82964414
205587,The Judge,50000000,83719388,141.0,2014.0,"[{""id"": 18, ""name"": ""Drama""}]",en,42.472324,7.2,1417,Released,Drama,1,1,1.67438776
1577,Resident Evil: Apocalypse,45000000,129394835,94.0,2004.0,"[{""id"": 27, ""name"": ""Horror""}, {""id"": 28, ""name"": ""Action""}, {""id"": 878, ""name"": ""Science Fiction""}]",en,29.880122,6.1,1267,Released,Horror,1,1,2.875440777777778
9801,Bridget Jones: The Edge of Reason,50000000,40203020,108.0,2004.0,"[{""id"": 35, ""name"": ""Comedy""}, {""id"": 10749, ""name"": ""Romance""}]",en,28.803802,6.1,750,Released,Comedy,1,1,0.8040604
2116,Out of Time,50000000,55495563,105.0,2003.0,"[{""id"": 53, ""name"": ""Thriller""}, {""id"": 80, ""name"": ""Crime""}, {""id"": 18, ""name"": ""Drama""}]",en,14.993459,6.1,298,Released,Thriller,1,1,1.10991126
9624,On Deadly Ground,50000000,49000000,102.0,1994.0,"[{""id"": 28, ""name"": ""Action""}, {""id"": 53, ""name"": ""Thriller""}]",en,9.114168,4.5,104,Released,Action,1,1,0.98
14199,The Adventures of Sharkboy and Lavagirl,50000000,69425966,92.0,2005.0,"[{""id"": 12, ""name"": ""Adventure""}, {""id"": 10751, ""name"": ""Family""}, {""id"": 878, ""name"": ""Science Fiction""}]",en,12.31101,4.4,269,Released,Adventure,1,1,1.38851932
1907,The Beach,40000000,144056873,119.0,2000.0,"[{""id"": 18, ""name"": ""Drama""}, {""id"": 12, ""name"": ""Adventure""}, {""id"": 10749, ""name"": ""Romance""}, {""id"": 53, ""name"": ""Thriller""}]",en,41.362082,6.3,1233,Released,Drama,1,1,3.601421825
4599,Raising Helen,50000000,49718611,119.0,2004.0,"[{""id"": 18, ""name"": ""Drama""}, {""id"": 35, ""name"": ""Comedy""}, {""id"": 10749, ""name"": ""Romance""}]",en,13.298205,5.9,189,Released,Drama,1,1,0.99437222
22832,Ninja Assassin,40000000,60462347,99.0,2009.0,"[{""id"": 28, ""name"": ""Action""}, {""id"": 80, ""name"": ""Crime""}, {""id"": 53, ""name"": ""Thriller""}]",en,19.085403,6.2,371,Released,Action,1,1,1.511558675
9879,Striptease,50000000,113309743,115.0,1996.0,"[{""id"": 18, ""name"": ""Drama""}, {""id"": 53, ""name"": ""Thriller""}, {""id"": 80, ""name"": ""Crime""}]",en,11.106006,4.4,205,Released,Drama,1,1,2.26619486
38579,Marmaduke,50000000,83761844,87.0,2010.0,"[{""id"": 10751, ""name"": ""Family""}, {""id"": 35, ""name"": ""Comedy""}]",en,12.25622,5.0,149,Released,Family,1,1,1.67523688
44603,Hereafter,50000000,105197635,129.0,2010.0,"[{""id"": 18, ""name"": ""Drama""}, {""id"": 14, ""name"": ""Fantasy""}]",en,13.365715,5.8,510,Released,Drama,1,1,2.1039527
11892,Murder by Numbers,50000000,56714147,120.0,2002.0,"[{""id"": 80, ""name"": ""Crime""}, {""id"": 18, ""name"": ""Drama""}, {""id"": 53, ""name"": ""Thriller""}]",en,16.167093,6.0,268,Released,Crime,1,1,1.13428294
9691,Assassins,50000000,30303072,132.0,1995.0,"[{""id"": 28, ""name"": ""Action""}, {""id"": 12, ""name"": ""Adventure""}, {""id"": 80, ""name"": ""Crime""}, {""id"": 53, ""name"": ""Thriller""}]",en,23.073933,6.0,387,Released,Action,1,1,0.60606144
1248,Hannibal Rising,50000000,82169884,121.0,2007.0,"[{""id"": 80, ""name"": ""Crime""}, {""id"": 18, ""name"": ""Drama""}, {""id"": 53, ""name"": ""Thriller""}]",en,6.567065,6.0,654,Released,Crime,1,1,1.64339768
12220,The Story of Us,50000000,58900031,95.0,1999.0,"[{""id"": 35, ""name"": ""Comedy""}, {""id"": 18, ""name"": ""Drama""}, {""id"": 10749, ""name"": ""Romance""}]",en,6.22577,5.9,75,Released,Comedy,1,1,1.17800062
72710,The Host,44000000,63327201,125.0,2013.0,"[{""id"": 28, ""name"": ""Action""}, {""id"": 12, ""name"": ""Adventure""}, {""id"": 10749, ""name"": ""Romance""}, {""id"": 878, ""name"": ""Science Fiction""}, {""id"": 53, ""name"": ""Thriller""}]",en,42.933027,6.0,1817,Released,Action,1,1,1.439254568181818
10782,Basic,50000000,42792561,98.0,2003.0,"[{""id"": 28, ""name"": ""Action""}, {""id"": 18, ""name"": ""Drama""}, {""id"": 9648, ""name"": ""Mystery""}, {""id"": 53, ""name"": ""Thriller""}, {""id"": 80, ""name"": ""Crime""}]",en,19.226763,6.2,286,Released,Action,1,1,0.85585122
9573,Blood Work,50000000,26199517,110.0,2002.0,"[{""id"": 80, ""name"": ""Crime""}, {""id"": 18, ""name"": ""Drama""}, {""id"": 9648, ""name"": ""Mystery""}, {""id"": 53, ""name"": ""Thriller""}]",en,10.089065,6.1,206,Released,Crime,1,1,0.52399034
4959,The International,50000000,60161391,118.0,2009.0,"[{""id"": 18, ""name"": ""Drama""}, {""id"": 53, ""name"": ""Thriller""}, {""id"": 80, ""name"": ""Crime""}]",en,13.391833,6.0,368,Released,Drama,1,1,1.20322782
10061,Escape from L.A.,50000000,42277365,97.0,1996.0,"[{""id"": 28, ""name"": ""Action""}, {""id"": 12, ""name"": ""Adventure""}, {""id"": 878, ""name"": ""Science Fiction""}, {""id"": 53, ""name"": ""Thriller""}]",en,21.637234,5.6,373,Released,Action,1,1,0.8455473
10386,The Iron Giant,70000000,23159305,86.0,1999.0,"[{""id"": 12, ""name"": ""Adventure""}, {""id"": 16, ""name"": ""Animation""}, {""id"": 10751, ""name"": ""Family""}, {""id"": 14, ""name"": ""Fantasy""}, {""id"": 878, ""name"": ""Science Fiction""}]",en,61.245957,7.6,1436,Released,Adventure,1,1,0.3308472142857143
421,The Life Aquatic with Steve Zissou,50000000,34808403,119.0,2004.0,"[{""id"": 12, ""name"": ""Adventure""}, {""id"": 35, ""name"": ""Comedy""}, {""id"": 18, ""name"": ""Drama""}]",en,25.237969,7.1,775,Released,Adventure,1,1,0.69616806
316152,Free State of Jones,50000000,25035950,139.0,2016.0,"[{""id"": 10752, ""name"": ""War""}, {""id"": 28, ""name"": ""Action""}, {""id"": 18, ""name"": ""Drama""}, {""id"": 36, ""name"": ""History""}, {""id"": 53, ""name"": ""Thriller""}]",en,21.589393,6.6,428,Released,War,1,1,0.500719
11615,The Life of David Gale,50000000,38955598,130.0,2003.0,"[{""id"": 18, ""name"": ""Drama""}, {""id"": 53, ""name"": ""Thriller""}, {""id"": 80, ""name"": ""Crime""}]",en,22.442241,7.3,480,Released,Drama,1,1,0.77911196
241554,Run All Night,50000000,71561644,114.0,2015.0,"[{""id"": 28, ""name"": ""Action""}, {""id"": 80, ""name"": ""Crime""}, {""id"": 18, ""name"": ""Drama""}, {""id"": 9648, ""name"": ""Mystery""}, {""id"": 53, ""name"": ""Thriller""}]",en,74.64653,6.3,1148,Released,Action,1,1,1.43123288
2252,Eastern Promises,51500000,55112356,100.0,2007.0,"[{""id"": 53, ""name"": ""Thriller""}, {""id"": 80, ""name"": ""Crime""}, {""id"": 9648, ""name"": ""Mystery""}]",en,35.481169,7.2,848,Released,Thriller,1,1,1.0701428349514563
11968,Into the Blue,50000000,44434439,110.0,2005.0,"[{""id"": 28, ""name"": ""Action""}, {""id"": 53, ""name"": ""Thriller""}, {""id"": 12, ""name"": ""Adventure""}, {""id"": 80, ""name"": ""Crime""}]",en,14.723467,5.8,458,Released,Action,1,1,0.88868878
10047,The Messenger: The Story of Joan of Arc,60000000,66976317,148.0,1999.0,"[{""id"": 12, ""name"": ""Adventure""}, {""id"": 18, ""name"": ""Drama""}, {""id"": 28, ""name"": ""Action""}, {""id"": 36, ""name"": ""History""}, {""id"": 10752, ""name"": ""War""}]",fr,21.084542,6.2,367,Released,Adventure,1,1,1.11627195
38319,Your Highness,49900000,26121638,102.0,2011.0,"[{""id"": 35, ""name"": ""Comedy""}]",en,21.408222,5.2,501,Released,Comedy,1,1,0.5234797194388777
69668,Dream House,50000000,38502340,84.0,2011.0,"[{""id"": 18, ""name"": ""Drama""}, {""id"": 53, ""name"": ""Thriller""}, {""id"": 9648, ""name"": ""Mystery""}]",en,19.267479,5.8,391,Released,Drama,1,1,0.7700468
9770,Mad City,50000000,10541523,114.0,1997.0,"[{""id"": 28, ""name"": ""Action""}, {""id"": 18, ""name"": ""Drama""}, {""id"": 53, ""name"": ""Thriller""}]",en,3.314004,5.9,81,Released,Action,1,1,0.21083046
11212,Baby's Day Out,50000000,16671505,99.0,1994.0,"[{""id"": 28, ""name"": ""Action""}, {""id"": 12, ""name"": ""Adventure""}, {""id"": 35, ""name"": ""Comedy""}, {""id"": 10751, ""name"": ""Family""}]",en,21.312186,5.8,274,Released,Action,1,1,0.3334301
10533,The Scarlet Letter,50000000,10382407,135.0,1995.0,"[{""id"": 18, ""name"": ""Drama""}, {""id"": 36, ""name"": ""History""}, {""id"": 10749, ""name"": ""Romance""}]",en,7.44268,5.5,108,Released,Drama,1,1,0.20764814
38363,Fair Game,22000000,24188922,108.0,2010.0,"[{""id"": 18, ""name"": ""Drama""}, {""id"": 53, ""name"": ""Thriller""}]",en,12.54949,6.5,235,Released,Drama,1,1,1.0994964545454546
9923,Domino,50000000,22944502,127.0,2005.0,"[{""id"": 28, ""name"": ""Action""}, {""id"": 80, ""name"": ""Crime""}]",en,18.394571,6.0,444,Released,Action,1,1,0.45889004
11863,Jade,50000000,9851610,95.0,1995.0,"[{""id"": 28, ""name"": ""Action""}, {""id"": 53, ""name"": ""Thriller""}, {""id"": 9648, ""name"": ""Mystery""}, {""id"": 10749, ""name"": ""Romance""}]",en,8.189406,5.2,44,Released,Action,1,1,0.1970322
18501,Gamer,50000000,40828540,95.0,2009.0,"[{""id"": 28, ""name"": ""Action""}, {""id"": 53, ""name"": ""Thriller""}, {""id"": 878, ""name"": ""Science Fiction""}]",en,27.631262,5.6,760,Released,Action,1,1,0.8165708
109491,Beautiful Creatures,60000000,60052138,124.0,2013.0,"[{""id"": 14, ""name"": ""Fantasy""}, {""id"": 18, ""name"": ""Drama""}, {""id"": 10749, ""name"": ""Romance""}]",en,40.721373,5.6,984,Released,Fantasy,1,1,1.0008689666666666
329833,Zoolander 2,50000000,55969000,100.0,2016.0,"[{""id"": 35, ""name"": ""Comedy""}]",en,37.253774,4.7,797,Released,Comedy,1,1,1.11938
12634,The Big Bounce,50000000,6808550,88.0,2004.0,"[{""id"": 35, ""name"": ""Comedy""}, {""id"": 80, ""name"": ""Crime""}]",en,6.397388,5.0,76,Released,Comedy,1,1,0.136171
47327,Drive Angry,50000000,28931401,105.0,2011.0,"[{""id"": 14, ""name"": ""Fantasy""}, {""id"": 53, ""name"": ""Thriller""}, {""id"": 28, ""name"": ""Action""}, {""id"": 80, ""name"": ""Crime""}]",en,30.387148,5.3,600,Released,Fantasy,1,1,0.57862802
15268,Street Fighter: The Legend of Chun-Li,50000000,12764201,97.0,2009.0,"[{""id"": 28, ""name"": ""Action""}, {""id"": 12, ""name"": ""Adventure""}, {""id"": 878, ""name"": ""Science Fiction""}, {""id"": 53, ""name"": ""Thriller""}]",en,8.139676,3.9,112,Released,Action,1,1,0.25528402
10796,The One,49000000,72700000,87.0,2001.0,"[{""id"": 28, ""name"": ""Action""}, {""id"": 878, ""name"": ""Science Fiction""}, {""id"": 53, ""name"": ""Thriller""}]",en,21.746245,5.7,437,Released,Action,1,1,1.4836734693877551
9548,The Adventures of Ford Fairlane,49000000,20423389,104.0,1990.0,"[{""id"": 28, ""name"": ""Action""}, {""id"": 35, ""name"": ""Comedy""}, {""id"": 53, ""name"": ""Thriller""}, {""id"": 80, ""name"": ""Crime""}, {""id"": 9648, ""name"": ""Mystery""}]",en,2.808428,6.2,71,Released,Action,1,1,0.41680385714285717
18947,The Boat That Rocked,50000000,36348784,116.0,2009.0,"[{""id"": 18, ""name"": ""Drama""}, {""id"": 35, ""name"": ""Comedy""}]",en,31.02233,7.2,666,Released,Drama,1,1,0.72697568
1900,Traffic,48000000,207515725,147.0,2000.0,"[{""id"": 53, ""name"": ""Thriller""}, {""id"": 18, ""name"": ""Drama""}, {""id"": 80, ""name"": ""Crime""}]",en,25.170217,6.9,562,Released,Thriller,1,1,4.323244270833333
89,Indiana Jones and the Last Crusade,48000000,474171806,127.0,1989.0,"[{""id"": 12, ""name"": ""Adventure""}, {""id"": 28, ""name"": ""Action""}]",en,80.972475,7.6,3152,Released,Adventure,1,1,9.878579291666666
198184,Chappie,49000000,104399548,120.0,2015.0,"[{""id"": 80, ""name"": ""Crime""}, {""id"": 28, ""name"": ""Action""}, {""id"": 878, ""name"": ""Science Fiction""}]",en,116.700319,6.6,3062,Released,Crime,1,1,2.1306030204081634
9481,The Bone Collector,73000000,151493655,118.0,1999.0,"[{""id"": 18, ""name"": ""Drama""}, {""id"": 9648, ""name"": ""Mystery""}, {""id"": 53, ""name"": ""Thriller""}, {""id"": 80, ""name"": ""Crime""}]",en,33.884459,6.5,826,Released,Drama,1,1,2.0752555479452055
4547,Panic Room,48000000,196397415,111.0,2002.0,"[{""id"": 80, ""name"": ""Crime""}, {""id"": 18, ""name"": ""Drama""}, {""id"": 53, ""name"": ""Thriller""}]",en,53.043124,6.5,1267,Released,Crime,1,1,4.0916128125
6415,Three Kings,75000000,108000000,114.0,1999.0,"[{""id"": 28, ""name"": ""Action""}, {""id"": 12, ""name"": ""Adventure""}, {""id"": 35, ""name"": ""Comedy""}]",en,34.973086,6.6,692,Released,Action,1,1,1.44
181283,Child 44,50000000,3324330,137.0,2015.0,"[{""id"": 80, ""name"": ""Crime""}, {""id"": 53, ""name"": ""Thriller""}]",en,40.371098,6.1,547,Released,Crime,1,1,0.0664866
9896,Rat Race,48000000,85498534,112.0,2001.0,"[{""id"": 12, ""name"": ""Adventure""}, {""id"": 35, ""name"": ""Comedy""}]",en,18.60049,6.0,518,Released,Adventure,1,1,1.7812194583333334
167,K-PAX,48000000,50315140,120.0,2001.0,"[{""id"": 18, ""name"": ""Drama""}, {""id"": 878, ""name"": ""Science Fiction""}]",en,30.920075,7.1,695,Released,Drama,1,1,1.0482320833333334
1636,Bedazzled,48000000,90383208,93.0,2000.0,"[{""id"": 14, ""name"": ""Fantasy""}, {""id"": 35, ""name"": ""Comedy""}, {""id"": 10749, ""name"": ""Romance""}]",en,19.348007,5.6,512,Released,Fantasy,1,1,1.8829835
2148,The Cotton Club,58000000,25928721,127.0,1984.0,"[{""id"": 10402, ""name"": ""Music""}, {""id"": 18, ""name"": ""Drama""}, {""id"": 80, ""name"": ""Crime""}, {""id"": 10749, ""name"": ""Romance""}]",en,8.59075,6.6,68,Released,Music,1,1,0.44704691379310346
5176,3:10 to Yuma,55000000,70016220,122.0,2007.0,"[{""id"": 37, ""name"": ""Western""}]",en,48.801089,6.9,1188,Released,Western,1,1,1.2730221818181817
260346,Taken 3,48000000,325771424,109.0,2014.0,"[{""id"": 53, ""name"": ""Thriller""}, {""id"": 28, ""name"": ""Action""}]",en,88.844777,6.1,2200,Released,Thriller,1,1,6.786904666666667
1389,Out of Sight,48000000,77745568,123.0,1998.0,"[{""id"": 10749, ""name"": ""Romance""}, {""id"": 35, ""name"": ""Comedy""}, {""id"": 80, ""name"": ""Crime""}]",en,16.000178,6.5,333,Released,Romance,1,1,1.6196993333333334
9894,The Cable Guy,47000000,102825796,96.0,1996.0,"[{""id"": 35, ""name"": ""Comedy""}, {""id"": 18, ""name"": ""Drama""}, {""id"": 53, ""name"": ""Thriller""}]",en,19.525659,5.7,594,Released,Comedy,1,1,2.187782893617021
8592,Dick Tracy,47000000,103738726,103.0,1990.0,"[{""id"": 12, ""name"": ""Adventure""}, {""id"": 28, ""name"": ""Action""}, {""id"": 35, ""name"": ""Comedy""}, {""id"": 53, ""name"": ""Thriller""}, {""id"": 80, ""name"": ""Crime""}]",en,7.859226,5.9,251,Released,Adventure,1,1,2.2072069361702127
913,The Thomas Crown Affair,48000000,124305181,113.0,1999.0,"[{""id"": 18, ""name"": ""Drama""}, {""id"": 80, ""name"": ""Crime""}, {""id"": 10749, ""name"": ""Romance""}]",en,18.102572,6.6,339,Released,Drama,1,1,2.5896912708333333
11091,Riding in Cars with Boys,48000000,35743308,132.0,2001.0,"[{""id"": 35, ""name"": ""Comedy""}, {""id"": 18, ""name"": ""Drama""}, {""id"": 10749, ""name"": ""Romance""}]",en,7.226115,6.5,103,Released,Comedy,1,1,0.74465225
1368,First Blood,15000000,125212904,93.0,1982.0,"[{""id"": 28, ""name"": ""Action""}, {""id"": 12, ""name"": ""Adventure""}, {""id"": 53, ""name"": ""Thriller""}, {""id"": 10752, ""name"": ""War""}]",en,63.071046,7.2,1488,Released,Action,1,1,8.347526933333333
5393,Happily N'Ever After,47000000,38085778,75.0,2006.0,"[{""id"": 16, ""name"": ""Animation""}, {""id"": 35, ""name"": ""Comedy""}, {""id"": 10751, ""name"": ""Family""}, {""id"": 14, ""name"": ""Fantasy""}, {""id"": 878, ""name"": ""Science Fiction""}]",en,10.410933,4.6,104,Released,Animation,1,1,0.8103357021276596
9095,Mary Reilly,47000000,12379402,104.0,1996.0,"[{""id"": 18, ""name"": ""Drama""}, {""id"": 27, ""name"": ""Horror""}, {""id"": 53, ""name"": ""Thriller""}, {""id"": 10749, ""name"": ""Romance""}]",en,6.067212,5.7,74,Released,Drama,1,1,0.2633915319148936
8874,My Best Friend's Wedding,38000000,299288605,105.0,1997.0,"[{""id"": 35, ""name"": ""Comedy""}, {""id"": 10749, ""name"": ""Romance""}]",en,15.401855,6.3,584,Released,Comedy,1,1,7.876015921052631
320,Insomnia,46000000,113714830,118.0,2002.0,"[{""id"": 80, ""name"": ""Crime""}, {""id"": 9648, ""name"": ""Mystery""}, {""id"": 53, ""name"": ""Thriller""}]",en,41.322708,6.8,1148,Released,Crime,1,1,2.4720615217391306
199,Star Trek: First Contact,46000000,150000000,111.0,1996.0,"[{""id"": 878, ""name"": ""Science Fiction""}, {""id"": 28, ""name"": ""Action""}, {""id"": 12, ""name"": ""Adventure""}, {""id"": 53, ""name"": ""Thriller""}]",en,25.6713,7.0,661,Released,Science Fiction,1,1,3.260869565217391
20533,Jonah Hex,47000000,10539000,80.0,2010.0,"[{""id"": 28, ""name"": ""Action""}, {""id"": 37, ""name"": ""Western""}, {""id"": 18, ""name"": ""Drama""}, {""id"": 14, ""name"": ""Fantasy""}, {""id"": 53, ""name"": ""Thriller""}]",en,22.581313,4.4,420,Released,Action,1,1,0.2242340425531915
10684,Courage Under Fire,46000000,100860818,117.0,1996.0,"[{""id"": 18, ""name"": ""Drama""}, {""id"": 53, ""name"": ""Thriller""}, {""id"": 9648, ""name"": ""Mystery""}, {""id"": 10752, ""name"": ""War""}]",en,12.971122,6.2,232,Released,Drama,1,1,2.1926264782608698
1624,Liar Liar,45000000,181000000,86.0,1997.0,"[{""id"": 35, ""name"": ""Comedy""}]",en,26.721386,6.4,1424,Released,Comedy,1,1,4.022222222222222
325789,The Infiltrator,25000000,15436808,127.0,2016.0,"[{""id"": 80, ""name"": ""Crime""}, {""id"": 18, ""name"": ""Drama""}, {""id"": 53, ""name"": ""Thriller""}]",en,24.672234,6.6,573,Released,Crime,1,1,0.61747232
113464,Inchon,46000000,5200000,140.0,1981.0,"[{""id"": 18, ""name"": ""Drama""}, {""id"": 36, ""name"": ""History""}, {""id"": 10752, ""name"": ""War""}]",en,0.146783,6.5,2,Released,Drama,1,1,0.11304347826086956
888,The Flintstones,46000000,341631208,91.0,1994.0,"[{""id"": 14, ""name"": ""Fantasy""}, {""id"": 35, ""name"": ""Comedy""}, {""id"": 10751, ""name"": ""Family""}]",en,28.964162,5.0,543,Released,Fantasy,1,1,7.426765391304348
82675,Taken 2,45000000,376141306,91.0,2012.0,"[{""id"": 28, ""name"": ""Action""}, {""id"": 80, ""name"": ""Crime""}, {""id"": 53, ""name"": ""Thriller""}]",en,49.353524,6.1,2757,Released,Action,1,1,8.358695688888888
4256,Scary Movie 3,48000000,220673217,84.0,2003.0,"[{""id"": 35, ""name"": ""Comedy""}]",en,36.585509,5.8,912,Released,Comedy,1,1,4.5973586875
1493,Miss Congeniality,45000000,212000000,111.0,2000.0,"[{""id"": 35, ""name"": ""Comedy""}, {""id"": 80, ""name"": ""Crime""}, {""id"": 28, ""name"": ""Action""}]",en,32.624355,6.1,961,Released,Comedy,1,1,4.711111111111111
88751,Journey to the Center of the Earth,45000000,101702060,93.0,2008.0,"[{""id"": 28, ""name"": ""Action""}, {""id"": 878, ""name"": ""Science Fiction""}, {""id"": 12, ""name"": ""Adventure""}, {""id"": 35, ""name"": ""Comedy""}, {""id"": 10751, ""name"": ""Family""}]",en,53.090422,5.8,1309,Released,Action,1,1,2.2600457777777776
11130,The Princess Diaries 2: Royal Engagement,40000000,95149435,113.0,2004.0,"[{""id"": 35, ""name"": ""Comedy""}, {""id"": 18, ""name"": ""Drama""}, {""id"": 10751, ""name"": ""Family""}, {""id"": 10749, ""name"": ""Romance""}]",en,30.002907,6.0,697,Released,Comedy,1,1,2.378735875
9944,The Pelican Brief,45000000,195268056,141.0,1993.0,"[{""id"": 18, ""name"": ""Drama""}, {""id"": 9648, ""name"": ""Mystery""}, {""id"": 53, ""name"": ""Thriller""}, {""id"": 80, ""name"": ""Crime""}]",en,17.923254,6.3,371,Released,Drama,1,1,4.339290133333333
10731,The Client,45000000,117615211,119.0,1994.0,"[{""id"": 18, ""name"": ""Drama""}, {""id"": 53, ""name"": ""Thriller""}, {""id"": 80, ""name"": ""Crime""}, {""id"": 9648, ""name"": ""Mystery""}]",en,17.746719,6.4,278,Released,Drama,1,1,2.6136713555555557
7350,The Bucket List,45000000,175372502,97.0,2007.0,"[{""id"": 18, ""name"": ""Drama""}, {""id"": 35, ""name"": ""Comedy""}]",en,31.305336,7.0,1111,Released,Drama,1,1,3.8971667111111112
9869,Patriot Games,45000000,178051587,117.0,1992.0,"[{""id"": 18, ""name"": ""Drama""}, {""id"": 28, ""name"": ""Action""}, {""id"": 53, ""name"": ""Thriller""}, {""id"": 80, ""name"": ""Crime""}]",en,19.637704,6.3,433,Released,Drama,1,1,3.9567019333333335
4379,Monster-in-Law,43000000,154749918,101.0,2005.0,"[{""id"": 10749, ""name"": ""Romance""}, {""id"": 35, ""name"": ""Comedy""}]",en,10.411996,5.6,406,Released,Romance,1,1,3.5988353023255812
146233,Prisoners,46000000,122126687,153.0,2013.0,"[{""id"": 18, ""name"": ""Drama""}, {""id"": 53, ""name"": ""Thriller""}, {""id"": 80, ""name"": ""Crime""}]",en,88.496873,7.9,3085,Released,Drama,1,1,2.6549279782608695
2034,Training Day,45000000,104876233,122.0,2001.0,"[{""id"": 28, ""name"": ""Action""}, {""id"": 80, ""name"": ""Crime""}, {""id"": 18, ""name"": ""Drama""}, {""id"": 53, ""name"": ""Thriller""}]",en,52.081131,7.3,1634,Released,Action,1,1,2.3305829555555557
926,Galaxy Quest,45000000,90683916,102.0,1999.0,"[{""id"": 35, ""name"": ""Comedy""}, {""id"": 10751, ""name"": ""Family""}, {""id"": 878, ""name"": ""Science Fiction""}]",en,30.816341,6.9,710,Released,Comedy,1,1,2.0151981333333335
4248,Scary Movie 2,45000000,141220678,83.0,2001.0,"[{""id"": 35, ""name"": ""Comedy""}]",en,35.376971,5.4,982,Released,Comedy,1,1,3.138237288888889
64328,The Muppets,45000000,165184237,103.0,2011.0,"[{""id"": 35, ""name"": ""Comedy""}, {""id"": 10751, ""name"": ""Family""}, {""id"": 10402, ""name"": ""Music""}]",en,17.047276,6.5,501,Released,Comedy,1,1,3.6707608222222223
36647,Blade,45000000,131183530,120.0,1998.0,"[{""id"": 27, ""name"": ""Horror""}, {""id"": 28, ""name"": ""Action""}]",en,43.815492,6.5,1905,Released,Horror,1,1,2.9151895555555556
7214,Coach Carter,30000000,76669806,136.0,2005.0,"[{""id"": 18, ""name"": ""Drama""}]",en,23.234651,7.3,496,Released,Drama,1,1,2.5556602
1537,Changing Lanes,45000000,94935764,89.0,2002.0,"[{""id"": 28, ""name"": ""Action""}, {""id"": 12, ""name"": ""Adventure""}, {""id"": 80, ""name"": ""Crime""}, {""id"": 53, ""name"": ""Thriller""}]",en,17.270539,5.9,299,Released,Action,1,1,2.1096836444444445
9360,Anaconda,45000000,136885767,89.0,1997.0,"[{""id"": 12, ""name"": ""Adventure""}, {""id"": 27, ""name"": ""Horror""}, {""id"": 53, ""name"": ""Thriller""}]",en,27.684779,4.7,610,Released,Adventure,1,1,3.041905933333333
6282,Coyote Ugly,45000000,113916474,100.0,2000.0,"[{""id"": 35, ""name"": ""Comedy""}]",en,26.79781,5.8,575,Released,Comedy,1,1,2.5314772
508,Love Actually,40000000,244931766,135.0,2003.0,"[{""id"": 35, ""name"": ""Comedy""}, {""id"": 10749, ""name"": ""Romance""}, {""id"": 18, ""name"": ""Drama""}]",en,37.073127,7.0,1869,Released,Comedy,1,1,6.12329415
9487,A Bug's Life,120000000,363258859,95.0,1998.0,"[{""id"": 12, ""name"": ""Adventure""}, {""id"": 16, ""name"": ""Animation""}, {""id"": 35, ""name"": ""Comedy""}, {""id"": 10751, ""name"": ""Family""}]",en,87.350802,6.8,2303,Released,Adventure,1,1,3.0271571583333334
768,From Hell,35000000,74558115,122.0,2001.0,"[{""id"": 27, ""name"": ""Horror""}, {""id"": 9648, ""name"": ""Mystery""}, {""id"": 53, ""name"": ""Thriller""}]",en,26.134678,6.6,741,Released,Horror,1,1,2.1302318571428573
2636,The Specialist,45000000,170362582,110.0,1994.0,"[{""id"": 28, ""name"": ""Action""}, {""id"": 53, ""name"": ""Thriller""}]",en,16.582709,5.5,313,Released,Action,1,1,3.7858351555555556
10478,Tin Cup,45000000,53854588,135.0,1996.0,"[{""id"": 35, ""name"": ""Comedy""}, {""id"": 18, ""name"": ""Drama""}, {""id"": 10749, ""name"": ""Romance""}]",en,10.731574,5.9,150,Released,Comedy,1,1,1.1967686222222222
9981,Kicking & Screaming,45000000,56070433,95.0,2005.0,"[{""id"": 10749, ""name"": ""Romance""}, {""id"": 35, ""name"": ""Comedy""}, {""id"": 10751, ""name"": ""Family""}]",en,8.99269,5.6,176,Released,Romance,1,1,1.2460096222222221
7453,The Hitchhiker's Guide to the Galaxy,50000000,104478416,109.0,2005.0,"[{""id"": 12, ""name"": ""Adventure""}, {""id"": 35, ""name"": ""Comedy""}, {""id"": 10751, ""name"": ""Family""}, {""id"": 878, ""name"": ""Science Fiction""}]",en,51.742065,6.6,1315,Released,Adventure,1,1,2.08956832
7737,Resident Evil: Extinction,45000000,148412065,94.0,2007.0,"[{""id"": 27, ""name"": ""Horror""}, {""id"": 28, ""name"": ""Action""}, {""id"": 878, ""name"": ""Science Fiction""}]",en,12.06538,6.1,1292,Released,Horror,1,1,3.298045888888889
232672,Blended,40000000,123494610,117.0,2014.0,"[{""id"": 35, ""name"": ""Comedy""}]",en,44.120328,6.6,1006,Released,Comedy,1,1,3.08736525
17379,Last Holiday,45000000,38399961,112.0,2006.0,"[{""id"": 12, ""name"": ""Adventure""}, {""id"": 35, ""name"": ""Comedy""}, {""id"": 18, ""name"": ""Drama""}]",en,6.156015,6.4,119,Released,Adventure,1,1,0.8533324666666666
82525,Savages,45000000,82966152,131.0,2012.0,"[{""id"": 80, ""name"": ""Crime""}, {""id"": 18, ""name"": ""Drama""}, {""id"": 53, ""name"": ""Thriller""}]",en,31.856589,6.2,766,Released,Crime,1,1,1.8436922666666666
9759,Cellular,25000000,56422687,94.0,2004.0,"[{""id"": 28, ""name"": ""Action""}, {""id"": 12, ""name"": ""Adventure""}, {""id"": 80, ""name"": ""Crime""}, {""id"": 53, ""name"": ""Thriller""}]",en,24.459948,6.1,537,Released,Action,1,1,2.25690748
9486,Johnny English,40000000,160583018,88.0,2003.0,"[{""id"": 12, ""name"": ""Adventure""}, {""id"": 28, ""name"": ""Action""}, {""id"": 35, ""name"": ""Comedy""}]",en,28.029015,6.0,852,Released,Adventure,1,1,4.01457545
9906,The Ant Bully,50000000,55181129,88.0,2006.0,"[{""id"": 14, ""name"": ""Fantasy""}, {""id"": 12, ""name"": ""Adventure""}, {""id"": 16, ""name"": ""Animation""}, {""id"": 35, ""name"": ""Comedy""}, {""id"": 10751, ""name"": ""Family""}]",en,20.239061,5.5,366,Released,Fantasy,1,1,1.10362258
841,Dune,40000000,30925690,137.0,1984.0,"[{""id"": 28, ""name"": ""Action""}, {""id"": 878, ""name"": ""Science Fiction""}, {""id"": 12, ""name"": ""Adventure""}]",en,25.876582,6.5,562,Released,Action,1,1,0.77314225
4148,Revolutionary Road,35000000,75225693,119.0,2008.0,"[{""id"": 18, ""name"": ""Drama""}, {""id"": 10749, ""name"": ""Romance""}]",en,20.360549,6.7,796,Released,Drama,1,1,2.1493055142857145
2207,16 Blocks,55000000,65664721,105.0,2006.0,"[{""id"": 28, ""name"": ""Action""}, {""id"": 12, ""name"": ""Adventure""}, {""id"": 80, ""name"": ""Crime""}, {""id"": 53, ""name"": ""Thriller""}]",en,32.31022,6.2,661,Released,Action,1,1,1.1939040181818181
9381,Babylon A.D.,70000000,72108608,101.0,2008.0,"[{""id"": 28, ""name"": ""Action""}, {""id"": 12, ""name"": ""Adventure""}, {""id"": 878, ""name"": ""Science Fiction""}, {""id"": 53, ""name"": ""Thriller""}]",en,27.568194,5.4,676,Released,Action,1,1,1.0301229714285713
20856,Aliens in the Attic,45000000,57881056,86.0,2009.0,"[{""id"": 12, ""name"": ""Adventure""}, {""id"": 35, ""name"": ""Comedy""}, {""id"": 10751, ""name"": ""Family""}, {""id"": 14, ""name"": ""Fantasy""}, {""id"": 878, ""name"": ""Science Fiction""}]",en,13.707183,5.3,244,Released,Adventure,1,1,1.286245688888889
5955,The Pledge,35000000,29400000,123.0,2001.0,"[{""id"": 80, ""name"": ""Crime""}, {""id"": 18, ""name"": ""Drama""}, {""id"": 9648, ""name"": ""Mystery""}, {""id"": 53, ""name"": ""Thriller""}]",en,12.495436,6.5,215,Released,Crime,1,1,0.84
9899,The Producers,45000000,38058335,134.0,2005.0,"[{""id"": 35, ""name"": ""Comedy""}, {""id"": 10402, ""name"": ""Music""}]",en,6.803965,6.1,151,Released,Comedy,1,1,0.8457407777777778
9826,The Phantom,45000000,17300889,100.0,1996.0,"[{""id"": 12, ""name"": ""Adventure""}, {""id"": 28, ""name"": ""Action""}]",en,9.025236,4.7,136,Released,Adventure,1,1,0.3844642
10858,Nixon,44000000,13681765,192.0,1995.0,"[{""id"": 36, ""name"": ""History""}, {""id"": 18, ""name"": ""Drama""}]",en,3.770161,7.1,71,Released,History,1,1,0.31094920454545455
11439,The Ghost Writer,45000000,60222298,128.0,2010.0,"[{""id"": 53, ""name"": ""Thriller""}, {""id"": 9648, ""name"": ""Mystery""}]",en,21.118196,6.7,670,Released,Thriller,1,1,1.3382732888888889
9457,Deep Rising,45000000,11203026,106.0,1998.0,"[{""id"": 12, ""name"": ""Adventure""}, {""id"": 28, ""name"": ""Action""}, {""id"": 27, ""name"": ""Horror""}, {""id"": 878, ""name"": ""Science Fiction""}]",en,6.513856,6.0,154,Released,Adventure,1,1,0.24895613333333333
12412,Miracle at St. Anna,45000000,9323833,160.0,2008.0,"[{""id"": 18, ""name"": ""Drama""}, {""id"": 10752, ""name"": ""War""}]",en,11.387408,6.3,90,Released,Drama,1,1,0.20719628888888889
13184,Bangkok Dangerous,45000000,42487390,99.0,2008.0,"[{""id"": 28, ""name"": ""Action""}, {""id"": 80, ""name"": ""Crime""}, {""id"": 53, ""name"": ""Thriller""}]",en,14.813057,5.0,332,Released,Action,1,1,0.9441642222222222
2185,Big Trouble,40000000,8493890,85.0,2002.0,"[{""id"": 28, ""name"": ""Action""}, {""id"": 35, ""name"": ""Comedy""}, {""id"": 53, ""name"": ""Thriller""}]",en,5.201688,6.3,80,Released,Action,1,1,0.21234725
6639,Love in the Time of Cholera,45000000,4607608,139.0,2007.0,"[{""id"": 18, ""name"": ""Drama""}, {""id"": 10749, ""name"": ""Romance""}]",en,5.361699,6.4,81,Released,Drama,1,1,0.10239128888888889
38153,Shadow Conspiracy,45000000,2154540,103.0,1997.0,"[{""id"": 28, ""name"": ""Action""}, {""id"": 53, ""name"": ""Thriller""}]",en,3.848893,4.0,11,Released,Action,1,1,0.04787866666666667
58233,Johnny English Reborn,45000000,160078586,101.0,2011.0,"[{""id"": 80, ""name"": ""Crime""}, {""id"": 12, ""name"": ""Adventure""}, {""id"": 28, ""name"": ""Action""}, {""id"": 35, ""name"": ""Comedy""}, {""id"": 53, ""name"": ""Thriller""}]",en,35.6585,6.0,1007,Released,Crime,1,1,3.5573019111111113
116977,Foodfight!,65000000,73706,87.0,2012.0,"[{""id"": 16, ""name"": ""Animation""}, {""id"": 28, ""name"": ""Action""}, {""id"": 35, ""name"": ""Comedy""}, {""id"": 10751, ""name"": ""Family""}]",en,5.258726,2.3,28,Released,Animation,1,1,0.0011339384615384614
68734,Argo,44500000,232324128,120.0,2012.0,"[{""id"": 18, ""name"": ""Drama""}, {""id"": 53, ""name"": ""Thriller""}]",en,62.01056,7.1,3423,Released,Drama,1,1,5.220766921348314
5503,The Fugitive,44000000,368875760,130.0,1993.0,"[{""id"": 12, ""name"": ""Adventure""}, {""id"": 28, ""name"": ""Action""}, {""id"": 53, ""name"": ""Thriller""}, {""id"": 80, ""name"": ""Crime""}, {""id"": 9648, ""name"": ""Mystery""}]",en,54.884297,7.2,1220,Released,Adventure,1,1,8.38354
27573,The Bounty Hunter,40000000,136000000,110.0,2010.0,"[{""id"": 28, ""name"": ""Action""}]",en,33.747825,5.5,858,Released,Action,1,1,3.4
819,Sleepers,44000000,165615285,147.0,1996.0,"[{""id"": 80, ""name"": ""Crime""}, {""id"": 18, ""name"": ""Drama""}, {""id"": 53, ""name"": ""Thriller""}]",en,16.245068,7.3,715,Released,Crime,1,1,3.76398375
1369,Rambo: First Blood Part II,44000000,300400432,96.0,1985.0,"[{""id"": 28, ""name"": ""Action""}, {""id"": 12, ""name"": ""Adventure""}, {""id"": 53, ""name"": ""Thriller""}, {""id"": 10752, ""name"": ""War""}]",en,38.653969,6.3,864,Released,Action,1,1,6.827282545454546
10895,Pinocchio,2600000,84300000,88.0,1940.0,"[{""id"": 16, ""name"": ""Animation""}, {""id"": 10751, ""name"": ""Family""}]",en,46.007991,6.9,1355,Released,Animation,1,1,32.42307692307692
10935,Heaven's Gate,44000000,3484331,219.0,1980.0,"[{""id"": 28, ""name"": ""Action""}, {""id"": 18, ""name"": ""Drama""}, {""id"": 36, ""name"": ""History""}, {""id"": 37, ""name"": ""Western""}]",en,5.380124,6.4,55,Released,Action,1,1,0.07918934090909091
834,Underworld: Evolution,50000000,111340801,106.0,2006.0,"[{""id"": 14, ""name"": ""Fantasy""}, {""id"": 28, ""name"": ""Action""}, {""id"": 878, ""name"": ""Science Fiction""}, {""id"": 53, ""name"": ""Thriller""}]",en,49.020045,6.4,1528,Released,Fantasy,1,1,2.22681602
228066,Victor Frankenstein,40000000,34227298,109.0,2015.0,"[{""id"": 18, ""name"": ""Drama""}, {""id"": 878, ""name"": ""Science Fiction""}, {""id"": 53, ""name"": ""Thriller""}]",en,24.821138,5.6,685,Released,Drama,1,1,0.85568245
711,Finding Forrester,43000000,80049764,136.0,2000.0,"[{""id"": 18, ""name"": ""Drama""}]",en,19.043286,7.0,302,Released,Drama,1,1,1.861622418604651
10027,Unleashed,45000000,50871113,103.0,2005.0,"[{""id"": 28, ""name"": ""Action""}, {""id"": 80, ""name"": ""Crime""}]",en,25.999888,6.6,518,Released,Action,1,1,1.1304691777777778
11812,The Sweetest Thing,43000000,68696770,84.0,2002.0,"[{""id"": 10749, ""name"": ""Romance""}, {""id"": 35, ""name"": ""Comedy""}]",en,18.65632,5.3,280,Released,Romance,1,1,1.5975993023255814
37233,The Firm,42000000,270248367,154.0,1993.0,"[{""id"": 18, ""name"": ""Drama""}, {""id"": 9648, ""name"": ""Mystery""}, {""id"": 53, ""name"": ""Thriller""}]",en,23.736535,6.6,501,Released,Drama,1,1,6.434484928571429
37950,Charlie St. Cloud,44000000,48190704,99.0,2010.0,"[{""id"": 18, ""name"": ""Drama""}]",en,21.75433,6.8,566,Released,Drama,1,1,1.0952432727272727
27582,The Mechanic,40000000,51070807,93.0,2011.0,"[{""id"": 28, ""name"": ""Action""}, {""id"": 53, ""name"": ""Thriller""}, {""id"": 80, ""name"": ""Crime""}]",en,44.094856,6.3,1045,Released,Action,1,1,1.276770175
64688,21 Jump Street,42000000,201585328,109.0,2012.0,"[{""id"": 28, ""name"": ""Action""}, {""id"": 35, ""name"": ""Comedy""}, {""id"": 80, ""name"": ""Crime""}]",en,62.714026,6.7,4074,Released,Action,1,1,4.7996506666666665
509,Notting Hill,42000000,363889678,124.0,1999.0,"[{""id"": 10749, ""name"": ""Romance""}, {""id"": 35, ""name"": ""Comedy""}, {""id"": 18, ""name"": ""Drama""}]",en,28.969151,7.0,1262,Released,Romance,1,1,8.664039952380952
7443,Chicken Run,45000000,224834564,84.0,2000.0,"[{""id"": 16, ""name"": ""Animation""}, {""id"": 35, ""name"": ""Comedy""}, {""id"": 10751, ""name"": ""Family""}]",en,31.789029,6.5,1150,Released,Animation,1,1,4.996323644444445
5966,Along Came Polly,42000000,171963386,90.0,2004.0,"[{""id"": 35, ""name"": ""Comedy""}, {""id"": 10749, ""name"": ""Romance""}]",en,33.238296,5.8,773,Released,Comedy,1,1,4.094366333333333
11066,Boomerang,40000000,70100000,117.0,1992.0,"[{""id"": 35, ""name"": ""Comedy""}, {""id"": 10749, ""name"": ""Romance""}]",en,6.420434,5.4,134,Released,Comedy,1,1,1.7525
136795,The Heat,43000000,158674180,117.0,2013.0,"[{""id"": 28, ""name"": ""Action""}, {""id"": 35, ""name"": ""Comedy""}, {""id"": 80, ""name"": ""Crime""}]",en,37.654688,6.5,1575,Released,Action,1,1,3.6900972093023254
11560,High Crimes,42000000,63781810,115.0,2002.0,"[{""id"": 18, ""name"": ""Drama""}, {""id"": 9648, ""name"": ""Mystery""}, {""id"": 53, ""name"": ""Thriller""}, {""id"": 80, ""name"": ""Crime""}]",en,14.046705,6.1,184,Released,Drama,1,1,1.5186145238095239
2637,The Mothman Prophecies,32000000,55157539,119.0,2002.0,"[{""id"": 18, ""name"": ""Drama""}, {""id"": 27, ""name"": ""Horror""}, {""id"": 9648, ""name"": ""Mystery""}]",en,14.733513,6.1,305,Released,Drama,1,1,1.72367309375
709,Licence to Kill,32000000,156167015,133.0,1989.0,"[{""id"": 12, ""name"": ""Adventure""}, {""id"": 28, ""name"": ""Action""}, {""id"": 53, ""name"": ""Thriller""}]",en,28.22119,5.9,541,Released,Adventure,1,1,4.88021921875
49730,Red Riding Hood,42000000,89162162,100.0,2011.0,"[{""id"": 14, ""name"": ""Fantasy""}, {""id"": 53, ""name"": ""Thriller""}, {""id"": 27, ""name"": ""Horror""}]",en,45.151657,5.6,922,Released,Fantasy,1,1,2.122908619047619
2749,15 Minutes,60000000,56359980,120.0,2001.0,"[{""id"": 28, ""name"": ""Action""}, {""id"": 80, ""name"": ""Crime""}, {""id"": 53, ""name"": ""Thriller""}]",en,15.205371,5.7,191,Released,Action,1,1,0.939333
9607,Super Mario Bros.,48000000,20915465,104.0,1993.0,"[{""id"": 12, ""name"": ""Adventure""}, {""id"": 35, ""name"": ""Comedy""}, {""id"": 10751, ""name"": ""Family""}, {""id"": 14, ""name"": ""Fantasy""}]",en,14.587367,4.0,232,Released,Adventure,1,1,0.4357388541666667
1830,Lord of War,42000000,24127895,122.0,2005.0,"[{""id"": 80, ""name"": ""Crime""}, {""id"": 18, ""name"": ""Drama""}, {""id"": 53, ""name"": ""Thriller""}]",en,34.828241,7.0,1335,Released,Crime,1,1,0.5744736904761905
79,Hero,31000000,177394432,99.0,2002.0,"[{""id"": 18, ""name"": ""Drama""}, {""id"": 12, ""name"": ""Adventure""}, {""id"": 28, ""name"": ""Action""}, {""id"": 36, ""name"": ""History""}]",zh,23.607392,7.2,635,Released,Drama,1,1,5.722401032258064
54054,One for the Money,40000000,36893721,91.0,2012.0,"[{""id"": 28, ""name"": ""Action""}, {""id"": 35, ""name"": ""Comedy""}, {""id"": 80, ""name"": ""Crime""}]",en,19.438503,5.3,388,Released,Action,1,1,0.922343025
228967,The Interview,44000000,12342632,112.0,2014.0,"[{""id"": 28, ""name"": ""Action""}, {""id"": 35, ""name"": ""Comedy""}]",en,74.168016,6.1,2304,Released,Action,1,1,0.2805143636363636
46528,The Warrior's Way,42000000,11087569,100.0,2010.0,"[{""id"": 12, ""name"": ""Adventure""}, {""id"": 14, ""name"": ""Fantasy""}, {""id"": 28, ""name"": ""Action""}, {""id"": 37, ""name"": ""Western""}, {""id"": 53, ""name"": ""Thriller""}]",en,7.349497,6.3,136,Released,Adventure,1,1,0.26398973809523807
27936,Micmacs,33000000,14000000,100.0,2009.0,"[{""id"": 28, ""name"": ""Action""}, {""id"": 35, ""name"": ""Comedy""}, {""id"": 80, ""name"": ""Crime""}]",fr,7.663515,6.8,148,Released,Action,1,1,0.42424242424242425
65,8 Mile,41000000,215000000,110.0,2002.0,"[{""id"": 18, ""name"": ""Drama""}]",en,32.798571,6.8,1626,Released,Drama,1,1,5.2439024390243905
9476,A Knight's Tale,65000000,117487473,132.0,2001.0,"[{""id"": 12, ""name"": ""Adventure""}, {""id"": 18, ""name"": ""Drama""}, {""id"": 10749, ""name"": ""Romance""}, {""id"": 28, ""name"": ""Action""}]",en,36.670399,6.6,907,Released,Adventure,1,1,1.8074995846153845
745,The Sixth Sense,40000000,672806292,107.0,1999.0,"[{""id"": 9648, ""name"": ""Mystery""}, {""id"": 53, ""name"": ""Thriller""}, {""id"": 18, ""name"": ""Drama""}]",en,73.085576,7.7,3147,Released,Mystery,1,1,16.8201573
49527,Man on a Ledge,42000000,46221189,102.0,2012.0,"[{""id"": 28, ""name"": ""Action""}, {""id"": 53, ""name"": ""Thriller""}, {""id"": 80, ""name"": ""Crime""}]",en,34.041407,6.2,925,Released,Action,1,1,1.1005045
73937,The Big Year,41000000,7448385,100.0,2011.0,"[{""id"": 35, ""name"": ""Comedy""}]",en,9.419726,5.6,248,Released,Comedy,1,1,0.1816679268292683
1885,The Karate Kid,8000000,90815558,126.0,1984.0,"[{""id"": 18, ""name"": ""Drama""}]",en,28.456572,6.9,891,Released,Drama,1,1,11.35194475
168672,American Hustle,40000000,251171807,138.0,2013.0,"[{""id"": 18, ""name"": ""Drama""}, {""id"": 80, ""name"": ""Crime""}]",en,49.664128,6.8,2807,Released,Drama,1,1,6.279295175
18240,The Proposal,40000000,317375031,108.0,2009.0,"[{""id"": 35, ""name"": ""Comedy""}, {""id"": 10749, ""name"": ""Romance""}, {""id"": 18, ""name"": ""Drama""}]",en,36.238968,6.7,1804,Released,Comedy,1,1,7.934375775
10398,Double Jeopardy,70000000,177841558,105.0,1999.0,"[{""id"": 80, ""name"": ""Crime""}, {""id"": 18, ""name"": ""Drama""}, {""id"": 9648, ""name"": ""Mystery""}, {""id"": 53, ""name"": ""Thriller""}]",en,19.439386,6.2,278,Released,Crime,1,1,2.5405936857142857
165,Back to the Future Part II,40000000,332000000,108.0,1989.0,"[{""id"": 12, ""name"": ""Adventure""}, {""id"": 35, ""name"": ""Comedy""}, {""id"": 10751, ""name"": ""Family""}, {""id"": 878, ""name"": ""Science Fiction""}]",en,43.345252,7.4,3829,Released,Adventure,1,1,8.3
240832,Lucy,40000000,126546825,89.0,2014.0,"[{""id"": 28, ""name"": ""Action""}, {""id"": 878, ""name"": ""Science Fiction""}]",en,115.241998,6.3,5878,Released,Action,1,1,3.163670625
216015,Fifty Shades of Grey,40000000,571006128,125.0,2015.0,"[{""id"": 18, ""name"": ""Drama""}, {""id"": 10749, ""name"": ""Romance""}, {""id"": 53, ""name"": ""Thriller""}]",en,98.755657,5.2,3254,Released,Drama,1,1,14.2751532
12279,Spy Kids 3-D: Game Over,38000000,197011982,84.0,2003.0,"[{""id"": 28, ""name"": ""Action""}, {""id"": 12, ""name"": ""Adventure""}, {""id"": 35, ""name"": ""Comedy""}, {""id"": 10751, ""name"": ""Family""}, {""id"": 878, ""name"": ""Science Fiction""}]",en,21.998734,4.7,511,Released,Action,1,1,5.184525842105264
1645,A Time to Kill,40000000,152266007,149.0,1996.0,"[{""id"": 80, ""name"": ""Crime""}, {""id"": 18, ""name"": ""Drama""}, {""id"": 53, ""name"": ""Thriller""}]",en,25.219805,7.0,509,Released,Crime,1,1,3.806650175
11007,Cheaper by the Dozen,40000000,190212113,98.0,2003.0,"[{""id"": 35, ""name"": ""Comedy""}]",en,26.516624,6.0,699,Released,Comedy,1,1,4.755302825
193756,Lone Survivor,40000000,149295601,121.0,2013.0,"[{""id"": 28, ""name"": ""Action""}, {""id"": 18, ""name"": ""Drama""}, {""id"": 53, ""name"": ""Thriller""}, {""id"": 10752, ""name"": ""War""}]",en,37.084384,7.4,1526,Released,Action,1,1,3.732390025
11287,A League of Their Own,40000000,107458785,128.0,1992.0,"[{""id"": 35, ""name"": ""Comedy""}]",en,21.661028,6.7,354,Released,Comedy,1,1,2.686469625
259693,The Conjuring 2,40000000,320170008,134.0,2016.0,"[{""id"": 27, ""name"": ""Horror""}]",en,68.794673,7.0,1949,Released,Horror,1,1,8.0042502
37799,The Social Network,40000000,224920315,120.0,2010.0,"[{""id"": 18, ""name"": ""Drama""}]",en,69.27822,7.1,3391,Released,Drama,1,1,5.623007875
10184,He's Just Not That Into You,40000000,177259441,129.0,2009.0,"[{""id"": 35, ""name"": ""Comedy""}, {""id"": 10749, ""name"": ""Romance""}, {""id"": 18, ""name"": ""Drama""}]",en,26.253357,6.2,959,Released,Comedy,1,1,4.431486025
4257,Scary Movie 4,45000000,178262620,83.0,2006.0,"[{""id"": 35, ""name"": ""Comedy""}]",en,32.549282,5.3,750,Released,Comedy,1,1,3.9613915555555557
4234,Scream 3,40000000,161834276,116.0,2000.0,"[{""id"": 27, ""name"": ""Horror""}, {""id"": 9648, ""name"": ""Mystery""}]",en,24.992057,5.7,736,Released,Horror,1,1,4.0458569
196,Back to the Future Part III,40000000,244527583,118.0,1990.0,"[{""id"": 12, ""name"": ""Adventure""}, {""id"": 35, ""name"": ""Comedy""}, {""id"": 10751, ""name"": ""Family""}, {""id"": 878, ""name"": ""Science Fiction""}]",en,45.769562,7.1,2900,Released,Adventure,1,1,6.113189575
257091,Get Hard,40000000,111811453,100.0,2015.0,"[{""id"": 35, ""name"": ""Comedy""}]",en,36.301202,5.9,944,Released,Comedy,1,1,2.795286325
6114,Dracula,40000000,215862692,128.0,1992.0,"[{""id"": 10749, ""name"": ""Romance""}, {""id"": 27, ""name"": ""Horror""}]",en,45.022964,7.1,1056,Released,Romance,1,1,5.3965673
24803,Julie & Julia,40000000,129540499,123.0,2009.0,"[{""id"": 10749, ""name"": ""Romance""}, {""id"": 18, ""name"": ""Drama""}]",en,22.853006,6.6,560,Released,Romance,1,1,3.238512475
109410,42,40000000,95020213,128.0,2013.0,"[{""id"": 18, ""name"": ""Drama""}]",en,31.884559,6.8,787,Released,Drama,1,1,2.375505325
1213,The Talented Mr. Ripley,40000000,128798265,139.0,1999.0,"[{""id"": 53, ""name"": ""Thriller""}, {""id"": 80, ""name"": ""Crime""}, {""id"": 18, ""name"": ""Drama""}]",en,31.385257,7.0,767,Released,Thriller,1,1,3.219956625
100042,Dumb and Dumber To,40000000,169837010,110.0,2014.0,"[{""id"": 35, ""name"": ""Comedy""}]",en,67.767785,5.4,1127,Released,Comedy,1,1,4.24592525
9036,Eight Below,40000000,120455994,120.0,2006.0,"[{""id"": 12, ""name"": ""Adventure""}, {""id"": 18, ""name"": ""Drama""}, {""id"": 10751, ""name"": ""Family""}]",en,24.287306,6.7,542,Released,Adventure,1,1,3.01139985
257211,The Intern,35000000,194564672,121.0,2015.0,"[{""id"": 35, ""name"": ""Comedy""}]",en,53.114573,7.1,1881,Released,Comedy,1,1,5.558990628571428
323675,Ride Along 2,40000000,124827316,102.0,2016.0,"[{""id"": 28, ""name"": ""Action""}, {""id"": 35, ""name"": ""Comedy""}]",en,25.136082,6.1,555,Released,Action,1,1,3.1206829
9361,The Last of the Mohicans,40000000,75505856,112.0,1992.0,"[{""id"": 28, ""name"": ""Action""}, {""id"": 12, ""name"": ""Adventure""}, {""id"": 18, ""name"": ""Drama""}, {""id"": 36, ""name"": ""History""}, {""id"": 10749, ""name"": ""Romance""}, {""id"": 10752, ""name"": ""War""}]",en,37.776566,7.1,732,Released,Action,1,1,1.8876464
1677,Ray,40000000,124731534,152.0,2004.0,"[{""id"": 18, ""name"": ""Drama""}, {""id"": 10402, ""name"": ""Music""}]",en,21.743321,7.2,467,Released,Drama,1,1,3.11828835
187,Sin City,40000000,158733820,124.0,2005.0,"[{""id"": 28, ""name"": ""Action""}, {""id"": 53, ""name"": ""Thriller""}, {""id"": 80, ""name"": ""Crime""}]",en,66.003433,7.2,2691,Released,Action,1,1,3.9683455
7461,Vantage Point,40000000,151161491,90.0,2008.0,"[{""id"": 18, ""name"": ""Drama""}, {""id"": 28, ""name"": ""Action""}, {""id"": 53, ""name"": ""Thriller""}, {""id"": 80, ""name"": ""Crime""}]",en,24.862767,6.2,716,Released,Drama,1,1,3.779037275
16538,"I Love You, Man",41000000,91636986,105.0,2009.0,"[{""id"": 35, ""name"": ""Comedy""}]",en,25.391899,6.5,515,Released,Comedy,1,1,2.23504843902439
9889,Shallow Hal,40000000,141069860,114.0,2001.0,"[{""id"": 35, ""name"": ""Comedy""}, {""id"": 10749, ""name"": ""Romance""}]",en,29.854773,5.7,731,Released,Comedy,1,1,3.5267465
820,JFK,40000000,205405498,189.0,1991.0,"[{""id"": 18, ""name"": ""Drama""}, {""id"": 53, ""name"": ""Thriller""}, {""id"": 36, ""name"": ""History""}]",en,26.82041,7.5,502,Released,Drama,1,1,5.13513745
11565,Big Momma's House 2,40000000,138259062,99.0,2006.0,"[{""id"": 35, ""name"": ""Comedy""}, {""id"": 80, ""name"": ""Crime""}]",en,17.61292,5.4,371,Released,Comedy,1,1,3.45647655
6073,The Mexican,57000000,147845033,123.0,2001.0,"[{""id"": 28, ""name"": ""Action""}, {""id"": 35, ""name"": ""Comedy""}, {""id"": 80, ""name"": ""Crime""}, {""id"": 10749, ""name"": ""Romance""}]",en,21.021809,5.8,441,Released,Action,1,1,2.59377250877193
16996,17 Again,20000000,136267476,102.0,2009.0,"[{""id"": 35, ""name"": ""Comedy""}]",en,52.571674,6.1,1350,Released,Comedy,1,1,6.8133738
193610,The Other Woman,40000000,196781193,109.0,2014.0,"[{""id"": 35, ""name"": ""Comedy""}, {""id"": 10749, ""name"": ""Romance""}]",en,34.519636,6.2,1437,Released,Comedy,1,1,4.919529825
19912,The Final Destination,40000000,186167139,82.0,2009.0,"[{""id"": 27, ""name"": ""Horror""}, {""id"": 9648, ""name"": ""Mystery""}]",en,32.478077,5.4,831,Released,Horror,1,1,4.654178475
296098,Bridge of Spies,40000000,165478348,141.0,2015.0,"[{""id"": 53, ""name"": ""Thriller""}, {""id"": 18, ""name"": ""Drama""}]",en,48.445978,7.2,2583,Released,Thriller,1,1,4.1369587
8007,Behind Enemy Lines,40000000,91753202,106.0,2001.0,"[{""id"": 28, ""name"": ""Action""}, {""id"": 18, ""name"": ""Drama""}, {""id"": 53, ""name"": ""Thriller""}, {""id"": 10752, ""name"": ""War""}]",en,24.012986,6.0,457,Released,Action,1,1,2.29383005
32823,Get Him to the Greek,40000000,90029656,109.0,2010.0,"[{""id"": 35, ""name"": ""Comedy""}]",en,17.869443,5.9,612,Released,Comedy,1,1,2.2507414
4380,Shall We Dance?,50000000,170128460,107.0,2004.0,"[{""id"": 18, ""name"": ""Drama""}, {""id"": 10749, ""name"": ""Romance""}, {""id"": 35, ""name"": ""Comedy""}]",en,14.231899,5.9,297,Released,Drama,1,1,3.4025692
11551,Small Soldiers,40000000,54682547,110.0,1998.0,"[{""id"": 35, ""name"": ""Comedy""}, {""id"": 12, ""name"": ""Adventure""}, {""id"": 14, ""name"": ""Fantasy""}, {""id"": 878, ""name"": ""Science Fiction""}, {""id"": 28, ""name"": ""Action""}]",en,23.088571,6.2,511,Released,Comedy,1,1,1.367063675
10336,Spawn,40000000,87840042,96.0,1997.0,"[{""id"": 28, ""name"": ""Action""}, {""id"": 12, ""name"": ""Adventure""}, {""id"": 14, ""name"": ""Fantasy""}, {""id"": 27, ""name"": ""Horror""}, {""id"": 878, ""name"": ""Science Fiction""}, {""id"": 53, ""name"": ""Thriller""}]",en,19.833664,5.0,336,Released,Action,1,1,2.19600105
11362,The Count of Monte Cristo,35000000,75395048,131.0,2002.0,"[{""id"": 28, ""name"": ""Action""}, {""id"": 12, ""name"": ""Adventure""}, {""id"": 18, ""name"": ""Drama""}, {""id"": 53, ""name"": ""Thriller""}]",en,26.595983,7.3,453,Released,Action,1,1,2.1541442285714285
50348,The Lincoln Lawyer,40000000,85412898,119.0,2011.0,"[{""id"": 80, ""name"": ""Crime""}, {""id"": 18, ""name"": ""Drama""}, {""id"": 53, ""name"": ""Thriller""}]",en,26.072228,7.0,902,Released,Crime,1,1,2.13532245
48138,Unknown,30000000,130786397,113.0,2011.0,"[{""id"": 28, ""name"": ""Action""}, {""id"": 9648, ""name"": ""Mystery""}, {""id"": 53, ""name"": ""Thriller""}]",en,38.643914,6.5,1265,Released,Action,1,1,4.359546566666666
1124,The Prestige,40000000,109676311,130.0,2006.0,"[{""id"": 18, ""name"": ""Drama""}, {""id"": 9648, ""name"": ""Mystery""}, {""id"": 53, ""name"": ""Thriller""}]",en,74.440708,8.0,4391,Released,Drama,1,1,2.741907775
227159,Horrible Bosses 2,42000000,107670357,108.0,2014.0,"[{""id"": 35, ""name"": ""Comedy""}]",en,82.185281,6.1,1536,Released,Comedy,1,1,2.5635799285714285
68179,Escape from Planet Earth,40000000,74597643,89.0,2013.0,"[{""id"": 16, ""name"": ""Animation""}, {""id"": 35, ""name"": ""Comedy""}, {""id"": 12, ""name"": ""Adventure""}, {""id"": 10751, ""name"": ""Family""}, {""id"": 878, ""name"": ""Science Fiction""}]",en,18.14218,5.7,332,Released,Animation,1,1,1.864941075
1579,Apocalypto,40000000,120175290,139.0,2006.0,"[{""id"": 28, ""name"": ""Action""}, {""id"": 12, ""name"": ""Adventure""}, {""id"": 18, ""name"": ""Drama""}, {""id"": 53, ""name"": ""Thriller""}]",en,41.570047,7.3,1221,Released,Action,1,1,3.00438225
708,The Living Daylights,40000000,191185897,130.0,1987.0,"[{""id"": 28, ""name"": ""Action""}, {""id"": 12, ""name"": ""Adventure""}, {""id"": 53, ""name"": ""Thriller""}]",en,23.331459,6.2,440,Released,Action,1,1,4.779647425
34851,Predators,40000000,126248813,107.0,2010.0,"[{""id"": 28, ""name"": ""Action""}, {""id"": 878, ""name"": ""Science Fiction""}, {""id"": 12, ""name"": ""Adventure""}, {""id"": 53, ""name"": ""Thriller""}]",en,47.649554,6.0,1206,Released,Action,1,1,3.156220325
1586,Secret Window,40000000,92913171,96.0,2004.0,"[{""id"": 53, ""name"": ""Thriller""}, {""id"": 9648, ""name"": ""Mystery""}]",en,32.908414,6.4,972,Released,Thriller,1,1,2.322829275
2044,The Lake House,40000000,114830111,99.0,2006.0,"[{""id"": 10749, ""name"": ""Romance""}, {""id"": 18, ""name"": ""Drama""}, {""id"": 9648, ""name"": ""Mystery""}]",en,29.88736,6.5,670,Released,Romance,1,1,2.870752775
9913,The Skeleton Key,43000000,91974818,104.0,2005.0,"[{""id"": 18, ""name"": ""Drama""}, {""id"": 27, ""name"": ""Horror""}, {""id"": 9648, ""name"": ""Mystery""}, {""id"": 53, ""name"": ""Thriller""}]",en,29.105407,6.4,573,Released,Drama,1,1,2.1389492558139533
10761,Made of Honor,40000000,84601681,101.0,2008.0,"[{""id"": 35, ""name"": ""Comedy""}, {""id"": 10749, ""name"": ""Romance""}]",en,19.574774,6.0,394,Released,Comedy,1,1,2.115042025
209451,Jersey Boys,40000000,67347013,134.0,2014.0,"[{""id"": 10402, ""name"": ""Music""}, {""id"": 18, ""name"": ""Drama""}]",en,14.199933,6.8,255,Released,Music,1,1,1.683675325
11975,The Rainmaker,40000000,45916769,135.0,1997.0,"[{""id"": 18, ""name"": ""Drama""}, {""id"": 80, ""name"": ""Crime""}, {""id"": 53, ""name"": ""Thriller""}]",en,12.229516,6.7,235,Released,Drama,1,1,1.147919225
4970,Gothika,40000000,141591324,98.0,2003.0,"[{""id"": 27, ""name"": ""Horror""}, {""id"": 53, ""name"": ""Thriller""}]",en,27.303608,5.8,629,Released,Horror,1,1,3.5397831
11831,Amistad,36000000,74000000,155.0,1997.0,"[{""id"": 18, ""name"": ""Drama""}, {""id"": 36, ""name"": ""History""}, {""id"": 9648, ""name"": ""Mystery""}]",en,3.698276,6.8,316,Released,Drama,1,1,2.0555555555555554
440,Aliens vs Predator: Requiem,40000000,41797066,94.0,2007.0,"[{""id"": 14, ""name"": ""Fantasy""}, {""id"": 28, ""name"": ""Action""}, {""id"": 878, ""name"": ""Science Fiction""}, {""id"": 53, ""name"": ""Thriller""}, {""id"": 27, ""name"": ""Horror""}]",en,39.381913,4.9,740,Released,Fantasy,1,1,1.04492665
11172,Music and Lyrics,40000000,145896422,96.0,2007.0,"[{""id"": 35, ""name"": ""Comedy""}, {""id"": 10402, ""name"": ""Music""}, {""id"": 10749, ""name"": ""Romance""}]",en,17.659032,6.2,554,Released,Comedy,1,1,3.64741055
39513,Paul,40000000,97552050,104.0,2011.0,"[{""id"": 12, ""name"": ""Adventure""}, {""id"": 35, ""name"": ""Comedy""}, {""id"": 878, ""name"": ""Science Fiction""}]",en,43.151268,6.5,1789,Released,Adventure,1,1,2.43880125
82687,The Guilt Trip,40000000,41863726,95.0,2012.0,"[{""id"": 35, ""name"": ""Comedy""}]",en,15.283444,5.4,284,Released,Comedy,1,1,1.04659315
41446,Scream 4,40000000,97138686,111.0,2011.0,"[{""id"": 27, ""name"": ""Horror""}, {""id"": 9648, ""name"": ""Mystery""}]",en,35.21926,6.1,902,Released,Horror,1,1,2.42846715
8224,8MM,40000000,96618699,123.0,1999.0,"[{""id"": 53, ""name"": ""Thriller""}, {""id"": 80, ""name"": ""Crime""}, {""id"": 9648, ""name"": ""Mystery""}]",en,25.580272,6.1,474,Released,Thriller,1,1,2.415467475
10537,The Doors,38000000,34416893,140.0,1991.0,"[{""id"": 18, ""name"": ""Drama""}, {""id"": 10402, ""name"": ""Music""}]",en,10.794175,6.7,275,Released,Drama,1,1,0.9057077105263158
225886,Sex Tape,40000000,126069509,97.0,2014.0,"[{""id"": 35, ""name"": ""Comedy""}]",en,72.641296,5.3,1695,Released,Comedy,1,1,3.151737725
10385,Hanging Up,40000000,36037909,94.0,2000.0,"[{""id"": 35, ""name"": ""Comedy""}, {""id"": 18, ""name"": ""Drama""}]",en,3.415534,5.0,40,Released,Comedy,1,1,0.900947725
55779,Final Destination 5,47000000,157887643,92.0,2011.0,"[{""id"": 27, ""name"": ""Horror""}, {""id"": 9648, ""name"": ""Mystery""}]",en,38.555482,5.9,866,Released,Horror,1,1,3.3593115531914894
10647,Pay It Forward,40000000,55707411,122.0,2000.0,"[{""id"": 18, ""name"": ""Drama""}, {""id"": 10749, ""name"": ""Romance""}]",en,24.313684,7.0,432,Released,Drama,1,1,1.392685275
11431,Fever Pitch,30000000,50451307,103.0,2005.0,"[{""id"": 35, ""name"": ""Comedy""}, {""id"": 18, ""name"": ""Drama""}, {""id"": 10749, ""name"": ""Romance""}]",en,9.965073,5.9,182,Released,Comedy,1,1,1.6817102333333334
8850,The Shadow,25000000,48063435,108.0,1994.0,"[{""id"": 12, ""name"": ""Adventure""}, {""id"": 14, ""name"": ""Fantasy""}, {""id"": 28, ""name"": ""Action""}, {""id"": 53, ""name"": ""Thriller""}, {""id"": 878, ""name"": ""Science Fiction""}]",en,8.178203,5.4,138,Released,Adventure,1,1,1.9225374
64685,Extremely Loud & Incredibly Close,40000000,55247881,129.0,2011.0,"[{""id"": 18, ""name"": ""Drama""}]",en,31.066874,6.9,708,Released,Drama,1,1,1.381197025
38357,Morning Glory,40000000,58785180,102.0,2010.0,"[{""id"": 35, ""name"": ""Comedy""}, {""id"": 18, ""name"": ""Drama""}, {""id"": 10749, ""name"": ""Romance""}]",en,22.491388,6.1,412,Released,Comedy,1,1,1.4696295
10060,Get Rich or Die Tryin',40000000,46442528,117.0,2005.0,"[{""id"": 18, ""name"": ""Drama""}]",en,12.885985,6.3,186,Released,Drama,1,1,1.1610632
11398,The Art of War,40000000,30199105,117.0,2000.0,"[{""id"": 80, ""name"": ""Crime""}, {""id"": 28, ""name"": ""Action""}, {""id"": 12, ""name"": ""Adventure""}]",en,7.832337,5.6,135,Released,Crime,1,1,0.754977625
1833,Rent,40000000,31670620,135.0,2005.0,"[{""id"": 18, ""name"": ""Drama""}, {""id"": 10749, ""name"": ""Romance""}]",en,10.433667,6.7,155,Released,Drama,1,1,0.7917655
8970,The Out-of-Towners,75000000,29000000,90.0,1999.0,"[{""id"": 35, ""name"": ""Comedy""}]",en,4.842626,5.0,45,Released,Comedy,1,1,0.38666666666666666
9306,The Island of Dr. Moreau,40000000,49627779,96.0,1996.0,"[{""id"": 14, ""name"": ""Fantasy""}, {""id"": 27, ""name"": ""Horror""}, {""id"": 878, ""name"": ""Science Fiction""}]",en,13.210898,4.6,147,Released,Fantasy,1,1,1.240694475
11370,The Musketeer,40000000,27053815,104.0,2001.0,"[{""id"": 28, ""name"": ""Action""}, {""id"": 12, ""name"": ""Adventure""}, {""id"": 18, ""name"": ""Drama""}]",en,3.296933,5.2,56,Released,Action,1,1,0.676345375
1921,Sweet November,40000000,65754228,119.0,2001.0,"[{""id"": 18, ""name"": ""Drama""}, {""id"": 10749, ""name"": ""Romance""}]",en,19.372805,6.4,278,Released,Drama,1,1,1.6438557
1683,The Reaping,40000000,62771059,99.0,2007.0,"[{""id"": 27, ""name"": ""Horror""}]",en,13.445697,5.4,205,Released,Horror,1,1,1.569276475
203,Mean Streets,500000,3000000,110.0,1973.0,"[{""id"": 18, ""name"": ""Drama""}, {""id"": 80, ""name"": ""Crime""}]",en,17.002096,7.2,345,Released,Drama,1,1,6.0
11858,Renaissance Man,40000000,24332324,128.0,1994.0,"[{""id"": 35, ""name"": ""Comedy""}, {""id"": 10752, ""name"": ""War""}]",en,4.516953,5.9,81,Released,Comedy,1,1,0.6083081
62835,Colombiana,40000000,60965854,108.0,2011.0,"[{""id"": 28, ""name"": ""Action""}, {""id"": 53, ""name"": ""Thriller""}, {""id"": 80, ""name"": ""Crime""}, {""id"": 18, ""name"": ""Drama""}]",en,33.785969,6.5,824,Released,Action,1,1,1.52414635
18937,Quest for Camelot,40000000,38172500,86.0,1998.0,"[{""id"": 14, ""name"": ""Fantasy""}, {""id"": 16, ""name"": ""Animation""}, {""id"": 18, ""name"": ""Drama""}, {""id"": 10749, ""name"": ""Romance""}, {""id"": 10751, ""name"": ""Family""}]",en,16.059443,6.9,190,Released,Fantasy,1,1,0.9543125
13536,City By The Sea,40000000,22433915,108.0,2002.0,"[{""id"": 80, ""name"": ""Crime""}, {""id"": 18, ""name"": ""Drama""}, {""id"": 9648, ""name"": ""Mystery""}]",en,3.476966,5.7,92,Released,Crime,1,1,0.560847875
10718,Torque,40000000,46546197,84.0,2004.0,"[{""id"": 28, ""name"": ""Action""}]",en,7.360793,4.7,119,Released,Action,1,1,1.163654925
10802,Showgirls,45000000,20350754,128.0,1995.0,"[{""id"": 18, ""name"": ""Drama""}]",en,14.513305,4.9,256,Released,Drama,1,1,0.4522389777777778
1887,Marie Antoinette,40000000,60474340,123.0,2006.0,"[{""id"": 18, ""name"": ""Drama""}, {""id"": 36, ""name"": ""History""}]",en,22.364549,6.5,642,Released,Drama,1,1,1.5118585
10461,Get Carter,63600000,19412993,102.0,2000.0,"[{""id"": 28, ""name"": ""Action""}, {""id"": 18, ""name"": ""Drama""}, {""id"": 53, ""name"": ""Thriller""}, {""id"": 80, ""name"": ""Crime""}]",en,4.494788,4.8,145,Released,Action,1,1,0.3052357389937107
80278,The Impossible,42000000,180274123,113.0,2012.0,"[{""id"": 53, ""name"": ""Thriller""}, {""id"": 18, ""name"": ""Drama""}]",en,47.559928,7.0,2025,Released,Thriller,1,1,4.292241023809524
12704,Ishtar,55000000,14375181,107.0,1987.0,"[{""id"": 28, ""name"": ""Action""}, {""id"": 12, ""name"": ""Adventure""}, {""id"": 35, ""name"": ""Comedy""}]",en,2.410546,4.2,28,Released,Action,1,1,0.26136692727272726
10315,Fantastic Mr. Fox,40000000,46471023,87.0,2009.0,"[{""id"": 12, ""name"": ""Adventure""}, {""id"": 16, ""name"": ""Animation""}, {""id"": 35, ""name"": ""Comedy""}, {""id"": 10751, ""name"": ""Family""}]",en,41.258956,7.5,1176,Released,Adventure,1,1,1.161775575
16643,Life or Something Like It,40000000,16872671,103.0,2002.0,"[{""id"": 35, ""name"": ""Comedy""}, {""id"": 18, ""name"": ""Drama""}, {""id"": 10749, ""name"": ""Romance""}]",en,8.980846,5.7,124,Released,Comedy,1,1,0.421816775
2687,Memoirs of an Invisible Man,40000000,14358033,99.0,1992.0,"[{""id"": 35, ""name"": ""Comedy""}, {""id"": 14, ""name"": ""Fantasy""}, {""id"": 878, ""name"": ""Science Fiction""}]",en,7.222985,5.7,125,Released,Comedy,1,1,0.358950825
194,Amélie,10000000,173921954,122.0,2001.0,"[{""id"": 35, ""name"": ""Comedy""}, {""id"": 10749, ""name"": ""Romance""}]",fr,73.720244,7.8,3310,Released,Comedy,1,1,17.3921954
8849,Alfie,60000000,13395939,103.0,2004.0,"[{""id"": 35, ""name"": ""Comedy""}]",en,15.219263,5.6,248,Released,Comedy,1,1,0.22326565
78698,Big Miracle,40000000,24719215,107.0,2012.0,"[{""id"": 12, ""name"": ""Adventure""}, {""id"": 18, ""name"": ""Drama""}, {""id"": 10749, ""name"": ""Romance""}]",en,8.303696,6.6,152,Released,Adventure,1,1,0.617980375
30943,The Deep End of the Ocean,38000000,28121100,106.0,1999.0,"[{""id"": 18, ""name"": ""Drama""}, {""id"": 9648, ""name"": ""Mystery""}]",en,4.746085,5.9,54,Released,Drama,1,1,0.7400289473684211
9544,FearDotCom,40000000,18902015,101.0,2002.0,"[{""id"": 27, ""name"": ""Horror""}, {""id"": 53, ""name"": ""Thriller""}]",en,6.756886,3.2,105,Released,Horror,1,1,0.472550375
24418,Cirque du Freak: The Vampire's Assistant,40000000,28169671,109.0,2009.0,"[{""id"": 12, ""name"": ""Adventure""}, {""id"": 14, ""name"": ""Fantasy""}, {""id"": 28, ""name"": ""Action""}, {""id"": 53, ""name"": ""Thriller""}]",en,16.424807,5.5,348,Released,Adventure,1,1,0.704241775
7288,Duplex,40000000,19322135,89.0,2003.0,"[{""id"": 28, ""name"": ""Action""}, {""id"": 35, ""name"": ""Comedy""}, {""id"": 53, ""name"": ""Thriller""}]",en,15.590001,5.9,482,Released,Action,1,1,0.483053375
10366,Universal Soldier: The Return,45000000,10667893,82.0,1999.0,"[{""id"": 28, ""name"": ""Action""}, {""id"": 878, ""name"": ""Science Fiction""}]",en,14.566664,4.2,135,Released,Action,1,1,0.2370642888888889
19898,Pandorum,33000000,20645327,108.0,2009.0,"[{""id"": 28, ""name"": ""Action""}, {""id"": 27, ""name"": ""Horror""}, {""id"": 9648, ""name"": ""Mystery""}, {""id"": 878, ""name"": ""Science Fiction""}, {""id"": 53, ""name"": ""Thriller""}]",en,28.353517,6.5,774,Released,Action,1,1,0.6256159696969696
15074,Extreme Ops,40000000,10959475,93.0,2002.0,"[{""id"": 28, ""name"": ""Action""}, {""id"": 12, ""name"": ""Adventure""}, {""id"": 18, ""name"": ""Drama""}, {""id"": 53, ""name"": ""Thriller""}]",en,2.911819,5.0,28,Released,Action,1,1,0.273986875
1272,Sunshine,50000000,32017803,107.0,2007.0,"[{""id"": 878, ""name"": ""Science Fiction""}, {""id"": 53, ""name"": ""Thriller""}]",en,51.502884,7.0,1182,Released,Science Fiction,1,1,0.64035606
72358,A Thousand Words,40000000,22044277,91.0,2012.0,"[{""id"": 18, ""name"": ""Drama""}, {""id"": 35, ""name"": ""Comedy""}]",en,13.119133,6.0,373,Released,Drama,1,1,0.551106925
266396,The Gunman,40000000,13644292,115.0,2015.0,"[{""id"": 28, ""name"": ""Action""}, {""id"": 18, ""name"": ""Drama""}, {""id"": 80, ""name"": ""Crime""}]",en,26.935458,5.5,392,Released,Action,1,1,0.3411073
9978,Stormbreaker,40000000,23937870,93.0,2006.0,"[{""id"": 12, ""name"": ""Adventure""}, {""id"": 28, ""name"": ""Action""}, {""id"": 10751, ""name"": ""Family""}]",en,16.282962,5.1,213,Released,Adventure,1,1,0.59844675
8271,Disturbia,20000000,117760134,105.0,2007.0,"[{""id"": 53, ""name"": ""Thriller""}, {""id"": 18, ""name"": ""Drama""}, {""id"": 9648, ""name"": ""Mystery""}]",en,31.690456,6.6,1006,Released,Thriller,1,1,5.8880067
10428,Hackers,20000000,7563728,107.0,1995.0,"[{""id"": 28, ""name"": ""Action""}, {""id"": 80, ""name"": ""Crime""}, {""id"": 53, ""name"": ""Thriller""}, {""id"": 18, ""name"": ""Drama""}]",en,17.842246,6.2,398,Released,Action,1,1,0.3781864
110415,Snowpiercer,39200000,86758912,126.0,2013.0,"[{""id"": 28, ""name"": ""Action""}, {""id"": 878, ""name"": ""Science Fiction""}, {""id"": 18, ""name"": ""Drama""}]",ko,64.238688,6.7,2854,Released,Action,1,1,2.2132375510204083
9495,The Crow,15000000,94000000,102.0,1994.0,"[{""id"": 14, ""name"": ""Fantasy""}, {""id"": 28, ""name"": ""Action""}, {""id"": 53, ""name"": ""Thriller""}]",en,44.690107,7.3,953,Released,Fantasy,1,1,6.266666666666667
256040,Baahubali: The Beginning,40000000,100000000,159.0,2015.0,"[{""id"": 28, ""name"": ""Action""}, {""id"": 12, ""name"": ""Adventure""}, {""id"": 10752, ""name"": ""War""}, {""id"": 36, ""name"": ""History""}]",te,16.254032,7.5,135,Released,Action,1,1,2.5
24420,The Time Traveler's Wife,39000000,101229792,107.0,2009.0,"[{""id"": 18, ""name"": ""Drama""}, {""id"": 10749, ""name"": ""Romance""}, {""id"": 14, ""name"": ""Fantasy""}]",en,37.492928,6.7,798,Released,Drama,1,1,2.595635692307692
62214,Frankenweenie,39000000,35287788,87.0,2012.0,"[{""id"": 16, ""name"": ""Animation""}, {""id"": 35, ""name"": ""Comedy""}, {""id"": 10751, ""name"": ""Family""}]",en,27.908783,6.6,932,Released,Animation,1,1,0.9048150769230769
16320,Serenity,39000000,38869464,119.0,2005.0,"[{""id"": 878, ""name"": ""Science Fiction""}, {""id"": 28, ""name"": ""Action""}, {""id"": 12, ""name"": ""Adventure""}, {""id"": 53, ""name"": ""Thriller""}]",en,45.388937,7.4,1264,Released,Science Fiction,1,1,0.9966529230769231
8842,Against the Ropes,39000000,6614280,106.0,2004.0,"[{""id"": 10749, ""name"": ""Romance""}, {""id"": 18, ""name"": ""Drama""}]",en,2.817364,4.5,32,Released,Romance,1,1,0.1695969230769231
9531,Superman III,39000000,75850624,125.0,1983.0,"[{""id"": 35, ""name"": ""Comedy""}, {""id"": 28, ""name"": ""Action""}, {""id"": 12, ""name"": ""Adventure""}, {""id"": 14, ""name"": ""Fantasy""}, {""id"": 878, ""name"": ""Science Fiction""}]",en,22.164202,5.3,490,Released,Comedy,1,1,1.9448877948717949
64807,Grudge Match,40000000,44907260,113.0,2013.0,"[{""id"": 35, ""name"": ""Comedy""}]",en,21.362949,6.0,433,Released,Comedy,1,1,1.1226815
12289,Red Cliff,80341000,127814609,150.0,2008.0,"[{""id"": 12, ""name"": ""Adventure""}, {""id"": 18, ""name"": ""Drama""}, {""id"": 28, ""name"": ""Action""}]",zh,14.8375,7.1,205,Released,Adventure,1,1,1.590901395302523
11529,Sweet Home Alabama,30000000,180622424,108.0,2002.0,"[{""id"": 35, ""name"": ""Comedy""}, {""id"": 10749, ""name"": ""Romance""}]",en,18.256028,6.0,394,Released,Comedy,1,1,6.020747466666666
20943,The Ugly Truth,38000000,205298907,96.0,2009.0,"[{""id"": 35, ""name"": ""Comedy""}, {""id"": 10749, ""name"": ""Romance""}]",en,22.332927,6.4,972,Released,Comedy,1,1,5.402602815789474
9488,Spy Kids 2: The Island of Lost Dreams,38000000,119723358,100.0,2002.0,"[{""id"": 28, ""name"": ""Action""}, {""id"": 12, ""name"": ""Adventure""}, {""id"": 10751, ""name"": ""Family""}]",en,24.085144,5.3,521,Released,Action,1,1,3.1506146842105265
193,Star Trek: Generations,38000000,120000000,118.0,1994.0,"[{""id"": 878, ""name"": ""Science Fiction""}, {""id"": 28, ""name"": ""Action""}, {""id"": 12, ""name"": ""Adventure""}, {""id"": 53, ""name"": ""Thriller""}]",en,14.779041,6.4,452,Released,Science Fiction,1,1,3.1578947368421053
44865,The Grandmaster,3860000,64076736,130.0,2013.0,"[{""id"": 28, ""name"": ""Action""}, {""id"": 18, ""name"": ""Drama""}, {""id"": 36, ""name"": ""History""}]",zh,19.947265,6.3,273,Released,Action,1,1,16.60019067357513
55787,Water for Elephants,38000000,114156230,120.0,2011.0,"[{""id"": 18, ""name"": ""Drama""}, {""id"": 10749, ""name"": ""Romance""}]",en,16.801218,6.7,850,Released,Drama,1,1,3.0041113157894737
10400,The Hurricane,50000000,73956241,146.0,1999.0,"[{""id"": 18, ""name"": ""Drama""}]",en,20.825781,7.2,396,Released,Drama,1,1,1.47912482
1957,Enough,38000000,51801187,114.0,2002.0,"[{""id"": 18, ""name"": ""Drama""}, {""id"": 53, ""name"": ""Thriller""}]",en,11.500783,6.2,264,Released,Drama,1,1,1.3631891315789473
256961,Paul Blart: Mall Cop 2,38000000,107597242,94.0,2015.0,"[{""id"": 28, ""name"": ""Action""}, {""id"": 35, ""name"": ""Comedy""}, {""id"": 10751, ""name"": ""Family""}]",en,41.258487,5.0,567,Released,Action,1,1,2.8315063684210524
5852,Angel Eyes,53000000,29700000,102.0,2001.0,"[{""id"": 18, ""name"": ""Drama""}, {""id"": 10749, ""name"": ""Romance""}, {""id"": 53, ""name"": ""Thriller""}]",en,6.454634,5.6,88,Released,Drama,1,1,0.560377358490566
622,The Ninth Gate,38000000,58401898,133.0,1999.0,"[{""id"": 27, ""name"": ""Horror""}, {""id"": 9648, ""name"": ""Mystery""}, {""id"": 53, ""name"": ""Thriller""}]",en,30.359164,6.3,756,Released,Horror,1,1,1.536892052631579
11306,Extreme Measures,38000000,17380126,118.0,1996.0,"[{""id"": 18, ""name"": ""Drama""}, {""id"": 53, ""name"": ""Thriller""}]",en,3.426555,5.7,80,Released,Drama,1,1,0.45737173684210525
12508,Rock Star,57000000,16991902,105.0,2001.0,"[{""id"": 10402, ""name"": ""Music""}, {""id"": 18, ""name"": ""Drama""}, {""id"": 35, ""name"": ""Comedy""}]",en,11.60815,6.0,190,Released,Music,1,1,0.2981035438596491
25793,Precious,10000000,47536959,110.0,2009.0,"[{""id"": 18, ""name"": ""Drama""}]",en,18.664624,6.9,417,Released,Drama,1,1,4.7536959
10534,White Squall,38000000,10300000,129.0,1996.0,"[{""id"": 28, ""name"": ""Action""}, {""id"": 18, ""name"": ""Drama""}]",en,10.047579,6.3,86,Released,Action,1,1,0.2710526315789474
1091,The Thing,15000000,19629760,109.0,1982.0,"[{""id"": 27, ""name"": ""Horror""}, {""id"": 9648, ""name"": ""Mystery""}, {""id"": 878, ""name"": ""Science Fiction""}]",en,52.731379,7.8,1588,Released,Horror,1,1,1.3086506666666666
87421,Riddick,38000000,98337295,119.0,2013.0,"[{""id"": 878, ""name"": ""Science Fiction""}, {""id"": 28, ""name"": ""Action""}, {""id"": 53, ""name"": ""Thriller""}]",en,46.630062,6.2,2035,Released,Science Fiction,1,1,2.587823552631579
10871,Switchback,37000000,6482195,118.0,1997.0,"[{""id"": 28, ""name"": ""Action""}, {""id"": 12, ""name"": ""Adventure""}, {""id"": 9648, ""name"": ""Mystery""}, {""id"": 53, ""name"": ""Thriller""}]",en,4.131546,5.8,52,Released,Action,1,1,0.17519445945945947
13600,City of Ember,55000000,17869048,90.0,2008.0,"[{""id"": 12, ""name"": ""Adventure""}, {""id"": 10751, ""name"": ""Family""}, {""id"": 14, ""name"": ""Fantasy""}]",en,23.465539,6.2,605,Released,Adventure,1,1,0.3248917818181818
68722,The Master,32000000,28258060,137.0,2012.0,"[{""id"": 18, ""name"": ""Drama""}]",en,25.682509,7.0,701,Released,Drama,1,1,0.883064375
14324,Virgin Territory,38000000,5410749,93.0,2007.0,"[{""id"": 12, ""name"": ""Adventure""}, {""id"": 28, ""name"": ""Action""}, {""id"": 35, ""name"": ""Comedy""}, {""id"": 10749, ""name"": ""Romance""}]",en,6.760922,4.3,75,Released,Adventure,1,1,0.14238813157894736
14325,The Express,40000000,9793496,130.0,2008.0,"[{""id"": 18, ""name"": ""Drama""}]",en,3.87823,7.1,71,Released,Drama,1,1,0.2448374
299687,The 5th Wave,38000000,109906372,112.0,2016.0,"[{""id"": 12, ""name"": ""Adventure""}, {""id"": 878, ""name"": ""Science Fiction""}]",en,57.889964,5.6,1945,Released,Adventure,1,1,2.892272947368421
312221,Creed,37000000,173567581,133.0,2015.0,"[{""id"": 18, ""name"": ""Drama""}]",en,57.773583,7.3,1915,Released,Drama,1,1,4.691015702702702
23168,The Town,37000000,154026136,125.0,2010.0,"[{""id"": 80, ""name"": ""Crime""}, {""id"": 18, ""name"": ""Drama""}, {""id"": 53, ""name"": ""Thriller""}]",en,24.218358,7.0,1468,Released,Crime,1,1,4.162868540540541
76494,What to Expect When You're Expecting,40000000,79700000,110.0,2012.0,"[{""id"": 10749, ""name"": ""Romance""}, {""id"": 35, ""name"": ""Comedy""}, {""id"": 18, ""name"": ""Drama""}]",en,27.009723,5.8,594,Released,Romance,1,1,1.9925
4944,Burn After Reading,37000000,163720069,96.0,2008.0,"[{""id"": 35, ""name"": ""Comedy""}, {""id"": 18, ""name"": ""Drama""}]",en,31.941347,6.5,1222,Released,Comedy,1,1,4.42486672972973
10488,Nim's Island,37000000,100076342,96.0,2008.0,"[{""id"": 12, ""name"": ""Adventure""}, {""id"": 35, ""name"": ""Comedy""}, {""id"": 10751, ""name"": ""Family""}, {""id"": 14, ""name"": ""Fantasy""}]",en,14.353279,5.6,330,Released,Adventure,1,1,2.704766
96721,Rush,38000000,90247624,123.0,2013.0,"[{""id"": 18, ""name"": ""Drama""}, {""id"": 28, ""name"": ""Action""}]",en,33.003828,7.7,2277,Released,Drama,1,1,2.3749374736842106
334,Magnolia,37000000,48451803,188.0,1999.0,"[{""id"": 18, ""name"": ""Drama""}]",en,30.993736,7.5,825,Released,Drama,1,1,1.309508189189189
23742,Cop Out,30000000,55583804,107.0,2010.0,"[{""id"": 28, ""name"": ""Action""}, {""id"": 35, ""name"": ""Comedy""}, {""id"": 80, ""name"": ""Crime""}]",en,25.825771,5.3,511,Released,Action,1,1,1.8527934666666668
259694,How to Be Single,38000000,112343513,110.0,2016.0,"[{""id"": 35, ""name"": ""Comedy""}, {""id"": 10749, ""name"": ""Romance""}]",en,46.078371,5.9,1201,Released,Comedy,1,1,2.956408236842105
62837,Dolphin Tale,37000000,95404397,113.0,2011.0,"[{""id"": 18, ""name"": ""Drama""}, {""id"": 10751, ""name"": ""Family""}]",en,6.63839,6.7,163,Released,Drama,1,1,2.578497216216216
8966,Twilight,37000000,392616625,122.0,2008.0,"[{""id"": 12, ""name"": ""Adventure""}, {""id"": 14, ""name"": ""Fantasy""}, {""id"": 18, ""name"": ""Drama""}, {""id"": 10749, ""name"": ""Romance""}]",en,127.084938,5.8,3561,Released,Adventure,1,1,10.611260135135135
8470,John Q,36000000,102244770,116.0,2002.0,"[{""id"": 18, ""name"": ""Drama""}, {""id"": 53, ""name"": ""Thriller""}, {""id"": 80, ""name"": ""Crime""}]",en,27.465433,7.0,594,Released,Drama,1,1,2.8401325
11001,Blue Streak,65000000,117758500,93.0,1999.0,"[{""id"": 28, ""name"": ""Action""}, {""id"": 35, ""name"": ""Comedy""}, {""id"": 80, ""name"": ""Crime""}]",en,16.865782,6.1,352,Released,Action,1,1,1.8116692307692308
138832,We're the Millers,37000000,269994119,110.0,2013.0,"[{""id"": 35, ""name"": ""Comedy""}, {""id"": 80, ""name"": ""Crime""}]",en,100.348805,6.8,2972,Released,Comedy,1,1,7.297138351351351
16911,The Inhabited Island,36500000,21834845,115.0,2008.0,"[{""id"": 28, ""name"": ""Action""}, {""id"": 14, ""name"": ""Fantasy""}, {""id"": 878, ""name"": ""Science Fiction""}, {""id"": 53, ""name"": ""Thriller""}]",ru,2.785832,5.3,23,Released,Action,1,1,0.5982149315068493
2163,Breakdown,36000000,50159144,95.0,1997.0,"[{""id"": 18, ""name"": ""Drama""}, {""id"": 28, ""name"": ""Action""}, {""id"": 53, ""name"": ""Thriller""}]",en,9.176339,6.6,198,Released,Drama,1,1,1.3933095555555555
36670,Never Say Never Again,36000000,160000000,134.0,1983.0,"[{""id"": 12, ""name"": ""Adventure""}, {""id"": 28, ""name"": ""Action""}, {""id"": 53, ""name"": ""Thriller""}]",en,23.380757,5.8,338,Released,Adventure,1,1,4.444444444444445
23048,Hot Tub Time Machine,36000000,64572262,101.0,2010.0,"[{""id"": 878, ""name"": ""Science Fiction""}, {""id"": 35, ""name"": ""Comedy""}, {""id"": 12, ""name"": ""Adventure""}]",en,33.926473,6.0,894,Released,Science Fiction,1,1,1.7936739444444445
227735,Dolphin Tale 2,36000000,52424533,107.0,2014.0,"[{""id"": 10751, ""name"": ""Family""}, {""id"": 18, ""name"": ""Drama""}]",en,6.967857,6.7,96,Released,Family,1,1,1.4562370277777779
2155,Reindeer Games,42000000,32168970,124.0,2000.0,"[{""id"": 53, ""name"": ""Thriller""}]",en,11.470135,5.4,173,Released,Thriller,1,1,0.7659278571428572
8409,A Man Apart,36000000,44350926,109.0,2003.0,"[{""id"": 28, ""name"": ""Action""}, {""id"": 18, ""name"": ""Drama""}]",en,19.854932,5.8,258,Released,Action,1,1,1.2319701666666667
222936,Aloha,37000000,26250020,105.0,2015.0,"[{""id"": 18, ""name"": ""Drama""}, {""id"": 35, ""name"": ""Comedy""}, {""id"": 10749, ""name"": ""Romance""}]",en,29.652536,5.2,692,Released,Drama,1,1,0.70946
48171,The Rite,37000000,96047633,114.0,2011.0,"[{""id"": 18, ""name"": ""Drama""}, {""id"": 53, ""name"": ""Thriller""}, {""id"": 27, ""name"": ""Horror""}]",en,11.492474,5.8,556,Released,Drama,1,1,2.595881972972973
782,Gattaca,36000000,12532777,106.0,1997.0,"[{""id"": 53, ""name"": ""Thriller""}, {""id"": 878, ""name"": ""Science Fiction""}, {""id"": 9648, ""name"": ""Mystery""}, {""id"": 10749, ""name"": ""Romance""}]",en,70.398356,7.5,1808,Released,Thriller,1,1,0.34813269444444445
75531,Isn't She Great,36000000,3003296,95.0,2000.0,"[{""id"": 18, ""name"": ""Drama""}, {""id"": 35, ""name"": ""Comedy""}]",de,1.068453,4.6,14,Released,Drama,1,1,0.0834248888888889
11802,Space Chimps,37000000,63800345,81.0,2008.0,"[{""id"": 16, ""name"": ""Animation""}, {""id"": 10751, ""name"": ""Family""}]",en,6.293217,5.2,99,Released,Animation,1,1,1.7243336486486487
18785,The Hangover,35000000,459270619,100.0,2009.0,"[{""id"": 35, ""name"": ""Comedy""}]",en,82.21166,7.2,6173,Released,Comedy,1,1,13.122017685714285
365222,Ip Man 3,36000000,156844753,105.0,2015.0,"[{""id"": 28, ""name"": ""Action""}, {""id"": 18, ""name"": ""Drama""}, {""id"": 36, ""name"": ""History""}]",cn,19.167377,6.5,379,Released,Action,1,1,4.356798694444445
817,Austin Powers: The Spy Who Shagged Me,33000000,310940086,95.0,1999.0,"[{""id"": 12, ""name"": ""Adventure""}, {""id"": 35, ""name"": ""Comedy""}, {""id"": 80, ""name"": ""Crime""}, {""id"": 878, ""name"": ""Science Fiction""}]",en,18.316151,6.2,1011,Released,Adventure,1,1,9.422426848484848
268,Batman,35000000,411348924,126.0,1989.0,"[{""id"": 14, ""name"": ""Fantasy""}, {""id"": 28, ""name"": ""Action""}]",en,44.104469,7.0,2096,Released,Fantasy,1,1,11.7528264
943,Lethal Weapon 3,35000000,321731527,118.0,1992.0,"[{""id"": 12, ""name"": ""Adventure""}, {""id"": 28, ""name"": ""Action""}, {""id"": 35, ""name"": ""Comedy""}, {""id"": 53, ""name"": ""Thriller""}, {""id"": 80, ""name"": ""Crime""}]",en,36.172182,6.4,811,Released,Adventure,1,1,9.192329342857143
22881,The Blind Side,29000000,309208309,129.0,2009.0,"[{""id"": 18, ""name"": ""Drama""}]",en,25.767395,7.2,1597,Released,Drama,1,1,10.66235548275862
10054,Spy Kids,35000000,147934180,88.0,2001.0,"[{""id"": 28, ""name"": ""Action""}, {""id"": 35, ""name"": ""Comedy""}, {""id"": 10751, ""name"": ""Family""}, {""id"": 12, ""name"": ""Adventure""}]",en,21.543389,5.5,867,Released,Action,1,1,4.226690857142857
51540,Horrible Bosses,35000000,117000000,98.0,2011.0,"[{""id"": 35, ""name"": ""Comedy""}, {""id"": 80, ""name"": ""Crime""}]",en,50.309843,6.5,2277,Released,Comedy,1,1,3.342857142857143
44264,True Grit,38000000,252276927,110.0,2010.0,"[{""id"": 18, ""name"": ""Drama""}, {""id"": 12, ""name"": ""Adventure""}, {""id"": 37, ""name"": ""Western""}]",en,49.292384,7.2,1668,Released,Drama,1,1,6.6388665
350,The Devil Wears Prada,35000000,326551094,109.0,2006.0,"[{""id"": 35, ""name"": ""Comedy""}, {""id"": 18, ""name"": ""Drama""}, {""id"": 10749, ""name"": ""Romance""}]",en,83.893257,7.0,3088,Released,Comedy,1,1,9.330031257142856
152,Star Trek: The Motion Picture,35000000,139000000,132.0,1979.0,"[{""id"": 878, ""name"": ""Science Fiction""}, {""id"": 12, ""name"": ""Adventure""}, {""id"": 9648, ""name"": ""Mystery""}]",en,24.616634,6.2,530,Released,Science Fiction,1,1,3.9714285714285715
109431,Identity Thief,35000000,173965010,111.0,2013.0,"[{""id"": 35, ""name"": ""Comedy""}, {""id"": 80, ""name"": ""Crime""}]",en,34.005726,5.6,1645,Released,Comedy,1,1,4.970428857142857
1598,Cape Fear,35000000,182300000,128.0,1991.0,"[{""id"": 80, ""name"": ""Crime""}, {""id"": 53, ""name"": ""Thriller""}]",en,27.714043,7.0,675,Released,Crime,1,1,5.208571428571428
8065,21,35000000,69823199,123.0,2008.0,"[{""id"": 18, ""name"": ""Drama""}, {""id"": 80, ""name"": ""Crime""}]",en,45.149948,6.5,1375,Released,Drama,1,1,1.994948542857143
271718,Trainwreck,35000000,140795793,125.0,2015.0,"[{""id"": 35, ""name"": ""Comedy""}]",en,72.774941,5.9,1181,Released,Comedy,1,1,4.022736942857143
11638,Guess Who,35000000,68915888,105.0,2005.0,"[{""id"": 35, ""name"": ""Comedy""}, {""id"": 10749, ""name"": ""Romance""}]",en,3.74263,5.5,225,Released,Comedy,1,1,1.9690253714285715
409,The English Patient,27000000,231976425,162.0,1996.0,"[{""id"": 18, ""name"": ""Drama""}, {""id"": 10749, ""name"": ""Romance""}, {""id"": 10752, ""name"": ""War""}]",en,29.381878,7.0,542,Released,Drama,1,1,8.591719444444445
2118,L.A. Confidential,35000000,126216940,138.0,1997.0,"[{""id"": 80, ""name"": ""Crime""}, {""id"": 18, ""name"": ""Drama""}, {""id"": 9648, ""name"": ""Mystery""}, {""id"": 53, ""name"": ""Thriller""}]",en,24.860326,7.7,1310,Released,Crime,1,1,3.6061982857142856
11459,Sky High,35000000,86369815,100.0,2005.0,"[{""id"": 12, ""name"": ""Adventure""}, {""id"": 35, ""name"": ""Comedy""}, {""id"": 10751, ""name"": ""Family""}]",en,11.041659,5.8,550,Released,Adventure,1,1,2.467709
9348,Species,35000000,113374103,108.0,1995.0,"[{""id"": 878, ""name"": ""Science Fiction""}, {""id"": 27, ""name"": ""Horror""}, {""id"": 28, ""name"": ""Action""}]",en,23.607071,5.5,453,Released,Science Fiction,1,1,3.2392600857142857
377,A Nightmare on Elm Street,1800000,25504513,91.0,1984.0,"[{""id"": 27, ""name"": ""Horror""}]",en,38.204158,7.2,1180,Released,Horror,1,1,14.169173888888889
8843,The Cell,33000000,104155843,107.0,2000.0,"[{""id"": 27, ""name"": ""Horror""}, {""id"": 878, ""name"": ""Science Fiction""}, {""id"": 53, ""name"": ""Thriller""}]",en,25.413955,6.0,436,Released,Horror,1,1,3.1562376666666667
39486,Secretariat,35000000,60251371,123.0,2010.0,"[{""id"": 18, ""name"": ""Drama""}]",en,9.525037,6.8,103,Released,Drama,1,1,1.7214677428571428
1273,TMNT,34000000,95608995,90.0,2007.0,"[{""id"": 12, ""name"": ""Adventure""}, {""id"": 16, ""name"": ""Animation""}, {""id"": 35, ""name"": ""Comedy""}, {""id"": 10751, ""name"": ""Family""}]",en,18.39217,6.0,345,Released,Adventure,1,1,2.8120292647058824
13920,Radio,32000000,52277485,109.0,2003.0,"[{""id"": 18, ""name"": ""Drama""}]",en,9.254647,6.8,141,Released,Drama,1,1,1.63367140625
50544,Friends with Benefits,35000000,150483765,109.0,2011.0,"[{""id"": 10749, ""name"": ""Romance""}, {""id"": 35, ""name"": ""Comedy""}]",en,40.526587,6.5,2237,Released,Romance,1,1,4.299536142857143
325133,Neighbors 2: Sorority Rising,35000000,108758521,91.0,2016.0,"[{""id"": 35, ""name"": ""Comedy""}]",en,50.179171,5.6,1462,Released,Comedy,1,1,3.1073863142857143
140823,Saving Mr. Banks,35000000,112544580,125.0,2013.0,"[{""id"": 35, ""name"": ""Comedy""}, {""id"": 18, ""name"": ""Drama""}, {""id"": 36, ""name"": ""History""}]",en,31.957947,7.3,1226,Released,Comedy,1,1,3.2155594285714284
1883,Malcolm X,34000000,48169908,202.0,1992.0,"[{""id"": 18, ""name"": ""Drama""}, {""id"": 36, ""name"": ""History""}]",en,19.822791,7.2,370,Released,Drama,1,1,1.416762
89492,This Is 40,35000000,88058786,134.0,2012.0,"[{""id"": 35, ""name"": ""Comedy""}]",en,38.429648,5.6,896,Released,Comedy,1,1,2.5159653142857143
22949,Old Dogs,35000000,92219310,88.0,2009.0,"[{""id"": 35, ""name"": ""Comedy""}, {""id"": 10751, ""name"": ""Family""}]",en,13.707843,5.2,210,Released,Comedy,1,1,2.6348374285714287
12437,Underworld: Rise of the Lycans,35000000,91353501,92.0,2009.0,"[{""id"": 14, ""name"": ""Fantasy""}, {""id"": 28, ""name"": ""Action""}, {""id"": 12, ""name"": ""Adventure""}, {""id"": 878, ""name"": ""Science Fiction""}, {""id"": 53, ""name"": ""Thriller""}]",en,51.927471,6.2,1428,Released,Fantasy,1,1,2.6101000285714284
2959,License to Wed,35000000,69307224,91.0,2007.0,"[{""id"": 35, ""name"": ""Comedy""}]",en,14.503568,5.2,253,Released,Comedy,1,1,1.9802064
11648,Must Love Dogs,30000000,58405313,98.0,2005.0,"[{""id"": 35, ""name"": ""Comedy""}, {""id"": 10749, ""name"": ""Romance""}]",en,11.120167,5.8,140,Released,Comedy,1,1,1.9468437666666667
9366,Donnie Brasco,35000000,41954997,127.0,1997.0,"[{""id"": 80, ""name"": ""Crime""}, {""id"": 18, ""name"": ""Drama""}, {""id"": 53, ""name"": ""Thriller""}]",en,40.370442,7.4,1147,Released,Crime,1,1,1.1987142
1576,Resident Evil,33000000,102984862,100.0,2002.0,"[{""id"": 27, ""name"": ""Horror""}, {""id"": 28, ""name"": ""Action""}, {""id"": 878, ""name"": ""Science Fiction""}]",en,40.715623,6.4,2065,Released,Horror,1,1,3.120753393939394
609,Poltergeist,10700000,122200000,114.0,1982.0,"[{""id"": 27, ""name"": ""Horror""}]",en,36.230204,7.0,794,Released,Horror,1,1,11.42056074766355
13051,Max Payne,35000000,85416905,100.0,2008.0,"[{""id"": 28, ""name"": ""Action""}]",en,25.903237,5.2,613,Released,Action,1,1,2.440483
49530,In Time,40000000,173930596,109.0,2011.0,"[{""id"": 28, ""name"": ""Action""}, {""id"": 53, ""name"": ""Thriller""}, {""id"": 878, ""name"": ""Science Fiction""}]",en,60.231382,6.7,3417,Released,Action,1,1,4.3482649
34806,The Back-Up Plan,35000000,77477008,106.0,2010.0,"[{""id"": 35, ""name"": ""Comedy""}, {""id"": 10749, ""name"": ""Romance""}]",en,18.38292,5.7,458,Released,Comedy,1,1,2.2136288
49022,Something Borrowed,35000000,59901913,112.0,2011.0,"[{""id"": 35, ""name"": ""Comedy""}, {""id"": 18, ""name"": ""Drama""}, {""id"": 10749, ""name"": ""Romance""}]",en,14.029012,5.9,296,Released,Comedy,1,1,1.7114832285714285
23479,The Bad News Bears,35000000,35323292,102.0,1976.0,"[{""id"": 35, ""name"": ""Comedy""}, {""id"": 10751, ""name"": ""Family""}]",en,6.889633,6.9,97,Released,Comedy,1,1,1.0092369142857143
11667,Street Fighter,35000000,99423521,102.0,1994.0,"[{""id"": 28, ""name"": ""Action""}, {""id"": 12, ""name"": ""Adventure""}, {""id"": 53, ""name"": ""Thriller""}]",en,19.286099,4.1,325,Released,Action,1,1,2.8406720285714284
423,The Pianist,35000000,120072577,150.0,2002.0,"[{""id"": 18, ""name"": ""Drama""}, {""id"": 10752, ""name"": ""War""}]",en,50.587541,8.0,1864,Released,Drama,1,1,3.4306450571428573
10066,House of Wax,40000000,68766121,113.0,2005.0,"[{""id"": 27, ""name"": ""Horror""}]",en,17.157738,5.5,677,Released,Horror,1,1,1.719153025
2288,Closer,27000000,115505027,104.0,2004.0,"[{""id"": 18, ""name"": ""Drama""}, {""id"": 10749, ""name"": ""Romance""}]",en,22.636908,6.7,811,Released,Drama,1,1,4.277963962962963
88794,J. Edgar,35000000,84606030,137.0,2011.0,"[{""id"": 18, ""name"": ""Drama""}, {""id"": 80, ""name"": ""Crime""}, {""id"": 36, ""name"": ""History""}]",en,28.069419,6.0,741,Released,Drama,1,1,2.417315142857143
13515,Mirrors,35000000,72436439,110.0,2008.0,"[{""id"": 27, ""name"": ""Horror""}, {""id"": 9648, ""name"": ""Mystery""}, {""id"": 53, ""name"": ""Thriller""}]",en,19.774543,6.0,485,Released,Horror,1,1,2.069612542857143
11979,Queen of the Damned,35000000,45479110,101.0,2002.0,"[{""id"": 18, ""name"": ""Drama""}, {""id"": 14, ""name"": ""Fantasy""}, {""id"": 27, ""name"": ""Horror""}]",en,11.644243,5.4,239,Released,Drama,1,1,1.2994031428571429
169,Predator 2,35000000,57120318,108.0,1990.0,"[{""id"": 878, ""name"": ""Science Fiction""}, {""id"": 28, ""name"": ""Action""}, {""id"": 53, ""name"": ""Thriller""}]",en,27.934978,5.9,730,Released,Science Fiction,1,1,1.6320090857142857
8090,Untraceable,35000000,32483410,101.0,2008.0,"[{""id"": 18, ""name"": ""Drama""}]",en,12.677505,5.9,238,Released,Drama,1,1,0.9280974285714285
11622,Blast from the Past,35000000,40263020,112.0,1999.0,"[{""id"": 35, ""name"": ""Comedy""}, {""id"": 10749, ""name"": ""Romance""}]",en,8.737058,6.3,245,Released,Comedy,1,1,1.150372
3604,Flash Gordon,35000000,27107960,111.0,1980.0,"[{""id"": 878, ""name"": ""Science Fiction""}]",en,12.343507,6.1,233,Released,Science Fiction,1,1,0.7745131428571429
9541,Jersey Girl,35000000,36098382,102.0,2004.0,"[{""id"": 35, ""name"": ""Comedy""}, {""id"": 10749, ""name"": ""Romance""}]",en,14.699342,5.8,325,Released,Comedy,1,1,1.031382342857143
94348,Alex Cross,45000000,30353232,101.0,2012.0,"[{""id"": 28, ""name"": ""Action""}, {""id"": 53, ""name"": ""Thriller""}, {""id"": 80, ""name"": ""Crime""}, {""id"": 9648, ""name"": ""Mystery""}]",en,14.513243,5.1,300,Released,Action,1,1,0.6745162666666666
8197,Midnight in the Garden of Good and Evil,35000000,25105255,155.0,1997.0,"[{""id"": 80, ""name"": ""Crime""}, {""id"": 18, ""name"": ""Drama""}, {""id"": 9648, ""name"": ""Mystery""}, {""id"": 53, ""name"": ""Thriller""}]",en,5.525544,6.3,157,Released,Crime,1,1,0.717293
336004,Heist,8900000,4100000,93.0,2015.0,"[{""id"": 80, ""name"": ""Crime""}, {""id"": 28, ""name"": ""Action""}, {""id"": 53, ""name"": ""Thriller""}]",en,15.079993,5.6,318,Released,Crime,1,1,0.4606741573033708
35019,Nanny McPhee and the Big Bang,35000000,93246388,109.0,2010.0,"[{""id"": 35, ""name"": ""Comedy""}, {""id"": 14, ""name"": ""Fantasy""}]",en,23.835055,6.0,436,Released,Comedy,1,1,2.6641825142857143
8836,The X Files: I Want to Believe,30000000,68369434,104.0,2008.0,"[{""id"": 18, ""name"": ""Drama""}, {""id"": 9648, ""name"": ""Mystery""}, {""id"": 878, ""name"": ""Science Fiction""}, {""id"": 53, ""name"": ""Thriller""}]",en,25.454549,5.5,523,Released,Drama,1,1,2.278981133333333
14442,Ella Enchanted,31000000,27388767,96.0,2004.0,"[{""id"": 10751, ""name"": ""Family""}, {""id"": 14, ""name"": ""Fantasy""}, {""id"": 35, ""name"": ""Comedy""}]",en,22.71592,5.9,437,Released,Family,1,1,0.8835086129032258
321741,Concussion,35000000,50363790,123.0,2015.0,"[{""id"": 18, ""name"": ""Drama""}]",en,35.120736,7.0,823,Released,Drama,1,1,1.4389654285714286
59965,Abduction,35000000,82087155,106.0,2011.0,"[{""id"": 53, ""name"": ""Thriller""}, {""id"": 28, ""name"": ""Action""}, {""id"": 9648, ""name"": ""Mystery""}]",en,19.893646,5.6,961,Released,Thriller,1,1,2.345347285714286
14175,Valiant,35000000,19478106,76.0,2005.0,"[{""id"": 16, ""name"": ""Animation""}, {""id"": 10751, ""name"": ""Family""}, {""id"": 12, ""name"": ""Adventure""}]",en,14.051852,5.2,235,Released,Animation,1,1,0.5565173142857143
11918,Superhero Movie,35000000,25871834,85.0,2008.0,"[{""id"": 28, ""name"": ""Action""}, {""id"": 35, ""name"": ""Comedy""}, {""id"": 878, ""name"": ""Science Fiction""}]",en,19.088655,4.9,379,Released,Action,1,1,0.7391952571428572
98357,Broken City,56000000,19701164,109.0,2013.0,"[{""id"": 53, ""name"": ""Thriller""}, {""id"": 80, ""name"": ""Crime""}, {""id"": 18, ""name"": ""Drama""}]",en,29.490057,5.7,593,Released,Thriller,1,1,0.3518065
10012,Cursed,35000000,19294901,97.0,2005.0,"[{""id"": 27, ""name"": ""Horror""}, {""id"": 35, ""name"": ""Comedy""}]",en,11.195593,5.1,167,Released,Horror,1,1,0.5512828857142857
49526,Premium Rush,35000000,31083599,91.0,2012.0,"[{""id"": 80, ""name"": ""Crime""}, {""id"": 28, ""name"": ""Action""}, {""id"": 53, ""name"": ""Thriller""}]",en,17.709888,6.2,832,Released,Crime,1,1,0.8881028285714285
268920,Hot Pursuit,35000000,51680201,87.0,2015.0,"[{""id"": 28, ""name"": ""Action""}, {""id"": 35, ""name"": ""Comedy""}, {""id"": 80, ""name"": ""Crime""}]",en,18.262017,5.4,647,Released,Action,1,1,1.4765771714285714
9093,The Four Feathers,35000000,29882645,132.0,2002.0,"[{""id"": 10752, ""name"": ""War""}, {""id"": 12, ""name"": ""Adventure""}, {""id"": 18, ""name"": ""Drama""}, {""id"": 10749, ""name"": ""Romance""}]",en,10.10364,6.5,159,Released,War,1,1,0.8537898571428572
119283,Parker,35000000,46216641,118.0,2013.0,"[{""id"": 28, ""name"": ""Action""}, {""id"": 80, ""name"": ""Crime""}]",en,28.670477,5.7,1455,Released,Action,1,1,1.3204754571428572
11823,Wimbledon,31000000,41512007,98.0,2004.0,"[{""id"": 35, ""name"": ""Comedy""}, {""id"": 10749, ""name"": ""Romance""}]",en,16.736734,6.0,293,Released,Comedy,1,1,1.339097
35169,Furry Vengeance,35000000,39340177,92.0,2010.0,"[{""id"": 35, ""name"": ""Comedy""}]",en,13.668633,4.6,149,Released,Comedy,1,1,1.124005057142857
849,Krull,27000000,16519460,117.0,1983.0,"[{""id"": 14, ""name"": ""Fantasy""}, {""id"": 28, ""name"": ""Action""}, {""id"": 12, ""name"": ""Adventure""}]",en,9.904881,5.8,129,Released,Fantasy,1,1,0.6118318518518518
4515,Lions for Lambs,35000000,63215872,92.0,2007.0,"[{""id"": 28, ""name"": ""Action""}, {""id"": 12, ""name"": ""Adventure""}, {""id"": 18, ""name"": ""Drama""}, {""id"": 36, ""name"": ""History""}]",en,9.789027,6.0,216,Released,Action,1,1,1.8061677714285713
6575,Walk Hard: The Dewey Cox Story,35000000,18317151,96.0,2007.0,"[{""id"": 35, ""name"": ""Comedy""}, {""id"": 10402, ""name"": ""Music""}]",en,10.73522,6.6,212,Released,Comedy,1,1,0.5233471714285715
13496,American Outlaws,35000000,13678913,94.0,2001.0,"[{""id"": 28, ""name"": ""Action""}, {""id"": 37, ""name"": ""Western""}]",en,6.727949,5.7,55,Released,Action,1,1,0.39082608571428573
18320,The Young Victoria,35000000,27409889,105.0,2009.0,"[{""id"": 18, ""name"": ""Drama""}, {""id"": 36, ""name"": ""History""}, {""id"": 10749, ""name"": ""Romance""}]",en,16.343317,7.0,322,Released,Drama,1,1,0.7831396857142857
22787,Whiteout,40000000,12206028,101.0,2009.0,"[{""id"": 28, ""name"": ""Action""}, {""id"": 80, ""name"": ""Crime""}, {""id"": 9648, ""name"": ""Mystery""}, {""id"": 53, ""name"": ""Thriller""}]",en,14.818718,5.3,220,Released,Action,1,1,0.3051507
8967,The Tree of Life,32000000,54674226,139.0,2011.0,"[{""id"": 18, ""name"": ""Drama""}, {""id"": 14, ""name"": ""Fantasy""}]",en,43.862456,6.5,987,Released,Drama,1,1,1.7085695625
144336,Sabotage,35000000,17508518,110.0,2014.0,"[{""id"": 28, ""name"": ""Action""}, {""id"": 18, ""name"": ""Drama""}, {""id"": 53, ""name"": ""Thriller""}, {""id"": 80, ""name"": ""Crime""}]",en,27.903999,5.5,555,Released,Action,1,1,0.5002433714285714
9616,The Order,35000000,11560806,102.0,2003.0,"[{""id"": 18, ""name"": ""Drama""}, {""id"": 14, ""name"": ""Fantasy""}, {""id"": 27, ""name"": ""Horror""}, {""id"": 9648, ""name"": ""Mystery""}, {""id"": 10749, ""name"": ""Romance""}, {""id"": 53, ""name"": ""Thriller""}]",en,3.746806,4.8,91,Released,Drama,1,1,0.33030874285714285
13056,Punisher: War Zone,20500000,10089373,102.0,2008.0,"[{""id"": 28, ""name"": ""Action""}, {""id"": 80, ""name"": ""Crime""}]",en,17.112498,5.6,294,Released,Action,1,1,0.49216453658536585
14113,Zoom,35000000,12506188,83.0,2006.0,"[{""id"": 10751, ""name"": ""Family""}, {""id"": 14, ""name"": ""Fantasy""}, {""id"": 35, ""name"": ""Comedy""}]",en,10.304172,4.9,135,Released,Family,1,1,0.35731965714285713
285783,The Walk,35000000,61181942,123.0,2015.0,"[{""id"": 12, ""name"": ""Adventure""}, {""id"": 18, ""name"": ""Drama""}, {""id"": 53, ""name"": ""Thriller""}]",en,37.335721,6.9,1121,Released,Adventure,1,1,1.7480554857142858
9726,A Good Year,35000000,42064105,118.0,2006.0,"[{""id"": 35, ""name"": ""Comedy""}, {""id"": 18, ""name"": ""Drama""}, {""id"": 10749, ""name"": ""Romance""}]",en,16.782471,6.5,357,Released,Comedy,1,1,1.2018315714285714
20763,Radio Flyer,35000000,4651977,114.0,1992.0,"[{""id"": 18, ""name"": ""Drama""}]",en,3.503408,6.6,53,Released,Drama,1,1,0.13291362857142858
9280,Femme Fatale,35000000,16838910,114.0,2002.0,"[{""id"": 53, ""name"": ""Thriller""}, {""id"": 80, ""name"": ""Crime""}, {""id"": 10749, ""name"": ""Romance""}]",en,9.07278,6.2,142,Released,Thriller,1,1,0.4811117142857143
11876,The Horseman on the Roof,35000000,15000000,135.0,1995.0,"[{""id"": 10752, ""name"": ""War""}, {""id"": 12, ""name"": ""Adventure""}, {""id"": 18, ""name"": ""Drama""}, {""id"": 10749, ""name"": ""Romance""}]",en,2.877488,6.7,25,Released,War,1,1,0.42857142857142855
22267,Ride with the Devil,38000000,635096,138.0,1999.0,"[{""id"": 18, ""name"": ""Drama""}, {""id"": 10752, ""name"": ""War""}, {""id"": 10749, ""name"": ""Romance""}, {""id"": 37, ""name"": ""Western""}]",en,5.516207,6.6,49,Released,Drama,1,1,0.016713052631578948
1969,Bandidas,35000000,10496317,93.0,2006.0,"[{""id"": 28, ""name"": ""Action""}, {""id"": 35, ""name"": ""Comedy""}, {""id"": 37, ""name"": ""Western""}, {""id"": 80, ""name"": ""Crime""}]",es,20.27704,5.8,307,Released,Action,1,1,0.2998947714285714
198663,The Maze Runner,34000000,348319861,113.0,2014.0,"[{""id"": 28, ""name"": ""Action""}, {""id"": 9648, ""name"": ""Mystery""}, {""id"": 878, ""name"": ""Science Fiction""}, {""id"": 53, ""name"": ""Thriller""}]",en,131.815575,7.0,5371,Released,Action,1,1,10.244701794117647
239573,Unfinished Business,35000000,14431253,91.0,2015.0,"[{""id"": 35, ""name"": ""Comedy""}]",en,16.832312,5.0,320,Released,Comedy,1,1,0.4123215142857143
10436,The Age of Innocence,34000000,32255440,139.0,1993.0,"[{""id"": 18, ""name"": ""Drama""}, {""id"": 10749, ""name"": ""Romance""}]",en,9.133747,7.0,169,Released,Drama,1,1,0.9486894117647059
1381,The Fountain,35000000,15304890,96.0,2006.0,"[{""id"": 18, ""name"": ""Drama""}, {""id"": 12, ""name"": ""Adventure""}, {""id"": 878, ""name"": ""Science Fiction""}, {""id"": 10749, ""name"": ""Romance""}]",en,24.606012,6.8,827,Released,Drama,1,1,0.4372825714285714
2162,Chill Factor,70000000,11263966,101.0,1999.0,"[{""id"": 28, ""name"": ""Action""}, {""id"": 35, ""name"": ""Comedy""}, {""id"": 53, ""name"": ""Thriller""}]",en,3.276912,5.3,29,Released,Action,1,1,0.1609138
127493,Stolen,35000000,2106557,96.0,2012.0,"[{""id"": 28, ""name"": ""Action""}, {""id"": 80, ""name"": ""Crime""}, {""id"": 18, ""name"": ""Drama""}, {""id"": 53, ""name"": ""Thriller""}]",en,16.830184,5.1,344,Released,Action,1,1,0.060187342857142855
12429,Ponyo,41677699,187479518,100.0,2008.0,"[{""id"": 16, ""name"": ""Animation""}, {""id"": 10751, ""name"": ""Family""}]",ja,39.58676,7.5,926,Released,Animation,1,1,4.498317385515933
228205,The Longest Ride,34000000,63013281,128.0,2015.0,"[{""id"": 18, ""name"": ""Drama""}, {""id"": 10749, ""name"": ""Romance""}]",en,41.946523,7.3,1064,Released,Drama,1,1,1.853331794117647
2900,The Astronaut's Wife,75000000,19598588,109.0,1999.0,"[{""id"": 18, ""name"": ""Drama""}, {""id"": 878, ""name"": ""Science Fiction""}, {""id"": 53, ""name"": ""Thriller""}]",en,20.697556,5.4,254,Released,Drama,1,1,0.26131450666666667
192136,Mandela: Long Walk to Freedom,35000000,27330000,141.0,2013.0,"[{""id"": 18, ""name"": ""Drama""}, {""id"": 36, ""name"": ""History""}]",en,15.50957,6.5,224,Released,Drama,1,1,0.7808571428571428
18254,Reds,32000000,40382659,195.0,1981.0,"[{""id"": 18, ""name"": ""Drama""}, {""id"": 36, ""name"": ""History""}]",en,4.602185,7.1,67,Released,Drama,1,1,1.26195809375
881,A Few Good Men,40000000,243240178,138.0,1992.0,"[{""id"": 18, ""name"": ""Drama""}]",en,40.379966,7.1,877,Released,Drama,1,1,6.08100445
10877,Exit Wounds,50000000,79958599,101.0,2001.0,"[{""id"": 28, ""name"": ""Action""}, {""id"": 80, ""name"": ""Crime""}, {""id"": 53, ""name"": ""Thriller""}]",en,12.601306,5.3,110,Released,Action,1,1,1.59917198
9600,Big Momma's House,30000000,173959438,98.0,2000.0,"[{""id"": 80, ""name"": ""Crime""}, {""id"": 35, ""name"": ""Comedy""}]",en,24.389194,5.6,506,Released,Crime,1,1,5.798647933333333
71469,The Darkest Hour,30000000,64626786,89.0,2011.0,"[{""id"": 27, ""name"": ""Horror""}, {""id"": 28, ""name"": ""Action""}, {""id"": 53, ""name"": ""Thriller""}, {""id"": 878, ""name"": ""Science Fiction""}]",en,23.328823,4.8,469,Released,Horror,1,1,2.1542262
85446,Step Up Revolution,33000000,140470746,99.0,2012.0,"[{""id"": 10402, ""name"": ""Music""}, {""id"": 18, ""name"": ""Drama""}, {""id"": 10749, ""name"": ""Romance""}]",en,29.775441,6.7,663,Released,Music,1,1,4.2566892727272725
326,Snakes on a Plane,33000000,62022014,105.0,2006.0,"[{""id"": 28, ""name"": ""Action""}, {""id"": 80, ""name"": ""Crime""}, {""id"": 27, ""name"": ""Horror""}, {""id"": 53, ""name"": ""Thriller""}]",en,19.642328,5.1,497,Released,Action,1,1,1.8794549696969698
7220,The Punisher,33000000,54700105,124.0,2004.0,"[{""id"": 28, ""name"": ""Action""}, {""id"": 80, ""name"": ""Crime""}, {""id"": 18, ""name"": ""Drama""}]",en,35.099611,6.1,766,Released,Action,1,1,1.6575789393939393
9763,Goal!: The Dream Begins,30000000,27610873,118.0,2005.0,"[{""id"": 18, ""name"": ""Drama""}]",en,16.541791,6.6,238,Released,Drama,1,1,0.9203624333333333
72387,Safe,30000000,40346186,94.0,2012.0,"[{""id"": 28, ""name"": ""Action""}, {""id"": 80, ""name"": ""Crime""}, {""id"": 53, ""name"": ""Thriller""}]",en,31.92695,6.3,799,Released,Action,1,1,1.3448728666666667
1892,Return of the Jedi,32350000,572700000,135.0,1983.0,"[{""id"": 12, ""name"": ""Adventure""}, {""id"": 28, ""name"": ""Action""}, {""id"": 878, ""name"": ""Science Fiction""}]",en,46.509071,7.9,4665,Released,Adventure,1,1,17.7032457496136
13460,Doomsday,30000000,22211426,108.0,2008.0,"[{""id"": 28, ""name"": ""Action""}, {""id"": 53, ""name"": ""Thriller""}, {""id"": 878, ""name"": ""Science Fiction""}]",en,21.538222,5.8,363,Released,Action,1,1,0.7403808666666667
8055,The Reader,32000000,113019290,124.0,2008.0,"[{""id"": 18, ""name"": ""Drama""}, {""id"": 10749, ""name"": ""Romance""}]",en,33.923786,7.2,813,Released,Drama,1,1,3.5318528125
50647,Wanderlust,35000000,24159934,98.0,2012.0,"[{""id"": 35, ""name"": ""Comedy""}]",en,20.908494,5.3,394,Released,Comedy,1,1,0.6902838285714286
10719,Elf,32000000,173398518,97.0,2003.0,"[{""id"": 35, ""name"": ""Comedy""}, {""id"": 10751, ""name"": ""Family""}, {""id"": 14, ""name"": ""Fantasy""}]",en,16.901954,6.4,987,Released,Comedy,1,1,5.4187036875
9294,Phenomenon,32000000,152036382,123.0,1996.0,"[{""id"": 18, ""name"": ""Drama""}, {""id"": 14, ""name"": ""Fantasy""}, {""id"": 10749, ""name"": ""Romance""}, {""id"": 878, ""name"": ""Science Fiction""}]",en,15.039407,6.2,323,Released,Drama,1,1,4.7511369375
9353,Nacho Libre,32000000,80197993,92.0,2006.0,"[{""id"": 35, ""name"": ""Comedy""}, {""id"": 10751, ""name"": ""Family""}]",en,14.642055,5.6,359,Released,Comedy,1,1,2.50618728125
55721,Bridesmaids,32500000,288383523,125.0,2011.0,"[{""id"": 35, ""name"": ""Comedy""}, {""id"": 10749, ""name"": ""Romance""}]",en,17.107065,6.5,1661,Released,Comedy,1,1,8.87333916923077
109414,This Is the End,32000000,126041322,107.0,2013.0,"[{""id"": 28, ""name"": ""Action""}, {""id"": 35, ""name"": ""Comedy""}]",en,38.21708,6.3,2359,Released,Action,1,1,3.9387913125
10307,Stigmata,29000000,50041732,103.0,1999.0,"[{""id"": 27, ""name"": ""Horror""}]",en,14.993169,6.0,242,Released,Horror,1,1,1.7255769655172415
11978,Men of Honor,32000000,48814909,129.0,2000.0,"[{""id"": 18, ""name"": ""Drama""}]",en,24.147269,7.0,544,Released,Drama,1,1,1.52546590625
22907,Takers,32000000,69055695,107.0,2010.0,"[{""id"": 28, ""name"": ""Action""}, {""id"": 80, ""name"": ""Crime""}, {""id"": 18, ""name"": ""Drama""}, {""id"": 53, ""name"": ""Thriller""}]",en,18.47242,6.0,394,Released,Action,1,1,2.15799046875
87567,The Big Wedding,35000000,21819348,90.0,2013.0,"[{""id"": 35, ""name"": ""Comedy""}]",en,18.84332,5.7,414,Released,Comedy,1,1,0.6234099428571429
38322,"Big Mommas: Like Father, Like Son",32000000,83615414,107.0,2011.0,"[{""id"": 80, ""name"": ""Crime""}, {""id"": 35, ""name"": ""Comedy""}, {""id"": 28, ""name"": ""Action""}]",en,15.901137,5.3,313,Released,Crime,1,1,2.6129816875
45612,Source Code,32000000,147332697,93.0,2011.0,"[{""id"": 53, ""name"": ""Thriller""}, {""id"": 878, ""name"": ""Science Fiction""}, {""id"": 9648, ""name"": ""Mystery""}]",en,59.19888,7.1,2699,Released,Thriller,1,1,4.60414678125
7305,Alive,32000000,36733909,120.0,1993.0,"[{""id"": 28, ""name"": ""Action""}, {""id"": 12, ""name"": ""Adventure""}, {""id"": 18, ""name"": ""Drama""}, {""id"": 53, ""name"": ""Thriller""}]",en,14.48851,6.7,374,Released,Action,1,1,1.14793465625
3594,The Number 23,30000000,77566815,101.0,2007.0,"[{""id"": 53, ""name"": ""Thriller""}, {""id"": 18, ""name"": ""Drama""}, {""id"": 9648, ""name"": ""Mystery""}]",en,23.197408,6.3,1018,Released,Thriller,1,1,2.5855605
157841,The Young and Prodigious T.S. Spivet,33000000,9494789,105.0,2013.0,"[{""id"": 12, ""name"": ""Adventure""}, {""id"": 18, ""name"": ""Drama""}, {""id"": 10751, ""name"": ""Family""}]",en,10.651202,6.7,232,Released,Adventure,1,1,0.2877208787878788
11519,1941,35000000,31755742,113.0,1979.0,"[{""id"": 28, ""name"": ""Action""}, {""id"": 35, ""name"": ""Comedy""}]",en,10.032626,5.6,143,Released,Action,1,1,0.9073069142857143
59,A History of Violence,32000000,60740827,96.0,2005.0,"[{""id"": 18, ""name"": ""Drama""}, {""id"": 53, ""name"": ""Thriller""}, {""id"": 80, ""name"": ""Crime""}]",en,34.628738,6.9,832,Released,Drama,1,1,1.89815084375
9335,Transporter 2,32000000,85167639,87.0,2005.0,"[{""id"": 28, ""name"": ""Action""}, {""id"": 53, ""name"": ""Thriller""}, {""id"": 80, ""name"": ""Crime""}]",en,47.5612,6.2,1061,Released,Action,1,1,2.66148871875
12106,The Quick and the Dead,32000000,18552460,107.0,1995.0,"[{""id"": 28, ""name"": ""Action""}, {""id"": 37, ""name"": ""Western""}]",en,16.473355,6.3,427,Released,Action,1,1,0.579764375
11141,Laws of Attraction,28000000,30016165,90.0,2004.0,"[{""id"": 28, ""name"": ""Action""}, {""id"": 35, ""name"": ""Comedy""}, {""id"": 10749, ""name"": ""Romance""}, {""id"": 53, ""name"": ""Thriller""}]",en,6.201404,5.6,104,Released,Action,1,1,1.0720058928571428
31867,Repo Men,32000000,18409891,111.0,2010.0,"[{""id"": 28, ""name"": ""Action""}, {""id"": 878, ""name"": ""Science Fiction""}, {""id"": 53, ""name"": ""Thriller""}, {""id"": 80, ""name"": ""Crime""}]",en,25.799697,6.2,620,Released,Action,1,1,0.57530909375
10253,Dragon Wars: D-War,70000000,53587404,90.0,2007.0,"[{""id"": 14, ""name"": ""Fantasy""}, {""id"": 18, ""name"": ""Drama""}, {""id"": 27, ""name"": ""Horror""}, {""id"": 28, ""name"": ""Action""}, {""id"": 53, ""name"": ""Thriller""}, {""id"": 878, ""name"": ""Science Fiction""}]",ko,4.822033,4.0,104,Released,Fantasy,1,1,0.7655343428571428
124459,The Incredible Burt Wonderstone,30000000,27437881,100.0,2013.0,"[{""id"": 35, ""name"": ""Comedy""}]",en,26.9385,5.3,724,Released,Comedy,1,1,0.9145960333333333
24662,Cats Don't Dance,32000000,3566637,75.0,1997.0,"[{""id"": 16, ""name"": ""Animation""}, {""id"": 35, ""name"": ""Comedy""}, {""id"": 10751, ""name"": ""Family""}, {""id"": 10402, ""name"": ""Music""}]",en,4.098444,7.1,24,Released,Animation,1,1,0.11145740625
182,The Good German,32000000,5914908,108.0,2006.0,"[{""id"": 10752, ""name"": ""War""}, {""id"": 80, ""name"": ""Crime""}, {""id"": 18, ""name"": ""Drama""}, {""id"": 9648, ""name"": ""Mystery""}, {""id"": 10749, ""name"": ""Romance""}, {""id"": 53, ""name"": ""Thriller""}]",en,5.347936,5.9,86,Released,War,1,1,0.184840875
28,Apocalypse Now,31500000,89460381,153.0,1979.0,"[{""id"": 18, ""name"": ""Drama""}, {""id"": 10752, ""name"": ""War""}]",en,49.973462,8.0,2055,Released,Drama,1,1,2.8400120952380954
38073,Going the Distance,32000000,42045846,102.0,2010.0,"[{""id"": 35, ""name"": ""Comedy""}, {""id"": 18, ""name"": ""Drama""}, {""id"": 10749, ""name"": ""Romance""}]",en,13.611544,6.0,262,Released,Comedy,1,1,1.3139326875
302156,Criminal,31500000,14708696,113.0,2016.0,"[{""id"": 28, ""name"": ""Action""}]",en,27.891012,5.7,557,Released,Action,1,1,0.46694273015873017
606,Out of Africa,31000000,128499205,161.0,1985.0,"[{""id"": 18, ""name"": ""Drama""}]",en,13.864975,7.0,279,Released,Drama,1,1,4.14513564516129
87502,Flight,31000000,161772375,138.0,2012.0,"[{""id"": 18, ""name"": ""Drama""}]",en,42.213765,6.5,2415,Released,Drama,1,1,5.21846370967742
698,Moonraker,34000000,210308099,126.0,1979.0,"[{""id"": 28, ""name"": ""Action""}, {""id"": 12, ""name"": ""Adventure""}, {""id"": 53, ""name"": ""Thriller""}, {""id"": 878, ""name"": ""Science Fiction""}]",en,29.887404,5.9,541,Released,Action,1,1,6.1855323235294115
120467,The Grand Budapest Hotel,30000000,174600318,99.0,2014.0,"[{""id"": 35, ""name"": ""Comedy""}, {""id"": 18, ""name"": ""Drama""}]",en,74.417456,8.0,4519,Released,Comedy,1,1,5.8200106
11313,Hearts in Atlantis,31000000,24185781,101.0,2001.0,"[{""id"": 18, ""name"": ""Drama""}, {""id"": 9648, ""name"": ""Mystery""}]",en,7.06762,6.4,131,Released,Drama,1,1,0.7801864838709678
6488,Arachnophobia,31000000,53208180,103.0,1990.0,"[{""id"": 35, ""name"": ""Comedy""}, {""id"": 27, ""name"": ""Horror""}]",en,15.895661,6.2,433,Released,Comedy,1,1,1.7163929032258065
10559,Frequency,31000000,68106245,118.0,2000.0,"[{""id"": 80, ""name"": ""Crime""}, {""id"": 18, ""name"": ""Drama""}, {""id"": 878, ""name"": ""Science Fiction""}, {""id"": 53, ""name"": ""Thriller""}]",en,19.258041,7.0,462,Released,Crime,1,1,2.1969756451612903
296099,Vacation,31000000,104384188,99.0,2015.0,"[{""id"": 35, ""name"": ""Comedy""}]",en,47.753598,6.2,1195,Released,Comedy,1,1,3.367231870967742
8012,Get Shorty,30250000,115101622,105.0,1995.0,"[{""id"": 35, ""name"": ""Comedy""}, {""id"": 53, ""name"": ""Thriller""}, {""id"": 80, ""name"": ""Crime""}]",en,15.585138,6.4,302,Released,Comedy,1,1,3.805012297520661
1574,Chicago,45000000,306776732,113.0,2002.0,"[{""id"": 28, ""name"": ""Action""}, {""id"": 35, ""name"": ""Comedy""}, {""id"": 80, ""name"": ""Crime""}, {""id"": 18, ""name"": ""Drama""}, {""id"": 10402, ""name"": ""Music""}]",en,32.217425,6.9,677,Released,Action,1,1,6.817260711111111
9032,Big Daddy,34200000,234801895,93.0,1999.0,"[{""id"": 35, ""name"": ""Comedy""}, {""id"": 18, ""name"": ""Drama""}]",en,34.86859,6.1,875,Released,Comedy,1,1,6.865552485380117
2770,American Pie 2,30000000,287553595,108.0,2001.0,"[{""id"": 35, ""name"": ""Comedy""}, {""id"": 10749, ""name"": ""Romance""}]",en,36.432598,6.0,1344,Released,Comedy,1,1,9.585119833333334
862,Toy Story,30000000,373554033,81.0,1995.0,"[{""id"": 16, ""name"": ""Animation""}, {""id"": 35, ""name"": ""Comedy""}, {""id"": 10751, ""name"": ""Family""}]",en,73.640445,7.7,5269,Released,Animation,1,1,12.4518011
1637,Speed,30000000,350448145,116.0,1994.0,"[{""id"": 28, ""name"": ""Action""}, {""id"": 12, ""name"": ""Adventure""}, {""id"": 80, ""name"": ""Crime""}]",en,49.526736,6.8,1783,Released,Action,1,1,11.681604833333333
72570,The Vow,30000000,196114570,104.0,2012.0,"[{""id"": 18, ""name"": ""Drama""}, {""id"": 10749, ""name"": ""Romance""}]",en,26.780961,7.0,1293,Released,Drama,1,1,6.537152333333333
27569,Extraordinary Measures,31000000,15134293,105.0,2010.0,"[{""id"": 18, ""name"": ""Drama""}]",en,6.487344,6.0,89,Released,Drama,1,1,0.488203
10637,Remember the Titans,30000000,136706683,113.0,2000.0,"[{""id"": 18, ""name"": ""Drama""}]",en,25.996219,7.4,821,Released,Drama,1,1,4.556889433333334
1669,The Hunt for Red October,30000000,199200000,134.0,1990.0,"[{""id"": 28, ""name"": ""Action""}, {""id"": 12, ""name"": ""Adventure""}, {""id"": 53, ""name"": ""Thriller""}]",en,46.212155,7.2,957,Released,Action,1,1,6.64
132363,The Butler,25000000,115922175,132.0,2013.0,"[{""id"": 18, ""name"": ""Drama""}]",en,32.105328,7.2,1101,Released,Drama,1,1,4.636887
9472,DodgeBall: A True Underdog Story,20000000,167722310,92.0,2004.0,"[{""id"": 35, ""name"": ""Comedy""}]",en,41.156217,6.2,981,Released,Comedy,1,1,8.3861155
2907,The Addams Family,30000000,191502426,99.0,1991.0,"[{""id"": 27, ""name"": ""Horror""}, {""id"": 35, ""name"": ""Comedy""}, {""id"": 14, ""name"": ""Fantasy""}]",en,37.179547,6.7,848,Released,Horror,1,1,6.3834142
9273,Ace Ventura: When Nature Calls,30000000,212385533,90.0,1995.0,"[{""id"": 80, ""name"": ""Crime""}, {""id"": 35, ""name"": ""Comedy""}, {""id"": 12, ""name"": ""Adventure""}]",en,34.391792,6.1,1099,Released,Crime,1,1,7.079517766666667
9880,The Princess Diaries,37000000,165335153,115.0,2001.0,"[{""id"": 35, ""name"": ""Comedy""}, {""id"": 10751, ""name"": ""Family""}, {""id"": 10749, ""name"": ""Romance""}]",en,40.176265,6.5,1023,Released,Comedy,1,1,4.468517648648649
2925,The First Wives Club,26000000,116400000,102.0,1996.0,"[{""id"": 35, ""name"": ""Comedy""}]",en,10.704596,6.5,166,Released,Comedy,1,1,4.476923076923077
807,Se7en,33000000,327311859,127.0,1995.0,"[{""id"": 80, ""name"": ""Crime""}, {""id"": 9648, ""name"": ""Mystery""}, {""id"": 53, ""name"": ""Thriller""}]",en,79.579532,8.1,5765,Released,Crime,1,1,9.918541181818181
17654,District 9,30000000,210819611,112.0,2009.0,"[{""id"": 878, ""name"": ""Science Fiction""}]",en,63.13678,7.3,3382,Released,Science Fiction,1,1,7.027320366666666
11836,The SpongeBob SquarePants Movie,30000000,140161792,87.0,2004.0,"[{""id"": 16, ""name"": ""Animation""}, {""id"": 35, ""name"": ""Comedy""}, {""id"": 10751, ""name"": ""Family""}]",en,27.870755,6.7,574,Released,Animation,1,1,4.672059733333334
322,Mystic River,25000000,156822020,138.0,2003.0,"[{""id"": 53, ""name"": ""Thriller""}, {""id"": 80, ""name"": ""Crime""}, {""id"": 18, ""name"": ""Drama""}, {""id"": 9648, ""name"": ""Mystery""}]",en,31.242999,7.6,1422,Released,Thriller,1,1,6.2728808
70,Million Dollar Baby,30000000,216763646,132.0,2004.0,"[{""id"": 18, ""name"": ""Drama""}]",en,70.456012,7.7,2439,Released,Drama,1,1,7.2254548666666665
9535,Analyze This,80000000,176885658,103.0,1999.0,"[{""id"": 35, ""name"": ""Comedy""}, {""id"": 80, ""name"": ""Crime""}]",en,29.415229,6.4,503,Released,Comedy,1,1,2.211070725
11036,The Notebook,29000000,115603229,123.0,2004.0,"[{""id"": 10749, ""name"": ""Romance""}, {""id"": 18, ""name"": ""Drama""}]",en,55.109138,7.7,3067,Released,Romance,1,1,3.98631824137931
6557,27 Dresses,30000000,160259319,111.0,2008.0,"[{""id"": 35, ""name"": ""Comedy""}, {""id"": 10749, ""name"": ""Romance""}]",en,30.695228,6.1,978,Released,Comedy,1,1,5.3419773
18126,Hannah Montana: The Movie,35000000,155545279,102.0,2009.0,"[{""id"": 35, ""name"": ""Comedy""}, {""id"": 18, ""name"": ""Drama""}, {""id"": 10751, ""name"": ""Family""}, {""id"": 10402, ""name"": ""Music""}, {""id"": 10749, ""name"": ""Romance""}]",en,13.788422,6.0,449,Released,Comedy,1,1,4.444150828571429
16340,Rugrats in Paris: The Movie,30,103,78.0,2000.0,"[{""id"": 12, ""name"": ""Adventure""}, {""id"": 16, ""name"": ""Animation""}, {""id"": 35, ""name"": ""Comedy""}, {""id"": 10751, ""name"": ""Family""}]",it,4.590277,6.0,100,Released,Adventure,1,1,3.433333333333333
10333,The Prince of Tides,30000000,74787599,132.0,1991.0,"[{""id"": 18, ""name"": ""Drama""}, {""id"": 10749, ""name"": ""Romance""}]",en,3.845231,5.9,56,Released,Drama,1,1,2.492919966666667
4476,Legends of the Fall,30000000,160638883,133.0,1994.0,"[{""id"": 12, ""name"": ""Adventure""}, {""id"": 18, ""name"": ""Drama""}, {""id"": 10749, ""name"": ""Romance""}, {""id"": 10752, ""name"": ""War""}]",en,26.952727,7.2,619,Released,Adventure,1,1,5.354629433333334
22947,Up in the Air,25000000,163670000,109.0,2009.0,"[{""id"": 18, ""name"": ""Drama""}, {""id"": 10749, ""name"": ""Romance""}]",en,33.704181,6.7,1205,Released,Drama,1,1,6.5468
2755,About Schmidt,30000000,105834556,125.0,2002.0,"[{""id"": 18, ""name"": ""Drama""}, {""id"": 35, ""name"": ""Comedy""}]",en,19.925026,6.7,362,Released,Drama,1,1,3.5278185333333334
82654,Warm Bodies,35000000,116980662,97.0,2013.0,"[{""id"": 27, ""name"": ""Horror""}, {""id"": 35, ""name"": ""Comedy""}, {""id"": 10749, ""name"": ""Romance""}]",en,43.742241,6.4,2652,Released,Horror,1,1,3.3423046285714286
59967,Looper,30000000,47042000,118.0,2012.0,"[{""id"": 28, ""name"": ""Action""}, {""id"": 53, ""name"": ""Thriller""}, {""id"": 878, ""name"": ""Science Fiction""}]",en,46.377628,6.6,4697,Released,Action,1,1,1.5680666666666667
9598,Babe,30000000,254134910,89.0,1995.0,"[{""id"": 14, ""name"": ""Fantasy""}, {""id"": 18, ""name"": ""Drama""}, {""id"": 35, ""name"": ""Comedy""}, {""id"": 10751, ""name"": ""Family""}]",en,34.36645,6.0,733,Released,Fantasy,1,1,8.471163666666667
82696,Hope Springs,30000000,114281051,100.0,2012.0,"[{""id"": 18, ""name"": ""Drama""}, {""id"": 35, ""name"": ""Comedy""}, {""id"": 10749, ""name"": ""Romance""}]",en,12.967137,5.8,284,Released,Drama,1,1,3.8093683666666665
9870,Forgetting Sarah Marshall,30000000,105173115,111.0,2008.0,"[{""id"": 35, ""name"": ""Comedy""}, {""id"": 10749, ""name"": ""Romance""}, {""id"": 18, ""name"": ""Drama""}]",en,50.670253,6.4,1172,Released,Comedy,1,1,3.5057705
8292,Four Brothers,45000000,92374674,109.0,2005.0,"[{""id"": 28, ""name"": ""Action""}, {""id"": 80, ""name"": ""Crime""}]",en,24.694551,6.7,607,Released,Action,1,1,2.0527705333333333
8780,Baby Mama,30000000,63833449,99.0,2008.0,"[{""id"": 35, ""name"": ""Comedy""}]",en,11.409124,5.8,205,Released,Comedy,1,1,2.1277816333333335
10521,Bride Wars,30000000,114663461,89.0,2009.0,"[{""id"": 35, ""name"": ""Comedy""}]",en,33.385429,5.9,856,Released,Comedy,1,1,3.8221153666666665
10762,Without a Paddle,19000000,69631118,95.0,2004.0,"[{""id"": 28, ""name"": ""Action""}, {""id"": 12, ""name"": ""Adventure""}, {""id"": 35, ""name"": ""Comedy""}, {""id"": 53, ""name"": ""Thriller""}]",en,8.584398,5.3,214,Released,Action,1,1,3.6647956842105263
10096,13 Going on 30,37000000,96455697,98.0,2004.0,"[{""id"": 35, ""name"": ""Comedy""}, {""id"": 14, ""name"": ""Fantasy""}, {""id"": 10749, ""name"": ""Romance""}]",en,41.569541,6.3,1204,Released,Comedy,1,1,2.6069107297297296
59436,Midnight in Paris,30000000,151119219,94.0,2011.0,"[{""id"": 14, ""name"": ""Fantasy""}, {""id"": 35, ""name"": ""Comedy""}, {""id"": 10749, ""name"": ""Romance""}]",en,43.753585,7.4,1990,Released,Fantasy,1,1,5.0373073
4133,Blow,53000000,83282296,124.0,2001.0,"[{""id"": 80, ""name"": ""Crime""}, {""id"": 18, ""name"": ""Drama""}]",en,28.350529,7.4,1317,Released,Crime,1,1,1.5713640754716982
10207,Message in a Bottle,80000000,118880016,131.0,1999.0,"[{""id"": 10749, ""name"": ""Romance""}, {""id"": 18, ""name"": ""Drama""}]",en,10.81051,5.8,196,Released,Romance,1,1,1.4860002
172,Star Trek V: The Final Frontier,30000000,70200000,107.0,1989.0,"[{""id"": 878, ""name"": ""Science Fiction""}, {""id"": 28, ""name"": ""Action""}, {""id"": 12, ""name"": ""Adventure""}, {""id"": 53, ""name"": ""Thriller""}]",en,19.578249,5.6,376,Released,Science Fiction,1,1,2.34
36593,The Naked Gun 33⅓: The Final Insult,30000000,51132598,83.0,1994.0,"[{""id"": 35, ""name"": ""Comedy""}, {""id"": 80, ""name"": ""Crime""}]",en,28.624038,6.3,521,Released,Comedy,1,1,1.7044199333333334
707,A View to a Kill,30000000,152427960,131.0,1985.0,"[{""id"": 12, ""name"": ""Adventure""}, {""id"": 28, ""name"": ""Action""}, {""id"": 53, ""name"": ""Thriller""}]",en,27.230493,6.0,506,Released,Adventure,1,1,5.080932
533,The Curse of the Were-Rabbit,30000000,192452832,85.0,2005.0,"[{""id"": 12, ""name"": ""Adventure""}, {""id"": 16, ""name"": ""Animation""}, {""id"": 35, ""name"": ""Comedy""}, {""id"": 10751, ""name"": ""Family""}]",en,30.380747,6.8,643,Released,Adventure,1,1,6.4150944
6023,P.S. I Love You,30000000,156835339,126.0,2007.0,"[{""id"": 18, ""name"": ""Drama""}, {""id"": 10749, ""name"": ""Romance""}]",en,29.489274,6.9,977,Released,Drama,1,1,5.2278446333333335
6439,Racing Stripes,30000000,93772522,102.0,2005.0,"[{""id"": 35, ""name"": ""Comedy""}]",en,8.058109,5.1,123,Released,Comedy,1,1,3.125750733333333
4347,Atonement,30000000,129266061,123.0,2007.0,"[{""id"": 18, ""name"": ""Drama""}, {""id"": 10749, ""name"": ""Romance""}]",en,33.369305,7.4,1049,Released,Drama,1,1,4.3088687
4105,Black Rain,30000000,45892212,125.0,1989.0,"[{""id"": 28, ""name"": ""Action""}, {""id"": 53, ""name"": ""Thriller""}, {""id"": 80, ""name"": ""Crime""}]",en,11.19602,6.2,243,Released,Action,1,1,1.5297404
76489,The Three Stooges,30000000,54819301,92.0,2012.0,"[{""id"": 35, ""name"": ""Comedy""}]",en,14.585968,4.9,140,Released,Comedy,1,1,1.8273100333333334
3933,Corpse Bride,40000000,117195061,77.0,2005.0,"[{""id"": 10749, ""name"": ""Romance""}, {""id"": 14, ""name"": ""Fantasy""}, {""id"": 16, ""name"": ""Animation""}, {""id"": 10402, ""name"": ""Music""}]",en,43.571612,7.2,1894,Released,Romance,1,1,2.929876525
273481,Sicario,30000000,84025816,121.0,2015.0,"[{""id"": 28, ""name"": ""Action""}, {""id"": 80, ""name"": ""Crime""}, {""id"": 18, ""name"": ""Drama""}, {""id"": 9648, ""name"": ""Mystery""}, {""id"": 53, ""name"": ""Thriller""}]",en,55.424027,7.2,2416,Released,Action,1,1,2.800860533333333
307081,Southpaw,30000000,91709827,123.0,2015.0,"[{""id"": 28, ""name"": ""Action""}, {""id"": 18, ""name"": ""Drama""}]",en,65.364452,7.3,2067,Released,Action,1,1,3.0569942333333335
16871,Drag Me to Hell,30000000,90810892,99.0,2009.0,"[{""id"": 27, ""name"": ""Horror""}, {""id"": 53, ""name"": ""Thriller""}]",en,45.083509,6.2,966,Released,Horror,1,1,3.0270297333333334
293863,The Age of Adaline,25000000,65663276,112.0,2015.0,"[{""id"": 14, ""name"": ""Fantasy""}, {""id"": 18, ""name"": ""Drama""}, {""id"": 10749, ""name"": ""Romance""}]",en,82.052056,7.4,1990,Released,Fantasy,1,1,2.62653104
41233,Step Up 3D,30000000,159291809,107.0,2010.0,"[{""id"": 18, ""name"": ""Drama""}, {""id"": 10749, ""name"": ""Romance""}]",en,25.060342,6.6,582,Released,Drama,1,1,5.309726966666667
9266,Blue Crush,25000000,51842679,104.0,2002.0,"[{""id"": 12, ""name"": ""Adventure""}]",en,11.42943,5.6,159,Released,Adventure,1,1,2.07370716
1262,Stranger Than Fiction,30000000,53653224,113.0,2006.0,"[{""id"": 35, ""name"": ""Comedy""}, {""id"": 18, ""name"": ""Drama""}, {""id"": 14, ""name"": ""Fantasy""}, {""id"": 10749, ""name"": ""Romance""}]",en,32.26789,7.1,721,Released,Comedy,1,1,1.7884408
4513,30 Days of Night,30000000,75505973,113.0,2007.0,"[{""id"": 27, ""name"": ""Horror""}, {""id"": 53, ""name"": ""Thriller""}]",en,33.394082,6.2,767,Released,Horror,1,1,2.5168657666666667
22970,The Cabin in the Woods,30000000,66486080,95.0,2012.0,"[{""id"": 27, ""name"": ""Horror""}, {""id"": 53, ""name"": ""Thriller""}]",en,73.987775,6.5,2263,Released,Horror,1,1,2.2162026666666668
7278,Meet the Spartans,30000000,84646831,84.0,2008.0,"[{""id"": 35, ""name"": ""Comedy""}]",en,10.608998,3.7,359,Released,Comedy,1,1,2.8215610333333334
9013,Midnight Run,30000000,38413606,126.0,1988.0,"[{""id"": 12, ""name"": ""Adventure""}, {""id"": 35, ""name"": ""Comedy""}, {""id"": 80, ""name"": ""Crime""}]",en,12.821329,7.2,238,Released,Adventure,1,1,1.2804535333333333
865,The Running Man,27000000,38122105,101.0,1987.0,"[{""id"": 28, ""name"": ""Action""}, {""id"": 878, ""name"": ""Science Fiction""}]",en,30.131498,6.4,703,Released,Action,1,1,1.4119298148148147
10776,Little Shop of Horrors,25000000,38748395,94.0,1986.0,"[{""id"": 27, ""name"": ""Horror""}, {""id"": 35, ""name"": ""Comedy""}, {""id"": 10402, ""name"": ""Music""}]",en,12.113235,6.6,384,Released,Horror,1,1,1.5499358
50456,Hanna,30000000,63782078,111.0,2011.0,"[{""id"": 28, ""name"": ""Action""}, {""id"": 53, ""name"": ""Thriller""}, {""id"": 12, ""name"": ""Adventure""}]",en,31.191975,6.5,1263,Released,Action,1,1,2.1260692666666667
9823,Mortal Kombat: Annihilation,30000000,51376861,95.0,1997.0,"[{""id"": 28, ""name"": ""Action""}, {""id"": 14, ""name"": ""Fantasy""}, {""id"": 878, ""name"": ""Science Fiction""}]",en,11.916389,3.8,221,Released,Action,1,1,1.7125620333333333
59861,Larry Crowne,30000000,36160375,98.0,2011.0,"[{""id"": 35, ""name"": ""Comedy""}, {""id"": 10749, ""name"": ""Romance""}, {""id"": 18, ""name"": ""Drama""}]",en,20.355458,5.7,359,Released,Comedy,1,1,1.2053458333333333
133805,Carrie,30000000,82394288,100.0,2013.0,"[{""id"": 18, ""name"": ""Drama""}, {""id"": 27, ""name"": ""Horror""}]",en,63.848541,5.8,1463,Released,Drama,1,1,2.746476266666667
12763,Take the Lead,30000000,34742066,108.0,2006.0,"[{""id"": 10402, ""name"": ""Music""}]",en,8.999675,6.6,162,Released,Music,1,1,1.1580688666666668
9766,Gridiron Gang,30000000,41480851,125.0,2006.0,"[{""id"": 28, ""name"": ""Action""}, {""id"": 12, ""name"": ""Adventure""}, {""id"": 80, ""name"": ""Crime""}, {""id"": 18, ""name"": ""Drama""}]",en,9.278361,6.5,206,Released,Action,1,1,1.3826950333333334
12244,9,30000000,48428063,79.0,2009.0,"[{""id"": 28, ""name"": ""Action""}, {""id"": 12, ""name"": ""Adventure""}, {""id"": 16, ""name"": ""Animation""}, {""id"": 878, ""name"": ""Science Fiction""}, {""id"": 53, ""name"": ""Thriller""}]",en,55.806402,6.6,1262,Released,Action,1,1,1.6142687666666666
109421,Side Effects,30000000,63372757,106.0,2013.0,"[{""id"": 53, ""name"": ""Thriller""}, {""id"": 80, ""name"": ""Crime""}, {""id"": 18, ""name"": ""Drama""}]",en,48.237797,6.4,1323,Released,Thriller,1,1,2.1124252333333335
51162,Winnie the Pooh,30000000,14460000,63.0,2011.0,"[{""id"": 16, ""name"": ""Animation""}, {""id"": 10751, ""name"": ""Family""}]",en,19.143721,6.8,258,Released,Animation,1,1,0.482
10152,Dumb and Dumberer: When Harry Met Lloyd,19000000,39267515,85.0,2003.0,"[{""id"": 35, ""name"": ""Comedy""}]",en,15.67747,4.1,210,Released,Comedy,1,1,2.066711315789474
9452,Bulworth,30000000,29202884,108.0,1998.0,"[{""id"": 35, ""name"": ""Comedy""}, {""id"": 18, ""name"": ""Drama""}]",en,4.52363,6.3,66,Released,Comedy,1,1,0.9734294666666666
9271,Virtuosity,30000000,24048000,106.0,1995.0,"[{""id"": 28, ""name"": ""Action""}, {""id"": 80, ""name"": ""Crime""}, {""id"": 878, ""name"": ""Science Fiction""}, {""id"": 53, ""name"": ""Thriller""}]",en,5.301589,5.4,163,Released,Action,1,1,0.8016
48340,Sanctum,30000000,108609310,108.0,2011.0,"[{""id"": 28, ""name"": ""Action""}, {""id"": 53, ""name"": ""Thriller""}]",en,20.063165,5.8,339,Released,Action,1,1,3.6203103333333333
14846,Little Black Book,35000000,22034832,111.0,2004.0,"[{""id"": 35, ""name"": ""Comedy""}, {""id"": 10749, ""name"": ""Romance""}, {""id"": 18, ""name"": ""Drama""}]",en,6.246199,5.2,112,Released,Comedy,1,1,0.6295666285714285
72207,The Five-Year Engagement,30000000,53909751,124.0,2012.0,"[{""id"": 35, ""name"": ""Comedy""}]",en,27.71063,5.7,457,Released,Comedy,1,1,1.7969917
16232,Mr. 3000,30000000,21800302,104.0,2004.0,"[{""id"": 35, ""name"": ""Comedy""}, {""id"": 18, ""name"": ""Drama""}]",en,2.850896,5.0,66,Released,Comedy,1,1,0.7266767333333334
43539,The Next Three Days,30000000,51148651,133.0,2010.0,"[{""id"": 10749, ""name"": ""Romance""}, {""id"": 18, ""name"": ""Drama""}, {""id"": 53, ""name"": ""Thriller""}, {""id"": 80, ""name"": ""Crime""}]",en,34.421696,6.9,905,Released,Romance,1,1,1.7049550333333334
9920,Ultraviolet,30000000,31070211,87.0,2006.0,"[{""id"": 878, ""name"": ""Science Fiction""}, {""id"": 28, ""name"": ""Action""}, {""id"": 53, ""name"": ""Thriller""}]",en,15.89534,4.8,458,Released,Science Fiction,1,1,1.0356737
8978,Assault on Precinct 13,30000000,35294470,109.0,2005.0,"[{""id"": 53, ""name"": ""Thriller""}]",en,18.706504,6.0,311,Released,Thriller,1,1,1.1764823333333334
11702,The Replacement Killers,30000000,19204929,87.0,1998.0,"[{""id"": 28, ""name"": ""Action""}, {""id"": 18, ""name"": ""Drama""}, {""id"": 80, ""name"": ""Crime""}, {""id"": 53, ""name"": ""Thriller""}]",en,9.607391,6.0,127,Released,Action,1,1,0.6401643
18550,Fled,25000000,17193231,98.0,1996.0,"[{""id"": 28, ""name"": ""Action""}, {""id"": 35, ""name"": ""Comedy""}, {""id"": 53, ""name"": ""Thriller""}]",en,2.77255,5.2,47,Released,Action,1,1,0.68772924
43347,Love & Other Drugs,30000000,102820008,112.0,2010.0,"[{""id"": 18, ""name"": ""Drama""}, {""id"": 35, ""name"": ""Comedy""}, {""id"": 10749, ""name"": ""Romance""}]",en,20.236951,6.6,1233,Released,Drama,1,1,3.4273336
3489,88 Minutes,30000000,16930884,108.0,2007.0,"[{""id"": 80, ""name"": ""Crime""}, {""id"": 9648, ""name"": ""Mystery""}, {""id"": 53, ""name"": ""Thriller""}]",en,16.883429,5.7,313,Released,Crime,1,1,0.5643628
9701,North Country,35000000,25224242,126.0,2005.0,"[{""id"": 18, ""name"": ""Drama""}]",en,12.779201,6.8,125,Released,Drama,1,1,0.7206926285714286
2122,The Whole Ten Yards,40000000,26155781,98.0,2004.0,"[{""id"": 35, ""name"": ""Comedy""}, {""id"": 53, ""name"": ""Thriller""}, {""id"": 80, ""name"": ""Crime""}]",en,14.729386,5.5,278,Released,Comedy,1,1,0.653894525
10658,Howard the Duck,37000000,37962774,110.0,1986.0,"[{""id"": 35, ""name"": ""Comedy""}, {""id"": 14, ""name"": ""Fantasy""}, {""id"": 878, ""name"": ""Science Fiction""}]",en,11.374306,5.1,221,Released,Comedy,1,1,1.026020918918919
13150,Pride and Glory,30000000,31148328,130.0,2008.0,"[{""id"": 53, ""name"": ""Thriller""}, {""id"": 80, ""name"": ""Crime""}, {""id"": 18, ""name"": ""Drama""}]",en,10.703602,6.3,240,Released,Thriller,1,1,1.0382776
9042,The Cave,30000000,15007991,97.0,2005.0,"[{""id"": 28, ""name"": ""Action""}, {""id"": 12, ""name"": ""Adventure""}, {""id"": 27, ""name"": ""Horror""}, {""id"": 53, ""name"": ""Thriller""}]",en,10.756266,5.1,202,Released,Action,1,1,0.5002663666666667
17813,Alex & Emma,30000000,15368897,96.0,2003.0,"[{""id"": 35, ""name"": ""Comedy""}, {""id"": 10749, ""name"": ""Romance""}]",en,4.352422,5.0,68,Released,Comedy,1,1,0.5122965666666667
11208,Wicker Park,30000000,13001257,114.0,2004.0,"[{""id"": 18, ""name"": ""Drama""}, {""id"": 9648, ""name"": ""Mystery""}, {""id"": 10749, ""name"": ""Romance""}, {""id"": 53, ""name"": ""Thriller""}]",en,9.301562,6.7,157,Released,Drama,1,1,0.43337523333333333
58151,Fright Night,17000000,24922237,106.0,2011.0,"[{""id"": 27, ""name"": ""Horror""}, {""id"": 35, ""name"": ""Comedy""}]",en,18.27083,6.0,603,Released,Horror,1,1,1.4660139411764705
11400,The New World,30000000,30536013,135.0,2005.0,"[{""id"": 18, ""name"": ""Drama""}, {""id"": 36, ""name"": ""History""}, {""id"": 10749, ""name"": ""Romance""}]",en,19.106154,6.4,330,Released,Drama,1,1,1.0178671
11058,Godsend,25000000,30114487,102.0,2004.0,"[{""id"": 18, ""name"": ""Drama""}, {""id"": 27, ""name"": ""Horror""}, {""id"": 878, ""name"": ""Science Fiction""}, {""id"": 53, ""name"": ""Thriller""}]",en,12.10235,4.7,114,Released,Drama,1,1,1.20457948
14844,Chasing Liberty,23000000,12,111.0,2004.0,"[{""id"": 35, ""name"": ""Comedy""}, {""id"": 10749, ""name"": ""Romance""}]",en,3.362045,6.1,152,Released,Comedy,1,1,5.217391304347826e-07
57089,Hoodwinked Too! Hood VS. Evil,30000000,13521829,86.0,2011.0,"[{""id"": 35, ""name"": ""Comedy""}, {""id"": 16, ""name"": ""Animation""}, {""id"": 10751, ""name"": ""Family""}]",en,10.694417,4.8,131,Released,Comedy,1,1,0.4507276333333333
1947,An Unfinished Life,30000000,18618284,108.0,2005.0,"[{""id"": 18, ""name"": ""Drama""}]",en,6.353971,6.7,161,Released,Drama,1,1,0.6206094666666667
8054,The Imaginarium of Doctor Parnassus,30000000,64352607,123.0,2009.0,"[{""id"": 12, ""name"": ""Adventure""}, {""id"": 14, ""name"": ""Fantasy""}, {""id"": 9648, ""name"": ""Mystery""}]",en,37.181019,6.3,869,Released,Adventure,1,1,2.1450869
46829,Barney's Version,30000000,8454301,134.0,2010.0,"[{""id"": 35, ""name"": ""Comedy""}, {""id"": 18, ""name"": ""Drama""}]",en,4.952735,7.2,129,Released,Comedy,1,1,0.2818100333333333
146238,Runner Runner,30000000,62616646,91.0,2013.0,"[{""id"": 80, ""name"": ""Crime""}, {""id"": 53, ""name"": ""Thriller""}, {""id"": 18, ""name"": ""Drama""}]",en,22.975918,5.5,543,Released,Crime,1,1,2.0872215333333335
9989,Antitrust,30000000,18195610,108.0,2001.0,"[{""id"": 28, ""name"": ""Action""}, {""id"": 80, ""name"": ""Crime""}, {""id"": 18, ""name"": ""Drama""}]",en,8.359599,5.8,153,Released,Action,1,1,0.6065203333333333
9665,Glory,18000000,26828365,122.0,1989.0,"[{""id"": 10752, ""name"": ""War""}]",en,16.102271,7.4,383,Released,War,1,1,1.4904647222222223
13967,Miss Potter,30000000,35078241,92.0,2006.0,"[{""id"": 18, ""name"": ""Drama""}, {""id"": 10751, ""name"": ""Family""}, {""id"": 10749, ""name"": ""Romance""}]",en,8.386432,6.3,141,Released,Drama,1,1,1.1692747
9053,DOA: Dead or Alive,21000000,480314,87.0,2006.0,"[{""id"": 12, ""name"": ""Adventure""}, {""id"": 28, ""name"": ""Action""}, {""id"": 53, ""name"": ""Thriller""}]",en,12.790408,5.0,205,Released,Adventure,1,1,0.022872095238095237
4512,The Assassination of Jesse James by the Coward Robert Ford,30000000,14711793,160.0,2007.0,"[{""id"": 28, ""name"": ""Action""}, {""id"": 18, ""name"": ""Drama""}, {""id"": 37, ""name"": ""Western""}]",en,35.53352,7.0,776,Released,Action,1,1,0.4903931
76349,1911,30000000,108348,125.0,2011.0,"[{""id"": 12, ""name"": ""Adventure""}, {""id"": 18, ""name"": ""Drama""}, {""id"": 28, ""name"": ""Action""}, {""id"": 36, ""name"": ""History""}, {""id"": 10752, ""name"": ""War""}]",zh,4.065212,5.0,41,Released,Adventure,1,1,0.0036116
45610,Machine Gun Preacher,30000000,2527904,129.0,2011.0,"[{""id"": 28, ""name"": ""Action""}, {""id"": 53, ""name"": ""Thriller""}, {""id"": 80, ""name"": ""Crime""}]",en,13.268936,6.4,286,Released,Action,1,1,0.08426346666666666
223702,Sausage Party,19000000,140752617,83.0,2016.0,"[{""id"": 12, ""name"": ""Adventure""}, {""id"": 16, ""name"": ""Animation""}, {""id"": 35, ""name"": ""Comedy""}, {""id"": 14, ""name"": ""Fantasy""}]",en,66.242737,5.6,2238,Released,Adventure,1,1,7.4080324736842105
254470,Pitch Perfect 2,29000000,287506194,115.0,2015.0,"[{""id"": 35, ""name"": ""Comedy""}, {""id"": 10402, ""name"": ""Music""}]",en,71.496894,6.8,1940,Released,Comedy,1,1,9.914006689655173
69,Walk the Line,28000000,186438883,136.0,2005.0,"[{""id"": 18, ""name"": ""Drama""}, {""id"": 10402, ""name"": ""Music""}, {""id"": 10749, ""name"": ""Romance""}]",en,35.580032,7.3,718,Released,Drama,1,1,6.658531535714285
4967,Keeping the Faith,30000000,37036004,127.0,2000.0,"[{""id"": 35, ""name"": ""Comedy""}]",en,8.085872,5.9,159,Released,Comedy,1,1,1.2345334666666667
4912,Confessions of a Dangerous Mind,30000000,33013805,113.0,2002.0,"[{""id"": 35, ""name"": ""Comedy""}, {""id"": 80, ""name"": ""Crime""}, {""id"": 18, ""name"": ""Drama""}, {""id"": 10749, ""name"": ""Romance""}, {""id"": 53, ""name"": ""Thriller""}]",en,18.165957,6.6,275,Released,Comedy,1,1,1.1004601666666667
12771,Serving Sara,29000000,16930185,100.0,2002.0,"[{""id"": 35, ""name"": ""Comedy""}, {""id"": 10749, ""name"": ""Romance""}]",en,8.93941,5.0,85,Released,Comedy,1,1,0.5837994827586207
323676,The Boss,29000000,78636257,91.0,2016.0,"[{""id"": 35, ""name"": ""Comedy""}]",en,20.55509,5.5,431,Released,Comedy,1,1,2.7115950689655173
11249,Seed of Chucky,12000000,24829644,87.0,2004.0,"[{""id"": 18, ""name"": ""Drama""}, {""id"": 27, ""name"": ""Horror""}, {""id"": 35, ""name"": ""Comedy""}]",en,12.653831,4.9,287,Released,Drama,1,1,2.069137
9667,The Jacket,29000000,21126225,103.0,2005.0,"[{""id"": 18, ""name"": ""Drama""}, {""id"": 9648, ""name"": ""Mystery""}, {""id"": 53, ""name"": ""Thriller""}, {""id"": 14, ""name"": ""Fantasy""}]",en,24.240361,6.8,455,Released,Drama,1,1,0.7284905172413794
812,Aladdin,28000000,504050219,90.0,1992.0,"[{""id"": 16, ""name"": ""Animation""}, {""id"": 10751, ""name"": ""Family""}, {""id"": 35, ""name"": ""Comedy""}, {""id"": 12, ""name"": ""Adventure""}, {""id"": 14, ""name"": ""Fantasy""}, {""id"": 10749, ""name"": ""Romance""}]",en,92.982009,7.4,3416,Released,Animation,1,1,18.001793535714285
277216,Straight Outta Compton,28000000,201634991,147.0,2015.0,"[{""id"": 18, ""name"": ""Drama""}, {""id"": 10402, ""name"": ""Music""}]",en,61.76233,7.7,1355,Released,Drama,1,1,7.201249678571428
87,Indiana Jones and the Temple of Doom,28000000,333000000,118.0,1984.0,"[{""id"": 12, ""name"": ""Adventure""}, {""id"": 28, ""name"": ""Action""}]",en,66.976776,7.1,2781,Released,Adventure,1,1,11.892857142857142
14444,The Rugrats Movie,30000000,100491683,79.0,1998.0,"[{""id"": 16, ""name"": ""Animation""}, {""id"": 10751, ""name"": ""Family""}]",en,7.981116,5.7,147,Released,Animation,1,1,3.3497227666666665
2043,Along Came a Spider,60000000,105178561,104.0,2001.0,"[{""id"": 80, ""name"": ""Crime""}, {""id"": 9648, ""name"": ""Mystery""}, {""id"": 53, ""name"": ""Thriller""}, {""id"": 28, ""name"": ""Action""}]",en,21.252797,6.1,400,Released,Crime,1,1,1.7529760166666666
315664,Florence Foster Jenkins,29000000,48902953,110.0,2016.0,"[{""id"": 35, ""name"": ""Comedy""}, {""id"": 18, ""name"": ""Drama""}]",en,19.237254,6.6,392,Released,Comedy,1,1,1.686308724137931
1428,Once Upon a Time in Mexico,29000000,98185582,102.0,2003.0,"[{""id"": 28, ""name"": ""Action""}]",en,27.555646,6.2,594,Released,Action,1,1,3.3857097241379313
562,Die Hard,28000000,140767956,131.0,1988.0,"[{""id"": 28, ""name"": ""Action""}, {""id"": 53, ""name"": ""Thriller""}]",en,66.169628,7.5,3948,Released,Action,1,1,5.027427
15373,Role Models,28000000,92380927,99.0,2008.0,"[{""id"": 35, ""name"": ""Comedy""}]",en,24.917665,6.4,564,Released,Comedy,1,1,3.2993188214285714
318846,The Big Short,28000000,133346506,130.0,2015.0,"[{""id"": 35, ""name"": ""Comedy""}, {""id"": 18, ""name"": ""Drama""}]",en,57.518472,7.3,2607,Released,Comedy,1,1,4.762375214285714
14292,Miracle,28000000,64445708,135.0,2004.0,"[{""id"": 18, ""name"": ""Drama""}, {""id"": 36, ""name"": ""History""}]",en,7.534003,7.0,159,Released,Drama,1,1,2.3016324285714287
924,Dawn of the Dead,28000000,102356381,101.0,2004.0,"[{""id"": 14, ""name"": ""Fantasy""}, {""id"": 27, ""name"": ""Horror""}, {""id"": 28, ""name"": ""Action""}]",en,44.529429,6.8,1016,Released,Fantasy,1,1,3.6555850357142856
2018,The Wedding Planner,35000000,94728529,103.0,2001.0,"[{""id"": 35, ""name"": ""Comedy""}]",en,14.949395,5.5,427,Released,Comedy,1,1,2.7065294
192577,Space Pirate Captain Harlock,30000000,17137302,115.0,2013.0,"[{""id"": 16, ""name"": ""Animation""}, {""id"": 878, ""name"": ""Science Fiction""}]",ja,14.726338,6.5,356,Released,Animation,1,1,0.5712434
9428,The Royal Tenenbaums,21000000,71441250,110.0,2001.0,"[{""id"": 35, ""name"": ""Comedy""}, {""id"": 18, ""name"": ""Drama""}]",en,24.13081,7.4,1286,Released,Comedy,1,1,3.4019642857142856
2832,Identity,30000000,90259536,90.0,2003.0,"[{""id"": 9648, ""name"": ""Mystery""}, {""id"": 53, ""name"": ""Thriller""}]",en,45.915165,7.1,1061,Released,Mystery,1,1,3.0086512
137093,Last Vegas,28000000,134402450,105.0,2013.0,"[{""id"": 35, ""name"": ""Comedy""}]",en,28.043508,6.4,799,Released,Comedy,1,1,4.8000875
699,For Your Eyes Only,28000000,195312802,127.0,1981.0,"[{""id"": 12, ""name"": ""Adventure""}, {""id"": 28, ""name"": ""Action""}, {""id"": 53, ""name"": ""Thriller""}]",en,26.090746,6.3,490,Released,Adventure,1,1,6.975457214285714
9778,Serendipity,28000000,77516304,90.0,2001.0,"[{""id"": 35, ""name"": ""Comedy""}, {""id"": 10749, ""name"": ""Romance""}]",en,14.530803,6.6,521,Released,Comedy,1,1,2.7684394285714284
8831,Timecop,27000000,101646581,99.0,1994.0,"[{""id"": 53, ""name"": ""Thriller""}, {""id"": 878, ""name"": ""Science Fiction""}, {""id"": 28, ""name"": ""Action""}, {""id"": 80, ""name"": ""Crime""}]",en,13.308127,5.5,282,Released,Thriller,1,1,3.764688185185185
9398,Zoolander,28000000,60780981,89.0,2001.0,"[{""id"": 35, ""name"": ""Comedy""}]",en,38.0958,6.1,1337,Released,Comedy,1,1,2.1707493214285716
112949,Safe Haven,28000000,97594140,115.0,2013.0,"[{""id"": 10749, ""name"": ""Romance""}]",en,37.729059,6.9,823,Released,Romance,1,1,3.485505
10439,Hocus Pocus,28000000,39514713,96.0,1993.0,"[{""id"": 35, ""name"": ""Comedy""}, {""id"": 10751, ""name"": ""Family""}, {""id"": 14, ""name"": ""Fantasy""}]",en,18.650748,6.4,471,Released,Comedy,1,1,1.41123975
3638,No Reservations,28000000,92601050,104.0,2007.0,"[{""id"": 35, ""name"": ""Comedy""}]",en,15.794946,6.1,327,Released,Comedy,1,1,3.3071803571428573
23483,Kick-Ass,28000000,96188903,117.0,2010.0,"[{""id"": 28, ""name"": ""Action""}, {""id"": 80, ""name"": ""Crime""}]",en,45.054936,7.1,4645,Released,Action,1,1,3.4353179642857143
62206,30 Minutes or Less,28000000,40547440,83.0,2011.0,"[{""id"": 28, ""name"": ""Action""}, {""id"": 12, ""name"": ""Adventure""}, {""id"": 35, ""name"": ""Comedy""}]",en,25.039383,5.6,531,Released,Action,1,1,1.448122857142857
10577,Dracula 2000,28000000,33000337,99.0,2000.0,"[{""id"": 53, ""name"": ""Thriller""}, {""id"": 27, ""name"": ""Horror""}]",en,6.756771,4.6,148,Released,Thriller,1,1,1.1785834642857143
218778,"Alexander and the Terrible, Horrible, No Good, Very Bad Day",28000000,100654149,81.0,2014.0,"[{""id"": 10751, ""name"": ""Family""}, {""id"": 35, ""name"": ""Comedy""}]",en,22.14595,6.1,493,Released,Family,1,1,3.5947910357142856
4348,Pride & Prejudice,28000000,121147947,135.0,2005.0,"[{""id"": 18, ""name"": ""Drama""}, {""id"": 10749, ""name"": ""Romance""}]",en,36.58383,7.7,1358,Released,Drama,1,1,4.326712392857143
78,Blade Runner,28000000,33139618,117.0,1982.0,"[{""id"": 878, ""name"": ""Science Fiction""}, {""id"": 18, ""name"": ""Drama""}, {""id"": 53, ""name"": ""Thriller""}]",en,94.056131,7.9,3509,Released,Science Fiction,1,1,1.1835577857142856
11780,Rob Roy,28000000,31596911,139.0,1995.0,"[{""id"": 12, ""name"": ""Adventure""}]",en,10.703456,6.5,148,Released,Adventure,1,1,1.1284611071428572
192102,3 Days to Kill,28000000,52597999,113.0,2014.0,"[{""id"": 28, ""name"": ""Action""}, {""id"": 18, ""name"": ""Drama""}, {""id"": 53, ""name"": ""Thriller""}, {""id"": 80, ""name"": ""Crime""}]",en,41.638961,6.0,883,Released,Action,1,1,1.8784999642857143
2001,We Own the Night,21000000,54926886,117.0,2007.0,"[{""id"": 18, ""name"": ""Drama""}, {""id"": 80, ""name"": ""Crime""}, {""id"": 53, ""name"": ""Thriller""}]",en,14.518708,6.5,323,Released,Drama,1,1,2.615566
11516,Winged Migration,35866397,20217080,98.0,2001.0,"[{""id"": 99, ""name"": ""Documentary""}]",fr,3.75074,7.0,49,Released,Documentary,1,1,0.5636774722590618
10025,Just My Luck,28000000,38159905,103.0,2006.0,"[{""id"": 35, ""name"": ""Comedy""}, {""id"": 18, ""name"": ""Drama""}, {""id"": 10751, ""name"": ""Family""}, {""id"": 14, ""name"": ""Fantasy""}, {""id"": 10749, ""name"": ""Romance""}]",en,22.074306,5.8,491,Released,Comedy,1,1,1.36285375
15198,"Mystery, Alaska",28000000,8888143,119.0,1999.0,"[{""id"": 18, ""name"": ""Drama""}, {""id"": 35, ""name"": ""Comedy""}]",en,4.436792,6.0,69,Released,Drama,1,1,0.31743367857142857
23172,The Spy Next Door,28000000,45236543,94.0,2010.0,"[{""id"": 28, ""name"": ""Action""}, {""id"": 35, ""name"": ""Comedy""}, {""id"": 10751, ""name"": ""Family""}]",en,14.639324,5.5,345,Released,Action,1,1,1.6155908214285715
17834,A Simple Wish,28000000,8345056,86.0,1997.0,"[{""id"": 12, ""name"": ""Adventure""}, {""id"": 35, ""name"": ""Comedy""}, {""id"": 10751, ""name"": ""Family""}, {""id"": 14, ""name"": ""Fantasy""}]",en,1.767479,5.5,46,Released,Adventure,1,1,0.2980377142857143
10016,Ghosts of Mars,28000000,14010832,98.0,2001.0,"[{""id"": 28, ""name"": ""Action""}, {""id"": 27, ""name"": ""Horror""}, {""id"": 878, ""name"": ""Science Fiction""}]",en,13.145205,4.8,296,Released,Action,1,1,0.5003868571428571
10317,Our Brand Is Crisis,28000000,7002261,108.0,2015.0,"[{""id"": 35, ""name"": ""Comedy""}, {""id"": 18, ""name"": ""Drama""}]",en,12.921594,5.8,195,Released,Comedy,1,1,0.25008075
58431,Pride and Prejudice and Zombies,28000000,16374328,108.0,2016.0,"[{""id"": 10749, ""name"": ""Romance""}, {""id"": 27, ""name"": ""Horror""}, {""id"": 35, ""name"": ""Comedy""}, {""id"": 53, ""name"": ""Thriller""}]",en,28.397048,5.5,640,Released,Romance,1,1,0.5847974285714286
9746,Kundun,28000000,5684789,134.0,1997.0,"[{""id"": 18, ""name"": ""Drama""}]",en,7.039189,6.8,91,Released,Drama,1,1,0.20302817857142857
13092,How to Lose Friends & Alienate People,27000000,17286299,110.0,2008.0,"[{""id"": 35, ""name"": ""Comedy""}, {""id"": 10749, ""name"": ""Romance""}, {""id"": 18, ""name"": ""Drama""}]",en,16.785866,6.2,244,Released,Comedy,1,1,0.6402332962962963
59859,Kick-Ass 2,28000000,60700000,103.0,2013.0,"[{""id"": 28, ""name"": ""Action""}, {""id"": 12, ""name"": ""Adventure""}, {""id"": 80, ""name"": ""Crime""}]",en,40.28635,6.3,2224,Released,Action,1,1,2.1678571428571427
13495,Alatriste,24000000,23321954,145.0,2006.0,"[{""id"": 28, ""name"": ""Action""}]",es,6.009644,5.6,61,Released,Action,1,1,0.9717480833333333
254473,Brick Mansions,28000000,68896829,90.0,2014.0,"[{""id"": 28, ""name"": ""Action""}, {""id"": 80, ""name"": ""Crime""}, {""id"": 18, ""name"": ""Drama""}]",en,25.520976,5.7,615,Released,Action,1,1,2.460601035714286
700,Octopussy,27500000,187500000,131.0,1983.0,"[{""id"": 12, ""name"": ""Adventure""}, {""id"": 28, ""name"": ""Action""}, {""id"": 53, ""name"": ""Thriller""}]",en,25.633663,6.2,527,Released,Adventure,1,1,6.818181818181818
4964,Knocked Up,30000000,219076518,129.0,2007.0,"[{""id"": 35, ""name"": ""Comedy""}, {""id"": 10749, ""name"": ""Romance""}, {""id"": 18, ""name"": ""Drama""}]",en,22.527211,6.2,1214,Released,Comedy,1,1,7.3025506
10024,My Sister's Keeper,30000000,95714875,109.0,2009.0,"[{""id"": 18, ""name"": ""Drama""}]",en,24.09152,7.1,598,Released,Drama,1,1,3.1904958333333333
13490,Welcome Home Roscoe Jenkins,35000000,43650785,114.0,2008.0,"[{""id"": 35, ""name"": ""Comedy""}, {""id"": 18, ""name"": ""Drama""}]",en,6.248273,5.7,57,Released,Comedy,1,1,1.2471652857142856
15927,A Passage to India,8000000,27187653,163.0,1984.0,"[{""id"": 18, ""name"": ""Drama""}, {""id"": 12, ""name"": ""Adventure""}, {""id"": 36, ""name"": ""History""}]",en,9.548391,6.9,67,Released,Drama,1,1,3.398456625
1259,Notes on a Scandal,15000000,49469904,92.0,2006.0,"[{""id"": 18, ""name"": ""Drama""}, {""id"": 10749, ""name"": ""Romance""}]",en,12.576381,6.9,235,Released,Drama,1,1,3.2979936
5125,Rendition,27500000,24748670,120.0,2007.0,"[{""id"": 18, ""name"": ""Drama""}, {""id"": 53, ""name"": ""Thriller""}]",en,12.741073,6.2,205,Released,Drama,1,1,0.8999516363636364
174,Star Trek VI: The Undiscovered Country,27000000,96900000,113.0,1991.0,"[{""id"": 878, ""name"": ""Science Fiction""}, {""id"": 28, ""name"": ""Action""}, {""id"": 12, ""name"": ""Adventure""}, {""id"": 53, ""name"": ""Thriller""}]",en,16.188572,6.7,413,Released,Science Fiction,1,1,3.588888888888889
9437,Kiss the Girls,27000000,60527873,115.0,1997.0,"[{""id"": 18, ""name"": ""Drama""}, {""id"": 9648, ""name"": ""Mystery""}, {""id"": 53, ""name"": ""Thriller""}, {""id"": 80, ""name"": ""Crime""}]",en,18.913,6.2,345,Released,Drama,1,1,2.2417730740740742
525,The Blues Brothers,27000000,115229890,133.0,1980.0,"[{""id"": 10402, ""name"": ""Music""}, {""id"": 35, ""name"": ""Comedy""}, {""id"": 28, ""name"": ""Action""}, {""id"": 80, ""name"": ""Crime""}]",en,44.714264,7.5,1065,Released,Music,1,1,4.267773703703703
10188,The Sisterhood of the Traveling Pants 2,27000000,44352417,117.0,2008.0,"[{""id"": 12, ""name"": ""Adventure""}, {""id"": 35, ""name"": ""Comedy""}, {""id"": 18, ""name"": ""Drama""}, {""id"": 10751, ""name"": ""Family""}]",en,11.870301,6.0,238,Released,Adventure,1,1,1.6426821111111112
245,About a Boy,27000000,129000000,101.0,2002.0,"[{""id"": 18, ""name"": ""Drama""}, {""id"": 35, ""name"": ""Comedy""}, {""id"": 10749, ""name"": ""Romance""}]",en,28.227984,6.6,607,Released,Drama,1,1,4.777777777777778
9825,Lake Placid,27000000,56870414,82.0,1999.0,"[{""id"": 27, ""name"": ""Horror""}, {""id"": 35, ""name"": ""Comedy""}, {""id"": 28, ""name"": ""Action""}, {""id"": 878, ""name"": ""Science Fiction""}, {""id"": 53, ""name"": ""Thriller""}]",en,11.678561,5.5,247,Released,Horror,1,1,2.1063116296296296
186,Lucky Number Slevin,27000000,56308881,110.0,2006.0,"[{""id"": 18, ""name"": ""Drama""}, {""id"": 53, ""name"": ""Thriller""}, {""id"": 80, ""name"": ""Crime""}, {""id"": 9648, ""name"": ""Mystery""}]",en,36.921445,7.4,1323,Released,Drama,1,1,2.0855141111111113
9549,The Right Stuff,27000000,21500000,193.0,1983.0,"[{""id"": 18, ""name"": ""Drama""}, {""id"": 36, ""name"": ""History""}]",en,17.567332,7.3,235,Released,Drama,1,1,0.7962962962962963
61891,Anonymous,30000000,15395087,130.0,2011.0,"[{""id"": 18, ""name"": ""Drama""}, {""id"": 36, ""name"": ""History""}, {""id"": 53, ""name"": ""Thriller""}]",en,16.698316,6.3,288,Released,Drama,1,1,0.5131695666666667
34584,The NeverEnding Story,27000000,20158808,102.0,1984.0,"[{""id"": 18, ""name"": ""Drama""}, {""id"": 10751, ""name"": ""Family""}, {""id"": 14, ""name"": ""Fantasy""}, {""id"": 12, ""name"": ""Adventure""}]",en,47.862016,7.0,1002,Released,Drama,1,1,0.7466225185185185
2666,Dark City,27000000,27200316,100.0,1998.0,"[{""id"": 9648, ""name"": ""Mystery""}, {""id"": 878, ""name"": ""Science Fiction""}]",en,39.324831,7.2,828,Released,Mystery,1,1,1.007419111111111
13155,Return to Oz,25000000,11137801,109.0,1985.0,"[{""id"": 12, ""name"": ""Adventure""}, {""id"": 10751, ""name"": ""Family""}, {""id"": 14, ""name"": ""Fantasy""}]",en,5.650125,6.7,120,Released,Adventure,1,1,0.44551204
42807,The Newton Boys,27000000,76000000,113.0,1998.0,"[{""id"": 80, ""name"": ""Crime""}, {""id"": 28, ""name"": ""Action""}, {""id"": 18, ""name"": ""Drama""}]",en,3.123583,5.9,44,Released,Crime,1,1,2.814814814814815
28355,Case 39,27000000,29000000,109.0,2009.0,"[{""id"": 27, ""name"": ""Horror""}, {""id"": 9648, ""name"": ""Mystery""}, {""id"": 53, ""name"": ""Thriller""}]",en,23.917982,6.1,563,Released,Horror,1,1,1.0740740740740742
8080,Suspect Zero,27000000,13000000,99.0,2004.0,"[{""id"": 80, ""name"": ""Crime""}, {""id"": 53, ""name"": ""Thriller""}]",en,8.715822,5.5,98,Released,Crime,1,1,0.48148148148148145
56288,Spy Kids: All the Time in the World,27000000,85564310,89.0,2011.0,"[{""id"": 10751, ""name"": ""Family""}, {""id"": 35, ""name"": ""Comedy""}, {""id"": 28, ""name"": ""Action""}]",en,14.788073,4.4,222,Released,Family,1,1,3.1690485185185184
303858,Money Monster,27000000,93282604,98.0,2016.0,"[{""id"": 53, ""name"": ""Thriller""}]",en,38.279458,6.5,1068,Released,Thriller,1,1,3.4549112592592595
1613,The 51st State,28,14,93.0,2001.0,"[{""id"": 53, ""name"": ""Thriller""}, {""id"": 28, ""name"": ""Action""}, {""id"": 35, ""name"": ""Comedy""}, {""id"": 80, ""name"": ""Crime""}]",en,9.670031,5.9,173,Released,Thriller,1,1,0.5
16617,Mindhunters,27000000,21148829,106.0,2004.0,"[{""id"": 9648, ""name"": ""Mystery""}, {""id"": 53, ""name"": ""Thriller""}, {""id"": 80, ""name"": ""Crime""}]",en,17.193659,6.3,333,Released,Mystery,1,1,0.7832899629629629
8944,What Just Happened,25000000,6673422,104.0,2008.0,"[{""id"": 35, ""name"": ""Comedy""}, {""id"": 18, ""name"": ""Drama""}]",en,8.31653,5.2,127,Released,Comedy,1,1,0.26693688
14560,Paul Blart: Mall Cop,26000000,183293131,91.0,2009.0,"[{""id"": 28, ""name"": ""Action""}, {""id"": 12, ""name"": ""Adventure""}, {""id"": 35, ""name"": ""Comedy""}, {""id"": 10751, ""name"": ""Family""}]",en,31.250383,5.2,788,Released,Action,1,1,7.049735807692308
10330,Freaky Friday,26000000,110230332,97.0,2003.0,"[{""id"": 35, ""name"": ""Comedy""}]",en,24.345651,6.0,879,Released,Comedy,1,1,4.239628153846154
6957,The 40 Year Old Virgin,26000000,109449237,116.0,2005.0,"[{""id"": 35, ""name"": ""Comedy""}, {""id"": 10749, ""name"": ""Romance""}]",en,38.473732,6.2,1983,Released,Comedy,1,1,4.209586038461539
1934,Shakespeare in Love,25000000,289317794,122.0,1998.0,"[{""id"": 10749, ""name"": ""Romance""}, {""id"": 36, ""name"": ""History""}]",en,31.792964,6.8,796,Released,Romance,1,1,11.57271176
169917,A Walk Among the Tombstones,28000000,53181600,113.0,2014.0,"[{""id"": 80, ""name"": ""Crime""}, {""id"": 18, ""name"": ""Drama""}, {""id"": 9648, ""name"": ""Mystery""}, {""id"": 53, ""name"": ""Thriller""}]",en,61.309619,6.2,1131,Released,Crime,1,1,1.8993428571428572
951,Kindergarten Cop,15000000,201957688,111.0,1990.0,"[{""id"": 35, ""name"": ""Comedy""}]",en,5.411154,5.8,628,Released,Comedy,1,1,13.463845866666666
10189,Pineapple Express,27000000,101624843,111.0,2008.0,"[{""id"": 28, ""name"": ""Action""}, {""id"": 35, ""name"": ""Comedy""}]",en,41.832392,6.6,1148,Released,Action,1,1,3.763883074074074
9454,Ever After: A Cinderella Story,26000000,65705772,121.0,1998.0,"[{""id"": 18, ""name"": ""Drama""}, {""id"": 10749, ""name"": ""Romance""}, {""id"": 35, ""name"": ""Comedy""}]",en,21.988861,6.8,399,Released,Drama,1,1,2.5271450769230768
2055,Open Range,22000000,68296293,139.0,2003.0,"[{""id"": 37, ""name"": ""Western""}]",en,19.068175,7.0,262,Released,Western,1,1,3.1043769545454545
1551,Flatliners,26000000,61489265,115.0,1990.0,"[{""id"": 18, ""name"": ""Drama""}, {""id"": 27, ""name"": ""Horror""}, {""id"": 878, ""name"": ""Science Fiction""}, {""id"": 53, ""name"": ""Thriller""}]",en,24.114459,6.3,404,Released,Drama,1,1,2.3649717307692306
5902,A Bridge Too Far,22000000,50750000,175.0,1977.0,"[{""id"": 18, ""name"": ""Drama""}, {""id"": 36, ""name"": ""History""}, {""id"": 10752, ""name"": ""War""}]",en,20.256571,6.9,207,Released,Drama,1,1,2.3068181818181817
11460,Red Eye,26000000,57891803,85.0,2005.0,"[{""id"": 27, ""name"": ""Horror""}, {""id"": 53, ""name"": ""Thriller""}]",en,8.802626,6.2,455,Released,Horror,1,1,2.2266078076923077
9358,Final Destination 2,26000000,90426405,90.0,2003.0,"[{""id"": 27, ""name"": ""Horror""}, {""id"": 9648, ""name"": ""Mystery""}]",en,37.355826,5.9,1023,Released,Horror,1,1,3.4779386538461536
134,"O Brother, Where Art Thou?",26000000,71868327,106.0,2000.0,"[{""id"": 28, ""name"": ""Action""}, {""id"": 12, ""name"": ""Adventure""}, {""id"": 35, ""name"": ""Comedy""}]",en,39.742009,7.3,1112,Released,Action,1,1,2.764166423076923
22894,Legion,26000000,67918658,100.0,2010.0,"[{""id"": 27, ""name"": ""Horror""}]",en,30.981604,5.2,629,Released,Horror,1,1,2.6122560769230767
134374,Pain & Gain,25000000,86175291,130.0,2013.0,"[{""id"": 53, ""name"": ""Thriller""}, {""id"": 80, ""name"": ""Crime""}, {""id"": 28, ""name"": ""Action""}]",en,31.893932,6.1,1573,Released,Thriller,1,1,3.44701164
15028,Clockstoppers,26000000,38793283,94.0,2002.0,"[{""id"": 12, ""name"": ""Adventure""}, {""id"": 10751, ""name"": ""Family""}, {""id"": 878, ""name"": ""Science Fiction""}, {""id"": 53, ""name"": ""Thriller""}]",en,5.894163,4.9,89,Released,Adventure,1,1,1.4920493461538462
7445,Brothers,26000000,43318349,104.0,2009.0,"[{""id"": 18, ""name"": ""Drama""}, {""id"": 53, ""name"": ""Thriller""}, {""id"": 10752, ""name"": ""War""}]",en,22.07638,6.8,633,Released,Drama,1,1,1.666090346153846
17047,Agent Cody Banks 2: Destination London,26000000,28818995,100.0,2004.0,"[{""id"": 35, ""name"": ""Comedy""}]",en,10.925618,5.2,144,Released,Comedy,1,1,1.1084228846153845
62838,New Year's Eve,56000000,142044638,118.0,2011.0,"[{""id"": 35, ""name"": ""Comedy""}, {""id"": 10749, ""name"": ""Romance""}]",en,21.219292,5.7,718,Released,Comedy,1,1,2.5365113928571428
2057,Original Sin,42000000,35402320,118.0,2001.0,"[{""id"": 18, ""name"": ""Drama""}, {""id"": 53, ""name"": ""Thriller""}, {""id"": 9648, ""name"": ""Mystery""}, {""id"": 10749, ""name"": ""Romance""}]",en,14.831402,5.8,198,Released,Drama,1,1,0.842912380952381
70436,The Raven,26000000,29657751,111.0,2012.0,"[{""id"": 80, ""name"": ""Crime""}, {""id"": 53, ""name"": ""Thriller""}, {""id"": 9648, ""name"": ""Mystery""}]",en,22.520842,6.1,426,Released,Crime,1,1,1.1406827307692309
16784,Welcome to Mooseport,30000000,14000000,110.0,2004.0,"[{""id"": 35, ""name"": ""Comedy""}]",en,3.314094,4.8,54,Released,Comedy,1,1,0.4666666666666667
8011,Highlander: The Final Dimension,26000000,36800000,99.0,1994.0,"[{""id"": 28, ""name"": ""Action""}, {""id"": 14, ""name"": ""Fantasy""}, {""id"": 878, ""name"": ""Science Fiction""}]",en,7.964451,4.5,110,Released,Action,1,1,1.4153846153846155
36355,Flipper,25530000,20080020,95.0,1996.0,"[{""id"": 12, ""name"": ""Adventure""}, {""id"": 10751, ""name"": ""Family""}]",en,4.475007,5.3,84,Released,Adventure,1,1,0.7865264394829612
238615,Self/less,26000000,30523226,116.0,2015.0,"[{""id"": 878, ""name"": ""Science Fiction""}, {""id"": 9648, ""name"": ""Mystery""}, {""id"": 53, ""name"": ""Thriller""}]",en,66.097437,6.3,1091,Released,Science Fiction,1,1,1.1739702307692308
1985,The Constant Gardener,25000000,82466670,129.0,2005.0,"[{""id"": 18, ""name"": ""Drama""}, {""id"": 9648, ""name"": ""Mystery""}, {""id"": 53, ""name"": ""Thriller""}]",en,20.679652,6.8,417,Released,Drama,1,1,3.2986668
615,The Passion of the Christ,30000000,611899420,127.0,2004.0,"[{""id"": 18, ""name"": ""Drama""}]",en,38.171417,6.9,864,Released,Drama,1,1,20.396647333333334
788,Mrs. Doubtfire,25000000,441286195,125.0,1993.0,"[{""id"": 35, ""name"": ""Comedy""}, {""id"": 18, ""name"": ""Drama""}, {""id"": 10751, ""name"": ""Family""}]",en,30.884535,7.0,1591,Released,Comedy,1,1,17.6514478
380,Rain Man,25000000,412800000,133.0,1988.0,"[{""id"": 18, ""name"": ""Drama""}]",en,49.510658,7.6,1709,Released,Drama,1,1,16.512
13223,Gran Torino,33000000,269958228,116.0,2008.0,"[{""id"": 18, ""name"": ""Drama""}]",en,50.7453,7.8,3086,Released,Drama,1,1,8.180552363636364
10523,W.,25100000,29506464,131.0,2008.0,"[{""id"": 18, ""name"": ""Drama""}, {""id"": 36, ""name"": ""History""}]",en,10.445391,6.1,143,Released,Drama,1,1,1.1755563346613547
8681,Taken,25000000,226830568,93.0,2008.0,"[{""id"": 28, ""name"": ""Action""}, {""id"": 53, ""name"": ""Thriller""}]",en,80.879032,7.2,4369,Released,Action,1,1,9.07322272
239571,The Best of Me,26000000,35926213,117.0,2014.0,"[{""id"": 18, ""name"": ""Drama""}, {""id"": 10749, ""name"": ""Romance""}]",en,33.93914,7.2,765,Released,Drama,1,1,1.381777423076923
619,The Bodyguard,25000000,411006740,129.0,1992.0,"[{""id"": 53, ""name"": ""Thriller""}, {""id"": 28, ""name"": ""Action""}, {""id"": 18, ""name"": ""Drama""}, {""id"": 10402, ""name"": ""Music""}, {""id"": 10749, ""name"": ""Romance""}]",en,26.576385,6.1,661,Released,Thriller,1,1,16.4402696
424,Schindler's List,22000000,321365567,195.0,1993.0,"[{""id"": 18, ""name"": ""Drama""}, {""id"": 36, ""name"": ""History""}, {""id"": 10752, ""name"": ""War""}]",en,104.469351,8.3,4329,Released,Drama,1,1,14.607525772727273
50014,The Help,25000000,124272124,146.0,2011.0,"[{""id"": 18, ""name"": ""Drama""}]",en,42.191509,7.8,1910,Released,Drama,1,1,4.97088496
162903,The Fifth Estate,28000000,8555008,128.0,2013.0,"[{""id"": 18, ""name"": ""Drama""}, {""id"": 53, ""name"": ""Thriller""}]",en,20.267062,5.7,364,Released,Drama,1,1,0.305536
6466,Freddy vs. Jason,30000000,114908830,97.0,2003.0,"[{""id"": 27, ""name"": ""Horror""}]",en,26.69592,5.8,594,Released,Horror,1,1,3.8302943333333332
12589,Jimmy Neutron: Boy Genius,25000000,80936232,83.0,2001.0,"[{""id"": 28, ""name"": ""Action""}, {""id"": 12, ""name"": ""Adventure""}, {""id"": 16, ""name"": ""Animation""}, {""id"": 35, ""name"": ""Comedy""}, {""id"": 10751, ""name"": ""Family""}, {""id"": 14, ""name"": ""Fantasy""}, {""id"": 878, ""name"": ""Science Fiction""}]",en,12.739721,5.6,231,Released,Action,1,1,3.23744928
7191,Cloverfield,25000000,170764026,85.0,2008.0,"[{""id"": 28, ""name"": ""Action""}, {""id"": 53, ""name"": ""Thriller""}, {""id"": 878, ""name"": ""Science Fiction""}]",en,46.942396,6.4,2251,Released,Action,1,1,6.83056104
1497,Teenage Mutant Ninja Turtles II: The Secret of the Ooze,25000000,78000000,88.0,1991.0,"[{""id"": 878, ""name"": ""Science Fiction""}, {""id"": 12, ""name"": ""Adventure""}, {""id"": 28, ""name"": ""Action""}, {""id"": 35, ""name"": ""Comedy""}, {""id"": 10751, ""name"": ""Family""}]",en,15.505137,5.8,286,Released,Science Fiction,1,1,3.12
117,The Untouchables,25000000,76270454,119.0,1987.0,"[{""id"": 80, ""name"": ""Crime""}, {""id"": 18, ""name"": ""Drama""}, {""id"": 36, ""name"": ""History""}, {""id"": 53, ""name"": ""Thriller""}]",en,38.272889,7.6,1384,Released,Crime,1,1,3.05081816
6977,No Country for Old Men,25000000,171600000,122.0,2007.0,"[{""id"": 80, ""name"": ""Crime""}, {""id"": 18, ""name"": ""Drama""}, {""id"": 53, ""name"": ""Thriller""}]",en,53.645267,7.7,3003,Released,Crime,1,1,6.864
168530,Ride Along,25000000,153997819,99.0,2014.0,"[{""id"": 28, ""name"": ""Action""}, {""id"": 35, ""name"": ""Comedy""}]",en,28.468,6.1,853,Released,Action,1,1,6.15991276
634,Bridget Jones's Diary,25000000,281929795,97.0,2001.0,"[{""id"": 35, ""name"": ""Comedy""}, {""id"": 10749, ""name"": ""Romance""}, {""id"": 18, ""name"": ""Drama""}]",en,35.310712,6.5,1356,Released,Comedy,1,1,11.2771918
392,Chocolat,25000000,152500343,121.0,2000.0,"[{""id"": 35, ""name"": ""Comedy""}, {""id"": 18, ""name"": ""Drama""}, {""id"": 10749, ""name"": ""Romance""}]",en,28.727731,6.8,951,Released,Comedy,1,1,6.10001372
10327,"Legally Blonde 2: Red, White & Blonde",45000000,124914842,95.0,2003.0,"[{""id"": 35, ""name"": ""Comedy""}]",en,4.340616,5.1,377,Released,Comedy,1,1,2.7758853777777777
88042,Parental Guidance,25000000,119772232,104.0,2012.0,"[{""id"": 35, ""name"": ""Comedy""}]",en,14.604911,5.7,210,Released,Comedy,1,1,4.79088928
41630,No Strings Attached,25000000,147780440,107.0,2011.0,"[{""id"": 35, ""name"": ""Comedy""}, {""id"": 10749, ""name"": ""Romance""}]",en,38.688822,6.1,1331,Released,Comedy,1,1,5.9112176
11969,Tombstone,25000000,56505065,130.0,1993.0,"[{""id"": 28, ""name"": ""Action""}, {""id"": 12, ""name"": ""Adventure""}, {""id"": 18, ""name"": ""Drama""}, {""id"": 36, ""name"": ""History""}, {""id"": 37, ""name"": ""Western""}]",en,30.537845,7.4,626,Released,Action,1,1,2.2602026
2085,Romeo Must Die,25000000,91036760,115.0,2000.0,"[{""id"": 28, ""name"": ""Action""}, {""id"": 80, ""name"": ""Crime""}, {""id"": 53, ""name"": ""Thriller""}]",en,19.750059,6.0,330,Released,Action,1,1,3.6414704
794,The Omen,2800000,60922980,111.0,1976.0,"[{""id"": 27, ""name"": ""Horror""}, {""id"": 53, ""name"": ""Thriller""}]",en,25.939385,7.2,476,Released,Horror,1,1,21.75820714285714
9286,Final Destination 3,25000000,117719158,93.0,2006.0,"[{""id"": 27, ""name"": ""Horror""}, {""id"": 9648, ""name"": ""Mystery""}]",en,31.64341,5.8,974,Released,Horror,1,1,4.70876632
77877,The Lucky One,25000000,99357138,101.0,2012.0,"[{""id"": 18, ""name"": ""Drama""}, {""id"": 10749, ""name"": ""Romance""}]",en,26.811541,6.8,946,Released,Drama,1,1,3.97428552
1265,Bridge to Terabithia,60000000,137587063,96.0,2007.0,"[{""id"": 12, ""name"": ""Adventure""}, {""id"": 18, ""name"": ""Drama""}, {""id"": 10751, ""name"": ""Family""}]",en,40.646102,7.0,1113,Released,Adventure,1,1,2.2931177166666665
866,Finding Neverland,25000000,116766556,106.0,2004.0,"[{""id"": 18, ""name"": ""Drama""}]",en,34.160448,7.2,1223,Released,Drama,1,1,4.67066224
75174,The Grey,25000000,77278331,117.0,2012.0,"[{""id"": 28, ""name"": ""Action""}, {""id"": 18, ""name"": ""Drama""}, {""id"": 53, ""name"": ""Thriller""}]",en,48.552871,6.4,1451,Released,Action,1,1,3.09113324
11096,Hide and Seek,25000000,122644820,101.0,2005.0,"[{""id"": 27, ""name"": ""Horror""}, {""id"": 9648, ""name"": ""Mystery""}, {""id"": 53, ""name"": ""Thriller""}]",en,18.228538,6.1,440,Released,Horror,1,1,4.9057928
8699,Anchorman: The Legend of Ron Burgundy,26000000,90574188,94.0,2004.0,"[{""id"": 35, ""name"": ""Comedy""}]",en,29.342744,6.7,1493,Released,Comedy,1,1,3.4836226153846153
769,GoodFellas,25000000,46836394,145.0,1990.0,"[{""id"": 18, ""name"": ""Drama""}, {""id"": 80, ""name"": ""Crime""}]",en,63.654244,8.2,3128,Released,Drama,1,1,1.87345576
10923,Agent Cody Banks,28000000,58795814,102.0,2003.0,"[{""id"": 28, ""name"": ""Action""}]",en,11.859396,5.0,284,Released,Action,1,1,2.0998505
11283,Nanny McPhee,25000000,122489822,97.0,2005.0,"[{""id"": 14, ""name"": ""Fantasy""}, {""id"": 35, ""name"": ""Comedy""}, {""id"": 10751, ""name"": ""Family""}]",en,24.356483,6.4,711,Released,Fantasy,1,1,4.89959288
111,Scarface,25000000,65884703,170.0,1983.0,"[{""id"": 28, ""name"": ""Action""}, {""id"": 80, ""name"": ""Crime""}, {""id"": 18, ""name"": ""Drama""}, {""id"": 53, ""name"": ""Thriller""}]",en,70.105981,8.0,2948,Released,Action,1,1,2.63538812
746,The Last Emperor,23000000,43984230,163.0,1987.0,"[{""id"": 18, ""name"": ""Drama""}, {""id"": 36, ""name"": ""History""}]",en,21.189028,7.4,355,Released,Drama,1,1,1.9123578260869565
77866,Contraband,25000000,63100000,109.0,2012.0,"[{""id"": 53, ""name"": ""Thriller""}, {""id"": 28, ""name"": ""Action""}, {""id"": 18, ""name"": ""Drama""}, {""id"": 80, ""name"": ""Crime""}]",en,31.364901,6.1,770,Released,Thriller,1,1,2.524
7345,There Will Be Blood,25000000,77208711,158.0,2007.0,"[{""id"": 18, ""name"": ""Drama""}]",en,37.817905,7.9,1537,Released,Drama,1,1,3.08834844
12277,Undercover Brother,25000000,41604473,86.0,2002.0,"[{""id"": 28, ""name"": ""Action""}, {""id"": 35, ""name"": ""Comedy""}]",en,6.086083,5.5,112,Released,Action,1,1,1.66417892
9779,The Sisterhood of the Traveling Pants,25000000,39053061,119.0,2005.0,"[{""id"": 18, ""name"": ""Drama""}, {""id"": 35, ""name"": ""Comedy""}]",en,17.17372,6.3,386,Released,Drama,1,1,1.56212244
2140,Kiss of the Dragon,25000000,64437847,98.0,2001.0,"[{""id"": 28, ""name"": ""Action""}, {""id"": 80, ""name"": ""Crime""}, {""id"": 53, ""name"": ""Thriller""}]",en,16.936576,6.4,298,Released,Action,1,1,2.57751388
12620,The House Bunny,25000000,70442940,97.0,2008.0,"[{""id"": 10749, ""name"": ""Romance""}, {""id"": 35, ""name"": ""Comedy""}]",en,25.838073,5.6,529,Released,Romance,1,1,2.8177176
14177,Beauty Shop,25000000,36351350,105.0,2005.0,"[{""id"": 35, ""name"": ""Comedy""}, {""id"": 10749, ""name"": ""Romance""}]",en,5.625632,5.4,115,Released,Comedy,1,1,1.454054
198185,Million Dollar Arm,25000000,38307627,124.0,2014.0,"[{""id"": 18, ""name"": ""Drama""}]",en,17.312433,6.6,259,Released,Drama,1,1,1.53230508
227156,The Giver,25000000,66980456,94.0,2014.0,"[{""id"": 18, ""name"": ""Drama""}, {""id"": 878, ""name"": ""Science Fiction""}]",en,53.811461,6.4,1798,Released,Drama,1,1,2.67921824
11351,Jeepers Creepers 2,17000000,63102666,104.0,2003.0,"[{""id"": 27, ""name"": ""Horror""}, {""id"": 53, ""name"": ""Thriller""}]",en,19.045146,5.5,299,Released,Horror,1,1,3.711921529411765
10030,Good Luck Chuck,25000000,59192128,101.0,2007.0,"[{""id"": 35, ""name"": ""Comedy""}, {""id"": 18, ""name"": ""Drama""}, {""id"": 10749, ""name"": ""Romance""}]",en,21.729434,5.5,444,Released,Comedy,1,1,2.36768512
10623,Cradle 2 the Grave,25000000,56489558,101.0,2003.0,"[{""id"": 28, ""name"": ""Action""}, {""id"": 80, ""name"": ""Crime""}, {""id"": 18, ""name"": ""Drama""}]",en,12.837116,5.8,236,Released,Action,1,1,2.25958232
590,The Hours,25000000,41597830,114.0,2002.0,"[{""id"": 18, ""name"": ""Drama""}]",en,20.953265,7.0,451,Released,Drama,1,1,1.6639132
9655,She's the Man,20000000,33889159,105.0,2006.0,"[{""id"": 35, ""name"": ""Comedy""}, {""id"": 18, ""name"": ""Drama""}, {""id"": 10751, ""name"": ""Family""}, {""id"": 10749, ""name"": ""Romance""}]",en,10.81439,6.4,671,Released,Comedy,1,1,1.69445795
1268,Mr. Bean's Holiday,25000000,229736344,90.0,2007.0,"[{""id"": 10751, ""name"": ""Family""}, {""id"": 35, ""name"": ""Comedy""}]",en,27.683874,6.1,663,Released,Family,1,1,9.18945376
11237,Anacondas: The Hunt for the Blood Orchid,20000000,70992898,97.0,2004.0,"[{""id"": 12, ""name"": ""Adventure""}, {""id"": 28, ""name"": ""Action""}, {""id"": 27, ""name"": ""Horror""}, {""id"": 878, ""name"": ""Science Fiction""}, {""id"": 53, ""name"": ""Thriller""}]",en,9.855474,4.9,199,Released,Adventure,1,1,3.5496449
190955,Blood Ties,25500000,2415472,128.0,2013.0,"[{""id"": 53, ""name"": ""Thriller""}, {""id"": 80, ""name"": ""Crime""}, {""id"": 18, ""name"": ""Drama""}]",en,12.756344,6.0,171,Released,Thriller,1,1,0.09472439215686275
5123,August Rush,25000000,66122026,114.0,2007.0,"[{""id"": 18, ""name"": ""Drama""}]",en,29.533437,7.1,797,Released,Drama,1,1,2.64488104
4518,Elizabeth,30000000,82150642,124.0,1998.0,"[{""id"": 18, ""name"": ""Drama""}, {""id"": 36, ""name"": ""History""}]",en,14.179538,7.1,334,Released,Drama,1,1,2.7383547333333333
11932,Bride of Chucky,25000000,50671850,89.0,1998.0,"[{""id"": 27, ""name"": ""Horror""}, {""id"": 35, ""name"": ""Comedy""}]",en,14.340095,5.5,350,Released,Horror,1,1,2.026874
11165,Tora! Tora! Tora!,25485000,29548291,144.0,1970.0,"[{""id"": 36, ""name"": ""History""}, {""id"": 28, ""name"": ""Action""}, {""id"": 18, ""name"": ""Drama""}, {""id"": 12, ""name"": ""Adventure""}, {""id"": 10752, ""name"": ""War""}]",en,9.795985,6.9,147,Released,History,1,1,1.1594385324700804
6116,Spice World,25000000,100000000,93.0,1997.0,"[{""id"": 12, ""name"": ""Adventure""}, {""id"": 14, ""name"": ""Fantasy""}, {""id"": 18, ""name"": ""Drama""}, {""id"": 35, ""name"": ""Comedy""}, {""id"": 10402, ""name"": ""Music""}]",en,6.889437,4.7,123,Released,Adventure,1,1,4.0
57431,The Sitter,25000000,34942188,81.0,2011.0,"[{""id"": 35, ""name"": ""Comedy""}]",en,19.428994,5.4,325,Released,Comedy,1,1,1.39768752
278,The Shawshank Redemption,25000000,28341469,142.0,1994.0,"[{""id"": 18, ""name"": ""Drama""}, {""id"": 80, ""name"": ""Crime""}]",en,136.747729,8.5,8205,Released,Drama,1,1,1.13365876
9290,Crocodile Dundee in Los Angeles,21150000,39438674,92.0,2001.0,"[{""id"": 12, ""name"": ""Adventure""}, {""id"": 35, ""name"": ""Comedy""}]",en,6.081772,4.7,146,Released,Adventure,1,1,1.864712718676123
11543,Kingpin,27000000,25023434,113.0,1996.0,"[{""id"": 35, ""name"": ""Comedy""}]",en,17.329269,6.7,244,Released,Comedy,1,1,0.9267938518518518
284536,The Gambler,25000000,39171130,111.0,2014.0,"[{""id"": 53, ""name"": ""Thriller""}, {""id"": 80, ""name"": ""Crime""}, {""id"": 18, ""name"": ""Drama""}]",en,22.622453,5.7,543,Released,Thriller,1,1,1.5668452
152737,August: Osage County,25000000,74188937,121.0,2013.0,"[{""id"": 35, ""name"": ""Comedy""}, {""id"": 18, ""name"": ""Drama""}]",en,20.561682,6.9,483,Released,Comedy,1,1,2.96755748
13374,Ice Princess,25000000,27645491,98.0,2005.0,"[{""id"": 18, ""name"": ""Drama""}, {""id"": 35, ""name"": ""Comedy""}, {""id"": 10751, ""name"": ""Family""}]",en,13.288177,5.9,185,Released,Drama,1,1,1.10581964
8976,A Lot Like Love,30000000,42886719,107.0,2005.0,"[{""id"": 35, ""name"": ""Comedy""}]",en,19.212552,6.5,318,Released,Comedy,1,1,1.4295573
319888,Eddie the Eagle,23000000,46152800,106.0,2016.0,"[{""id"": 35, ""name"": ""Comedy""}, {""id"": 18, ""name"": ""Drama""}, {""id"": 36, ""name"": ""History""}]",en,29.365851,7.2,661,Released,Comedy,1,1,2.0066434782608695
9469,He Got Game,25000000,21567853,136.0,1998.0,"[{""id"": 18, ""name"": ""Drama""}]",en,10.232599,6.7,134,Released,Drama,1,1,0.86271412
1909,Don Juan DeMarco,25000000,22200000,97.0,1994.0,"[{""id"": 10749, ""name"": ""Romance""}, {""id"": 18, ""name"": ""Drama""}, {""id"": 35, ""name"": ""Comedy""}]",en,8.870614,6.2,183,Released,Romance,1,1,0.888
22971,Dear John,25000000,114977104,115.0,2010.0,"[{""id"": 18, ""name"": ""Drama""}, {""id"": 10749, ""name"": ""Romance""}, {""id"": 10752, ""name"": ""War""}]",en,19.402816,6.6,1262,Released,Drama,1,1,4.59908416
34813,The Losers,25000000,23580000,97.0,2010.0,"[{""id"": 28, ""name"": ""Action""}, {""id"": 12, ""name"": ""Adventure""}, {""id"": 80, ""name"": ""Crime""}, {""id"": 9648, ""name"": ""Mystery""}, {""id"": 53, ""name"": ""Thriller""}]",en,24.903418,6.2,515,Released,Action,1,1,0.9432
46261,Don't Be Afraid of the Dark,25000000,36993168,99.0,2010.0,"[{""id"": 14, ""name"": ""Fantasy""}, {""id"": 27, ""name"": ""Horror""}, {""id"": 53, ""name"": ""Thriller""}]",en,14.562197,5.4,341,Released,Fantasy,1,1,1.47972672
10431,War,25000000,40452643,103.0,2007.0,"[{""id"": 28, ""name"": ""Action""}, {""id"": 53, ""name"": ""Thriller""}, {""id"": 80, ""name"": ""Crime""}]",en,18.896239,6.0,414,Released,Action,1,1,1.61810572
8051,Punch-Drunk Love,25000000,17000000,95.0,2002.0,"[{""id"": 35, ""name"": ""Comedy""}, {""id"": 18, ""name"": ""Drama""}, {""id"": 10749, ""name"": ""Romance""}]",en,15.960916,6.9,530,Released,Comedy,1,1,0.68
9352,EuroTrip,25000000,20796847,93.0,2004.0,"[{""id"": 35, ""name"": ""Comedy""}]",en,25.848003,6.5,656,Released,Comedy,1,1,0.83187388
15487,The Greatest Game Ever Played,25000000,15431177,120.0,2005.0,"[{""id"": 18, ""name"": ""Drama""}, {""id"": 10751, ""name"": ""Family""}]",en,7.538513,6.9,110,Released,Drama,1,1,0.61724708
22825,The Box,30000000,33333531,115.0,2009.0,"[{""id"": 53, ""name"": ""Thriller""}, {""id"": 878, ""name"": ""Science Fiction""}]",en,21.606001,5.4,597,Released,Thriller,1,1,1.1111177
1831,The Next Best Thing,25000000,24362772,108.0,2000.0,"[{""id"": 35, ""name"": ""Comedy""}]",en,3.707511,4.3,29,Released,Comedy,1,1,0.97451088
43931,My Soul to Take,25000000,19829957,107.0,2010.0,"[{""id"": 18, ""name"": ""Drama""}, {""id"": 27, ""name"": ""Horror""}, {""id"": 9648, ""name"": ""Mystery""}, {""id"": 53, ""name"": ""Thriller""}]",en,7.001176,5.2,147,Released,Drama,1,1,0.79319828
10591,The Girl Next Door,25000000,30411183,108.0,2004.0,"[{""id"": 35, ""name"": ""Comedy""}]",en,39.784026,6.3,824,Released,Comedy,1,1,1.21644732
10861,Maximum Risk,25000000,51702483,100.0,1996.0,"[{""id"": 28, ""name"": ""Action""}, {""id"": 12, ""name"": ""Adventure""}, {""id"": 53, ""name"": ""Thriller""}]",en,10.115011,5.2,101,Released,Action,1,1,2.06809932
276907,Legend,25000000,42972994,131.0,2015.0,"[{""id"": 80, ""name"": ""Crime""}, {""id"": 53, ""name"": ""Thriller""}]",en,32.854557,6.7,973,Released,Crime,1,1,1.71891976
65055,Shark Night,28000000,10126458,91.0,2011.0,"[{""id"": 27, ""name"": ""Horror""}, {""id"": 53, ""name"": ""Thriller""}]",en,8.363702,4.9,132,Released,Horror,1,1,0.3616592142857143
10397,Angela's Ashes,25,13,145.0,1999.0,"[{""id"": 18, ""name"": ""Drama""}]",en,4.88794,7.0,59,Released,Drama,1,1,0.52
200505,Draft Day,25000000,28831145,109.0,2014.0,"[{""id"": 18, ""name"": ""Drama""}]",en,14.17009,6.5,304,Released,Drama,1,1,1.1532458
60309,The Conspirator,25000000,15478800,122.0,2010.0,"[{""id"": 80, ""name"": ""Crime""}, {""id"": 18, ""name"": ""Drama""}, {""id"": 36, ""name"": ""History""}]",en,9.169271,6.2,137,Released,Crime,1,1,0.619152
9787,Lords of Dogtown,25000000,13411957,107.0,2005.0,"[{""id"": 18, ""name"": ""Drama""}]",en,8.127728,7.0,210,Released,Drama,1,1,0.53647828
293646,The 33,25000000,24902723,120.0,2015.0,"[{""id"": 18, ""name"": ""Drama""}, {""id"": 36, ""name"": ""History""}]",en,10.699952,6.0,378,Released,Drama,1,1,0.99610892
6978,Big Trouble in Little China,25000000,11000000,99.0,1986.0,"[{""id"": 28, ""name"": ""Action""}, {""id"": 12, ""name"": ""Adventure""}, {""id"": 35, ""name"": ""Comedy""}, {""id"": 14, ""name"": ""Fantasy""}]",en,29.796394,7.1,705,Released,Action,1,1,0.44
59440,Warrior,25000000,23057115,140.0,2011.0,"[{""id"": 28, ""name"": ""Action""}, {""id"": 18, ""name"": ""Drama""}]",en,51.915025,7.7,1272,Released,Action,1,1,0.9222846
1770,Michael Collins,28000000,16900000,132.0,1996.0,"[{""id"": 18, ""name"": ""Drama""}, {""id"": 53, ""name"": ""Thriller""}]",en,8.314624,6.7,97,Released,Drama,1,1,0.6035714285714285
8988,Stop-Loss,25000000,11207130,113.0,2008.0,"[{""id"": 18, ""name"": ""Drama""}, {""id"": 10752, ""name"": ""War""}]",en,4.002579,6.1,82,Released,Drama,1,1,0.4482852
15992,Abandon,25000000,10719357,99.0,2002.0,"[{""id"": 18, ""name"": ""Drama""}, {""id"": 9648, ""name"": ""Mystery""}, {""id"": 53, ""name"": ""Thriller""}]",en,3.888776,4.6,45,Released,Drama,1,1,0.42877428
17707,Brokedown Palace,25000000,13000000,100.0,1999.0,"[{""id"": 18, ""name"": ""Drama""}, {""id"": 53, ""name"": ""Thriller""}]",en,7.296459,6.2,111,Released,Drama,1,1,0.52
77883,The Possession,14000000,85446075,92.0,2012.0,"[{""id"": 27, ""name"": ""Horror""}, {""id"": 53, ""name"": ""Thriller""}]",en,21.680424,5.8,498,Released,Horror,1,1,6.103291071428571
40001,Mrs. Winterbourne,25000000,10070000,105.0,1996.0,"[{""id"": 35, ""name"": ""Comedy""}, {""id"": 10749, ""name"": ""Romance""}, {""id"": 18, ""name"": ""Drama""}]",en,7.946769,5.3,25,Released,Comedy,1,1,0.4028
64639,Straw Dogs,25000000,10324441,110.0,2011.0,"[{""id"": 18, ""name"": ""Drama""}, {""id"": 53, ""name"": ""Thriller""}]",en,7.473455,5.5,144,Released,Drama,1,1,0.41297764
9903,The Hoax,25000000,11772461,116.0,2006.0,"[{""id"": 35, ""name"": ""Comedy""}, {""id"": 18, ""name"": ""Drama""}]",en,5.073536,6.4,60,Released,Comedy,1,1,0.47089844
20766,The Road,32000000,27635305,111.0,2009.0,"[{""id"": 12, ""name"": ""Adventure""}, {""id"": 18, ""name"": ""Drama""}]",en,41.075532,6.8,1087,Released,Adventure,1,1,0.86360328125
24264,Sheena,25000000,5778353,117.0,1984.0,"[{""id"": 28, ""name"": ""Action""}, {""id"": 12, ""name"": ""Adventure""}, {""id"": 35, ""name"": ""Comedy""}, {""id"": 14, ""name"": ""Fantasy""}, {""id"": 878, ""name"": ""Science Fiction""}]",en,4.020194,5.0,22,Released,Action,1,1,0.23113412
9067,Tank Girl,25000000,4064495,98.0,1995.0,"[{""id"": 28, ""name"": ""Action""}, {""id"": 35, ""name"": ""Comedy""}, {""id"": 14, ""name"": ""Fantasy""}, {""id"": 878, ""name"": ""Science Fiction""}]",en,8.186936,5.5,138,Released,Action,1,1,0.1625798
8338,Blindness,25000000,19844979,121.0,2008.0,"[{""id"": 18, ""name"": ""Drama""}, {""id"": 9648, ""name"": ""Mystery""}, {""id"": 878, ""name"": ""Science Fiction""}, {""id"": 53, ""name"": ""Thriller""}]",en,17.603823,6.4,387,Released,Drama,1,1,0.79379916
168705,BloodRayne,25000000,2405420,95.0,2005.0,"[{""id"": 28, ""name"": ""Action""}, {""id"": 12, ""name"": ""Adventure""}, {""id"": 14, ""name"": ""Fantasy""}, {""id"": 27, ""name"": ""Horror""}]",en,7.008216,3.5,118,Released,Action,1,1,0.0962168
72113,Carnage,25000000,27603069,80.0,2011.0,"[{""id"": 35, ""name"": ""Comedy""}, {""id"": 18, ""name"": ""Drama""}]",en,20.011435,7.0,738,Released,Comedy,1,1,1.10412276
22256,Without Limits,25000000,777423,117.0,1998.0,"[{""id"": 18, ""name"": ""Drama""}]",en,3.849873,6.2,19,Released,Drama,1,1,0.03109692
12404,Me and Orson Welles,25000000,2336172,114.0,2009.0,"[{""id"": 35, ""name"": ""Comedy""}, {""id"": 18, ""name"": ""Drama""}, {""id"": 10749, ""name"": ""Romance""}]",en,3.593165,6.6,49,Released,Comedy,1,1,0.09344688
152742,The Best Offer,13500000,19255873,124.0,2013.0,"[{""id"": 18, ""name"": ""Drama""}, {""id"": 10749, ""name"": ""Romance""}, {""id"": 80, ""name"": ""Crime""}, {""id"": 9648, ""name"": ""Mystery""}]",en,30.058263,7.7,704,Released,Drama,1,1,1.426360962962963
11699,The Bad Lieutenant: Port of Call - New Orleans,25000000,10589102,122.0,2009.0,"[{""id"": 18, ""name"": ""Drama""}, {""id"": 80, ""name"": ""Crime""}]",en,17.339852,6.0,326,Released,Drama,1,1,0.42356408
48034,Little White Lies,25000000,48531470,154.0,2010.0,"[{""id"": 35, ""name"": ""Comedy""}, {""id"": 18, ""name"": ""Drama""}]",fr,15.279021,7.1,380,Released,Comedy,1,1,1.9412588
36696,Space Dogs,25000000,6500000,85.0,2010.0,"[{""id"": 10751, ""name"": ""Family""}, {""id"": 16, ""name"": ""Animation""}]",ru,5.753564,6.3,10,Released,Family,1,1,0.26
109091,The Counselor,25000000,71009334,117.0,2013.0,"[{""id"": 53, ""name"": ""Thriller""}, {""id"": 80, ""name"": ""Crime""}, {""id"": 18, ""name"": ""Drama""}]",en,35.022029,5.0,712,Released,Thriller,1,1,2.84037336
33157,Waterloo,25000000,3052000,128.0,1970.0,"[{""id"": 36, ""name"": ""History""}, {""id"": 28, ""name"": ""Action""}, {""id"": 18, ""name"": ""Drama""}]",en,1.894749,7.0,31,Released,History,1,1,0.12208
859,Dangerous Liaisons,14000000,34670720,119.0,1988.0,"[{""id"": 18, ""name"": ""Drama""}, {""id"": 10749, ""name"": ""Romance""}]",en,14.480628,7.0,257,Released,Drama,1,1,2.47648
83770,On the Road,25000000,8784318,137.0,2012.0,"[{""id"": 12, ""name"": ""Adventure""}, {""id"": 18, ""name"": ""Drama""}]",en,14.613152,5.5,301,Released,Adventure,1,1,0.35137272
168,Star Trek IV: The Voyage Home,24000000,133000000,119.0,1986.0,"[{""id"": 878, ""name"": ""Science Fiction""}, {""id"": 12, ""name"": ""Adventure""}]",en,22.258428,6.9,477,Released,Science Fiction,1,1,5.541666666666667
1246,Rocky Balboa,24000000,155721132,102.0,2006.0,"[{""id"": 18, ""name"": ""Drama""}]",en,30.445257,6.5,835,Released,Drama,1,1,6.4883805
4233,Scream 2,24000000,172363301,120.0,1997.0,"[{""id"": 27, ""name"": ""Horror""}, {""id"": 9648, ""name"": ""Mystery""}]",en,35.244037,6.1,840,Released,Horror,1,1,7.181804208333333
174751,Jane Got a Gun,25000000,1397284,98.0,2016.0,"[{""id"": 28, ""name"": ""Action""}, {""id"": 18, ""name"": ""Drama""}, {""id"": 37, ""name"": ""Western""}]",en,15.333575,5.4,285,Released,Action,1,1,0.05589136
184098,Think Like a Man Too,24000000,70181428,105.0,2014.0,"[{""id"": 35, ""name"": ""Comedy""}, {""id"": 10749, ""name"": ""Romance""}]",en,15.237142,6.4,225,Released,Comedy,1,1,2.9242261666666667
2069,The Whole Nine Yards,41300000,106371651,98.0,2000.0,"[{""id"": 35, ""name"": ""Comedy""}, {""id"": 80, ""name"": ""Crime""}]",en,23.441135,6.2,531,Released,Comedy,1,1,2.575584769975787
1788,Footloose,8200000,80035402,107.0,1984.0,"[{""id"": 18, ""name"": ""Drama""}, {""id"": 10751, ""name"": ""Family""}, {""id"": 10402, ""name"": ""Music""}, {""id"": 10749, ""name"": ""Romance""}]",en,25.03414,6.4,505,Released,Drama,1,1,9.760414878048781
11635,Old School,24000000,87055349,91.0,2003.0,"[{""id"": 35, ""name"": ""Comedy""}]",en,24.70166,6.6,541,Released,Comedy,1,1,3.627306208333333
177,The Fisher King,24000000,41895491,137.0,1991.0,"[{""id"": 35, ""name"": ""Comedy""}, {""id"": 18, ""name"": ""Drama""}]",en,16.146572,7.2,341,Released,Comedy,1,1,1.7456454583333334
3600,I Still Know What You Did Last Summer,65000000,40002112,100.0,1998.0,"[{""id"": 27, ""name"": ""Horror""}, {""id"": 9648, ""name"": ""Mystery""}, {""id"": 53, ""name"": ""Thriller""}]",en,20.793026,5.1,374,Released,Horror,1,1,0.6154171076923077
2621,Return to Me,24000000,36609995,115.0,2000.0,"[{""id"": 10749, ""name"": ""Romance""}, {""id"": 35, ""name"": ""Comedy""}, {""id"": 18, ""name"": ""Drama""}]",en,5.771479,6.1,67,Released,Romance,1,1,1.5254164583333334
10358,Zack and Miri Make a Porno,24000000,42105111,102.0,2008.0,"[{""id"": 35, ""name"": ""Comedy""}]",en,27.326466,6.1,721,Released,Comedy,1,1,1.754379625
10313,The Men Who Stare at Goats,24000000,68729358,93.0,2009.0,"[{""id"": 35, ""name"": ""Comedy""}, {""id"": 10752, ""name"": ""War""}]",en,20.69219,5.9,742,Released,Comedy,1,1,2.86372325
13476,Win a Date with Tad Hamilton!,17000000,16980098,95.0,2004.0,"[{""id"": 35, ""name"": ""Comedy""}, {""id"": 10749, ""name"": ""Romance""}]",en,7.701041,5.5,160,Released,Comedy,1,1,0.9988292941176471
10208,Muppets from Space,24000000,16290976,87.0,1999.0,"[{""id"": 14, ""name"": ""Fantasy""}, {""id"": 35, ""name"": ""Comedy""}, {""id"": 878, ""name"": ""Science Fiction""}, {""id"": 10751, ""name"": ""Family""}]",en,6.589193,5.8,92,Released,Fantasy,1,1,0.6787906666666667
24961,The Wiz,24000000,21049053,134.0,1978.0,"[{""id"": 12, ""name"": ""Adventure""}, {""id"": 10751, ""name"": ""Family""}, {""id"": 14, ""name"": ""Fantasy""}, {""id"": 10402, ""name"": ""Music""}]",en,2.753313,5.9,58,Released,Adventure,1,1,0.877043875
20697,Ready to Rumble,24000000,12372410,107.0,2000.0,"[{""id"": 28, ""name"": ""Action""}, {""id"": 35, ""name"": ""Comedy""}, {""id"": 18, ""name"": ""Drama""}]",en,3.113009,4.7,49,Released,Action,1,1,0.5155170833333333
20761,Play It to the Bone,24000000,8434146,124.0,1999.0,"[{""id"": 35, ""name"": ""Comedy""}, {""id"": 18, ""name"": ""Drama""}]",en,5.566203,5.7,53,Released,Comedy,1,1,0.35142275
70868,I Don't Know How She Does It,24000000,30551495,89.0,2011.0,"[{""id"": 10749, ""name"": ""Romance""}, {""id"": 35, ""name"": ""Comedy""}]",en,8.630825,5.0,141,Released,Romance,1,1,1.2729789583333333
43593,Piranha 3D,24000000,83188165,88.0,2010.0,"[{""id"": 35, ""name"": ""Comedy""}, {""id"": 27, ""name"": ""Horror""}]",en,23.343839,5.3,581,Released,Comedy,1,1,3.4661735416666666
40688,Meet the Deedles,24000000,4562146,93.0,1998.0,"[{""id"": 16, ""name"": ""Animation""}, {""id"": 35, ""name"": ""Comedy""}, {""id"": 10751, ""name"": ""Family""}]",en,2.353441,4.1,19,Released,Animation,1,1,0.19008941666666668
26672,The Thief and the Cobbler,28000000,669276,72.0,1993.0,"[{""id"": 12, ""name"": ""Adventure""}, {""id"": 14, ""name"": ""Fantasy""}, {""id"": 16, ""name"": ""Animation""}, {""id"": 878, ""name"": ""Science Fiction""}, {""id"": 10751, ""name"": ""Family""}]",en,2.439184,6.8,26,Released,Adventure,1,1,0.023902714285714284
41283,Faster,24000000,23081726,98.0,2010.0,"[{""id"": 80, ""name"": ""Crime""}, {""id"": 18, ""name"": ""Drama""}, {""id"": 28, ""name"": ""Action""}, {""id"": 53, ""name"": ""Thriller""}]",en,26.324874,6.1,568,Released,Crime,1,1,0.9617385833333333
4935,Howl's Moving Castle,24000000,234710455,119.0,2004.0,"[{""id"": 14, ""name"": ""Fantasy""}, {""id"": 16, ""name"": ""Animation""}, {""id"": 12, ""name"": ""Adventure""}]",ja,49.549984,8.2,1991,Released,Fantasy,1,1,9.779602291666667
19908,Zombieland,23600000,102391382,88.0,2009.0,"[{""id"": 35, ""name"": ""Comedy""}, {""id"": 27, ""name"": ""Horror""}]",en,57.300674,7.2,3550,Released,Comedy,1,1,4.338617881355932
10663,The Waterboy,23000000,185991646,90.0,1998.0,"[{""id"": 35, ""name"": ""Comedy""}]",en,23.839127,5.9,512,Released,Comedy,1,1,8.086593304347826
1891,The Empire Strikes Back,18000000,538400000,124.0,1980.0,"[{""id"": 12, ""name"": ""Adventure""}, {""id"": 28, ""name"": ""Action""}, {""id"": 878, ""name"": ""Science Fiction""}]",en,78.51783,8.2,5879,Released,Adventure,1,1,29.91111111111111
9737,Bad Boys,19000000,141407024,118.0,1995.0,"[{""id"": 28, ""name"": ""Action""}, {""id"": 35, ""name"": ""Comedy""}, {""id"": 80, ""name"": ""Crime""}, {""id"": 53, ""name"": ""Thriller""}]",en,33.872182,6.5,1699,Released,Action,1,1,7.442474947368421
37137,The Naked Gun 2½: The Smell of Fear,23000000,86930411,85.0,1991.0,"[{""id"": 35, ""name"": ""Comedy""}, {""id"": 80, ""name"": ""Crime""}]",en,27.33256,6.6,546,Released,Comedy,1,1,3.7795830869565217
9532,Final Destination,23000000,53302314,98.0,2000.0,"[{""id"": 27, ""name"": ""Horror""}]",en,38.799596,6.4,1378,Released,Horror,1,1,2.317491913043478
10316,The Ides of March,12500000,75993061,101.0,2011.0,"[{""id"": 18, ""name"": ""Drama""}]",en,20.317469,6.5,910,Released,Drama,1,1,6.07944488
2787,Pitch Black,23000000,53187659,108.0,2000.0,"[{""id"": 53, ""name"": ""Thriller""}, {""id"": 878, ""name"": ""Science Fiction""}, {""id"": 28, ""name"": ""Action""}]",en,18.493202,6.7,1789,Released,Thriller,1,1,2.312506913043478
152601,Her,23000000,47351251,126.0,2013.0,"[{""id"": 10749, ""name"": ""Romance""}, {""id"": 878, ""name"": ""Science Fiction""}, {""id"": 18, ""name"": ""Drama""}]",en,53.682367,7.9,4097,Released,Romance,1,1,2.058750043478261
10866,Joy Ride,23000000,36642838,97.0,2001.0,"[{""id"": 9648, ""name"": ""Mystery""}, {""id"": 53, ""name"": ""Thriller""}, {""id"": 18, ""name"": ""Drama""}]",en,11.183197,6.3,325,Released,Mystery,1,1,1.5931668695652175
227707,The Adventurer: The Curse of the Midas Box,25000000,6399,99.0,2013.0,"[{""id"": 14, ""name"": ""Fantasy""}, {""id"": 12, ""name"": ""Adventure""}, {""id"": 10751, ""name"": ""Family""}]",en,8.842722,5.1,73,Released,Fantasy,1,1,0.00025596
21349,Anywhere But Here,23000000,18653615,114.0,1999.0,"[{""id"": 18, ""name"": ""Drama""}, {""id"": 35, ""name"": ""Comedy""}, {""id"": 10749, ""name"": ""Romance""}]",en,8.976738,5.9,66,Released,Drama,1,1,0.8110267391304348
70435,Haywire,23000000,33372606,93.0,2011.0,"[{""id"": 28, ""name"": ""Action""}, {""id"": 53, ""name"": ""Thriller""}]",en,26.257951,5.6,505,Released,Action,1,1,1.4509828695652174
580,Jaws: The Revenge,23000000,51881013,89.0,1987.0,"[{""id"": 12, ""name"": ""Adventure""}, {""id"": 53, ""name"": ""Thriller""}]",en,12.777008,3.5,224,Released,Adventure,1,1,2.2556962173913044
20024,The End of the Affair,23000000,10827816,102.0,1999.0,"[{""id"": 18, ""name"": ""Drama""}]",en,6.921263,6.6,55,Released,Drama,1,1,0.4707746086956522
2453,Harley Davidson and the Marlboro Man,23000000,7434726,98.0,1991.0,"[{""id"": 28, ""name"": ""Action""}, {""id"": 53, ""name"": ""Thriller""}]",en,12.869436,6.1,82,Released,Action,1,1,0.32324895652173913
6973,In the Valley of Elah,23000000,29541790,124.0,2007.0,"[{""id"": 36, ""name"": ""History""}, {""id"": 18, ""name"": ""Drama""}, {""id"": 53, ""name"": ""Thriller""}, {""id"": 80, ""name"": ""Crime""}, {""id"": 9648, ""name"": ""Mystery""}]",en,15.676123,6.6,261,Released,History,1,1,1.284425652173913
22215,Cheri,23000000,9366227,86.0,2009.0,"[{""id"": 18, ""name"": ""Drama""}, {""id"": 35, ""name"": ""Comedy""}, {""id"": 10749, ""name"": ""Romance""}]",en,5.494047,5.9,56,Released,Drama,1,1,0.40722726086956523
11632,Vanity Fair,23000000,16123851,141.0,2004.0,"[{""id"": 18, ""name"": ""Drama""}, {""id"": 10749, ""name"": ""Romance""}]",en,6.618149,5.5,73,Released,Drama,1,1,0.701037
30596,Bodyguards and Assassins,23000000,5837674,139.0,2009.0,"[{""id"": 18, ""name"": ""Drama""}, {""id"": 28, ""name"": ""Action""}, {""id"": 36, ""name"": ""History""}]",cn,7.876883,6.5,57,Released,Drama,1,1,0.2538119130434783
3021,1408,25000000,94679598,104.0,2007.0,"[{""id"": 27, ""name"": ""Horror""}, {""id"": 53, ""name"": ""Thriller""}]",en,35.169779,6.5,1343,Released,Horror,1,1,3.78718392
957,Spaceballs,22700000,38119483,96.0,1987.0,"[{""id"": 35, ""name"": ""Comedy""}, {""id"": 878, ""name"": ""Science Fiction""}]",en,39.890798,6.7,902,Released,Comedy,1,1,1.6792723788546255
256917,The Water Diviner,22500000,15520023,112.0,2014.0,"[{""id"": 10752, ""name"": ""War""}, {""id"": 18, ""name"": ""Drama""}]",en,22.096286,6.8,431,Released,War,1,1,0.6897788
251,Ghost,22000000,505000000,127.0,1990.0,"[{""id"": 14, ""name"": ""Fantasy""}, {""id"": 18, ""name"": ""Drama""}, {""id"": 53, ""name"": ""Thriller""}, {""id"": 9648, ""name"": ""Mystery""}, {""id"": 10749, ""name"": ""Romance""}]",en,41.967005,6.9,1339,Released,Fantasy,1,1,22.954545454545453
544,There's Something About Mary,23000000,369884651,119.0,1998.0,"[{""id"": 10749, ""name"": ""Romance""}, {""id"": 35, ""name"": ""Comedy""}]",en,57.110486,6.5,1590,Released,Romance,1,1,16.08194134782609
11395,The Santa Clause,22000000,189833357,97.0,1994.0,"[{""id"": 14, ""name"": ""Fantasy""}, {""id"": 18, ""name"": ""Drama""}, {""id"": 35, ""name"": ""Comedy""}, {""id"": 10751, ""name"": ""Family""}]",en,16.234053,6.3,489,Released,Fantasy,1,1,8.628788954545454
14635,The Rookie,20000000,75597042,127.0,2002.0,"[{""id"": 18, ""name"": ""Drama""}, {""id"": 10751, ""name"": ""Family""}]",en,11.263361,6.5,110,Released,Drama,1,1,3.7798521
13680,The Game Plan,22000000,147880543,110.0,2007.0,"[{""id"": 35, ""name"": ""Comedy""}, {""id"": 10751, ""name"": ""Family""}]",en,20.699212,6.0,428,Released,Comedy,1,1,6.721842863636364
688,The Bridges of Madison County,24000000,182016617,135.0,1995.0,"[{""id"": 18, ""name"": ""Drama""}, {""id"": 10749, ""name"": ""Romance""}]",en,17.606087,7.3,385,Released,Drama,1,1,7.584025708333333
11090,The Animal,22000000,84772742,84.0,2001.0,"[{""id"": 28, ""name"": ""Action""}, {""id"": 35, ""name"": ""Comedy""}]",en,13.786075,4.6,304,Released,Action,1,1,3.8533064545454545
783,Gandhi,22000000,77737889,191.0,1982.0,"[{""id"": 18, ""name"": ""Drama""}, {""id"": 36, ""name"": ""History""}]",en,35.227212,7.4,716,Released,Drama,1,1,3.533540409090909
228194,The Hundred-Foot Journey,22000000,88880821,122.0,2014.0,"[{""id"": 18, ""name"": ""Drama""}]",en,27.898438,7.3,508,Released,Drama,1,1,4.0400373181818185
1642,The Net,22000000,110627965,114.0,1995.0,"[{""id"": 80, ""name"": ""Crime""}, {""id"": 18, ""name"": ""Drama""}, {""id"": 9648, ""name"": ""Mystery""}, {""id"": 53, ""name"": ""Thriller""}, {""id"": 28, ""name"": ""Action""}]",en,23.218144,5.6,354,Released,Crime,1,1,5.028543863636363
10950,I Am Sam,22000000,92542418,132.0,2001.0,"[{""id"": 18, ""name"": ""Drama""}]",en,26.071644,7.2,530,Released,Drama,1,1,4.206473545454545
235260,Son of God,22000000,67800064,138.0,2014.0,"[{""id"": 18, ""name"": ""Drama""}]",en,9.175762,5.9,83,Released,Drama,1,1,3.081821090909091
277,Underworld,22000000,95708457,121.0,2003.0,"[{""id"": 14, ""name"": ""Fantasy""}, {""id"": 28, ""name"": ""Action""}, {""id"": 53, ""name"": ""Thriller""}]",en,81.829237,6.6,2512,Released,Fantasy,1,1,4.350384409090909
8999,Derailed,22000000,57479076,108.0,2005.0,"[{""id"": 18, ""name"": ""Drama""}, {""id"": 53, ""name"": ""Thriller""}]",en,17.7091,6.1,319,Released,Drama,1,1,2.6126852727272727
11323,The Informant!,22000000,35424826,108.0,2009.0,"[{""id"": 18, ""name"": ""Drama""}, {""id"": 35, ""name"": ""Comedy""}, {""id"": 80, ""name"": ""Crime""}]",en,17.772518,6.0,301,Released,Drama,1,1,1.6102193636363635
11453,Deuce Bigalow: European Gigolo,22000000,22400154,83.0,2005.0,"[{""id"": 35, ""name"": ""Comedy""}]",en,10.259461,4.7,225,Released,Comedy,1,1,1.0181888181818182
146239,Delivery Man,26000000,51164106,105.0,2013.0,"[{""id"": 35, ""name"": ""Comedy""}]",en,30.114383,6.2,551,Released,Comedy,1,1,1.9678502307692307
10878,Saving Silverman,22000000,19351569,90.0,2001.0,"[{""id"": 35, ""name"": ""Comedy""}, {""id"": 80, ""name"": ""Crime""}, {""id"": 10749, ""name"": ""Romance""}]",en,12.887673,5.4,154,Released,Comedy,1,1,0.8796167727272727
82650,Diary of a Wimpy Kid: Dog Days,22000000,77112176,94.0,2012.0,"[{""id"": 35, ""name"": ""Comedy""}, {""id"": 10751, ""name"": ""Family""}]",en,13.410919,6.0,223,Released,Comedy,1,1,3.505098909090909
2294,Jay and Silent Bob Strike Back,22000000,33788161,104.0,2001.0,"[{""id"": 35, ""name"": ""Comedy""}]",en,21.865021,6.4,480,Released,Comedy,1,1,1.5358255
2176,The Glass House,30000000,23619609,106.0,2001.0,"[{""id"": 18, ""name"": ""Drama""}, {""id"": 53, ""name"": ""Thriller""}]",en,9.448517,5.4,201,Released,Drama,1,1,0.7873203
270487,"Hail, Caesar!",22000000,63647656,106.0,2016.0,"[{""id"": 35, ""name"": ""Comedy""}, {""id"": 18, ""name"": ""Drama""}, {""id"": 9648, ""name"": ""Mystery""}]",en,39.006187,5.7,1309,Released,Comedy,1,1,2.893075272727273
204082,Homefront,22000000,43058898,100.0,2013.0,"[{""id"": 28, ""name"": ""Action""}, {""id"": 53, ""name"": ""Thriller""}]",en,35.737655,6.4,875,Released,Action,1,1,1.9572226363636365
24100,The Little Vampire,22000000,13555988,95.0,2000.0,"[{""id"": 10751, ""name"": ""Family""}, {""id"": 27, ""name"": ""Horror""}]",en,4.365196,6.1,77,Released,Family,1,1,0.6161812727272727
5550,RoboCop 3,22000000,10696210,104.0,1993.0,"[{""id"": 28, ""name"": ""Action""}, {""id"": 12, ""name"": ""Adventure""}, {""id"": 80, ""name"": ""Crime""}, {""id"": 878, ""name"": ""Science Fiction""}, {""id"": 53, ""name"": ""Thriller""}]",en,14.725467,4.2,305,Released,Action,1,1,0.4861913636363636
287948,The Transporter Refueled,25000000,72629670,96.0,2015.0,"[{""id"": 53, ""name"": ""Thriller""}, {""id"": 28, ""name"": ""Action""}, {""id"": 80, ""name"": ""Crime""}]",en,25.002715,5.2,559,Released,Thriller,1,1,2.9051868
9075,Black Book,21000000,26193068,145.0,2006.0,"[{""id"": 18, ""name"": ""Drama""}, {""id"": 53, ""name"": ""Thriller""}, {""id"": 10752, ""name"": ""War""}]",nl,13.906611,7.2,277,Released,Drama,1,1,1.2472889523809523
11661,Joyeux Noël,22000000,17709155,116.0,2005.0,"[{""id"": 10749, ""name"": ""Romance""}, {""id"": 18, ""name"": ""Drama""}, {""id"": 36, ""name"": ""History""}, {""id"": 10752, ""name"": ""War""}, {""id"": 10402, ""name"": ""Music""}]",fr,13.960945,7.2,212,Released,Romance,1,1,0.8049615909090909
109513,Hit & Run,2000000,14400000,100.0,2012.0,"[{""id"": 28, ""name"": ""Action""}, {""id"": 35, ""name"": ""Comedy""}, {""id"": 10749, ""name"": ""Romance""}]",en,16.668854,5.5,224,Released,Action,1,1,7.2
204922,Before I Go to Sleep,22000000,15447154,92.0,2014.0,"[{""id"": 9648, ""name"": ""Mystery""}, {""id"": 53, ""name"": ""Thriller""}]",en,48.784734,6.2,659,Released,Mystery,1,1,0.7021433636363636
38985,Sorcerer,22000000,12000000,121.0,1977.0,"[{""id"": 28, ""name"": ""Action""}, {""id"": 53, ""name"": ""Thriller""}, {""id"": 12, ""name"": ""Adventure""}]",en,9.088209,7.4,98,Released,Action,1,1,0.5454545454545454
44113,Stone,22000000,9479718,105.0,2010.0,"[{""id"": 18, ""name"": ""Drama""}]",en,12.445176,5.2,192,Released,Drama,1,1,0.4308962727272727
164457,Out of the Furnace,22000000,15400000,116.0,2013.0,"[{""id"": 53, ""name"": ""Thriller""}, {""id"": 18, ""name"": ""Drama""}, {""id"": 80, ""name"": ""Crime""}]",en,29.230298,6.5,720,Released,Thriller,1,1,0.7
4566,Michael Clayton,25000000,92991835,119.0,2007.0,"[{""id"": 18, ""name"": ""Drama""}, {""id"": 9648, ""name"": ""Mystery""}, {""id"": 80, ""name"": ""Crime""}]",en,18.961323,6.5,501,Released,Drama,1,1,3.7196734
153158,Underdogs,22000000,24000000,106.0,2013.0,"[{""id"": 16, ""name"": ""Animation""}, {""id"": 12, ""name"": ""Adventure""}, {""id"": 10749, ""name"": ""Romance""}]",es,14.866351,6.0,122,Released,Animation,1,1,1.0909090909090908
81836,To Rome with Love,17000000,73244881,111.0,2012.0,"[{""id"": 10749, ""name"": ""Romance""}, {""id"": 35, ""name"": ""Comedy""}]",en,15.013386,5.6,546,Released,Romance,1,1,4.308522411764706
10724,Firefox,18000000,70687344,136.0,1982.0,"[{""id"": 878, ""name"": ""Science Fiction""}, {""id"": 28, ""name"": ""Action""}, {""id"": 12, ""name"": ""Adventure""}, {""id"": 53, ""name"": ""Thriller""}]",en,8.700565,5.5,139,Released,Science Fiction,1,1,3.9270746666666665
2196,Death at a Funeral,9000000,46,90.0,2007.0,"[{""id"": 35, ""name"": ""Comedy""}, {""id"": 18, ""name"": ""Drama""}]",en,20.410354,6.9,497,Released,Comedy,1,1,5.1111111111111115e-06
1499,Teenage Mutant Ninja Turtles III,21000000,42000000,96.0,1993.0,"[{""id"": 28, ""name"": ""Action""}, {""id"": 12, ""name"": ""Adventure""}, {""id"": 35, ""name"": ""Comedy""}, {""id"": 10751, ""name"": ""Family""}, {""id"": 14, ""name"": ""Fantasy""}, {""id"": 878, ""name"": ""Science Fiction""}]",en,10.207065,5.1,184,Released,Action,1,1,2.0
20857,Hardball,32000000,40222729,106.0,2001.0,"[{""id"": 35, ""name"": ""Comedy""}, {""id"": 10749, ""name"": ""Romance""}]",en,5.683281,6.3,123,Released,Comedy,1,1,1.25696028125
82693,Silver Linings Playbook,21000000,205738714,122.0,2012.0,"[{""id"": 18, ""name"": ""Drama""}, {""id"": 35, ""name"": ""Comedy""}, {""id"": 10749, ""name"": ""Romance""}]",en,63.599973,6.9,4742,Released,Drama,1,1,9.797081619047619
1646,Freedom Writers,21000000,41170784,123.0,2007.0,"[{""id"": 80, ""name"": ""Crime""}, {""id"": 18, ""name"": ""Drama""}]",en,17.746981,7.5,356,Released,Crime,1,1,1.9605135238095237
4108,The Transporter,21000000,43928932,92.0,2002.0,"[{""id"": 28, ""name"": ""Action""}, {""id"": 80, ""name"": ""Crime""}, {""id"": 53, ""name"": ""Thriller""}]",en,34.433521,6.6,1692,Released,Action,1,1,2.091853904761905
8456,Never Back Down,20000000,41627431,115.0,2008.0,"[{""id"": 18, ""name"": ""Drama""}, {""id"": 28, ""name"": ""Action""}]",en,26.21425,6.4,497,Released,Drama,1,1,2.08137155
7341,The Rage: Carrie 2,21000000,17762705,104.0,1999.0,"[{""id"": 27, ""name"": ""Horror""}, {""id"": 53, ""name"": ""Thriller""}, {""id"": 878, ""name"": ""Science Fiction""}]",en,4.781538,5.1,76,Released,Horror,1,1,0.8458430952380952
19255,Away We Go,17000000,14899417,98.0,2009.0,"[{""id"": 18, ""name"": ""Drama""}, {""id"": 35, ""name"": ""Comedy""}, {""id"": 10749, ""name"": ""Romance""}]",en,10.13559,6.7,189,Released,Drama,1,1,0.876436294117647
10187,Swing Vote,21000000,17600000,120.0,2008.0,"[{""id"": 18, ""name"": ""Drama""}, {""id"": 35, ""name"": ""Comedy""}]",en,5.815881,5.8,65,Released,Drama,1,1,0.8380952380952381
31005,Moonlight Mile,21000000,10011050,117.0,2002.0,"[{""id"": 10749, ""name"": ""Romance""}, {""id"": 18, ""name"": ""Drama""}]",en,8.982335,6.5,52,Released,Romance,1,1,0.4767166666666667
50780,The Beaver,21000000,970816,91.0,2011.0,"[{""id"": 18, ""name"": ""Drama""}]",en,13.847872,6.3,276,Released,Drama,1,1,0.04622933333333333
16363,The Best Little Whorehouse in Texas,35000000,69701637,114.0,1982.0,"[{""id"": 35, ""name"": ""Comedy""}]",en,4.189378,5.9,41,Released,Comedy,1,1,1.9914753428571428
1946,eXistenZ,15000000,2856712,97.0,1999.0,"[{""id"": 28, ""name"": ""Action""}, {""id"": 53, ""name"": ""Thriller""}, {""id"": 878, ""name"": ""Science Fiction""}, {""id"": 27, ""name"": ""Horror""}]",en,21.928025,6.7,475,Released,Action,1,1,0.19044746666666668
85,Raiders of the Lost Ark,18000000,389925971,115.0,1981.0,"[{""id"": 12, ""name"": ""Adventure""}, {""id"": 28, ""name"": ""Action""}]",en,68.159596,7.7,3854,Released,Adventure,1,1,21.662553944444443
772,Home Alone 2: Lost in New York,18000000,358991681,120.0,1992.0,"[{""id"": 35, ""name"": ""Comedy""}, {""id"": 10751, ""name"": ""Family""}, {""id"": 12, ""name"": ""Adventure""}, {""id"": 80, ""name"": ""Crime""}]",en,81.487685,6.3,2395,Released,Comedy,1,1,19.943982277777778
840,Close Encounters of the Third Kind,20000000,303788635,135.0,1977.0,"[{""id"": 878, ""name"": ""Science Fiction""}, {""id"": 18, ""name"": ""Drama""}]",en,52.456505,7.2,1098,Released,Science Fiction,1,1,15.18943175
9682,Pulse,38000000,29907685,90.0,2006.0,"[{""id"": 27, ""name"": ""Horror""}, {""id"": 53, ""name"": ""Thriller""}]",en,9.662715,5.0,150,Released,Horror,1,1,0.7870443421052632
96,Beverly Hills Cop II,20000000,299965036,100.0,1987.0,"[{""id"": 28, ""name"": ""Action""}, {""id"": 35, ""name"": ""Comedy""}, {""id"": 80, ""name"": ""Crime""}]",en,25.28436,6.1,613,Released,Action,1,1,14.9982518
10678,Bringing Down the House,20000000,132675402,105.0,2003.0,"[{""id"": 35, ""name"": ""Comedy""}]",en,8.351385,5.4,183,Released,Comedy,1,1,6.6337701
274,The Silence of the Lambs,19000000,272742922,119.0,1991.0,"[{""id"": 80, ""name"": ""Crime""}, {""id"": 18, ""name"": ""Drama""}, {""id"": 53, ""name"": ""Thriller""}]",en,18.174804,8.1,4443,Released,Crime,1,1,14.354890631578947
8872,Wayne's World,20000000,121697323,94.0,1992.0,"[{""id"": 10402, ""name"": ""Music""}, {""id"": 35, ""name"": ""Comedy""}]",en,21.815122,6.5,728,Released,Music,1,1,6.08486615
16290,Jackass 3D,20000000,117224271,94.0,2010.0,"[{""id"": 35, ""name"": ""Comedy""}, {""id"": 99, ""name"": ""Documentary""}, {""id"": 28, ""name"": ""Action""}]",en,20.99174,6.4,428,Released,Comedy,1,1,5.86121355
579,Jaws 2,20000000,187884007,116.0,1978.0,"[{""id"": 27, ""name"": ""Horror""}, {""id"": 53, ""name"": ""Thriller""}]",en,19.636044,5.9,406,Released,Horror,1,1,9.39420035
14405,Beverly Hills Chihuahua,20000000,149281606,91.0,2008.0,"[{""id"": 12, ""name"": ""Adventure""}, {""id"": 35, ""name"": ""Comedy""}, {""id"": 10751, ""name"": ""Family""}]",en,12.25264,4.9,209,Released,Adventure,1,1,7.4640803
138843,The Conjuring,13000000,318000141,112.0,2013.0,"[{""id"": 27, ""name"": ""Horror""}, {""id"": 53, ""name"": ""Thriller""}]",en,49.975409,7.4,3092,Released,Horror,1,1,24.46154930769231
11637,Are We There Yet?,32000000,97918663,95.0,2005.0,"[{""id"": 12, ""name"": ""Adventure""}, {""id"": 35, ""name"": ""Comedy""}, {""id"": 10751, ""name"": ""Family""}, {""id"": 10749, ""name"": ""Romance""}]",en,13.590677,5.2,221,Released,Adventure,1,1,3.05995821875
226486,Tammy,20000000,100525432,97.0,2014.0,"[{""id"": 35, ""name"": ""Comedy""}]",en,21.657563,5.0,500,Released,Comedy,1,1,5.0262716
1584,School of Rock,35000000,131282949,108.0,2003.0,"[{""id"": 35, ""name"": ""Comedy""}, {""id"": 10402, ""name"": ""Music""}]",en,43.057323,6.7,1414,Released,Comedy,1,1,3.7509414
9312,Mortal Kombat,18000000,122195920,101.0,1995.0,"[{""id"": 28, ""name"": ""Action""}, {""id"": 14, ""name"": ""Fantasy""}]",en,16.470895,5.4,442,Released,Action,1,1,6.788662222222222
12153,White Chicks,37000000,113086475,109.0,2004.0,"[{""id"": 35, ""name"": ""Comedy""}]",en,28.703007,6.3,679,Released,Comedy,1,1,3.056391216216216
65057,The Descendants,20000000,177243185,115.0,2011.0,"[{""id"": 35, ""name"": ""Comedy""}, {""id"": 18, ""name"": ""Drama""}]",en,40.903931,6.7,934,Released,Comedy,1,1,8.86215925
76203,12 Years a Slave,20000000,187000000,134.0,2013.0,"[{""id"": 18, ""name"": ""Drama""}, {""id"": 36, ""name"": ""History""}]",en,95.9229,7.9,3674,Released,Drama,1,1,9.35
13497,Drumline,20000000,57588485,118.0,2002.0,"[{""id"": 18, ""name"": ""Drama""}, {""id"": 10749, ""name"": ""Romance""}, {""id"": 35, ""name"": ""Comedy""}, {""id"": 10402, ""name"": ""Music""}]",en,4.748929,6.2,116,Released,Drama,1,1,2.87942425
35688,Why Did I Get Married Too?,20000000,60072596,121.0,2010.0,"[{""id"": 35, ""name"": ""Comedy""}, {""id"": 10749, ""name"": ""Romance""}]",en,2.986286,6.1,29,Released,Comedy,1,1,3.0036298
162,Edward Scissorhands,20000000,53000000,105.0,1990.0,"[{""id"": 14, ""name"": ""Fantasy""}, {""id"": 18, ""name"": ""Drama""}, {""id"": 10749, ""name"": ""Romance""}]",en,47.51363,7.5,3601,Released,Fantasy,1,1,2.65
296096,Me Before You,20000000,207945075,110.0,2016.0,"[{""id"": 18, ""name"": ""Drama""}, {""id"": 10749, ""name"": ""Romance""}]",en,53.161905,7.6,2562,Released,Drama,1,1,10.39725375
1051,The French Connection,1800000,41158757,104.0,1971.0,"[{""id"": 28, ""name"": ""Action""}, {""id"": 80, ""name"": ""Crime""}, {""id"": 53, ""name"": ""Thriller""}]",en,15.978136,7.4,422,Released,Action,1,1,22.86597611111111
376659,Bad Moms,20000000,183936074,100.0,2016.0,"[{""id"": 35, ""name"": ""Comedy""}]",en,42.512296,6.3,1252,Released,Comedy,1,1,9.1968037
10073,Date Movie,20000000,48548426,83.0,2006.0,"[{""id"": 35, ""name"": ""Comedy""}]",en,10.098722,3.6,222,Released,Comedy,1,1,2.4274213
16690,Return to Never Land,20000000,109862682,72.0,2002.0,"[{""id"": 12, ""name"": ""Adventure""}, {""id"": 14, ""name"": ""Fantasy""}, {""id"": 16, ""name"": ""Animation""}, {""id"": 10751, ""name"": ""Family""}]",en,15.341196,6.1,290,Released,Adventure,1,1,5.4931341
273895,Selma,20000000,66787908,127.0,2014.0,"[{""id"": 36, ""name"": ""History""}, {""id"": 18, ""name"": ""Drama""}]",en,29.023184,7.4,817,Released,History,1,1,3.3393954
14873,The Jungle Book 2,20000000,135680000,72.0,2003.0,"[{""id"": 10751, ""name"": ""Family""}, {""id"": 16, ""name"": ""Animation""}, {""id"": 12, ""name"": ""Adventure""}]",en,19.819893,5.6,269,Released,Family,1,1,6.784
8968,Boogeyman,20000000,67192859,89.0,2005.0,"[{""id"": 53, ""name"": ""Thriller""}, {""id"": 27, ""name"": ""Horror""}, {""id"": 18, ""name"": ""Drama""}, {""id"": 9648, ""name"": ""Mystery""}]",en,11.62423,4.6,191,Released,Thriller,1,1,3.35964295
9963,Premonition,20000000,84146832,96.0,2007.0,"[{""id"": 53, ""name"": ""Thriller""}, {""id"": 18, ""name"": ""Drama""}, {""id"": 9648, ""name"": ""Mystery""}]",en,22.049787,5.8,381,Released,Thriller,1,1,4.2073416
15655,The Tigger Movie,30000000,45554533,77.0,2000.0,"[{""id"": 16, ""name"": ""Animation""}, {""id"": 10751, ""name"": ""Family""}]",en,9.829859,6.3,143,Released,Animation,1,1,1.5184844333333334
21208,Orphan,20000000,41596251,123.0,2009.0,"[{""id"": 27, ""name"": ""Horror""}, {""id"": 53, ""name"": ""Thriller""}, {""id"": 9648, ""name"": ""Mystery""}]",en,29.295801,6.7,1261,Released,Horror,1,1,2.07981255
272878,Max,20000000,43967255,111.0,2015.0,"[{""id"": 12, ""name"": ""Adventure""}, {""id"": 18, ""name"": ""Drama""}, {""id"": 10751, ""name"": ""Family""}]",en,14.136476,6.8,276,Released,Adventure,1,1,2.19836275
9760,Epic Movie,20000000,86865564,86.0,2007.0,"[{""id"": 28, ""name"": ""Action""}, {""id"": 12, ""name"": ""Adventure""}, {""id"": 35, ""name"": ""Comedy""}]",en,6.064638,3.2,326,Released,Action,1,1,4.3432782
314365,Spotlight,20000000,88346473,128.0,2015.0,"[{""id"": 18, ""name"": ""Drama""}, {""id"": 53, ""name"": ""Thriller""}, {""id"": 36, ""name"": ""History""}]",en,41.503588,7.8,2686,Released,Drama,1,1,4.41732365
13279,Lakeview Terrace,20000000,27640028,110.0,2008.0,"[{""id"": 18, ""name"": ""Drama""}, {""id"": 80, ""name"": ""Crime""}, {""id"": 53, ""name"": ""Thriller""}]",en,20.495749,5.9,292,Released,Drama,1,1,1.3820014
1975,The Grudge 2,20000000,39143839,102.0,2006.0,"[{""id"": 27, ""name"": ""Horror""}, {""id"": 53, ""name"": ""Thriller""}]",en,13.906944,5.2,283,Released,Horror,1,1,1.95719195
33644,How Stella Got Her Groove Back,20000000,37672350,124.0,1998.0,"[{""id"": 35, ""name"": ""Comedy""}, {""id"": 18, ""name"": ""Drama""}, {""id"": 10749, ""name"": ""Romance""}]",en,2.003047,6.0,24,Released,Comedy,1,1,1.8836175
9895,Man of the Year,20000000,41237648,115.0,2006.0,"[{""id"": 35, ""name"": ""Comedy""}, {""id"": 18, ""name"": ""Drama""}, {""id"": 10749, ""name"": ""Romance""}, {""id"": 53, ""name"": ""Thriller""}]",en,11.203335,5.8,129,Released,Comedy,1,1,2.0618824
9570,The Black Hole,20000000,35841901,98.0,1979.0,"[{""id"": 12, ""name"": ""Adventure""}, {""id"": 10751, ""name"": ""Family""}, {""id"": 878, ""name"": ""Science Fiction""}, {""id"": 28, ""name"": ""Action""}]",en,8.265317,6.1,131,Released,Adventure,1,1,1.79209505
27579,The American,20000000,65464324,104.0,2010.0,"[{""id"": 80, ""name"": ""Crime""}, {""id"": 18, ""name"": ""Drama""}, {""id"": 53, ""name"": ""Thriller""}]",en,18.632156,5.8,481,Released,Crime,1,1,3.2732162
16052,Selena,20000000,60000000,127.0,1997.0,"[{""id"": 18, ""name"": ""Drama""}]",en,6.92592,7.0,114,Released,Drama,1,1,3.0
40264,Vampires Suck,20000000,80547866,82.0,2010.0,"[{""id"": 27, ""name"": ""Horror""}, {""id"": 35, ""name"": ""Comedy""}]",en,17.165039,4.2,315,Released,Horror,1,1,4.0273933
1164,Babel,25000000,135330182,143.0,2006.0,"[{""id"": 18, ""name"": ""Drama""}]",en,25.785925,6.9,1055,Released,Drama,1,1,5.41320728
239678,This Is Where I Leave You,19800000,41296320,103.0,2014.0,"[{""id"": 18, ""name"": ""Drama""}, {""id"": 35, ""name"": ""Comedy""}]",en,20.311684,6.5,505,Released,Drama,1,1,2.085672727272727
14359,Doubt,20000000,50907234,104.0,2008.0,"[{""id"": 18, ""name"": ""Drama""}, {""id"": 9648, ""name"": ""Mystery""}]",en,20.975165,7.0,435,Released,Drama,1,1,2.5453617
3989,Team America: World Police,32000000,50907422,98.0,2004.0,"[{""id"": 10402, ""name"": ""Music""}, {""id"": 12, ""name"": ""Adventure""}, {""id"": 16, ""name"": ""Animation""}, {""id"": 28, ""name"": ""Action""}, {""id"": 35, ""name"": ""Comedy""}]",en,26.509175,6.6,660,Released,Music,1,1,1.5908569375
76617,Texas Chainsaw 3D,20000000,47241945,92.0,2013.0,"[{""id"": 27, ""name"": ""Horror""}, {""id"": 53, ""name"": ""Thriller""}]",en,26.497025,5.3,465,Released,Horror,1,1,2.36209725
4258,Scary Movie 5,20000000,78378744,86.0,2013.0,"[{""id"": 35, ""name"": ""Comedy""}]",en,36.819044,4.6,793,Released,Comedy,1,1,3.9189372
20391,Paint Your Wagon,20000000,31678778,158.0,1969.0,"[{""id"": 18, ""name"": ""Drama""}, {""id"": 28, ""name"": ""Action""}, {""id"": 35, ""name"": ""Comedy""}, {""id"": 37, ""name"": ""Western""}, {""id"": 10402, ""name"": ""Music""}]",en,7.902536,6.2,63,Released,Drama,1,1,1.5839389
10139,Milk,20000000,54586584,128.0,2008.0,"[{""id"": 36, ""name"": ""History""}, {""id"": 18, ""name"": ""Drama""}]",en,30.909699,7.1,612,Released,History,1,1,2.7293292
335778,Risen,20000000,46069568,107.0,2016.0,"[{""id"": 28, ""name"": ""Action""}]",en,16.663797,5.7,295,Released,Action,1,1,2.3034784
9645,Ghost Ship,35000000,68349884,91.0,2002.0,"[{""id"": 27, ""name"": ""Horror""}, {""id"": 9648, ""name"": ""Mystery""}, {""id"": 53, ""name"": ""Thriller""}]",en,27.724913,5.3,531,Released,Horror,1,1,1.9528538285714285
55465,A Very Harold & Kumar Christmas,19000000,35387212,108.0,2011.0,"[{""id"": 35, ""name"": ""Comedy""}]",en,17.971883,6.0,328,Released,Comedy,1,1,1.862484842105263
617,Wild Things,20000000,67200000,108.0,1998.0,"[{""id"": 80, ""name"": ""Crime""}, {""id"": 18, ""name"": ""Drama""}, {""id"": 9648, ""name"": ""Mystery""}]",en,25.041992,6.3,444,Released,Crime,1,1,3.36
48289,The Debt,20000000,45636368,113.0,2010.0,"[{""id"": 18, ""name"": ""Drama""}, {""id"": 53, ""name"": ""Thriller""}]",en,14.857884,6.3,257,Released,Drama,1,1,2.2818184
243,High Fidelity,30000000,47126295,113.0,2000.0,"[{""id"": 35, ""name"": ""Comedy""}, {""id"": 18, ""name"": ""Drama""}, {""id"": 10749, ""name"": ""Romance""}, {""id"": 10402, ""name"": ""Music""}]",en,23.982956,7.0,628,Released,Comedy,1,1,1.5708765
8848,The Bank Job,20000000,64822796,112.0,2008.0,"[{""id"": 53, ""name"": ""Thriller""}, {""id"": 80, ""name"": ""Crime""}, {""id"": 18, ""name"": ""Drama""}]",en,30.387754,6.6,697,Released,Thriller,1,1,3.2411398
38,Eternal Sunshine of the Spotless Mind,20000000,72258126,108.0,2004.0,"[{""id"": 878, ""name"": ""Science Fiction""}, {""id"": 18, ""name"": ""Drama""}, {""id"": 10749, ""name"": ""Romance""}]",en,56.481487,7.9,3652,Released,Science Fiction,1,1,3.6129063
38303,You Again,20000000,32005248,105.0,2010.0,"[{""id"": 35, ""name"": ""Comedy""}, {""id"": 10749, ""name"": ""Romance""}]",en,19.962713,6.0,368,Released,Comedy,1,1,1.6002624
1266,Street Kings,20000000,65569869,109.0,2008.0,"[{""id"": 28, ""name"": ""Action""}, {""id"": 80, ""name"": ""Crime""}, {""id"": 18, ""name"": ""Drama""}, {""id"": 53, ""name"": ""Thriller""}]",en,18.666876,6.3,363,Released,Action,1,1,3.27849345
107985,The World's End,20000000,46089287,109.0,2013.0,"[{""id"": 35, ""name"": ""Comedy""}, {""id"": 28, ""name"": ""Action""}, {""id"": 878, ""name"": ""Science Fiction""}]",en,55.964605,6.7,1778,Released,Comedy,1,1,2.30446435
19901,Daybreakers,20000000,51416464,98.0,2009.0,"[{""id"": 14, ""name"": ""Fantasy""}, {""id"": 27, ""name"": ""Horror""}, {""id"": 28, ""name"": ""Action""}, {""id"": 53, ""name"": ""Thriller""}, {""id"": 878, ""name"": ""Science Fiction""}]",en,28.019226,6.0,634,Released,Fantasy,1,1,2.5708232
34016,She's Out of My League,20000000,49779728,104.0,2010.0,"[{""id"": 35, ""name"": ""Comedy""}, {""id"": 10749, ""name"": ""Romance""}]",en,16.176976,5.9,525,Released,Comedy,1,1,2.4889864
59860,Monte Carlo,20000000,17425000,109.0,2011.0,"[{""id"": 12, ""name"": ""Adventure""}, {""id"": 35, ""name"": ""Comedy""}, {""id"": 10749, ""name"": ""Romance""}]",en,17.237143,6.0,593,Released,Adventure,1,1,0.87125
10069,Stay Alive,9000000,27105095,100.0,2006.0,"[{""id"": 27, ""name"": ""Horror""}, {""id"": 53, ""name"": ""Thriller""}]",en,4.34503,5.3,155,Released,Horror,1,1,3.011677222222222
12819,Alpha and Omega,20000000,39300000,88.0,2010.0,"[{""id"": 10751, ""name"": ""Family""}, {""id"": 16, ""name"": ""Animation""}]",en,12.300789,5.3,124,Released,Family,1,1,1.965
9954,The Covenant,20000000,37597471,97.0,2006.0,"[{""id"": 28, ""name"": ""Action""}, {""id"": 12, ""name"": ""Adventure""}, {""id"": 14, ""name"": ""Fantasy""}, {""id"": 27, ""name"": ""Horror""}, {""id"": 878, ""name"": ""Science Fiction""}, {""id"": 53, ""name"": ""Thriller""}]",en,15.804814,5.2,288,Released,Action,1,1,1.87987355
25132,Shorts,40000000,28972508,89.0,2009.0,"[{""id"": 35, ""name"": ""Comedy""}, {""id"": 10751, ""name"": ""Family""}]",en,4.100942,5.1,44,Released,Comedy,1,1,0.7243127
577,To Die For,20000000,21284514,106.0,1995.0,"[{""id"": 14, ""name"": ""Fantasy""}, {""id"": 18, ""name"": ""Drama""}, {""id"": 35, ""name"": ""Comedy""}, {""id"": 53, ""name"": ""Thriller""}]",en,12.309715,6.7,175,Released,Fantasy,1,1,1.0642257
328387,Nerve,20000000,83707310,96.0,2016.0,"[{""id"": 9648, ""name"": ""Mystery""}, {""id"": 12, ""name"": ""Adventure""}, {""id"": 80, ""name"": ""Crime""}]",en,62.933899,7.1,2181,Released,Mystery,1,1,4.1853655
12690,Appaloosa,20000000,20211394,115.0,2008.0,"[{""id"": 18, ""name"": ""Drama""}, {""id"": 37, ""name"": ""Western""}, {""id"": 80, ""name"": ""Crime""}]",en,16.074397,6.3,299,Released,Drama,1,1,1.0105697
539,Psycho,806948,32000000,109.0,1960.0,"[{""id"": 18, ""name"": ""Drama""}, {""id"": 27, ""name"": ""Horror""}, {""id"": 53, ""name"": ""Thriller""}]",en,93.067866,8.2,2320,Released,Drama,1,1,39.655591190510414
13596,My Best Friend's Girl,20000000,36620508,101.0,2008.0,"[{""id"": 10749, ""name"": ""Romance""}, {""id"": 35, ""name"": ""Comedy""}]",en,17.145287,5.4,220,Released,Romance,1,1,1.8310254
226857,Endless Love,20000000,34077920,103.0,2014.0,"[{""id"": 18, ""name"": ""Drama""}, {""id"": 10749, ""name"": ""Romance""}]",en,27.256849,6.7,542,Released,Drama,1,1,1.703896
47941,Under the Rainbow,20000000,2297493,98.0,1981.0,"[{""id"": 35, ""name"": ""Comedy""}]",en,0.173964,4.9,7,Released,Comedy,1,1,0.11487465
526,Ladyhawke,20000000,18432000,121.0,1985.0,"[{""id"": 12, ""name"": ""Adventure""}, {""id"": 18, ""name"": ""Drama""}, {""id"": 14, ""name"": ""Fantasy""}, {""id"": 10749, ""name"": ""Romance""}]",en,14.370111,6.8,260,Released,Adventure,1,1,0.9216
22796,Simon Birch,20000000,18253415,114.0,1998.0,"[{""id"": 35, ""name"": ""Comedy""}, {""id"": 18, ""name"": ""Drama""}, {""id"": 10751, ""name"": ""Family""}]",en,11.090254,6.5,52,Released,Comedy,1,1,0.91267075
2355,Reign Over Me,20000000,22222308,124.0,2007.0,"[{""id"": 18, ""name"": ""Drama""}]",en,20.82778,7.1,334,Released,Drama,1,1,1.1111154
5915,Into the Wild,15000000,56255142,148.0,2007.0,"[{""id"": 12, ""name"": ""Adventure""}, {""id"": 18, ""name"": ""Drama""}]",en,43.644978,7.8,3045,Released,Adventure,1,1,3.7503428
9842,School for Scoundrels,20000000,17807569,100.0,2006.0,"[{""id"": 35, ""name"": ""Comedy""}, {""id"": 18, ""name"": ""Drama""}, {""id"": 10749, ""name"": ""Romance""}]",en,8.244324,5.6,111,Released,Comedy,1,1,0.89037845
61012,Silent Hill: Revelation 3D,20000000,52302796,94.0,2012.0,"[{""id"": 53, ""name"": ""Thriller""}, {""id"": 27, ""name"": ""Horror""}, {""id"": 9648, ""name"": ""Mystery""}]",en,23.292761,5.0,432,Released,Thriller,1,1,2.6151398
755,From Dusk Till Dawn,19000000,25836616,108.0,1996.0,"[{""id"": 27, ""name"": ""Horror""}, {""id"": 28, ""name"": ""Action""}, {""id"": 53, ""name"": ""Thriller""}, {""id"": 80, ""name"": ""Crime""}]",en,64.181668,6.9,1603,Released,Horror,1,1,1.3598218947368421
9470,Kung Fu Hustle,20000000,100914445,99.0,2004.0,"[{""id"": 28, ""name"": ""Action""}, {""id"": 35, ""name"": ""Comedy""}, {""id"": 80, ""name"": ""Crime""}, {""id"": 14, ""name"": ""Fantasy""}]",cn,13.658985,7.2,831,Released,Action,1,1,5.04572225
7979,The Kite Runner,20000000,73276047,128.0,2007.0,"[{""id"": 18, ""name"": ""Drama""}]",en,10.446722,7.3,394,Released,Drama,1,1,3.66380235
470,21 Grams,20000000,60427839,124.0,2003.0,"[{""id"": 18, ""name"": ""Drama""}, {""id"": 80, ""name"": ""Crime""}, {""id"": 53, ""name"": ""Thriller""}]",en,32.243357,7.2,918,Released,Drama,1,1,3.02139195
15644,Paparazzi,20000000,16605763,84.0,2004.0,"[{""id"": 28, ""name"": ""Action""}, {""id"": 18, ""name"": ""Drama""}, {""id"": 53, ""name"": ""Thriller""}]",en,9.149089,5.8,52,Released,Action,1,1,0.83028815
9582,A Guy Thing,20000000,17432163,101.0,2003.0,"[{""id"": 35, ""name"": ""Comedy""}, {""id"": 10749, ""name"": ""Romance""}]",en,5.596835,5.3,83,Released,Comedy,1,1,0.87160815
22074,Capitalism: A Love Story,20000000,17436509,120.0,2009.0,"[{""id"": 99, ""name"": ""Documentary""}]",en,10.50098,7.0,167,Released,Documentary,1,1,0.87182545
2428,The Greatest Story Ever Told,20000000,15473333,199.0,1965.0,"[{""id"": 18, ""name"": ""Drama""}, {""id"": 36, ""name"": ""History""}]",en,3.011205,6.5,41,Released,Drama,1,1,0.77366665
290751,Secret in Their Eyes,19500000,34854990,111.0,2015.0,"[{""id"": 80, ""name"": ""Crime""}, {""id"": 18, ""name"": ""Drama""}, {""id"": 9648, ""name"": ""Mystery""}]",en,15.012237,6.2,336,Released,Crime,1,1,1.7874353846153845
13805,Disaster Movie,25000000,14109284,87.0,2008.0,"[{""id"": 28, ""name"": ""Action""}, {""id"": 35, ""name"": ""Comedy""}]",en,16.238961,3.0,240,Released,Action,1,1,0.56437136
4597,Armored,20000000,22942221,88.0,2009.0,"[{""id"": 28, ""name"": ""Action""}, {""id"": 80, ""name"": ""Crime""}, {""id"": 18, ""name"": ""Drama""}, {""id"": 53, ""name"": ""Thriller""}]",en,15.21229,5.5,208,Released,Action,1,1,1.14711105
9414,The Man Who Knew Too Little,20000000,13801755,97.0,1997.0,"[{""id"": 35, ""name"": ""Comedy""}, {""id"": 53, ""name"": ""Thriller""}, {""id"": 80, ""name"": ""Crime""}, {""id"": 28, ""name"": ""Action""}]",en,6.397042,6.5,125,Released,Comedy,1,1,0.69008775
63492,What's Your Number?,20000000,30426096,106.0,2011.0,"[{""id"": 35, ""name"": ""Comedy""}, {""id"": 10749, ""name"": ""Romance""}]",en,19.220789,6.2,671,Released,Comedy,1,1,1.5213048
81796,Lockout,20000000,32204030,95.0,2012.0,"[{""id"": 28, ""name"": ""Action""}, {""id"": 53, ""name"": ""Thriller""}, {""id"": 878, ""name"": ""Science Fiction""}]",en,35.232278,5.8,715,Released,Action,1,1,1.6102015
15092,Crank: High Voltage,20000000,34560577,96.0,2009.0,"[{""id"": 28, ""name"": ""Action""}, {""id"": 53, ""name"": ""Thriller""}, {""id"": 80, ""name"": ""Crime""}]",en,35.542809,5.9,861,Released,Action,1,1,1.72802885
15005,One Night with the King,20000000,13391174,123.0,2006.0,"[{""id"": 18, ""name"": ""Drama""}]",en,3.476925,6.1,12,Released,Drama,1,1,0.6695587
8198,The Quiet American,30000000,27674124,101.0,2002.0,"[{""id"": 18, ""name"": ""Drama""}, {""id"": 28, ""name"": ""Action""}, {""id"": 53, ""name"": ""Thriller""}, {""id"": 10749, ""name"": ""Romance""}]",en,5.133744,6.4,81,Released,Drama,1,1,0.9224708
6963,The Weather Man,20000000,12482775,101.0,2005.0,"[{""id"": 35, ""name"": ""Comedy""}, {""id"": 18, ""name"": ""Drama""}]",en,14.031377,6.0,289,Released,Comedy,1,1,0.62413875
15070,Undisputed,20000000,12398628,96.0,2002.0,"[{""id"": 28, ""name"": ""Action""}, {""id"": 12, ""name"": ""Adventure""}, {""id"": 18, ""name"": ""Drama""}, {""id"": 53, ""name"": ""Thriller""}]",en,17.227376,6.1,139,Released,Action,1,1,0.6199314
17134,12 Rounds,20000000,17280326,108.0,2009.0,"[{""id"": 28, ""name"": ""Action""}, {""id"": 12, ""name"": ""Adventure""}, {""id"": 18, ""name"": ""Drama""}, {""id"": 53, ""name"": ""Thriller""}]",en,15.66135,5.7,220,Released,Action,1,1,0.8640163
41402,Let Me In,20000000,24145613,116.0,2010.0,"[{""id"": 18, ""name"": ""Drama""}, {""id"": 27, ""name"": ""Horror""}, {""id"": 9648, ""name"": ""Mystery""}]",en,19.705311,6.7,641,Released,Drama,1,1,1.20728065
146198,Triple 9,20000000,12639297,115.0,2016.0,"[{""id"": 28, ""name"": ""Action""}, {""id"": 53, ""name"": ""Thriller""}]",en,29.371987,5.6,797,Released,Action,1,1,0.63196485
2639,Deconstructing Harry,20000000,10686841,96.0,1997.0,"[{""id"": 35, ""name"": ""Comedy""}, {""id"": 18, ""name"": ""Drama""}]",en,11.352693,7.3,187,Released,Comedy,1,1,0.53434205
295964,Burnt,20000000,36606743,100.0,2015.0,"[{""id"": 18, ""name"": ""Drama""}]",en,30.477114,6.3,950,Released,Drama,1,1,1.83033715
11835,Death Sentence,20000000,16974459,105.0,2007.0,"[{""id"": 28, ""name"": ""Action""}, {""id"": 80, ""name"": ""Crime""}, {""id"": 18, ""name"": ""Drama""}, {""id"": 53, ""name"": ""Thriller""}]",en,12.643703,6.5,297,Released,Action,1,1,0.84872295
14396,Code Name: The Cleaner,20000000,10337477,84.0,2007.0,"[{""id"": 28, ""name"": ""Action""}, {""id"": 35, ""name"": ""Comedy""}, {""id"": 80, ""name"": ""Crime""}]",en,9.36146,4.7,78,Released,Action,1,1,0.51687385
15673,Connie and Carla,20000000,11341016,98.0,2004.0,"[{""id"": 35, ""name"": ""Comedy""}]",en,6.102663,6.4,24,Released,Comedy,1,1,0.5670508
42618,Sweet Charity,8000000,20000000,149.0,1969.0,"[{""id"": 35, ""name"": ""Comedy""}, {""id"": 18, ""name"": ""Drama""}, {""id"": 10402, ""name"": ""Music""}, {""id"": 10749, ""name"": ""Romance""}]",en,0.709143,6.5,15,Released,Comedy,1,1,2.5
171274,Inherent Vice,20000000,11110975,148.0,2014.0,"[{""id"": 35, ""name"": ""Comedy""}, {""id"": 10749, ""name"": ""Romance""}, {""id"": 80, ""name"": ""Crime""}, {""id"": 18, ""name"": ""Drama""}, {""id"": 9648, ""name"": ""Mystery""}]",en,45.742217,6.5,833,Released,Comedy,1,1,0.55554875
109417,Battle of the Year,20000000,16549477,110.0,2013.0,"[{""id"": 10402, ""name"": ""Music""}, {""id"": 18, ""name"": ""Drama""}]",en,8.237336,5.9,88,Released,Music,1,1,0.82747385
13948,An American Carol,20000000,7000000,83.0,2008.0,"[{""id"": 35, ""name"": ""Comedy""}, {""id"": 14, ""name"": ""Fantasy""}]",en,2.605374,4.1,20,Released,Comedy,1,1,0.35
106747,Machete Kills,12000000,15008161,107.0,2013.0,"[{""id"": 28, ""name"": ""Action""}, {""id"": 80, ""name"": ""Crime""}, {""id"": 53, ""name"": ""Thriller""}]",en,29.072964,5.3,631,Released,Action,1,1,1.2506800833333334
256962,Little Boy,20000000,6420319,106.0,2015.0,"[{""id"": 35, ""name"": ""Comedy""}, {""id"": 18, ""name"": ""Drama""}, {""id"": 10752, ""name"": ""War""}]",en,12.232048,7.0,185,Released,Comedy,1,1,0.32101595
48231,A Dangerous Method,15000000,27462041,99.0,2011.0,"[{""id"": 18, ""name"": ""Drama""}, {""id"": 53, ""name"": ""Thriller""}]",en,27.133277,6.2,571,Released,Drama,1,1,1.8308027333333334
3509,A Scanner Darkly,8700000,7659918,100.0,2006.0,"[{""id"": 16, ""name"": ""Animation""}, {""id"": 878, ""name"": ""Science Fiction""}, {""id"": 53, ""name"": ""Thriller""}]",en,26.093043,6.8,532,Released,Animation,1,1,0.8804503448275862
12142,Alone in the Dark,20000000,10442808,96.0,2005.0,"[{""id"": 28, ""name"": ""Action""}, {""id"": 14, ""name"": ""Fantasy""}, {""id"": 27, ""name"": ""Horror""}, {""id"": 53, ""name"": ""Thriller""}]",en,9.292987,3.1,173,Released,Action,1,1,0.5221404
23367,Bandslam,20000000,5210988,111.0,2009.0,"[{""id"": 35, ""name"": ""Comedy""}, {""id"": 18, ""name"": ""Drama""}, {""id"": 10751, ""name"": ""Family""}, {""id"": 10402, ""name"": ""Music""}]",en,7.716606,5.4,126,Released,Comedy,1,1,0.2605494
241239,A Most Violent Year,20000000,12007070,125.0,2014.0,"[{""id"": 80, ""name"": ""Crime""}, {""id"": 18, ""name"": ""Drama""}, {""id"": 53, ""name"": ""Thriller""}]",en,37.629309,6.5,546,Released,Crime,1,1,0.6003535
3902,I'm Not There.,20000000,4001121,135.0,2007.0,"[{""id"": 18, ""name"": ""Drama""}, {""id"": 10402, ""name"": ""Music""}]",en,13.032308,6.6,195,Released,Drama,1,1,0.20005605
77948,The Cold Light of Day,20000000,16863583,93.0,2012.0,"[{""id"": 28, ""name"": ""Action""}, {""id"": 53, ""name"": ""Thriller""}]",en,15.131867,4.8,271,Released,Action,1,1,0.84317915
21755,The Brothers Bloom,20000000,5530764,114.0,2008.0,"[{""id"": 12, ""name"": ""Adventure""}, {""id"": 35, ""name"": ""Comedy""}, {""id"": 18, ""name"": ""Drama""}, {""id"": 10749, ""name"": ""Romance""}]",en,10.218307,6.8,203,Released,Adventure,1,1,0.2765382
128,Princess Mononoke,26500000,159375308,134.0,1997.0,"[{""id"": 12, ""name"": ""Adventure""}, {""id"": 14, ""name"": ""Fantasy""}, {""id"": 16, ""name"": ""Animation""}]",ja,60.732738,8.2,1983,Released,Adventure,1,1,6.014162566037736
16608,The Proposition,2000000,5048693,104.0,2005.0,"[{""id"": 28, ""name"": ""Action""}, {""id"": 12, ""name"": ""Adventure""}, {""id"": 80, ""name"": ""Crime""}, {""id"": 18, ""name"": ""Drama""}, {""id"": 53, ""name"": ""Thriller""}, {""id"": 37, ""name"": ""Western""}]",en,14.617944,7.1,218,Released,Action,1,1,2.5243465
32316,Marci X,20000000,1675706,84.0,2003.0,"[{""id"": 35, ""name"": ""Comedy""}]",en,5.65327,3.3,12,Released,Comedy,1,1,0.0837853
7299,Equilibrium,20000000,5359645,107.0,2002.0,"[{""id"": 28, ""name"": ""Action""}, {""id"": 878, ""name"": ""Science Fiction""}, {""id"": 53, ""name"": ""Thriller""}]",en,44.566609,6.9,1552,Released,Action,1,1,0.26798225
13405,The Children of Huang Shi,40000000,7400000,125.0,2008.0,"[{""id"": 18, ""name"": ""Drama""}, {""id"": 10752, ""name"": ""War""}]",zh,8.978408,6.5,52,Released,Drama,1,1,0.185
314385,By the Sea,10000000,3727746,122.0,2015.0,"[{""id"": 18, ""name"": ""Drama""}, {""id"": 10749, ""name"": ""Romance""}]",en,11.267676,5.4,156,Released,Drama,1,1,0.3727746
10448,Rapa Nui,20000000,305070,107.0,1994.0,"[{""id"": 12, ""name"": ""Adventure""}]",en,3.581906,6.2,33,Released,Adventure,1,1,0.0152535
43935,Dylan Dog: Dead of Night,20000000,4634062,107.0,2011.0,"[{""id"": 28, ""name"": ""Action""}, {""id"": 35, ""name"": ""Comedy""}, {""id"": 27, ""name"": ""Horror""}, {""id"": 9648, ""name"": ""Mystery""}, {""id"": 878, ""name"": ""Science Fiction""}, {""id"": 53, ""name"": ""Thriller""}]",en,10.617236,4.5,139,Released,Action,1,1,0.2317031
44638,The Tempest,20000000,346594,110.0,2010.0,"[{""id"": 18, ""name"": ""Drama""}, {""id"": 14, ""name"": ""Fantasy""}]",en,3.620537,6.0,31,Released,Drama,1,1,0.0173297
199373,The Frozen Ground,27220000,5496951,105.0,2013.0,"[{""id"": 53, ""name"": ""Thriller""}, {""id"": 80, ""name"": ""Crime""}]",en,28.060472,6.1,465,Released,Thriller,1,1,0.20194529757531227
581,Dances with Wolves,22000000,424208848,181.0,1990.0,"[{""id"": 12, ""name"": ""Adventure""}, {""id"": 18, ""name"": ""Drama""}, {""id"": 37, ""name"": ""Western""}]",en,45.707835,7.6,1046,Released,Adventure,1,1,19.282220363636362
52449,Bad Teacher,20000000,216197492,92.0,2011.0,"[{""id"": 35, ""name"": ""Comedy""}]",en,28.497242,5.4,1584,Released,Comedy,1,1,10.8098746
12150,Sea of Love,19000000,110879513,113.0,1989.0,"[{""id"": 18, ""name"": ""Drama""}, {""id"": 80, ""name"": ""Crime""}, {""id"": 9648, ""name"": ""Mystery""}]",en,11.47316,6.7,141,Released,Drama,1,1,5.835763842105263
11247,A Cinderella Story,19000000,70067909,95.0,2004.0,"[{""id"": 35, ""name"": ""Comedy""}]",en,25.28132,6.1,713,Released,Comedy,1,1,3.687784684210526
4232,Scream,14000000,173046663,111.0,1996.0,"[{""id"": 80, ""name"": ""Crime""}, {""id"": 27, ""name"": ""Horror""}, {""id"": 9648, ""name"": ""Mystery""}]",en,45.99611,7.0,1476,Released,Crime,1,1,12.360475928571429
694,The Shining,19000000,44017374,144.0,1980.0,"[{""id"": 27, ""name"": ""Horror""}, {""id"": 53, ""name"": ""Thriller""}]",en,78.699993,8.1,3757,Released,Horror,1,1,2.316703894736842
105,Back to the Future,19000000,381109762,116.0,1985.0,"[{""id"": 12, ""name"": ""Adventure""}, {""id"": 35, ""name"": ""Comedy""}, {""id"": 878, ""name"": ""Science Fiction""}, {""id"": 10751, ""name"": ""Family""}]",en,76.603233,8.0,6079,Released,Adventure,1,1,20.05840852631579
11377,House on Haunted Hill,19000000,40846082,93.0,1999.0,"[{""id"": 27, ""name"": ""Horror""}, {""id"": 9648, ""name"": ""Mystery""}, {""id"": 53, ""name"": ""Thriller""}]",en,13.664614,5.5,209,Released,Horror,1,1,2.149793789473684
41210,The Switch,19000000,49830607,101.0,2010.0,"[{""id"": 35, ""name"": ""Comedy""}, {""id"": 10749, ""name"": ""Romance""}, {""id"": 18, ""name"": ""Drama""}]",en,27.494037,5.9,583,Released,Comedy,1,1,2.6226635263157894
12090,Just Married,18000000,101564935,95.0,2003.0,"[{""id"": 35, ""name"": ""Comedy""}]",en,18.47518,5.3,404,Released,Comedy,1,1,5.642496388888889
62630,The Devil's Double,19100000,5728213,109.0,2011.0,"[{""id"": 18, ""name"": ""Drama""}, {""id"": 28, ""name"": ""Action""}, {""id"": 53, ""name"": ""Thriller""}, {""id"": 80, ""name"": ""Crime""}, {""id"": 10752, ""name"": ""War""}]",en,10.559414,6.5,208,Released,Drama,1,1,0.2999064397905759
29427,The Crazies,20000000,54956140,101.0,2010.0,"[{""id"": 9648, ""name"": ""Mystery""}, {""id"": 27, ""name"": ""Horror""}, {""id"": 28, ""name"": ""Action""}]",en,28.867568,6.2,633,Released,Mystery,1,1,2.747807
129,Spirited Away,15000000,274925095,125.0,2001.0,"[{""id"": 14, ""name"": ""Fantasy""}, {""id"": 12, ""name"": ""Adventure""}, {""id"": 16, ""name"": ""Animation""}, {""id"": 10751, ""name"": ""Family""}]",ja,118.968562,8.3,3840,Released,Fantasy,1,1,18.32833966666667
2669,The Bounty,25000000,8613462,132.0,1984.0,"[{""id"": 28, ""name"": ""Action""}, {""id"": 18, ""name"": ""Drama""}, {""id"": 36, ""name"": ""History""}]",en,7.436491,6.5,108,Released,Action,1,1,0.34453848
13523,Sex Drive,19000000,18755936,109.0,2008.0,"[{""id"": 35, ""name"": ""Comedy""}, {""id"": 12, ""name"": ""Adventure""}, {""id"": 10749, ""name"": ""Romance""}]",en,17.952817,6.0,342,Released,Comedy,1,1,0.9871545263157895
25195,Leap Year,19000000,29922472,100.0,2010.0,"[{""id"": 10749, ""name"": ""Romance""}, {""id"": 35, ""name"": ""Comedy""}]",en,21.959742,6.4,465,Released,Romance,1,1,1.5748669473684211
17277,The Fall of the Roman Empire,19000000,4750000,188.0,1964.0,"[{""id"": 18, ""name"": ""Drama""}, {""id"": 36, ""name"": ""History""}]",en,4.229942,6.0,33,Released,Drama,1,1,0.25
50725,Take Me Home Tonight,19000000,6928068,97.0,2011.0,"[{""id"": 35, ""name"": ""Comedy""}, {""id"": 18, ""name"": ""Drama""}, {""id"": 10749, ""name"": ""Romance""}]",en,11.766564,6.2,208,Released,Comedy,1,1,0.3646351578947368
73191,The Nutcracker,19000000,2119994,93.0,1993.0,"[{""id"": 10751, ""name"": ""Family""}, {""id"": 14, ""name"": ""Fantasy""}, {""id"": 10402, ""name"": ""Music""}]",en,0.068228,5.6,5,Released,Family,1,1,0.11157863157894737
10065,The Amityville Horror,19000000,108047131,90.0,2005.0,"[{""id"": 27, ""name"": ""Horror""}, {""id"": 53, ""name"": ""Thriller""}, {""id"": 18, ""name"": ""Drama""}]",en,30.205943,6.0,588,Released,Horror,1,1,5.686691105263158
2757,Adaptation.,19000000,32801173,114.0,2002.0,"[{""id"": 35, ""name"": ""Comedy""}, {""id"": 80, ""name"": ""Crime""}, {""id"": 18, ""name"": ""Drama""}]",en,26.441669,7.3,638,Released,Comedy,1,1,1.7263775263157894
11683,Land of the Dead,15000000,46770602,93.0,2005.0,"[{""id"": 27, ""name"": ""Horror""}]",en,15.262492,6.0,381,Released,Horror,1,1,3.1180401333333334
1878,Fear and Loathing in Las Vegas,18500000,10680275,118.0,1998.0,"[{""id"": 12, ""name"": ""Adventure""}, {""id"": 18, ""name"": ""Drama""}, {""id"": 35, ""name"": ""Comedy""}]",en,44.511363,7.2,1301,Released,Adventure,1,1,0.5773121621621622
23082,The Invention of Lying,18500000,31912793,100.0,2009.0,"[{""id"": 35, ""name"": ""Comedy""}, {""id"": 10749, ""name"": ""Romance""}, {""id"": 14, ""name"": ""Fantasy""}]",en,16.665841,6.0,518,Released,Comedy,1,1,1.7250158378378377
195589,Neighbors,18000000,268157400,96.0,2014.0,"[{""id"": 35, ""name"": ""Comedy""}]",en,36.471231,6.2,2713,Released,Comedy,1,1,14.897633333333333
854,The Mask,23000000,351583407,101.0,1994.0,"[{""id"": 10749, ""name"": ""Romance""}, {""id"": 35, ""name"": ""Comedy""}, {""id"": 80, ""name"": ""Crime""}, {""id"": 14, ""name"": ""Fantasy""}]",en,85.30318,6.6,2472,Released,Romance,1,1,15.286235086956522
2280,Big,18000000,151668774,104.0,1988.0,"[{""id"": 14, ""name"": ""Fantasy""}, {""id"": 18, ""name"": ""Drama""}, {""id"": 35, ""name"": ""Comedy""}, {""id"": 10749, ""name"": ""Romance""}, {""id"": 10751, ""name"": ""Family""}]",en,20.716023,6.9,993,Released,Fantasy,1,1,8.426043
496,Borat: Cultural Learnings of America for Make Benefit Glorious Nation of Kazakhstan,18000000,261572744,82.0,2006.0,"[{""id"": 35, ""name"": ""Comedy""}]",en,29.487784,6.5,1579,Released,Comedy,1,1,14.531819111111112
8835,Legally Blonde,18000000,141774679,96.0,2001.0,"[{""id"": 35, ""name"": ""Comedy""}]",en,25.43954,6.1,882,Released,Comedy,1,1,7.8763710555555555
157,Star Trek III: The Search for Spock,18000000,87000000,105.0,1984.0,"[{""id"": 878, ""name"": ""Science Fiction""}, {""id"": 28, ""name"": ""Action""}, {""id"": 12, ""name"": ""Adventure""}, {""id"": 53, ""name"": ""Thriller""}]",en,15.314027,6.4,434,Released,Science Fiction,1,1,4.833333333333333
8643,The Exorcism of Emily Rose,19000000,144216468,122.0,2005.0,"[{""id"": 80, ""name"": ""Crime""}, {""id"": 18, ""name"": ""Drama""}, {""id"": 27, ""name"": ""Horror""}, {""id"": 53, ""name"": ""Thriller""}]",en,32.602868,6.3,659,Released,Crime,1,1,7.590340421052631
10402,Deuce Bigalow: Male Gigolo,17000000,65535067,88.0,1999.0,"[{""id"": 35, ""name"": ""Comedy""}]",en,9.832326,5.5,308,Released,Comedy,1,1,3.8550039411764705
218043,Left Behind,16000000,19682924,110.0,2014.0,"[{""id"": 53, ""name"": ""Thriller""}, {""id"": 28, ""name"": ""Action""}, {""id"": 878, ""name"": ""Science Fiction""}]",en,33.452469,3.7,392,Released,Thriller,1,1,1.23018275
21301,Barbershop 2:  Back in Business,18000000,65070412,106.0,2004.0,"[{""id"": 35, ""name"": ""Comedy""}, {""id"": 18, ""name"": ""Drama""}]",en,6.501815,5.6,74,Released,Comedy,1,1,3.615022888888889
10147,Bad Santa,23000000,76488889,91.0,2003.0,"[{""id"": 18, ""name"": ""Drama""}, {""id"": 35, ""name"": ""Comedy""}, {""id"": 80, ""name"": ""Crime""}]",en,26.58873,6.5,656,Released,Drama,1,1,3.3256038695652173
816,Austin Powers: International Man of Mystery,16500000,67683989,94.0,1997.0,"[{""id"": 878, ""name"": ""Science Fiction""}, {""id"": 35, ""name"": ""Comedy""}, {""id"": 80, ""name"": ""Crime""}]",en,36.15716,6.5,1013,Released,Science Fiction,1,1,4.102059939393939
302688,My Big Fat Greek Wedding 2,18000000,88923251,94.0,2016.0,"[{""id"": 10749, ""name"": ""Romance""}, {""id"": 35, ""name"": ""Comedy""}, {""id"": 10751, ""name"": ""Family""}]",en,16.027955,5.5,322,Released,Romance,1,1,4.940180611111111
60307,Diary of a Wimpy Kid: Rodrick Rules,21000000,72417394,99.0,2011.0,"[{""id"": 10751, ""name"": ""Family""}, {""id"": 35, ""name"": ""Comedy""}]",en,14.329891,6.3,238,Released,Family,1,1,3.448447333333333
106,Predator,18000000,98235548,107.0,1987.0,"[{""id"": 878, ""name"": ""Science Fiction""}, {""id"": 28, ""name"": ""Action""}, {""id"": 12, ""name"": ""Adventure""}, {""id"": 53, ""name"": ""Thriller""}]",en,50.009408,7.3,2093,Released,Science Fiction,1,1,5.457530444444444
279,Amadeus,18000000,51973029,160.0,1984.0,"[{""id"": 18, ""name"": ""Drama""}, {""id"": 36, ""name"": ""History""}, {""id"": 10402, ""name"": ""Music""}]",en,31.82675,7.8,1076,Released,Drama,1,1,2.8873905
10625,Mean Girls,17000000,129042871,97.0,2004.0,"[{""id"": 35, ""name"": ""Comedy""}]",en,36.423717,6.9,2320,Released,Comedy,1,1,7.590757117647059
5279,Gosford Park,19800000,87754044,137.0,2001.0,"[{""id"": 18, ""name"": ""Drama""}, {""id"": 9648, ""name"": ""Mystery""}, {""id"": 53, ""name"": ""Thriller""}]",en,11.693272,6.8,246,Released,Drama,1,1,4.432022424242424
10013,Peggy Sue Got Married,18000000,41382841,103.0,1986.0,"[{""id"": 35, ""name"": ""Comedy""}, {""id"": 18, ""name"": ""Drama""}, {""id"": 14, ""name"": ""Fantasy""}, {""id"": 10749, ""name"": ""Romance""}]",en,12.243887,5.9,136,Released,Comedy,1,1,2.299046722222222
194662,Birdman,18000000,103215094,119.0,2014.0,"[{""id"": 18, ""name"": ""Drama""}, {""id"": 35, ""name"": ""Comedy""}]",en,89.811154,7.4,4535,Released,Drama,1,1,5.734171888888889
160588,Blue Jasmine,18000000,99206215,98.0,2013.0,"[{""id"": 35, ""name"": ""Comedy""}, {""id"": 18, ""name"": ""Drama""}]",en,34.694216,7.0,1098,Released,Comedy,1,1,5.511456388888889
9829,United 93,15000000,76286096,111.0,2006.0,"[{""id"": 18, ""name"": ""Drama""}, {""id"": 36, ""name"": ""History""}, {""id"": 80, ""name"": ""Crime""}, {""id"": 53, ""name"": ""Thriller""}, {""id"": 28, ""name"": ""Action""}]",en,17.50138,6.9,367,Released,Drama,1,1,5.085739733333333
10028,Honey,18000000,62646763,94.0,2003.0,"[{""id"": 10749, ""name"": ""Romance""}, {""id"": 10402, ""name"": ""Music""}, {""id"": 10751, ""name"": ""Family""}]",en,18.492655,6.0,303,Released,Romance,1,1,3.480375722222222
790,The Fog,1000000,21378361,89.0,1980.0,"[{""id"": 27, ""name"": ""Horror""}]",en,14.518598,6.4,311,Released,Horror,1,1,21.378361
43959,Soul Surfer,18000000,47088990,106.0,2011.0,"[{""id"": 28, ""name"": ""Action""}, {""id"": 18, ""name"": ""Drama""}]",en,19.234672,6.9,342,Released,Action,1,1,2.616055
10364,Catch-22,18000000,24911670,121.0,1970.0,"[{""id"": 10752, ""name"": ""War""}, {""id"": 35, ""name"": ""Comedy""}, {""id"": 18, ""name"": ""Drama""}]",en,4.504377,6.7,72,Released,War,1,1,1.3839816666666667
9610,Conan the Destroyer,18000000,100000000,103.0,1984.0,"[{""id"": 12, ""name"": ""Adventure""}, {""id"": 14, ""name"": ""Fantasy""}, {""id"": 28, ""name"": ""Action""}]",en,18.379124,5.8,383,Released,Adventure,1,1,5.555555555555555
1578,Raging Bull,18000000,23000000,129.0,1980.0,"[{""id"": 18, ""name"": ""Drama""}]",en,35.524457,7.7,938,Released,Drama,1,1,1.2777777777777777
25643,Love Happens,18000000,36133014,109.0,2009.0,"[{""id"": 18, ""name"": ""Drama""}, {""id"": 10749, ""name"": ""Romance""}]",en,13.472365,5.6,180,Released,Drama,1,1,2.0073896666666666
44115,127 Hours,18000000,35692920,94.0,2010.0,"[{""id"": 12, ""name"": ""Adventure""}, {""id"": 18, ""name"": ""Drama""}, {""id"": 53, ""name"": ""Thriller""}]",en,52.464877,7.0,2606,Released,Adventure,1,1,1.98294
10560,Center Stage,18000000,17200925,115.0,2000.0,"[{""id"": 18, ""name"": ""Drama""}, {""id"": 10402, ""name"": ""Music""}]",en,6.961736,6.8,90,Released,Drama,1,1,0.9556069444444445
333348,Love the Coopers,17000000,24000000,107.0,2015.0,"[{""id"": 35, ""name"": ""Comedy""}, {""id"": 10751, ""name"": ""Family""}]",en,9.191187,5.4,167,Released,Comedy,1,1,1.411764705882353
20483,Catch That Kid,18000000,16702864,92.0,2004.0,"[{""id"": 10751, ""name"": ""Family""}, {""id"": 28, ""name"": ""Action""}, {""id"": 12, ""name"": ""Adventure""}]",en,4.492859,4.9,76,Released,Family,1,1,0.9279368888888889
321697,Steve Jobs,30000000,34441873,122.0,2015.0,"[{""id"": 18, ""name"": ""Drama""}, {""id"": 36, ""name"": ""History""}]",en,53.670525,6.8,1573,Released,Drama,1,1,1.1480624333333334
38665,The Legend of the Lone Ranger,18000000,2945600,98.0,1981.0,"[{""id"": 28, ""name"": ""Action""}, {""id"": 12, ""name"": ""Adventure""}, {""id"": 10749, ""name"": ""Romance""}, {""id"": 37, ""name"": ""Western""}]",en,11.725805,3.7,14,Released,Action,1,1,0.16364444444444445
2575,The Tailor of Panama,21000000,28008462,109.0,2001.0,"[{""id"": 18, ""name"": ""Drama""}, {""id"": 53, ""name"": ""Thriller""}]",en,7.047975,6.2,92,Released,Drama,1,1,1.3337362857142858
11644,Blow Out,18000000,12000000,108.0,1981.0,"[{""id"": 18, ""name"": ""Drama""}, {""id"": 9648, ""name"": ""Mystery""}, {""id"": 53, ""name"": ""Thriller""}]",en,13.628601,7.3,236,Released,Drama,1,1,0.6666666666666666
146227,Getaway,18000000,10501938,90.0,2013.0,"[{""id"": 28, ""name"": ""Action""}, {""id"": 80, ""name"": ""Crime""}]",en,16.520516,4.9,246,Released,Action,1,1,0.583441
68924,The Ice Storm,18000000,8038061,112.0,1997.0,"[{""id"": 18, ""name"": ""Drama""}]",en,14.916264,6.9,176,Released,Drama,1,1,0.44655894444444444
253235,And So It Goes,18000000,25312387,94.0,2014.0,"[{""id"": 35, ""name"": ""Comedy""}, {""id"": 18, ""name"": ""Drama""}, {""id"": 10749, ""name"": ""Romance""}]",en,9.633711,5.7,164,Released,Comedy,1,1,1.4062437222222222
10068,Nine 1/2 Weeks,17000000,6735922,117.0,1986.0,"[{""id"": 18, ""name"": ""Drama""}, {""id"": 10749, ""name"": ""Romance""}]",en,12.313143,5.8,177,Released,Drama,1,1,0.39623070588235293
848,Dragonslayer,18000000,14110013,108.0,1981.0,"[{""id"": 14, ""name"": ""Fantasy""}]",en,3.258422,6.5,67,Released,Fantasy,1,1,0.7838896111111111
522,Ed Wood,18000000,5887457,127.0,1994.0,"[{""id"": 35, ""name"": ""Comedy""}, {""id"": 18, ""name"": ""Drama""}, {""id"": 36, ""name"": ""History""}]",en,24.548633,7.3,630,Released,Comedy,1,1,0.32708094444444447
130150,Labor Day,18000000,20275812,111.0,2013.0,"[{""id"": 18, ""name"": ""Drama""}]",en,17.683563,6.7,299,Released,Drama,1,1,1.126434
12246,Mongol: The Rise of Genghis Khan,18000000,26527510,120.0,2007.0,"[{""id"": 36, ""name"": ""History""}]",ru,10.1449,6.5,158,Released,History,1,1,1.4737505555555555
13809,RockNRolla,18000000,25739015,114.0,2008.0,"[{""id"": 28, ""name"": ""Action""}, {""id"": 80, ""name"": ""Crime""}, {""id"": 53, ""name"": ""Thriller""}]",en,31.887978,6.9,836,Released,Action,1,1,1.4299452777777777
33870,Mao's Last Dancer,25000000,20719451,117.0,2009.0,"[{""id"": 18, ""name"": ""Drama""}, {""id"": 10749, ""name"": ""Romance""}]",en,1.876811,6.8,28,Released,Drama,1,1,0.82877804
245703,Midnight Special,18000000,6212282,112.0,2016.0,"[{""id"": 12, ""name"": ""Adventure""}, {""id"": 18, ""name"": ""Drama""}, {""id"": 878, ""name"": ""Science Fiction""}]",en,32.717853,6.2,694,Released,Adventure,1,1,0.3451267777777778
127560,The Railway Man,18000000,22309223,116.0,2013.0,"[{""id"": 18, ""name"": ""Drama""}, {""id"": 36, ""name"": ""History""}]",en,13.916583,6.7,273,Released,Drama,1,1,1.2394012777777779
10017,The Wraith,2700000,3500000,93.0,1986.0,"[{""id"": 10749, ""name"": ""Romance""}, {""id"": 878, ""name"": ""Science Fiction""}, {""id"": 27, ""name"": ""Horror""}, {""id"": 28, ""name"": ""Action""}, {""id"": 80, ""name"": ""Crime""}]",en,10.47644,5.9,108,Released,Romance,1,1,1.2962962962962963
11468,Salton Sea,18000000,676698,103.0,2002.0,"[{""id"": 18, ""name"": ""Drama""}, {""id"": 9648, ""name"": ""Mystery""}, {""id"": 53, ""name"": ""Thriller""}]",en,10.991281,7.0,104,Released,Drama,1,1,0.037594333333333334
193613,Metallica: Through the Never,18000000,7972967,93.0,2013.0,"[{""id"": 10402, ""name"": ""Music""}]",en,7.871686,6.7,83,Released,Music,1,1,0.4429426111111111
17436,The Informers,18000000,382174,98.0,2008.0,"[{""id"": 18, ""name"": ""Drama""}]",en,6.333869,4.4,60,Released,Drama,1,1,0.02123188888888889
8408,Day of the Dead,3500000,34000000,96.0,1985.0,"[{""id"": 27, ""name"": ""Horror""}, {""id"": 878, ""name"": ""Science Fiction""}]",en,18.025206,6.9,270,Released,Horror,1,1,9.714285714285714
9389,Renaissance,18000000,1831348,105.0,2006.0,"[{""id"": 28, ""name"": ""Action""}, {""id"": 16, ""name"": ""Animation""}, {""id"": 878, ""name"": ""Science Fiction""}]",fr,9.244181,6.7,77,Released,Action,1,1,0.10174155555555556
9626,Red Sonja,17900000,6948633,89.0,1985.0,"[{""id"": 12, ""name"": ""Adventure""}, {""id"": 14, ""name"": ""Fantasy""}, {""id"": 28, ""name"": ""Action""}]",en,12.752463,5.0,206,Released,Adventure,1,1,0.3881917877094972
75638,Red Lights,14000000,13551174,119.0,2012.0,"[{""id"": 53, ""name"": ""Thriller""}]",en,22.748174,6.0,376,Released,Thriller,1,1,0.967941
8363,Superbad,20000000,121463226,113.0,2007.0,"[{""id"": 35, ""name"": ""Comedy""}]",en,33.436092,7.0,2100,Released,Comedy,1,1,6.0731613
8328,Step Up 2: The Streets,23000000,150816700,98.0,2008.0,"[{""id"": 10402, ""name"": ""Music""}, {""id"": 18, ""name"": ""Drama""}, {""id"": 10749, ""name"": ""Romance""}]",en,28.973074,6.5,640,Released,Music,1,1,6.557247826086956
10982,Hoodwinked!,15000000,51053787,80.0,2005.0,"[{""id"": 16, ""name"": ""Animation""}, {""id"": 35, ""name"": ""Comedy""}, {""id"": 10751, ""name"": ""Family""}]",en,23.980329,5.9,479,Released,Animation,1,1,3.4035858
205,Hotel Rwanda,17500000,38000000,121.0,2004.0,"[{""id"": 18, ""name"": ""Drama""}, {""id"": 36, ""name"": ""History""}, {""id"": 10752, ""name"": ""War""}]",en,28.60542,7.5,793,Released,Drama,1,1,2.1714285714285713
1620,Hitman,24000000,99965753,89.0,2007.0,"[{""id"": 28, ""name"": ""Action""}, {""id"": 80, ""name"": ""Crime""}, {""id"": 18, ""name"": ""Drama""}, {""id"": 53, ""name"": ""Thriller""}]",en,42.669304,5.9,966,Released,Action,1,1,4.165239708333333
175541,Black Nativity,17500000,7018189,93.0,2013.0,"[{""id"": 18, ""name"": ""Drama""}, {""id"": 10402, ""name"": ""Music""}]",en,7.180403,5.8,16,Released,Drama,1,1,0.40103937142857143
241254,The Prince,18000000,266586800,93.0,2014.0,"[{""id"": 53, ""name"": ""Thriller""}, {""id"": 28, ""name"": ""Action""}]",en,21.638673,4.6,218,Released,Thriller,1,1,14.810377777777777
679,Aliens,18500000,183316455,137.0,1986.0,"[{""id"": 27, ""name"": ""Horror""}, {""id"": 28, ""name"": ""Action""}, {""id"": 53, ""name"": ""Thriller""}, {""id"": 878, ""name"": ""Science Fiction""}]",en,67.66094,7.7,3220,Released,Horror,1,1,9.908997567567567
11113,My Fair Lady,17000000,72070731,170.0,1964.0,"[{""id"": 18, ""name"": ""Drama""}, {""id"": 10751, ""name"": ""Family""}, {""id"": 10402, ""name"": ""Music""}, {""id"": 10749, ""name"": ""Romance""}]",en,20.786616,7.4,352,Released,Drama,1,1,4.239454764705882
3597,I Know What You Did Last Summer,17000000,125586134,100.0,1997.0,"[{""id"": 27, ""name"": ""Horror""}, {""id"": 53, ""name"": ""Thriller""}, {""id"": 9648, ""name"": ""Mystery""}]",en,27.654472,5.6,687,Released,Horror,1,1,7.387419647058824
193893,Let's Be Cops,17000000,136621271,104.0,2014.0,"[{""id"": 35, ""name"": ""Comedy""}]",en,70.668923,6.4,1219,Released,Comedy,1,1,8.036545352941177
9675,Sideways,16000000,109502303,126.0,2004.0,"[{""id"": 35, ""name"": ""Comedy""}, {""id"": 18, ""name"": ""Drama""}, {""id"": 10749, ""name"": ""Romance""}]",en,23.425431,6.9,478,Released,Comedy,1,1,6.8438939375
9988,Beerfest,17500000,19179969,110.0,2006.0,"[{""id"": 35, ""name"": ""Comedy""}]",en,14.304444,5.8,172,Released,Comedy,1,1,1.0959982285714285
948,Halloween,300000,70000000,91.0,1978.0,"[{""id"": 27, ""name"": ""Horror""}, {""id"": 53, ""name"": ""Thriller""}]",en,30.301307,7.4,1035,Released,Horror,1,1,233.33333333333334
146304,The Best Man Holiday,17000000,71625195,123.0,2013.0,"[{""id"": 35, ""name"": ""Comedy""}]",en,7.210095,6.7,110,Released,Comedy,1,1,4.213246764705882
7516,Smokin' Aces,17000000,57103895,109.0,2006.0,"[{""id"": 28, ""name"": ""Action""}, {""id"": 35, ""name"": ""Comedy""}, {""id"": 80, ""name"": ""Crime""}, {""id"": 53, ""name"": ""Thriller""}]",en,23.491962,6.4,534,Released,Action,1,1,3.3590526470588236
41439,Saw: The Final Chapter,20000000,136150434,90.0,2010.0,"[{""id"": 27, ""name"": ""Horror""}, {""id"": 80, ""name"": ""Crime""}]",en,36.133536,5.8,730,Released,Horror,1,1,6.8075217
9429,A Night at the Roxbury,17000000,30331165,81.0,1998.0,"[{""id"": 35, ""name"": ""Comedy""}]",en,12.709227,5.9,198,Released,Comedy,1,1,1.7841861764705882
38117,Beastly,17000000,43165571,86.0,2011.0,"[{""id"": 18, ""name"": ""Drama""}, {""id"": 14, ""name"": ""Fantasy""}, {""id"": 10749, ""name"": ""Romance""}]",en,24.054062,6.0,849,Released,Drama,1,1,2.5391512352941175
9792,The Hills Have Eyes,15000000,69623713,107.0,2006.0,"[{""id"": 27, ""name"": ""Horror""}, {""id"": 53, ""name"": ""Thriller""}]",en,35.107857,6.1,705,Released,Horror,1,1,4.641580866666667
13960,ATL,20000000,21170563,105.0,2006.0,"[{""id"": 18, ""name"": ""Drama""}]",en,5.422285,6.0,32,Released,Drama,1,1,1.05852815
114150,Pitch Perfect,17000000,115350426,112.0,2012.0,"[{""id"": 35, ""name"": ""Comedy""}, {""id"": 10402, ""name"": ""Music""}, {""id"": 10749, ""name"": ""Romance""}]",en,32.746486,7.3,2247,Released,Comedy,1,1,6.785319176470588
26602,Summer Catch,34000000,19693891,108.0,2001.0,"[{""id"": 18, ""name"": ""Drama""}, {""id"": 35, ""name"": ""Comedy""}, {""id"": 10749, ""name"": ""Romance""}]",en,3.960098,4.8,63,Released,Drama,1,1,0.5792320882352942
26390,Brooklyn's Finest,17000000,29536299,133.0,2009.0,"[{""id"": 80, ""name"": ""Crime""}, {""id"": 18, ""name"": ""Drama""}, {""id"": 53, ""name"": ""Thriller""}]",en,18.790102,6.2,293,Released,Crime,1,1,1.7374293529411764
27759,55 Days at Peking,17000000,10000000,154.0,1963.0,"[{""id"": 28, ""name"": ""Action""}, {""id"": 18, ""name"": ""Drama""}, {""id"": 36, ""name"": ""History""}]",en,3.321095,6.3,36,Released,Action,1,1,0.5882352941176471
109428,Evil Dead,17000000,97542952,91.0,2013.0,"[{""id"": 27, ""name"": ""Horror""}]",en,33.912116,6.4,1723,Released,Horror,1,1,5.737820705882353
23049,My Life in Ruins,17000000,20455276,95.0,2009.0,"[{""id"": 35, ""name"": ""Comedy""}, {""id"": 10749, ""name"": ""Romance""}]",en,5.787891,5.6,101,Released,Comedy,1,1,1.2032515294117647
9310,American Dreamz,17000000,7314027,107.0,2006.0,"[{""id"": 35, ""name"": ""Comedy""}, {""id"": 18, ""name"": ""Drama""}, {""id"": 10751, ""name"": ""Family""}]",en,7.864011,4.9,95,Released,Comedy,1,1,0.43023688235294116
11411,Superman IV: The Quest for Peace,17000000,19300000,90.0,1987.0,"[{""id"": 28, ""name"": ""Action""}, {""id"": 12, ""name"": ""Adventure""}, {""id"": 878, ""name"": ""Science Fiction""}]",en,17.062117,4.1,318,Released,Action,1,1,1.1352941176470588
7304,Running Scared,17000000,9500000,122.0,2006.0,"[{""id"": 28, ""name"": ""Action""}, {""id"": 80, ""name"": ""Crime""}, {""id"": 18, ""name"": ""Drama""}, {""id"": 53, ""name"": ""Thriller""}]",en,19.311572,7.0,331,Released,Action,1,1,0.5588235294117647
1491,The Illusionist,40000000,86915017,110.0,2006.0,"[{""id"": 14, ""name"": ""Fantasy""}, {""id"": 18, ""name"": ""Drama""}, {""id"": 53, ""name"": ""Thriller""}, {""id"": 10749, ""name"": ""Romance""}]",en,36.960953,7.1,1615,Released,Fantasy,1,1,2.172875425
2989,Roar,17000000,2000000,102.0,1981.0,"[{""id"": 12, ""name"": ""Adventure""}, {""id"": 53, ""name"": ""Thriller""}]",en,1.15641,5.6,19,Released,Adventure,1,1,0.11764705882352941
10629,Veronica Guerin,17000000,1569918,98.0,2003.0,"[{""id"": 18, ""name"": ""Drama""}, {""id"": 80, ""name"": ""Crime""}, {""id"": 53, ""name"": ""Thriller""}]",en,9.583578,6.8,59,Released,Drama,1,1,0.09234811764705882
255343,Escobar: Paradise Lost,17000000,3758328,120.0,2014.0,"[{""id"": 53, ""name"": ""Thriller""}, {""id"": 10749, ""name"": ""Romance""}]",en,25.112567,6.1,271,Released,Thriller,1,1,0.2210781176470588
4723,Southland Tales,17000000,374743,144.0,2006.0,"[{""id"": 28, ""name"": ""Action""}, {""id"": 12, ""name"": ""Adventure""}, {""id"": 35, ""name"": ""Comedy""}, {""id"": 18, ""name"": ""Drama""}, {""id"": 878, ""name"": ""Science Fiction""}, {""id"": 53, ""name"": ""Thriller""}]",en,9.349386,5.2,153,Released,Action,1,1,0.02204370588235294
25763,Damnation Alley,17000000,8720000,91.0,1977.0,"[{""id"": 28, ""name"": ""Action""}, {""id"": 12, ""name"": ""Adventure""}, {""id"": 878, ""name"": ""Science Fiction""}]",en,2.215261,5.0,27,Released,Action,1,1,0.5129411764705882
79694,The Apparition,17000000,9627492,82.0,2012.0,"[{""id"": 27, ""name"": ""Horror""}, {""id"": 53, ""name"": ""Thriller""}]",en,6.385234,4.5,140,Released,Horror,1,1,0.5663230588235294
18615,Fur: An Imaginary Portrait of Diane Arbus,16800000,2281089,122.0,2006.0,"[{""id"": 18, ""name"": ""Drama""}, {""id"": 9648, ""name"": ""Mystery""}, {""id"": 10749, ""name"": ""Romance""}]",en,4.358255,5.8,73,Released,Drama,1,1,0.13577910714285715
10673,Wall Street,15000000,43848069,126.0,1987.0,"[{""id"": 80, ""name"": ""Crime""}, {""id"": 18, ""name"": ""Drama""}]",en,24.898687,7.0,546,Released,Crime,1,1,2.9232046
4584,Sense and Sensibility,16500000,135000000,136.0,1995.0,"[{""id"": 18, ""name"": ""Drama""}, {""id"": 10749, ""name"": ""Romance""}]",en,20.898711,7.2,352,Released,Drama,1,1,8.181818181818182
2977,Becoming Jane,16500000,37311672,120.0,2007.0,"[{""id"": 18, ""name"": ""Drama""}, {""id"": 10749, ""name"": ""Romance""}]",en,18.236284,6.9,317,Released,Drama,1,1,2.2613134545454545
10760,Sydney White,16500000,13620075,108.0,2007.0,"[{""id"": 35, ""name"": ""Comedy""}]",en,10.74648,6.0,236,Released,Comedy,1,1,0.8254590909090909
11093,House of Sand and Fog,16500000,16942795,126.0,2003.0,"[{""id"": 18, ""name"": ""Drama""}]",en,12.102725,7.0,199,Released,Drama,1,1,1.0268360606060607
207,Dead Poets Society,16400000,235860116,129.0,1989.0,"[{""id"": 18, ""name"": ""Drama""}]",en,55.458584,8.1,2705,Released,Drama,1,1,14.381714390243902
8467,Dumb and Dumber,16000000,247275374,107.0,1994.0,"[{""id"": 35, ""name"": ""Comedy""}]",en,35.777067,6.5,1859,Released,Comedy,1,1,15.454710875
639,When Harry Met Sally...,16000000,92823546,96.0,1989.0,"[{""id"": 35, ""name"": ""Comedy""}, {""id"": 10749, ""name"": ""Romance""}, {""id"": 18, ""name"": ""Drama""}]",en,18.430419,7.3,950,Released,Comedy,1,1,5.801471625
24226,The Verdict,16000000,53977250,129.0,1982.0,"[{""id"": 18, ""name"": ""Drama""}]",en,7.980632,7.4,131,Released,Drama,1,1,3.373578125
9285,Road Trip,16000000,119754278,93.0,2000.0,"[{""id"": 35, ""name"": ""Comedy""}, {""id"": 12, ""name"": ""Adventure""}]",en,14.759948,5.9,542,Released,Comedy,1,1,7.484642375
74643,The Artist,15000000,133432856,100.0,2011.0,"[{""id"": 18, ""name"": ""Drama""}, {""id"": 35, ""name"": ""Comedy""}, {""id"": 10749, ""name"": ""Romance""}]",en,29.943316,7.3,1049,Released,Drama,1,1,8.895523733333333
13788,The Unborn,16000000,76514050,87.0,2009.0,"[{""id"": 27, ""name"": ""Horror""}, {""id"": 53, ""name"": ""Thriller""}, {""id"": 9648, ""name"": ""Mystery""}]",en,15.788784,4.8,365,Released,Horror,1,1,4.782128125
83666,Moonrise Kingdom,16000000,68263166,94.0,2012.0,"[{""id"": 35, ""name"": ""Comedy""}, {""id"": 18, ""name"": ""Drama""}, {""id"": 10749, ""name"": ""Romance""}]",en,41.083914,7.6,1662,Released,Comedy,1,1,4.266447875
318850,The Young Messiah,18500000,6490401,120.0,2016.0,"[{""id"": 18, ""name"": ""Drama""}]",en,1.884558,6.4,30,Released,Drama,1,1,0.35083248648648646
1417,Pan's Labyrinth,19000000,83258226,118.0,2006.0,"[{""id"": 14, ""name"": ""Fantasy""}, {""id"": 18, ""name"": ""Drama""}, {""id"": 10752, ""name"": ""War""}]",es,90.809408,7.6,3041,Released,Fantasy,1,1,4.382011894736842
16161,Baby Boy,16000000,29381649,130.0,2001.0,"[{""id"": 80, ""name"": ""Crime""}, {""id"": 18, ""name"": ""Drama""}, {""id"": 10749, ""name"": ""Romance""}]",en,7.854989,7.4,55,Released,Crime,1,1,1.8363530625
49950,The Roommate,16000000,40492759,91.0,2011.0,"[{""id"": 53, ""name"": ""Thriller""}, {""id"": 18, ""name"": ""Drama""}, {""id"": 27, ""name"": ""Horror""}]",en,11.807269,5.3,224,Released,Thriller,1,1,2.5307974375
10956,Joe Dirt,17700000,30987695,91.0,2001.0,"[{""id"": 9648, ""name"": ""Mystery""}, {""id"": 12, ""name"": ""Adventure""}, {""id"": 35, ""name"": ""Comedy""}, {""id"": 10749, ""name"": ""Romance""}, {""id"": 18, ""name"": ""Drama""}]",en,15.976335,5.5,242,Released,Mystery,1,1,1.750717231638418
9594,Double Impact,15000000,30102717,110.0,1991.0,"[{""id"": 53, ""name"": ""Thriller""}, {""id"": 28, ""name"": ""Action""}, {""id"": 80, ""name"": ""Crime""}, {""id"": 18, ""name"": ""Drama""}]",en,10.484642,5.3,215,Released,Thriller,1,1,2.0068478
4638,Hot Fuzz,12000000,80573774,121.0,2007.0,"[{""id"": 80, ""name"": ""Crime""}, {""id"": 28, ""name"": ""Action""}, {""id"": 35, ""name"": ""Comedy""}]",en,38.623178,7.4,2199,Released,Crime,1,1,6.714481166666666
13972,The Women,16000000,50007546,114.0,2008.0,"[{""id"": 35, ""name"": ""Comedy""}, {""id"": 18, ""name"": ""Drama""}, {""id"": 10749, ""name"": ""Romance""}]",en,8.8321,4.6,96,Released,Comedy,1,1,3.125471625
5038,Vicky Cristina Barcelona,15000000,96408652,96.0,2008.0,"[{""id"": 18, ""name"": ""Drama""}, {""id"": 10749, ""name"": ""Romance""}]",en,32.758254,6.7,1020,Released,Drama,1,1,6.427243466666667
10571,Boys and Girls,16000000,20627372,94.0,2000.0,"[{""id"": 35, ""name"": ""Comedy""}, {""id"": 18, ""name"": ""Drama""}, {""id"": 10749, ""name"": ""Romance""}]",en,9.119797,5.4,103,Released,Comedy,1,1,1.28921075
19994,Jennifer's Body,16000000,31556061,100.0,2009.0,"[{""id"": 35, ""name"": ""Comedy""}, {""id"": 27, ""name"": ""Horror""}]",en,32.257414,5.3,837,Released,Comedy,1,1,1.9722538125
25166,Drowning Mona,16000000,15427192,96.0,2000.0,"[{""id"": 35, ""name"": ""Comedy""}, {""id"": 80, ""name"": ""Crime""}, {""id"": 9648, ""name"": ""Mystery""}]",en,3.021835,5.4,43,Released,Comedy,1,1,0.9641995
12120,My Stepmother is an Alien,20000000,13854000,108.0,1988.0,"[{""id"": 35, ""name"": ""Comedy""}, {""id"": 878, ""name"": ""Science Fiction""}]",en,9.455596,5.3,131,Released,Comedy,1,1,0.6927
9800,Philadelphia,26000000,206678440,125.0,1993.0,"[{""id"": 18, ""name"": ""Drama""}]",en,44.301745,7.6,988,Released,Drama,1,1,7.949170769230769
1090,The Thirteenth Floor,16000000,18564088,100.0,1999.0,"[{""id"": 53, ""name"": ""Thriller""}, {""id"": 878, ""name"": ""Science Fiction""}, {""id"": 9648, ""name"": ""Mystery""}]",en,19.890428,6.8,378,Released,Thriller,1,1,1.1602555
18475,The Cookout,16000000,12,97.0,2004.0,"[{""id"": 35, ""name"": ""Comedy""}, {""id"": 18, ""name"": ""Drama""}]",en,0.830596,4.6,10,Released,Comedy,1,1,7.5e-07
9781,Detroit Rock City,6500000,4217115,95.0,1999.0,"[{""id"": 35, ""name"": ""Comedy""}, {""id"": 10402, ""name"": ""Music""}]",en,5.700333,6.7,100,Released,Comedy,1,1,0.6487869230769231
8009,Highlander,16000000,5900000,116.0,1986.0,"[{""id"": 12, ""name"": ""Adventure""}, {""id"": 28, ""name"": ""Action""}, {""id"": 14, ""name"": ""Fantasy""}]",en,29.253833,6.8,624,Released,Adventure,1,1,0.36875
3877,Things We Lost in the Fire,16000000,2849142,113.0,2007.0,"[{""id"": 18, ""name"": ""Drama""}]",en,8.842869,6.7,90,Released,Drama,1,1,0.178071375
8854,Steel,16000000,1686429,97.0,1997.0,"[{""id"": 878, ""name"": ""Science Fiction""}, {""id"": 28, ""name"": ""Action""}, {""id"": 12, ""name"": ""Adventure""}]",en,2.848727,4.3,48,Released,Science Fiction,1,1,0.1054018125
152599,The Immigrant,16000000,5867686,117.0,2013.0,"[{""id"": 18, ""name"": ""Drama""}, {""id"": 10749, ""name"": ""Romance""}]",en,13.832464,6.2,250,Released,Drama,1,1,0.366730375
68727,Trance,20000000,24261569,101.0,2013.0,"[{""id"": 53, ""name"": ""Thriller""}, {""id"": 80, ""name"": ""Crime""}, {""id"": 18, ""name"": ""Drama""}, {""id"": 9648, ""name"": ""Mystery""}]",en,38.802415,6.5,956,Released,Thriller,1,1,1.21307845
12657,Soul Plane,16000000,14822346,86.0,2004.0,"[{""id"": 10749, ""name"": ""Romance""}, {""id"": 35, ""name"": ""Comedy""}]",en,9.400404,4.7,108,Released,Romance,1,1,0.926396625
8265,Welcome to the Sticks,11000000,53191886,106.0,2008.0,"[{""id"": 35, ""name"": ""Comedy""}]",fr,18.923181,6.8,615,Released,Comedy,1,1,4.835626
34647,Enter the Void,13000000,754249,161.0,2009.0,"[{""id"": 14, ""name"": ""Fantasy""}, {""id"": 18, ""name"": ""Drama""}]",en,20.39955,7.2,387,Released,Fantasy,1,1,0.058019153846153845
28178,Hachi: A Dog's Tale,16000000,47801389,93.0,2009.0,"[{""id"": 18, ""name"": ""Drama""}, {""id"": 10751, ""name"": ""Family""}]",en,43.217089,7.7,1717,Released,Drama,1,1,2.9875868125
264656,The Homesman,16000000,3442853,122.0,2014.0,"[{""id"": 37, ""name"": ""Western""}, {""id"": 18, ""name"": ""Drama""}]",en,20.59148,6.4,258,Released,Western,1,1,0.2151783125
18777,Slow Burn,15500000,1237615,93.0,2005.0,"[{""id"": 9648, ""name"": ""Mystery""}, {""id"": 80, ""name"": ""Crime""}, {""id"": 18, ""name"": ""Drama""}, {""id"": 53, ""name"": ""Thriller""}]",en,6.630856,5.5,16,Released,Mystery,1,1,0.07984612903225806
90,Beverly Hills Cop,15000000,316360478,105.0,1984.0,"[{""id"": 28, ""name"": ""Action""}, {""id"": 35, ""name"": ""Comedy""}, {""id"": 80, ""name"": ""Crime""}]",en,29.843818,6.8,961,Released,Action,1,1,21.090698533333335
771,Home Alone,18000000,476684675,103.0,1990.0,"[{""id"": 35, ""name"": ""Comedy""}, {""id"": 10751, ""name"": ""Family""}]",en,2.186927,7.1,2414,Released,Comedy,1,1,26.482481944444444
9576,Tootsie,21000000,177200000,116.0,1982.0,"[{""id"": 35, ""name"": ""Comedy""}, {""id"": 10749, ""name"": ""Romance""}]",en,20.818567,6.9,421,Released,Comedy,1,1,8.438095238095238
744,Top Gun,15000000,356830601,110.0,1986.0,"[{""id"": 28, ""name"": ""Action""}, {""id"": 10749, ""name"": ""Romance""}, {""id"": 10752, ""name"": ""War""}]",en,58.900647,6.7,1698,Released,Action,1,1,23.788706733333335
146,"Crouching Tiger, Hidden Dragon",17000000,213525736,120.0,2000.0,"[{""id"": 12, ""name"": ""Adventure""}, {""id"": 18, ""name"": ""Drama""}, {""id"": 28, ""name"": ""Action""}, {""id"": 10749, ""name"": ""Romance""}]",zh,45.742254,7.2,927,Released,Adventure,1,1,12.560337411764706
14,American Beauty,15000000,356296601,122.0,1999.0,"[{""id"": 18, ""name"": ""Drama""}]",en,80.878605,7.9,3313,Released,Drama,1,1,23.753106733333333
45269,The King's Speech,15000000,414211549,118.0,2010.0,"[{""id"": 18, ""name"": ""Drama""}, {""id"": 36, ""name"": ""History""}]",en,54.053576,7.6,2752,Released,Drama,1,1,27.614103266666667
9493,Twins,15000000,216614388,107.0,1988.0,"[{""id"": 35, ""name"": ""Comedy""}]",en,17.638286,5.7,559,Released,Comedy,1,1,14.4409592
22556,The Yellow Handkerchief,15000000,317000,102.0,2008.0,"[{""id"": 18, ""name"": ""Drama""}, {""id"": 10749, ""name"": ""Romance""}]",en,3.803495,6.4,52,Released,Drama,1,1,0.021133333333333334
873,The Color Purple,15000000,146292009,154.0,1985.0,"[{""id"": 18, ""name"": ""Drama""}]",en,17.571533,7.7,338,Released,Drama,1,1,9.7528006
33196,Tidal Wave,16000000,11301649,120.0,2009.0,"[{""id"": 28, ""name"": ""Action""}, {""id"": 12, ""name"": ""Adventure""}, {""id"": 18, ""name"": ""Drama""}, {""id"": 53, ""name"": ""Thriller""}]",ko,4.628525,6.5,48,Released,Action,1,1,0.7063530625
205596,The Imitation Game,14000000,233555708,113.0,2014.0,"[{""id"": 36, ""name"": ""History""}, {""id"": 18, ""name"": ""Drama""}, {""id"": 53, ""name"": ""Thriller""}, {""id"": 10752, ""name"": ""War""}]",en,145.364591,8.0,5723,Released,History,1,1,16.68255057142857
16769,Coal Miner's Daughter,15000000,67182787,125.0,1980.0,"[{""id"": 18, ""name"": ""Drama""}, {""id"": 10402, ""name"": ""Music""}]",en,3.826685,7.2,67,Released,Drama,1,1,4.478852466666667
33217,Diary of a Wimpy Kid,15000000,75700498,92.0,2010.0,"[{""id"": 35, ""name"": ""Comedy""}, {""id"": 10751, ""name"": ""Family""}]",en,21.095489,5.9,355,Released,Comedy,1,1,5.046699866666667
132232,Mama,15000000,146497771,100.0,2013.0,"[{""id"": 27, ""name"": ""Horror""}]",en,47.455148,6.0,1401,Released,Horror,1,1,9.766518066666666
11153,National Lampoon's Vacation,15000000,61399552,98.0,1983.0,"[{""id"": 35, ""name"": ""Comedy""}, {""id"": 12, ""name"": ""Adventure""}, {""id"": 10749, ""name"": ""Romance""}]",en,22.838834,7.1,410,Released,Comedy,1,1,4.093303466666667
208134,Bad Grandpa,15000000,151831537,92.0,2013.0,"[{""id"": 35, ""name"": ""Comedy""}]",en,27.165222,6.0,680,Released,Comedy,1,1,10.122102466666666
1165,The Queen,15000000,123384128,103.0,2006.0,"[{""id"": 18, ""name"": ""Drama""}]",en,19.113278,6.8,338,Released,Drama,1,1,8.225608533333334
4011,Beetlejuice,15000000,73326666,92.0,1988.0,"[{""id"": 14, ""name"": ""Fantasy""}, {""id"": 35, ""name"": ""Comedy""}]",en,58.553213,7.1,1444,Released,Fantasy,1,1,4.8884444
17202,Why Did I Get Married?,15000000,55184721,113.0,2007.0,"[{""id"": 35, ""name"": ""Comedy""}, {""id"": 18, ""name"": ""Drama""}]",en,2.005111,6.1,33,Released,Comedy,1,1,3.6789814
65086,The Woman in Black,17000000,127730736,95.0,2012.0,"[{""id"": 18, ""name"": ""Drama""}, {""id"": 27, ""name"": ""Horror""}, {""id"": 53, ""name"": ""Thriller""}]",en,43.675191,6.1,1206,Released,Drama,1,1,7.513572705882353
10053,When a Stranger Calls,15000000,66966987,87.0,2006.0,"[{""id"": 27, ""name"": ""Horror""}, {""id"": 53, ""name"": ""Thriller""}]",en,4.688212,5.4,268,Released,Horror,1,1,4.4644658
11870,Big Fat Liar,15000000,52970014,88.0,2002.0,"[{""id"": 35, ""name"": ""Comedy""}, {""id"": 10751, ""name"": ""Family""}]",en,9.125594,5.6,197,Released,Comedy,1,1,3.5313342666666667
11778,The Deer Hunter,15000000,50000000,183.0,1978.0,"[{""id"": 18, ""name"": ""Drama""}, {""id"": 10752, ""name"": ""War""}]",en,19.786392,7.8,921,Released,Drama,1,1,3.3333333333333335
586,Wag the Dog,15000000,64256513,97.0,1997.0,"[{""id"": 35, ""name"": ""Comedy""}, {""id"": 18, ""name"": ""Drama""}]",en,13.581966,6.7,270,Released,Comedy,1,1,4.283767533333333
18736,The Lizzie McGuire Movie,17000000,55534455,94.0,2003.0,"[{""id"": 10751, ""name"": ""Family""}, {""id"": 35, ""name"": ""Comedy""}]",en,11.927667,5.7,280,Released,Family,1,1,3.2667326470588236
134411,Snitch,35000000,42930462,112.0,2013.0,"[{""id"": 53, ""name"": ""Thriller""}, {""id"": 18, ""name"": ""Drama""}]",en,30.556135,5.8,1138,Released,Thriller,1,1,1.2265846285714286
287903,Krampus,15000000,61548707,98.0,2015.0,"[{""id"": 27, ""name"": ""Horror""}, {""id"": 35, ""name"": ""Comedy""}, {""id"": 14, ""name"": ""Fantasy""}]",en,31.565117,5.9,584,Released,Horror,1,1,4.103247133333333
9276,The Faculty,15000000,40283321,104.0,1998.0,"[{""id"": 27, ""name"": ""Horror""}, {""id"": 9648, ""name"": ""Mystery""}, {""id"": 878, ""name"": ""Science Fiction""}]",en,21.535126,6.2,492,Released,Horror,1,1,2.6855547333333334
2142,Cop Land,15000000,44862187,104.0,1997.0,"[{""id"": 28, ""name"": ""Action""}, {""id"": 80, ""name"": ""Crime""}, {""id"": 18, ""name"": ""Drama""}]",en,19.284129,6.6,382,Released,Action,1,1,2.9908124666666667
11397,Not Another Teen Movie,16000000,66468332,89.0,2001.0,"[{""id"": 35, ""name"": ""Comedy""}]",en,23.423082,5.5,431,Released,Comedy,1,1,4.15427075
77016,End of Watch,7000000,48126384,109.0,2012.0,"[{""id"": 80, ""name"": ""Crime""}, {""id"": 18, ""name"": ""Drama""}, {""id"": 53, ""name"": ""Thriller""}]",en,49.517264,7.2,1170,Released,Crime,1,1,6.875197714285714
11478,The Skulls,15000000,35007180,106.0,2000.0,"[{""id"": 80, ""name"": ""Crime""}, {""id"": 18, ""name"": ""Drama""}, {""id"": 53, ""name"": ""Thriller""}]",en,11.375032,5.8,156,Released,Crime,1,1,2.333812
266856,The Theory of Everything,15000000,123726688,123.0,2014.0,"[{""id"": 18, ""name"": ""Drama""}, {""id"": 10749, ""name"": ""Romance""}]",en,61.182331,7.8,3311,Released,Drama,1,1,8.248445866666666
10564,Where the Heart Is,15000000,33771174,120.0,2000.0,"[{""id"": 35, ""name"": ""Comedy""}, {""id"": 18, ""name"": ""Drama""}, {""id"": 10749, ""name"": ""Romance""}]",en,6.857923,6.9,155,Released,Comedy,1,1,2.2514116
947,Lawrence of Arabia,15000000,69995385,216.0,1962.0,"[{""id"": 12, ""name"": ""Adventure""}, {""id"": 18, ""name"": ""Drama""}, {""id"": 36, ""name"": ""History""}, {""id"": 10752, ""name"": ""War""}]",en,41.286336,7.8,851,Released,Adventure,1,1,4.666359
24150,Halloween II,15000000,39421467,105.0,2009.0,"[{""id"": 27, ""name"": ""Horror""}]",en,12.929525,5.1,267,Released,Horror,1,1,2.6280978
228970,Wild,15000000,52501541,115.0,2014.0,"[{""id"": 18, ""name"": ""Drama""}]",en,42.952942,7.0,951,Released,Drama,1,1,3.500102733333333
18405,The Last House on the Left,15000000,32721635,110.0,2009.0,"[{""id"": 80, ""name"": ""Crime""}, {""id"": 53, ""name"": ""Thriller""}, {""id"": 27, ""name"": ""Horror""}, {""id"": 18, ""name"": ""Drama""}]",en,19.760383,6.2,440,Released,Crime,1,1,2.1814423333333335
6961,The Wedding Date,15000000,47175038,88.0,2005.0,"[{""id"": 35, ""name"": ""Comedy""}, {""id"": 10749, ""name"": ""Romance""}]",en,10.194097,6.2,230,Released,Comedy,1,1,3.1450025333333333
11442,Halloween: Resurrection,13000000,37664855,94.0,2002.0,"[{""id"": 27, ""name"": ""Horror""}, {""id"": 53, ""name"": ""Thriller""}]",en,11.045593,4.5,228,Released,Horror,1,1,2.8972965384615383
2493,The Princess Bride,16000000,30857814,98.0,1987.0,"[{""id"": 12, ""name"": ""Adventure""}, {""id"": 10751, ""name"": ""Family""}, {""id"": 14, ""name"": ""Fantasy""}, {""id"": 35, ""name"": ""Comedy""}, {""id"": 10749, ""name"": ""Romance""}]",en,44.533612,7.6,1486,Released,Adventure,1,1,1.928613375
14047,The Great Debaters,15000000,30226144,126.0,2007.0,"[{""id"": 18, ""name"": ""Drama""}]",en,10.84158,6.9,151,Released,Drama,1,1,2.0150762666666666
64690,Drive,15000000,78054825,100.0,2011.0,"[{""id"": 18, ""name"": ""Drama""}, {""id"": 28, ""name"": ""Action""}, {""id"": 53, ""name"": ""Thriller""}, {""id"": 80, ""name"": ""Crime""}]",en,49.294864,7.4,3725,Released,Drama,1,1,5.203655
11132,Confessions of a Teenage Drama Queen,15000000,29331068,89.0,2004.0,"[{""id"": 35, ""name"": ""Comedy""}]",en,7.424798,5.1,221,Released,Comedy,1,1,1.9554045333333334
17127,The Object of My Affection,15000000,46905889,111.0,1998.0,"[{""id"": 35, ""name"": ""Comedy""}, {""id"": 18, ""name"": ""Drama""}, {""id"": 10749, ""name"": ""Romance""}]",en,5.164281,5.6,72,Released,Comedy,1,1,3.1270592666666666
1562,28 Weeks Later,15000000,64238440,100.0,2007.0,"[{""id"": 27, ""name"": ""Horror""}, {""id"": 53, ""name"": ""Thriller""}, {""id"": 878, ""name"": ""Science Fiction""}]",en,34.759855,6.5,1197,Released,Horror,1,1,4.282562666666666
232679,When the Game Stands Tall,15000000,30127963,115.0,2014.0,"[{""id"": 18, ""name"": ""Drama""}]",en,7.297757,6.3,130,Released,Drama,1,1,2.008530866666667
17880,Because of Winn-Dixie,14000000,32645546,106.0,2005.0,"[{""id"": 35, ""name"": ""Comedy""}, {""id"": 18, ""name"": ""Drama""}, {""id"": 10751, ""name"": ""Family""}]",en,3.334804,6.1,61,Released,Comedy,1,1,2.3318247142857143
14736,Love & Basketball,20000000,27728118,124.0,2000.0,"[{""id"": 28, ""name"": ""Action""}, {""id"": 35, ""name"": ""Comedy""}, {""id"": 18, ""name"": ""Drama""}, {""id"": 10749, ""name"": ""Romance""}]",en,2.027393,7.4,88,Released,Action,1,1,1.3864059
23706,All About Steve,15000000,40105542,99.0,2009.0,"[{""id"": 35, ""name"": ""Comedy""}]",en,13.237835,4.7,295,Released,Comedy,1,1,2.6737028
9100,The Craft,15000000,24769466,101.0,1996.0,"[{""id"": 18, ""name"": ""Drama""}, {""id"": 14, ""name"": ""Fantasy""}, {""id"": 27, ""name"": ""Horror""}, {""id"": 53, ""name"": ""Thriller""}]",en,19.517239,6.3,380,Released,Drama,1,1,1.6512977333333334
116,Match Point,15000000,85306374,124.0,2005.0,"[{""id"": 18, ""name"": ""Drama""}, {""id"": 53, ""name"": ""Thriller""}, {""id"": 80, ""name"": ""Crime""}, {""id"": 10749, ""name"": ""Romance""}]",en,30.669913,7.3,1105,Released,Drama,1,1,5.6870916
1245,The Remains of the Day,11500000,23237911,134.0,1993.0,"[{""id"": 18, ""name"": ""Drama""}, {""id"": 10749, ""name"": ""Romance""}]",en,15.355589,7.5,202,Released,Drama,1,1,2.0206879130434783
4995,Boogie Nights,15000000,43101594,155.0,1997.0,"[{""id"": 18, ""name"": ""Drama""}]",en,19.85579,7.5,796,Released,Drama,1,1,2.8734396
14012,Flicka,15000000,21000000,95.0,2006.0,"[{""id"": 18, ""name"": ""Drama""}]",en,3.043589,6.1,52,Released,Drama,1,1,1.4
12212,Urban Legends: Final Cut,14000000,38574362,97.0,2000.0,"[{""id"": 27, ""name"": ""Horror""}]",en,8.885017,4.4,100,Released,Horror,1,1,2.7553115714285714
8975,The Marine,20000000,22165608,92.0,2006.0,"[{""id"": 28, ""name"": ""Action""}, {""id"": 12, ""name"": ""Adventure""}, {""id"": 18, ""name"": ""Drama""}, {""id"": 53, ""name"": ""Thriller""}]",en,7.679336,5.0,163,Released,Action,1,1,1.1082804
342521,Keanu,15000000,20566327,94.0,2016.0,"[{""id"": 28, ""name"": ""Action""}, {""id"": 35, ""name"": ""Comedy""}]",en,18.268009,6.0,421,Released,Action,1,1,1.3710884666666667
45272,Country Strong,15000000,20529194,117.0,2010.0,"[{""id"": 18, ""name"": ""Drama""}, {""id"": 10749, ""name"": ""Romance""}]",en,7.809701,5.9,80,Released,Drama,1,1,1.3686129333333332
9424,Disturbing Behavior,15000000,17507368,84.0,1998.0,"[{""id"": 9648, ""name"": ""Mystery""}, {""id"": 27, ""name"": ""Horror""}, {""id"": 878, ""name"": ""Science Fiction""}]",en,9.378688,5.5,104,Released,Mystery,1,1,1.1671578666666667
97367,The Place Beyond the Pines,15000000,35485608,140.0,2013.0,"[{""id"": 18, ""name"": ""Drama""}, {""id"": 80, ""name"": ""Crime""}]",en,35.395129,6.8,1653,Released,Drama,1,1,2.3657072
254904,The November Man,15000000,32556119,108.0,2014.0,"[{""id"": 80, ""name"": ""Crime""}, {""id"": 28, ""name"": ""Action""}, {""id"": 53, ""name"": ""Thriller""}]",en,45.317278,6.0,639,Released,Crime,1,1,2.1704079333333333
12162,The Hurt Locker,15000000,42000000,131.0,2008.0,"[{""id"": 18, ""name"": ""Drama""}, {""id"": 53, ""name"": ""Thriller""}, {""id"": 10752, ""name"": ""War""}]",en,47.006162,7.2,1840,Released,Drama,1,1,2.8
11495,Firestarter,15000000,17080167,114.0,1984.0,"[{""id"": 14, ""name"": ""Fantasy""}, {""id"": 18, ""name"": ""Drama""}, {""id"": 27, ""name"": ""Horror""}, {""id"": 28, ""name"": ""Action""}, {""id"": 53, ""name"": ""Thriller""}]",en,11.379652,5.9,173,Released,Fantasy,1,1,1.1386778
64689,Killing Them Softly,15000000,37930465,97.0,2012.0,"[{""id"": 80, ""name"": ""Crime""}, {""id"": 53, ""name"": ""Thriller""}]",en,24.612603,5.8,742,Released,Crime,1,1,2.5286976666666665
157849,A Most Wanted Man,15000000,31554855,121.0,2014.0,"[{""id"": 53, ""name"": ""Thriller""}]",en,26.708193,6.5,541,Released,Thriller,1,1,2.103657
37003,U2 3D,15000000,22730842,85.0,2007.0,"[{""id"": 10402, ""name"": ""Music""}, {""id"": 99, ""name"": ""Documentary""}]",en,0.335195,6.7,10,Released,Music,1,1,1.5153894666666667
12211,Highlander: Endgame,25000000,15843608,87.0,2000.0,"[{""id"": 28, ""name"": ""Action""}, {""id"": 14, ""name"": ""Fantasy""}, {""id"": 878, ""name"": ""Science Fiction""}]",en,11.782725,4.4,104,Released,Action,1,1,0.63374432
51828,One Day,15000000,59389433,107.0,2011.0,"[{""id"": 18, ""name"": ""Drama""}, {""id"": 10749, ""name"": ""Romance""}]",en,16.629173,7.0,978,Released,Drama,1,1,3.9592955333333335
22798,Whip It,15000000,16633035,111.0,2009.0,"[{""id"": 18, ""name"": ""Drama""}]",en,20.05902,6.7,357,Released,Drama,1,1,1.108869
7501,Knockaround Guys,15000000,12000000,92.0,2001.0,"[{""id"": 80, ""name"": ""Crime""}, {""id"": 53, ""name"": ""Thriller""}]",en,8.113634,5.9,97,Released,Crime,1,1,0.8
97430,The Man with the Iron Fists,15000000,15608545,96.0,2012.0,"[{""id"": 28, ""name"": ""Action""}]",en,17.672021,5.2,358,Released,Action,1,1,1.0405696666666666
12257,Home Fries,15000000,10443316,93.0,1998.0,"[{""id"": 18, ""name"": ""Drama""}, {""id"": 35, ""name"": ""Comedy""}, {""id"": 10749, ""name"": ""Romance""}]",en,3.033471,4.8,32,Released,Drama,1,1,0.6962210666666667
14024,Raise Your Voice,15000000,14867514,103.0,2004.0,"[{""id"": 10402, ""name"": ""Music""}, {""id"": 18, ""name"": ""Drama""}, {""id"": 10749, ""name"": ""Romance""}]",en,10.9071,6.0,211,Released,Music,1,1,0.9911676
115,The Big Lebowski,15000000,46189568,117.0,1998.0,"[{""id"": 35, ""name"": ""Comedy""}, {""id"": 80, ""name"": ""Crime""}]",en,49.230089,7.8,2926,Released,Comedy,1,1,3.0793045333333335
7874,Black Snake Moan,15000000,10903846,116.0,2006.0,"[{""id"": 18, ""name"": ""Drama""}]",en,11.429607,6.6,243,Released,Drama,1,1,0.7269230666666666
4911,Dark Blue,15000000,9237470,118.0,2002.0,"[{""id"": 28, ""name"": ""Action""}, {""id"": 80, ""name"": ""Crime""}, {""id"": 18, ""name"": ""Drama""}, {""id"": 53, ""name"": ""Thriller""}]",en,6.373316,6.5,85,Released,Action,1,1,0.6158313333333333
1988,A Mighty Heart,16000000,18928871,100.0,2007.0,"[{""id"": 18, ""name"": ""Drama""}, {""id"": 53, ""name"": ""Thriller""}]",en,9.717392,6.7,95,Released,Drama,1,1,1.1830544375
16222,Whatever It Takes,15000000,9902115,94.0,2000.0,"[{""id"": 18, ""name"": ""Drama""}, {""id"": 35, ""name"": ""Comedy""}, {""id"": 10749, ""name"": ""Romance""}]",en,8.074807,5.0,37,Released,Drama,1,1,0.660141
9557,Boat Trip,20000000,8586376,94.0,2002.0,"[{""id"": 35, ""name"": ""Comedy""}]",en,7.034752,4.7,146,Released,Comedy,1,1,0.4293188
8321,In Bruges,15000000,34533783,107.0,2008.0,"[{""id"": 35, ""name"": ""Comedy""}, {""id"": 18, ""name"": ""Drama""}, {""id"": 80, ""name"": ""Crime""}]",en,25.329493,7.4,1388,Released,Comedy,1,1,2.3022522
10186,The Rocker,15000000,8762890,102.0,2008.0,"[{""id"": 35, ""name"": ""Comedy""}, {""id"": 10402, ""name"": ""Music""}]",en,13.832376,5.6,156,Released,Comedy,1,1,0.5841926666666667
25704,Post Grad,15000000,6405245,89.0,2009.0,"[{""id"": 35, ""name"": ""Comedy""}]",en,7.446069,5.0,100,Released,Comedy,1,1,0.42701633333333333
133694,Promised Land,15000000,8138788,106.0,2012.0,"[{""id"": 18, ""name"": ""Drama""}]",en,13.568302,6.0,243,Released,Drama,1,1,0.5425858666666666
19265,Whatever Works,15000000,35097815,92.0,2009.0,"[{""id"": 35, ""name"": ""Comedy""}, {""id"": 10749, ""name"": ""Romance""}]",en,21.857387,6.8,350,Released,Comedy,1,1,2.3398543333333333
36047,The In Crowd,15000000,5217498,105.0,2000.0,"[{""id"": 53, ""name"": ""Thriller""}]",en,0.249245,4.7,15,Released,Thriller,1,1,0.3478332
8053,The Three Burials of Melquiades Estrada,15000000,12036149,121.0,2005.0,"[{""id"": 12, ""name"": ""Adventure""}, {""id"": 80, ""name"": ""Crime""}, {""id"": 18, ""name"": ""Drama""}, {""id"": 9648, ""name"": ""Mystery""}, {""id"": 37, ""name"": ""Western""}]",en,12.163832,7.0,177,Released,Adventure,1,1,0.8024099333333333
5236,Kiss Kiss Bang Bang,15000000,15785148,103.0,2005.0,"[{""id"": 28, ""name"": ""Action""}, {""id"": 35, ""name"": ""Comedy""}, {""id"": 80, ""name"": ""Crime""}, {""id"": 9648, ""name"": ""Mystery""}]",en,32.690038,7.2,886,Released,Action,1,1,1.0523432
6552,Idle Hands,25000000,4152230,92.0,1999.0,"[{""id"": 53, ""name"": ""Thriller""}, {""id"": 35, ""name"": ""Comedy""}, {""id"": 27, ""name"": ""Horror""}]",en,8.583217,6.1,182,Released,Thriller,1,1,0.1660892
1018,Mulholland Drive,15000000,20117339,147.0,2001.0,"[{""id"": 53, ""name"": ""Thriller""}, {""id"": 18, ""name"": ""Drama""}, {""id"": 9648, ""name"": ""Mystery""}]",en,31.60985,7.6,1477,Released,Thriller,1,1,1.3411559333333334
42188,Never Let Me Go,15000000,9455232,104.0,2010.0,"[{""id"": 18, ""name"": ""Drama""}, {""id"": 10749, ""name"": ""Romance""}, {""id"": 878, ""name"": ""Science Fiction""}]",en,30.983397,6.8,737,Released,Drama,1,1,0.6303488
6687,Transsiberian,15000000,5926410,111.0,2008.0,"[{""id"": 53, ""name"": ""Thriller""}, {""id"": 80, ""name"": ""Crime""}, {""id"": 9648, ""name"": ""Mystery""}]",en,11.428903,6.5,195,Released,Thriller,1,1,0.395094
8461,Funny Games,15000000,7938872,112.0,2007.0,"[{""id"": 27, ""name"": ""Horror""}, {""id"": 53, ""name"": ""Thriller""}, {""id"": 80, ""name"": ""Crime""}]",en,15.175289,6.3,545,Released,Horror,1,1,0.5292581333333334
19,Metropolis,92620000,650422,153.0,1927.0,"[{""id"": 18, ""name"": ""Drama""}, {""id"": 878, ""name"": ""Science Fiction""}]",de,32.351527,8.0,657,Released,Drama,1,1,0.007022478946231915
10045,District B13,12000000,9584131,84.0,2004.0,"[{""id"": 28, ""name"": ""Action""}, {""id"": 53, ""name"": ""Thriller""}, {""id"": 878, ""name"": ""Science Fiction""}]",fr,17.493735,6.5,565,Released,Action,1,1,0.7986775833333334
400,Things to Do in Denver When You're Dead,8000000,529766,116.0,1995.0,"[{""id"": 18, ""name"": ""Drama""}, {""id"": 80, ""name"": ""Crime""}]",en,6.932221,6.7,85,Released,Drama,1,1,0.06622075
253450,The Assassin,15000000,632542,105.0,2015.0,"[{""id"": 28, ""name"": ""Action""}, {""id"": 18, ""name"": ""Drama""}, {""id"": 36, ""name"": ""History""}]",zh,8.142166,6.6,157,Released,Action,1,1,0.04216946666666667
16353,Ong Bak 2,8500000,8936663,98.0,2008.0,"[{""id"": 12, ""name"": ""Adventure""}, {""id"": 28, ""name"": ""Action""}, {""id"": 53, ""name"": ""Thriller""}]",th,9.029489,6.0,152,Released,Adventure,1,1,1.0513721176470587
23759,Centurion,12000000,6814789,97.0,2010.0,"[{""id"": 12, ""name"": ""Adventure""}, {""id"": 28, ""name"": ""Action""}, {""id"": 18, ""name"": ""Drama""}]",en,22.708647,5.9,386,Released,Adventure,1,1,0.5678990833333334
24206,Silent Trigger,15000000,76382,93.0,1996.0,"[{""id"": 18, ""name"": ""Drama""}, {""id"": 28, ""name"": ""Action""}, {""id"": 53, ""name"": ""Thriller""}]",en,2.609057,5.0,22,Released,Drama,1,1,0.005092133333333334
10185,The Midnight Meat Train,15000000,3533227,98.0,2008.0,"[{""id"": 9648, ""name"": ""Mystery""}, {""id"": 18, ""name"": ""Drama""}, {""id"": 80, ""name"": ""Crime""}, {""id"": 53, ""name"": ""Thriller""}, {""id"": 27, ""name"": ""Horror""}]",en,19.913961,6.0,290,Released,Mystery,1,1,0.23554846666666668
31668,All The Queen's Men,15000000,23000,99.0,2001.0,"[{""id"": 28, ""name"": ""Action""}, {""id"": 35, ""name"": ""Comedy""}, {""id"": 18, ""name"": ""Drama""}, {""id"": 36, ""name"": ""History""}]",en,1.833058,6.1,7,Released,Action,1,1,0.0015333333333333334
13501,The Good Night,15000000,20380,93.0,2007.0,"[{""id"": 35, ""name"": ""Comedy""}, {""id"": 18, ""name"": ""Drama""}, {""id"": 10749, ""name"": ""Romance""}, {""id"": 14, ""name"": ""Fantasy""}, {""id"": 10402, ""name"": ""Music""}]",en,12.185204,5.7,41,Released,Comedy,1,1,0.0013586666666666667
172391,Khumba,20000000,27187375,85.0,2013.0,"[{""id"": 16, ""name"": ""Animation""}, {""id"": 12, ""name"": ""Adventure""}, {""id"": 10751, ""name"": ""Family""}]",en,6.459787,5.8,72,Released,Animation,1,1,1.35936875
137,Groundhog Day,14600000,70906973,101.0,1993.0,"[{""id"": 10749, ""name"": ""Romance""}, {""id"": 14, ""name"": ""Fantasy""}, {""id"": 18, ""name"": ""Drama""}, {""id"": 35, ""name"": ""Comedy""}]",en,52.744331,7.4,2301,Released,Romance,1,1,4.85664198630137
264999,Magic Mike XXL,14800000,122513057,115.0,2015.0,"[{""id"": 35, ""name"": ""Comedy""}, {""id"": 18, ""name"": ""Drama""}, {""id"": 10402, ""name"": ""Music""}]",en,29.660993,6.3,706,Released,Comedy,1,1,8.277909256756757
454,Romeo + Juliet,14500000,147298761,120.0,1996.0,"[{""id"": 18, ""name"": ""Drama""}, {""id"": 10749, ""name"": ""Romance""}]",en,41.493042,6.7,1374,Released,Drama,1,1,10.15853524137931
53457,Sarah's Key,10000000,17511906,111.0,2010.0,"[{""id"": 18, ""name"": ""Drama""}, {""id"": 10752, ""name"": ""War""}]",fr,10.072199,7.2,196,Released,Drama,1,1,1.7511906
33,Unforgiven,14000000,159157447,131.0,1992.0,"[{""id"": 37, ""name"": ""Western""}]",en,37.380435,7.7,1113,Released,Western,1,1,11.368389071428572
1951,Manderlay,14200000,674918,139.0,2005.0,"[{""id"": 18, ""name"": ""Drama""}]",da,7.05145,6.9,78,Released,Drama,1,1,0.04752943661971831
12405,Slumdog Millionaire,15000000,377910544,120.0,2008.0,"[{""id"": 18, ""name"": ""Drama""}, {""id"": 10749, ""name"": ""Romance""}]",en,59.258969,7.6,2827,Released,Drama,1,1,25.194036266666668
10998,Fatal Attraction,14000000,320145693,119.0,1987.0,"[{""id"": 18, ""name"": ""Drama""}, {""id"": 10749, ""name"": ""Romance""}, {""id"": 53, ""name"": ""Thriller""}]",en,16.742972,6.6,291,Released,Drama,1,1,22.8675495
114,Pretty Woman,14000000,463000000,119.0,1990.0,"[{""id"": 10749, ""name"": ""Romance""}, {""id"": 35, ""name"": ""Comedy""}]",en,45.473484,7.0,1746,Released,Romance,1,1,33.07142857142857
2604,Born on the Fourth of July,14000000,161001698,145.0,1989.0,"[{""id"": 18, ""name"": ""Drama""}, {""id"": 10752, ""name"": ""War""}]",en,25.949277,6.7,395,Released,Drama,1,1,11.500121285714286
864,Cool Runnings,14000000,154864401,98.0,1993.0,"[{""id"": 35, ""name"": ""Comedy""}]",en,22.409117,6.8,491,Released,Comedy,1,1,11.061742928571428
14435,My Bloody Valentine,15000000,100734718,101.0,2009.0,"[{""id"": 9648, ""name"": ""Mystery""}, {""id"": 27, ""name"": ""Horror""}]",en,13.706357,5.3,299,Released,Mystery,1,1,6.715647866666667
1931,Stomp the Yard,13000000,75511123,114.0,2007.0,"[{""id"": 18, ""name"": ""Drama""}, {""id"": 10402, ""name"": ""Music""}]",en,6.92205,6.1,88,Released,Drama,1,1,5.808547923076923
691,The Spy Who Loved Me,14000000,185438673,125.0,1977.0,"[{""id"": 12, ""name"": ""Adventure""}, {""id"": 28, ""name"": ""Action""}, {""id"": 53, ""name"": ""Thriller""}]",en,27.17347,6.6,507,Released,Adventure,1,1,13.2456195
9877,Urban Legend,14000000,72527595,99.0,1998.0,"[{""id"": 27, ""name"": ""Horror""}, {""id"": 53, ""name"": ""Thriller""}]",en,12.159009,5.6,290,Released,Horror,1,1,5.1805425
12227,White Fang,14000000,34793160,107.0,1991.0,"[{""id"": 28, ""name"": ""Action""}, {""id"": 12, ""name"": ""Adventure""}, {""id"": 18, ""name"": ""Drama""}, {""id"": 10751, ""name"": ""Family""}]",en,13.13724,6.5,135,Released,Action,1,1,2.4852257142857144
71688,The Iron Lady,13000000,114956699,105.0,2011.0,"[{""id"": 36, ""name"": ""History""}, {""id"": 18, ""name"": ""Drama""}]",en,23.3784,6.2,527,Released,History,1,1,8.842823
8291,Poetic Justice,14000000,27515786,109.0,1993.0,"[{""id"": 18, ""name"": ""Drama""}, {""id"": 10749, ""name"": ""Romance""}]",en,3.650857,6.9,47,Released,Drama,1,1,1.9654132857142856
13950,All About the Benjamins,14000000,25482931,95.0,2002.0,"[{""id"": 28, ""name"": ""Action""}, {""id"": 12, ""name"": ""Adventure""}, {""id"": 35, ""name"": ""Comedy""}]",en,5.102258,5.8,48,Released,Action,1,1,1.8202093571428573
12158,Vampire in Brooklyn,14000000,19800000,100.0,1995.0,"[{""id"": 35, ""name"": ""Comedy""}, {""id"": 27, ""name"": ""Horror""}, {""id"": 10749, ""name"": ""Romance""}]",en,6.772615,4.5,111,Released,Comedy,1,1,1.4142857142857144
11586,Exorcist II: The Heretic,14000000,30749142,118.0,1977.0,"[{""id"": 27, ""name"": ""Horror""}, {""id"": 53, ""name"": ""Thriller""}, {""id"": 14, ""name"": ""Fantasy""}]",en,11.543363,4.5,133,Released,Horror,1,1,2.1963672857142855
12403,A Perfect Getaway,14000000,22852638,98.0,2009.0,"[{""id"": 53, ""name"": ""Thriller""}, {""id"": 9648, ""name"": ""Mystery""}, {""id"": 12, ""name"": ""Adventure""}]",en,20.792603,6.2,351,Released,Thriller,1,1,1.6323312857142858
34563,Our Family Wedding,14000000,21409028,103.0,2010.0,"[{""id"": 35, ""name"": ""Comedy""}]",en,6.733485,5.7,39,Released,Comedy,1,1,1.5292162857142857
10368,Tea with Mussolini,12000000,21001563,117.0,1999.0,"[{""id"": 35, ""name"": ""Comedy""}, {""id"": 18, ""name"": ""Drama""}, {""id"": 10752, ""name"": ""War""}]",en,2.238646,5.8,32,Released,Comedy,1,1,1.75013025
14434,I Think I Love My Wife,11000000,13196245,90.0,2007.0,"[{""id"": 35, ""name"": ""Comedy""}, {""id"": 10749, ""name"": ""Romance""}]",en,4.536745,5.0,55,Released,Comedy,1,1,1.1996586363636363
11470,Jason X,11000000,16951798,91.0,2001.0,"[{""id"": 27, ""name"": ""Horror""}, {""id"": 878, ""name"": ""Science Fiction""}]",en,11.220643,4.5,291,Released,Horror,1,1,1.5410725454545455
24940,Head Over Heels,14000000,10424470,86.0,2001.0,"[{""id"": 35, ""name"": ""Comedy""}, {""id"": 10749, ""name"": ""Romance""}]",en,4.66723,5.3,73,Released,Comedy,1,1,0.744605
82679,Fun Size,14000000,11417362,87.0,2012.0,"[{""id"": 35, ""name"": ""Comedy""}]",en,7.487843,5.5,134,Released,Comedy,1,1,0.8155258571428572
2013,The Diving Bell and the Butterfly,14000000,19777647,112.0,2007.0,"[{""id"": 18, ""name"": ""Drama""}]",fr,13.65494,7.4,283,Released,Drama,1,1,1.4126890714285714
1440,Little Children,26000000,14821658,136.0,2006.0,"[{""id"": 10749, ""name"": ""Romance""}, {""id"": 18, ""name"": ""Drama""}]",en,11.942862,6.9,240,Released,Romance,1,1,0.5700637692307692
18041,Gossip,14000000,5108820,90.0,2000.0,"[{""id"": 18, ""name"": ""Drama""}, {""id"": 9648, ""name"": ""Mystery""}, {""id"": 53, ""name"": ""Thriller""}]",en,5.833687,5.5,68,Released,Drama,1,1,0.3649157142857143
87729,Jefferson in Paris,14000000,2474000,139.0,1995.0,"[{""id"": 18, ""name"": ""Drama""}, {""id"": 10749, ""name"": ""Romance""}]",en,0.900442,5.2,10,Released,Drama,1,1,0.1767142857142857
44754,Margaret,14000000,46495,149.0,2011.0,"[{""id"": 18, ""name"": ""Drama""}]",en,4.898424,6.1,86,Released,Drama,1,1,0.0033210714285714284
43949,Flipped,14000000,1755212,89.0,2010.0,"[{""id"": 10749, ""name"": ""Romance""}, {""id"": 18, ""name"": ""Drama""}]",en,24.210698,7.4,418,Released,Romance,1,1,0.12537228571428571
142,Brokeback Mountain,14000000,178043761,134.0,2005.0,"[{""id"": 18, ""name"": ""Drama""}, {""id"": 10749, ""name"": ""Romance""}]",en,44.135568,7.5,1480,Released,Drama,1,1,12.7174115
10712,Far from Heaven,13500000,29027914,107.0,2002.0,"[{""id"": 18, ""name"": ""Drama""}, {""id"": 10749, ""name"": ""Romance""}]",en,9.982885,6.9,144,Released,Drama,1,1,2.150215851851852
243938,Hot Tub Time Machine 2,14000000,12314651,93.0,2015.0,"[{""id"": 35, ""name"": ""Comedy""}]",en,16.618874,5.0,354,Released,Comedy,1,1,0.8796179285714286
10876,Quills,13500000,7060876,124.0,2000.0,"[{""id"": 18, ""name"": ""Drama""}]",en,7.261196,6.8,128,Released,Drama,1,1,0.5230278518518519
86838,Seven Psychopaths,15000000,19422261,110.0,2012.0,"[{""id"": 35, ""name"": ""Comedy""}, {""id"": 80, ""name"": ""Crime""}]",en,32.306455,6.7,1206,Released,Comedy,1,1,1.2948174
613,Downfall,18339750,92180910,156.0,2004.0,"[{""id"": 18, ""name"": ""Drama""}, {""id"": 36, ""name"": ""History""}, {""id"": 10752, ""name"": ""War""}]",de,32.445895,7.7,1037,Released,Drama,1,1,5.026290434711488
1913,The Sea Inside,12806000,38535221,125.0,2004.0,"[{""id"": 18, ""name"": ""Drama""}]",es,17.363739,7.2,219,Released,Drama,1,1,3.0091535998750585
97370,Under the Skin,13300000,5380251,108.0,2014.0,"[{""id"": 53, ""name"": ""Thriller""}, {""id"": 878, ""name"": ""Science Fiction""}, {""id"": 18, ""name"": ""Drama""}]",en,29.782161,6.0,1102,Released,Thriller,1,1,0.40453015037593987
801,"Good Morning, Vietnam",13000000,123922370,121.0,1987.0,"[{""id"": 35, ""name"": ""Comedy""}, {""id"": 18, ""name"": ""Drama""}, {""id"": 10752, ""name"": ""War""}]",en,18.362333,7.1,642,Released,Comedy,1,1,9.53249
70829,The Last Godfather,13400000,16700000,100.0,2010.0,"[{""id"": 28, ""name"": ""Action""}, {""id"": 35, ""name"": ""Comedy""}, {""id"": 53, ""name"": ""Thriller""}]",en,0.680753,4.7,7,Released,Action,1,1,1.2462686567164178
54518,Justin Bieber: Never Say Never,13000000,98441954,105.0,2011.0,"[{""id"": 99, ""name"": ""Documentary""}, {""id"": 10402, ""name"": ""Music""}, {""id"": 10751, ""name"": ""Family""}]",en,6.735922,4.8,154,Released,Documentary,1,1,7.572458
44214,Black Swan,13000000,327803731,108.0,2010.0,"[{""id"": 18, ""name"": ""Drama""}, {""id"": 53, ""name"": ""Thriller""}]",en,91.285683,7.3,4430,Released,Drama,1,1,25.215671615384615
240,The Godfather: Part II,13000000,47542841,200.0,1974.0,"[{""id"": 18, ""name"": ""Drama""}, {""id"": 80, ""name"": ""Crime""}]",en,105.792936,8.3,3338,Released,Drama,1,1,3.6571416153846155
9816,Save the Last Dance,13000000,91038276,112.0,2001.0,"[{""id"": 18, ""name"": ""Drama""}, {""id"": 10751, ""name"": ""Family""}, {""id"": 10749, ""name"": ""Romance""}, {""id"": 10402, ""name"": ""Music""}]",en,9.969624,6.3,352,Released,Drama,1,1,7.0029443076923075
10131,A Nightmare on Elm Street 4: The Dream Master,7000000,72500000,99.0,1988.0,"[{""id"": 27, ""name"": ""Horror""}, {""id"": 53, ""name"": ""Thriller""}]",en,17.113408,5.8,281,Released,Horror,1,1,10.357142857142858
339984,Miracles from Heaven,16000000,77000000,117.0,2016.0,"[{""id"": 18, ""name"": ""Drama""}]",en,10.248439,6.7,186,Released,Drama,1,1,4.8125
8859,"Dude, Where’s My Car?",13000000,73180723,83.0,2000.0,"[{""id"": 35, ""name"": ""Comedy""}]",en,25.316146,5.2,509,Released,Comedy,1,1,5.629286384615384
11967,Young Guns,13000000,44726644,107.0,1988.0,"[{""id"": 80, ""name"": ""Crime""}, {""id"": 28, ""name"": ""Action""}, {""id"": 12, ""name"": ""Adventure""}, {""id"": 18, ""name"": ""Drama""}, {""id"": 37, ""name"": ""Western""}]",en,9.499325,6.6,258,Released,Crime,1,1,3.440511076923077
239563,St. Vincent,13000000,54837234,102.0,2014.0,"[{""id"": 35, ""name"": ""Comedy""}]",en,43.791745,7.1,763,Released,Comedy,1,1,4.218248769230769
222899,About Last Night,12500000,49002684,100.0,2014.0,"[{""id"": 35, ""name"": ""Comedy""}, {""id"": 10749, ""name"": ""Romance""}]",en,11.828068,6.0,210,Released,Comedy,1,1,3.92021472
4951,10 Things I Hate About You,16000000,53478166,97.0,1999.0,"[{""id"": 35, ""name"": ""Comedy""}, {""id"": 10749, ""name"": ""Romance""}, {""id"": 18, ""name"": ""Drama""}]",en,54.550275,7.3,1701,Released,Comedy,1,1,3.342385375
332567,The Shallows,17000000,119100758,86.0,2016.0,"[{""id"": 27, ""name"": ""Horror""}, {""id"": 18, ""name"": ""Drama""}, {""id"": 53, ""name"": ""Thriller""}]",en,60.829621,6.2,1567,Released,Horror,1,1,7.005926941176471
1954,The Butterfly Effect,13000000,96060858,113.0,2004.0,"[{""id"": 878, ""name"": ""Science Fiction""}, {""id"": 53, ""name"": ""Thriller""}]",en,73.307513,7.3,2060,Released,Science Fiction,1,1,7.38929676923077
22345,Baby Geniuses,12000000,36450736,97.0,1999.0,"[{""id"": 878, ""name"": ""Science Fiction""}, {""id"": 35, ""name"": ""Comedy""}, {""id"": 10751, ""name"": ""Family""}]",en,4.580081,3.3,75,Released,Science Fiction,1,1,3.037561333333333
9448,The Big Hit,13000000,27007143,91.0,1998.0,"[{""id"": 28, ""name"": ""Action""}, {""id"": 12, ""name"": ""Adventure""}, {""id"": 35, ""name"": ""Comedy""}, {""id"": 53, ""name"": ""Thriller""}]",en,6.425528,6.1,109,Released,Action,1,1,2.0774725384615387
11186,Child's Play 2,13000000,35763605,84.0,1990.0,"[{""id"": 18, ""name"": ""Drama""}, {""id"": 27, ""name"": ""Horror""}]",en,16.681567,5.8,308,Released,Drama,1,1,2.7510465384615386
136835,No Good Deed,13200000,53830415,83.0,2014.0,"[{""id"": 80, ""name"": ""Crime""}, {""id"": 53, ""name"": ""Thriller""}]",en,24.656068,5.6,181,Released,Crime,1,1,4.078061742424242
5876,The Mist,18000000,57096190,126.0,2007.0,"[{""id"": 878, ""name"": ""Science Fiction""}, {""id"": 27, ""name"": ""Horror""}, {""id"": 53, ""name"": ""Thriller""}]",en,37.104353,6.7,1399,Released,Science Fiction,1,1,3.1720105555555556
264660,Ex Machina,15000000,36869414,108.0,2015.0,"[{""id"": 18, ""name"": ""Drama""}, {""id"": 878, ""name"": ""Science Fiction""}]",en,95.130041,7.6,4737,Released,Drama,1,1,2.457960933333333
492,Being John Malkovich,13000000,22863596,112.0,1999.0,"[{""id"": 14, ""name"": ""Fantasy""}, {""id"": 18, ""name"": ""Drama""}, {""id"": 35, ""name"": ""Comedy""}]",en,27.546914,7.3,1101,Released,Fantasy,1,1,1.758738153846154
238603,Earth to Echo,13000000,45300000,89.0,2014.0,"[{""id"": 10751, ""name"": ""Family""}, {""id"": 12, ""name"": ""Adventure""}, {""id"": 878, ""name"": ""Science Fiction""}]",en,17.371327,5.7,290,Released,Family,1,1,3.4846153846153847
10691,Crazy/Beautiful,13000000,16929123,99.0,2001.0,"[{""id"": 18, ""name"": ""Drama""}, {""id"": 10749, ""name"": ""Romance""}]",en,6.130096,6.6,96,Released,Drama,1,1,1.3022402307692307
1251,Letters from Iwo Jima,19000000,68673228,141.0,2006.0,"[{""id"": 28, ""name"": ""Action""}, {""id"": 12, ""name"": ""Adventure""}, {""id"": 18, ""name"": ""Drama""}, {""id"": 10752, ""name"": ""War""}]",en,24.47248,7.2,541,Released,Action,1,1,3.6143804210526316
5172,The Astronaut Farmer,13000000,11130889,104.0,2006.0,"[{""id"": 12, ""name"": ""Adventure""}, {""id"": 35, ""name"": ""Comedy""}, {""id"": 18, ""name"": ""Drama""}, {""id"": 878, ""name"": ""Science Fiction""}]",en,6.764437,6.2,123,Released,Adventure,1,1,0.8562222307692308
58680,Woo,13000000,8026971,84.0,1998.0,"[{""id"": 35, ""name"": ""Comedy""}, {""id"": 10749, ""name"": ""Romance""}]",en,1.750054,5.5,10,Released,Comedy,1,1,0.6174593076923077
264644,Room,6000000,35401758,117.0,2015.0,"[{""id"": 18, ""name"": ""Drama""}, {""id"": 53, ""name"": ""Thriller""}]",en,66.11334,8.1,2757,Released,Drama,1,1,5.900293
11592,Serial Mom,13000000,7820688,95.0,1994.0,"[{""id"": 35, ""name"": ""Comedy""}, {""id"": 80, ""name"": ""Crime""}, {""id"": 27, ""name"": ""Horror""}, {""id"": 53, ""name"": ""Thriller""}]",en,6.170139,6.4,135,Released,Comedy,1,1,0.6015913846153846
16406,Dick,13000000,27500000,94.0,1999.0,"[{""id"": 35, ""name"": ""Comedy""}]",en,4.742537,5.7,67,Released,Comedy,1,1,2.1153846153846154
3682,54,13000000,16757163,106.0,1998.0,"[{""id"": 10402, ""name"": ""Music""}, {""id"": 18, ""name"": ""Drama""}]",en,11.880899,5.5,135,Released,Music,1,1,1.2890125384615385
107811,21 & Over,13000000,48065672,93.0,2013.0,"[{""id"": 35, ""name"": ""Comedy""}]",en,35.522027,5.7,737,Released,Comedy,1,1,3.6973593846153845
2266,"Paris, je t'aime",13000000,4857367,120.0,2006.0,"[{""id"": 18, ""name"": ""Drama""}, {""id"": 10749, ""name"": ""Romance""}]",fr,10.573191,6.8,207,Released,Drama,1,1,0.3736436153846154
144340,Admission,13000000,18000000,107.0,2013.0,"[{""id"": 35, ""name"": ""Comedy""}, {""id"": 18, ""name"": ""Drama""}, {""id"": 10749, ""name"": ""Romance""}]",en,17.632446,5.4,304,Released,Comedy,1,1,1.3846153846153846
28211,Chloe,15000000,8459458,96.0,2009.0,"[{""id"": 18, ""name"": ""Drama""}, {""id"": 53, ""name"": ""Thriller""}, {""id"": 9648, ""name"": ""Mystery""}]",en,26.373864,5.9,498,Released,Drama,1,1,0.5639638666666666
47502,Faithful,13000000,9789900,91.0,1996.0,"[{""id"": 35, ""name"": ""Comedy""}, {""id"": 80, ""name"": ""Crime""}, {""id"": 18, ""name"": ""Drama""}]",en,1.647335,4.8,4,Released,Comedy,1,1,0.7530692307692308
9950,Find Me Guilty,13000000,2636637,125.0,2006.0,"[{""id"": 18, ""name"": ""Drama""}, {""id"": 28, ""name"": ""Action""}, {""id"": 35, ""name"": ""Comedy""}, {""id"": 80, ""name"": ""Crime""}]",en,12.321302,6.5,138,Released,Drama,1,1,0.20281823076923078
84892,The Perks of Being a Wallflower,13000000,33400000,102.0,2012.0,"[{""id"": 18, ""name"": ""Drama""}, {""id"": 10749, ""name"": ""Romance""}]",en,43.444135,7.7,2968,Released,Drama,1,1,2.5692307692307694
24227,Excessive Force,3000000,1200000,87.0,1993.0,"[{""id"": 28, ""name"": ""Action""}]",en,1.279106,4.5,10,Released,Action,1,1,0.4
9672,Infamous,13000000,1151330,110.0,2006.0,"[{""id"": 18, ""name"": ""Drama""}]",en,3.680896,6.4,60,Released,Drama,1,1,0.08856384615384616
157544,The Vatican Tapes,13000000,1784763,91.0,2015.0,"[{""id"": 53, ""name"": ""Thriller""}, {""id"": 27, ""name"": ""Horror""}]",en,10.475368,4.6,243,Released,Thriller,1,1,0.13728946153846153
59678,Attack the Block,14350531,3964682,88.0,2011.0,"[{""id"": 28, ""name"": ""Action""}, {""id"": 35, ""name"": ""Comedy""}, {""id"": 878, ""name"": ""Science Fiction""}]",en,30.952377,6.3,733,Released,Action,1,1,0.2762742368209232
79777,In the Land of Blood and Honey,10000000,303877,127.0,2011.0,"[{""id"": 18, ""name"": ""Drama""}, {""id"": 10749, ""name"": ""Romance""}, {""id"": 10752, ""name"": ""War""}]",en,4.267466,5.8,45,Released,Drama,1,1,0.0303877
158011,The Call,13000000,68572378,94.0,2013.0,"[{""id"": 80, ""name"": ""Crime""}, {""id"": 53, ""name"": ""Thriller""}]",en,34.532418,6.6,1257,Released,Crime,1,1,5.274798307692308
8952,I Love You Phillip Morris,13000000,10652035,98.0,2009.0,"[{""id"": 35, ""name"": ""Comedy""}, {""id"": 18, ""name"": ""Drama""}, {""id"": 10749, ""name"": ""Romance""}]",en,19.664699,6.4,503,Released,Comedy,1,1,0.8193873076923077
62204,Quest for Fire,12000000,55260558,100.0,1981.0,"[{""id"": 12, ""name"": ""Adventure""}, {""id"": 18, ""name"": ""Drama""}]",xx,6.537986,7.1,109,Released,Adventure,1,1,4.6050465
13435,Antwone Fisher,12500000,23367586,120.0,2002.0,"[{""id"": 18, ""name"": ""Drama""}, {""id"": 10749, ""name"": ""Romance""}]",en,13.349012,6.7,137,Released,Drama,1,1,1.86940688
319,True Romance,12500000,12281551,120.0,1993.0,"[{""id"": 28, ""name"": ""Action""}, {""id"": 53, ""name"": ""Thriller""}, {""id"": 80, ""name"": ""Crime""}, {""id"": 10749, ""name"": ""Romance""}]",en,35.268557,7.5,749,Released,Action,1,1,0.98252408
9504,Glengarry Glen Ross,12500000,10725228,100.0,1992.0,"[{""id"": 80, ""name"": ""Crime""}, {""id"": 18, ""name"": ""Drama""}, {""id"": 9648, ""name"": ""Mystery""}]",en,13.939054,7.5,323,Released,Crime,1,1,0.85801824
26688,Sorority Row,12500000,27206120,101.0,2009.0,"[{""id"": 27, ""name"": ""Horror""}, {""id"": 9648, ""name"": ""Mystery""}, {""id"": 53, ""name"": ""Thriller""}]",en,8.780512,5.4,177,Released,Horror,1,1,2.1764896
6615,Lars and the Real Girl,12000000,11293663,106.0,2007.0,"[{""id"": 35, ""name"": ""Comedy""}, {""id"": 10749, ""name"": ""Romance""}, {""id"": 18, ""name"": ""Drama""}]",en,15.817096,7.1,509,Released,Comedy,1,1,0.9411385833333333
14574,The Boy in the Striped Pyjamas,12500000,20416563,94.0,2008.0,"[{""id"": 10752, ""name"": ""War""}, {""id"": 18, ""name"": ""Drama""}]",en,34.821223,7.7,1451,Released,War,1,1,1.63332504
16,Dancer in the Dark,12800000,40031879,140.0,2000.0,"[{""id"": 18, ""name"": ""Drama""}, {""id"": 80, ""name"": ""Crime""}, {""id"": 10402, ""name"": ""Music""}]",en,22.022228,7.6,377,Released,Drama,1,1,3.127490546875
21612,The Funeral,12500000,1227324,99.0,1996.0,"[{""id"": 80, ""name"": ""Crime""}, {""id"": 18, ""name"": ""Drama""}]",en,2.950618,7.3,31,Released,Crime,1,1,0.09818592
36691,Solitary Man,15000000,5024782,90.0,2009.0,"[{""id"": 35, ""name"": ""Comedy""}, {""id"": 18, ""name"": ""Drama""}, {""id"": 10749, ""name"": ""Romance""}]",en,7.497306,5.8,84,Released,Comedy,1,1,0.3349854666666667
23631,Machete,20000000,31327899,105.0,2010.0,"[{""id"": 28, ""name"": ""Action""}, {""id"": 35, ""name"": ""Comedy""}, {""id"": 53, ""name"": ""Thriller""}]",en,26.396191,6.3,1150,Released,Action,1,1,1.56639495
45324,Casino Jack,12500000,1083683,108.0,2010.0,"[{""id"": 80, ""name"": ""Crime""}, {""id"": 35, ""name"": ""Comedy""}, {""id"": 18, ""name"": ""Drama""}]",en,6.546037,6.0,94,Released,Crime,1,1,0.08669464
12144,The Land Before Time,12300000,84460846,69.0,1988.0,"[{""id"": 16, ""name"": ""Animation""}, {""id"": 12, ""name"": ""Adventure""}, {""id"": 10751, ""name"": ""Family""}]",en,28.670193,7.0,640,Released,Animation,1,1,6.866735447154472
56601,The Perfect Game,12500000,3878993,118.0,2010.0,"[{""id"": 18, ""name"": ""Drama""}, {""id"": 10751, ""name"": ""Family""}]",en,0.903529,6.3,30,Released,Drama,1,1,0.31031944
9552,The Exorcist,8000000,441306145,122.0,1973.0,"[{""id"": 18, ""name"": ""Drama""}, {""id"": 27, ""name"": ""Horror""}, {""id"": 53, ""name"": ""Thriller""}]",en,47.584643,7.5,2005,Released,Drama,1,1,55.163268125
578,Jaws,7000000,470654000,124.0,1975.0,"[{""id"": 27, ""name"": ""Horror""}, {""id"": 53, ""name"": ""Thriller""}, {""id"": 12, ""name"": ""Adventure""}]",en,50.152327,7.5,2542,Released,Horror,1,1,67.23628571428571
2105,American Pie,11000000,235483004,95.0,1999.0,"[{""id"": 35, ""name"": ""Comedy""}, {""id"": 10749, ""name"": ""Romance""}]",en,60.767168,6.4,2296,Released,Comedy,1,1,21.40754581818182
126319,Ernest & Celestine,12516654,8109160,78.0,2012.0,"[{""id"": 16, ""name"": ""Animation""}, {""id"": 35, ""name"": ""Comedy""}, {""id"": 18, ""name"": ""Drama""}, {""id"": 10751, ""name"": ""Family""}]",fr,11.103202,7.6,142,Released,Animation,1,1,0.6478696303341133
10136,The Golden Child,25000000,79817939,94.0,1986.0,"[{""id"": 28, ""name"": ""Action""}, {""id"": 12, ""name"": ""Adventure""}, {""id"": 35, ""name"": ""Comedy""}]",en,15.26213,5.6,304,Released,Action,1,1,3.19271756
67660,Think Like a Man,12000000,96070507,122.0,2012.0,"[{""id"": 35, ""name"": ""Comedy""}, {""id"": 10749, ""name"": ""Romance""}]",en,6.035152,6.9,281,Released,Comedy,1,1,8.005875583333333
10611,Barbershop,12000000,75781642,102.0,2002.0,"[{""id"": 35, ""name"": ""Comedy""}, {""id"": 18, ""name"": ""Drama""}]",en,10.297189,6.2,137,Released,Comedy,1,1,6.315136833333334
154,Star Trek II: The Wrath of Khan,12000000,96800000,113.0,1982.0,"[{""id"": 28, ""name"": ""Action""}, {""id"": 12, ""name"": ""Adventure""}, {""id"": 878, ""name"": ""Science Fiction""}, {""id"": 53, ""name"": ""Thriller""}]",en,22.434102,7.3,675,Released,Action,1,1,8.066666666666666
3049,Ace Ventura: Pet Detective,15000000,107217396,86.0,1994.0,"[{""id"": 35, ""name"": ""Comedy""}, {""id"": 9648, ""name"": ""Mystery""}]",en,41.249004,6.4,1648,Released,Comedy,1,1,7.1478264
860,WarGames,12000000,79567667,114.0,1983.0,"[{""id"": 53, ""name"": ""Thriller""}, {""id"": 878, ""name"": ""Science Fiction""}]",en,23.161754,7.0,504,Released,Thriller,1,1,6.630638916666666
9281,Witness,12000000,68706993,113.0,1985.0,"[{""id"": 80, ""name"": ""Crime""}, {""id"": 18, ""name"": ""Drama""}, {""id"": 10749, ""name"": ""Romance""}, {""id"": 53, ""name"": ""Thriller""}]",en,19.195399,7.0,375,Released,Crime,1,1,5.72558275
75674,Act of Valor,12000000,81272766,110.0,2012.0,"[{""id"": 28, ""name"": ""Action""}, {""id"": 53, ""name"": ""Thriller""}, {""id"": 10752, ""name"": ""War""}]",en,21.958055,6.3,417,Released,Action,1,1,6.7727305
9762,Step Up,12000000,114194847,104.0,2006.0,"[{""id"": 10402, ""name"": ""Music""}, {""id"": 18, ""name"": ""Drama""}, {""id"": 10749, ""name"": ""Romance""}, {""id"": 80, ""name"": ""Crime""}]",en,45.477802,6.7,1060,Released,Music,1,1,9.51623725
184,Jackie Brown,12000000,39673162,154.0,1997.0,"[{""id"": 35, ""name"": ""Comedy""}, {""id"": 80, ""name"": ""Crime""}, {""id"": 10749, ""name"": ""Romance""}]",en,40.631671,7.3,1514,Released,Comedy,1,1,3.306096833333333
13335,Harold & Kumar Escape from Guantanamo Bay,12000000,43493123,107.0,2008.0,"[{""id"": 35, ""name"": ""Comedy""}, {""id"": 12, ""name"": ""Adventure""}]",en,26.219598,6.2,497,Released,Comedy,1,1,3.6244269166666667
76726,Chronicle,15000000,145000000,84.0,2012.0,"[{""id"": 878, ""name"": ""Science Fiction""}, {""id"": 18, ""name"": ""Drama""}, {""id"": 53, ""name"": ""Thriller""}]",en,64.504747,6.6,1935,Released,Science Fiction,1,1,9.666666666666666
10269,Yentl,12000000,30400000,132.0,1983.0,"[{""id"": 10402, ""name"": ""Music""}, {""id"": 18, ""name"": ""Drama""}, {""id"": 10749, ""name"": ""Romance""}]",en,3.389249,6.2,51,Released,Music,1,1,2.533333333333333
36819,Time Bandits,5000000,42365581,116.0,1981.0,"[{""id"": 10751, ""name"": ""Family""}, {""id"": 14, ""name"": ""Fantasy""}, {""id"": 878, ""name"": ""Science Fiction""}, {""id"": 12, ""name"": ""Adventure""}, {""id"": 35, ""name"": ""Comedy""}]",en,14.779537,6.6,249,Released,Family,1,1,8.4731162
17130,Crossroads,12000000,61141030,93.0,2002.0,"[{""id"": 28, ""name"": ""Action""}, {""id"": 12, ""name"": ""Adventure""}, {""id"": 35, ""name"": ""Comedy""}, {""id"": 18, ""name"": ""Drama""}, {""id"": 10751, ""name"": ""Family""}, {""id"": 10402, ""name"": ""Music""}, {""id"": 10749, ""name"": ""Romance""}]",en,6.703319,4.7,158,Released,Action,1,1,5.095085833333333
57214,Project X,12000000,100000000,88.0,2012.0,"[{""id"": 35, ""name"": ""Comedy""}, {""id"": 80, ""name"": ""Crime""}]",en,49.070321,6.5,1564,Released,Comedy,1,1,8.333333333333334
11202,Patton,12000000,89800000,172.0,1970.0,"[{""id"": 18, ""name"": ""Drama""}, {""id"": 36, ""name"": ""History""}, {""id"": 10752, ""name"": ""War""}]",en,21.933822,7.3,323,Released,Drama,1,1,7.483333333333333
9357,One Hour Photo,12000000,52223306,96.0,2002.0,"[{""id"": 27, ""name"": ""Horror""}, {""id"": 53, ""name"": ""Thriller""}]",en,20.624896,6.6,435,Released,Horror,1,1,4.3519421666666664
13812,Quarantine,12000000,40855419,89.0,2008.0,"[{""id"": 27, ""name"": ""Horror""}, {""id"": 878, ""name"": ""Science Fiction""}, {""id"": 53, ""name"": ""Thriller""}]",en,8.083995,5.5,339,Released,Horror,1,1,3.40461825
9030,The Eye,12000000,56309766,98.0,2008.0,"[{""id"": 18, ""name"": ""Drama""}, {""id"": 27, ""name"": ""Horror""}, {""id"": 53, ""name"": ""Thriller""}]",en,11.135734,5.5,281,Released,Drama,1,1,4.6924805
19084,Johnson Family Vacation,12000000,31179516,97.0,2004.0,"[{""id"": 35, ""name"": ""Comedy""}, {""id"": 10751, ""name"": ""Family""}]",en,4.623609,4.7,30,Released,Comedy,1,1,2.598293
8386,How High,12000000,31155435,93.0,2001.0,"[{""id"": 35, ""name"": ""Comedy""}]",en,11.510281,6.3,218,Released,Comedy,1,1,2.59628625
1360,Frida,12000000,56298474,123.0,2002.0,"[{""id"": 18, ""name"": ""Drama""}, {""id"": 10749, ""name"": ""Romance""}]",en,18.422327,7.3,383,Released,Drama,1,1,4.6915395
101267,Katy Perry: Part of Me,12000000,32726956,93.0,2012.0,"[{""id"": 99, ""name"": ""Documentary""}, {""id"": 10402, ""name"": ""Music""}]",en,8.410688,6.5,85,Released,Documentary,1,1,2.7272463333333334
222935,The Fault in Our Stars,12000000,307166834,125.0,2014.0,"[{""id"": 10749, ""name"": ""Romance""}, {""id"": 18, ""name"": ""Drama""}]",en,74.358971,7.6,3759,Released,Romance,1,1,25.597236166666665
10220,Rounders,12000000,22921898,121.0,1998.0,"[{""id"": 18, ""name"": ""Drama""}, {""id"": 80, ""name"": ""Crime""}]",en,18.422008,6.9,439,Released,Drama,1,1,1.9101581666666667
31915,Prophecy,12000000,54000000,102.0,1979.0,"[{""id"": 27, ""name"": ""Horror""}, {""id"": 878, ""name"": ""Science Fiction""}]",en,8.61659,5.4,25,Released,Horror,1,1,4.5
11601,Stir of Echoes,12000000,21133087,99.0,1999.0,"[{""id"": 27, ""name"": ""Horror""}, {""id"": 9648, ""name"": ""Mystery""}, {""id"": 53, ""name"": ""Thriller""}]",en,6.044161,6.5,330,Released,Horror,1,1,1.7610905833333332
205220,Philomena,12000000,100129872,98.0,2013.0,"[{""id"": 18, ""name"": ""Drama""}]",en,29.019504,7.4,579,Released,Drama,1,1,8.344156
14191,Aquamarine,12000000,23006849,104.0,2006.0,"[{""id"": 14, ""name"": ""Fantasy""}, {""id"": 10749, ""name"": ""Romance""}, {""id"": 10751, ""name"": ""Family""}, {""id"": 35, ""name"": ""Comedy""}]",en,16.931846,5.8,364,Released,Fantasy,1,1,1.9172374166666666
286565,Paper Towns,12000000,85512300,109.0,2015.0,"[{""id"": 18, ""name"": ""Drama""}, {""id"": 9648, ""name"": ""Mystery""}, {""id"": 10749, ""name"": ""Romance""}]",en,64.610671,6.1,1937,Released,Drama,1,1,7.126025
129670,Nebraska,12000000,17654912,115.0,2013.0,"[{""id"": 18, ""name"": ""Drama""}, {""id"": 12, ""name"": ""Adventure""}]",en,29.223881,7.4,636,Released,Drama,1,1,1.4712426666666667
34549,Max Keeble's Big Move,12000000,17292381,86.0,2001.0,"[{""id"": 35, ""name"": ""Comedy""}, {""id"": 10751, ""name"": ""Family""}, {""id"": 14, ""name"": ""Fantasy""}, {""id"": 878, ""name"": ""Science Fiction""}]",en,1.081822,5.4,33,Released,Comedy,1,1,1.44103175
57157,Young Adult,12000000,22939027,94.0,2011.0,"[{""id"": 35, ""name"": ""Comedy""}, {""id"": 18, ""name"": ""Drama""}]",en,16.183746,5.6,364,Released,Comedy,1,1,1.9115855833333333
1948,Crank,12000000,42931041,88.0,2006.0,"[{""id"": 28, ""name"": ""Action""}, {""id"": 53, ""name"": ""Thriller""}, {""id"": 80, ""name"": ""Crime""}]",en,47.992817,6.6,1151,Released,Action,1,1,3.57758675
46889,Living Out Loud,12000000,12902790,100.0,1998.0,"[{""id"": 35, ""name"": ""Comedy""}, {""id"": 18, ""name"": ""Drama""}, {""id"": 10749, ""name"": ""Romance""}]",en,0.700792,5.3,11,Released,Comedy,1,1,1.0752325
387,Das Boot,14000000,85000000,149.0,1981.0,"[{""id"": 28, ""name"": ""Action""}, {""id"": 18, ""name"": ""Drama""}, {""id"": 36, ""name"": ""History""}, {""id"": 10752, ""name"": ""War""}, {""id"": 12, ""name"": ""Adventure""}]",de,26.967494,7.9,613,Released,Action,1,1,6.071428571428571
60599,Arbitrage,12000000,35485056,100.0,2012.0,"[{""id"": 18, ""name"": ""Drama""}, {""id"": 53, ""name"": ""Thriller""}]",en,16.40512,6.1,294,Released,Drama,1,1,2.957088
227719,Project Almanac,12000000,32248241,106.0,2015.0,"[{""id"": 878, ""name"": ""Science Fiction""}, {""id"": 53, ""name"": ""Thriller""}]",en,32.940597,6.4,933,Released,Science Fiction,1,1,2.687353416666667
12088,Fortress,8000000,6739141,95.0,1992.0,"[{""id"": 28, ""name"": ""Action""}, {""id"": 53, ""name"": ""Thriller""}, {""id"": 878, ""name"": ""Science Fiction""}]",en,8.708229,5.7,168,Released,Action,1,1,0.842392625
14799,For Your Consideration,12000000,5542025,86.0,2006.0,"[{""id"": 35, ""name"": ""Comedy""}, {""id"": 18, ""name"": ""Drama""}]",en,4.330428,5.9,43,Released,Comedy,1,1,0.46183541666666666
7510,Running with Scissors,12000000,6754898,116.0,2006.0,"[{""id"": 18, ""name"": ""Drama""}, {""id"": 35, ""name"": ""Comedy""}]",en,4.770195,5.8,78,Released,Drama,1,1,0.5629081666666667
31246,From Justin to Kelly,12000000,4922166,90.0,2003.0,"[{""id"": 35, ""name"": ""Comedy""}, {""id"": 10749, ""name"": ""Romance""}]",en,1.623338,3.0,23,Released,Comedy,1,1,0.4101805
61752,Girl 6,12000000,4939939,108.0,1996.0,"[{""id"": 35, ""name"": ""Comedy""}]",en,2.993939,5.7,16,Released,Comedy,1,1,0.41166158333333336
10944,In the Cut,12000000,23,119.0,2003.0,"[{""id"": 9648, ""name"": ""Mystery""}, {""id"": 53, ""name"": ""Thriller""}]",en,10.536092,4.6,89,Released,Mystery,1,1,1.916666666666667e-06
10362,Two Lovers,12000000,3148182,110.0,2008.0,"[{""id"": 18, ""name"": ""Drama""}, {""id"": 10749, ""name"": ""Romance""}]",en,8.290636,6.6,154,Released,Drama,1,1,0.2623485
1255,The Host,11000000,88489643,119.0,2006.0,"[{""id"": 27, ""name"": ""Horror""}, {""id"": 18, ""name"": ""Drama""}, {""id"": 878, ""name"": ""Science Fiction""}]",ko,27.65527,6.7,537,Released,Horror,1,1,8.044513
179144,The Great Beauty,12400000,8371085,142.0,2013.0,"[{""id"": 35, ""name"": ""Comedy""}, {""id"": 18, ""name"": ""Drama""}]",it,32.523573,7.3,720,Released,Comedy,1,1,0.6750875
86825,Stoker,12000000,12077441,99.0,2013.0,"[{""id"": 18, ""name"": ""Drama""}, {""id"": 27, ""name"": ""Horror""}, {""id"": 53, ""name"": ""Thriller""}]",en,27.322212,6.5,882,Released,Drama,1,1,1.0064534166666668
844,2046,12000000,19271312,129.0,2004.0,"[{""id"": 14, ""name"": ""Fantasy""}, {""id"": 18, ""name"": ""Drama""}, {""id"": 878, ""name"": ""Science Fiction""}, {""id"": 10749, ""name"": ""Romance""}]",zh,12.664787,6.9,206,Released,Fantasy,1,1,1.6059426666666667
38448,Ondine,12000000,1644755,111.0,2009.0,"[{""id"": 18, ""name"": ""Drama""}, {""id"": 10749, ""name"": ""Romance""}]",en,5.841285,6.5,84,Released,Drama,1,1,0.13706291666666667
327,Brother,12000000,15250000,114.0,2000.0,"[{""id"": 80, ""name"": ""Crime""}, {""id"": 18, ""name"": ""Drama""}, {""id"": 53, ""name"": ""Thriller""}]",ja,5.327714,6.8,107,Released,Crime,1,1,1.2708333333333333
21345,City of Life and Death,12000000,10652498,132.0,2009.0,"[{""id"": 18, ""name"": ""Drama""}, {""id"": 36, ""name"": ""History""}, {""id"": 10752, ""name"": ""War""}]",zh,4.793348,7.6,55,Released,Drama,1,1,0.8877081666666666
173931,Legend of a Rabbit,19000000,2570000,89.0,2011.0,"[{""id"": 16, ""name"": ""Animation""}, {""id"": 10751, ""name"": ""Family""}, {""id"": 28, ""name"": ""Action""}, {""id"": 12, ""name"": ""Adventure""}, {""id"": 35, ""name"": ""Comedy""}]",zh,0.738652,3.0,3,Released,Animation,1,1,0.13526315789473684
61984,Space Battleship Yamato,12000000,11212294,131.0,2010.0,"[{""id"": 878, ""name"": ""Science Fiction""}]",ja,5.158067,6.3,59,Released,Science Fiction,1,1,0.9343578333333333
50601,5 Days of War,20000000,17479,113.0,2011.0,"[{""id"": 10752, ""name"": ""War""}, {""id"": 18, ""name"": ""Drama""}]",en,5.727602,5.8,62,Released,War,1,1,0.00087395
236751,Heaven is for Real,12000000,101332962,99.0,2014.0,"[{""id"": 18, ""name"": ""Drama""}]",en,11.150261,6.0,229,Released,Drama,1,1,8.4444135
107,Snatch,10000000,83557872,103.0,2000.0,"[{""id"": 53, ""name"": ""Thriller""}, {""id"": 80, ""name"": ""Crime""}]",en,53.595686,7.7,2912,Released,Thriller,1,1,8.3557872
8913,Pet Sematary,11500000,57469467,103.0,1989.0,"[{""id"": 18, ""name"": ""Drama""}, {""id"": 27, ""name"": ""Horror""}]",en,20.747994,6.4,407,Released,Drama,1,1,4.997344956521739
927,Gremlins,11000000,153083102,106.0,1984.0,"[{""id"": 14, ""name"": ""Fantasy""}, {""id"": 27, ""name"": ""Horror""}, {""id"": 35, ""name"": ""Comedy""}]",en,45.072136,6.9,1596,Released,Fantasy,1,1,13.916645636363636
11,Star Wars,11000000,775398007,121.0,1977.0,"[{""id"": 12, ""name"": ""Adventure""}, {""id"": 28, ""name"": ""Action""}, {""id"": 878, ""name"": ""Science Fiction""}]",en,126.393695,8.1,6624,Released,Adventure,1,1,70.49072790909091
291870,Dirty Grandpa,11500000,94073028,102.0,2016.0,"[{""id"": 35, ""name"": ""Comedy""}]",en,56.805781,5.7,1406,Released,Comedy,1,1,8.180263304347825
907,Doctor Zhivago,11000000,111858363,197.0,1965.0,"[{""id"": 18, ""name"": ""Drama""}, {""id"": 10749, ""name"": ""Romance""}, {""id"": 10752, ""name"": ""War""}]",en,12.854853,7.4,247,Released,Drama,1,1,10.168942090909091
45317,The Fighter,25000000,93617009,116.0,2010.0,"[{""id"": 18, ""name"": ""Drama""}]",en,31.019381,7.2,1486,Released,Drama,1,1,3.74468036
12094,Jackass Number Two,11000000,72778712,95.0,2006.0,"[{""id"": 28, ""name"": ""Action""}, {""id"": 35, ""name"": ""Comedy""}, {""id"": 99, ""name"": ""Documentary""}]",en,11.227087,6.4,298,Released,Action,1,1,6.616246545454546
10377,My Cousin Vinny,11000000,64088552,120.0,1992.0,"[{""id"": 35, ""name"": ""Comedy""}, {""id"": 18, ""name"": ""Drama""}]",en,19.231507,7.3,384,Released,Comedy,1,1,5.826232
249164,If I Stay,11000000,78874843,106.0,2014.0,"[{""id"": 18, ""name"": ""Drama""}]",en,31.162838,7.3,1368,Released,Drama,1,1,7.170440272727273
9942,Major League,11000000,49797148,107.0,1989.0,"[{""id"": 35, ""name"": ""Comedy""}]",en,7.559192,6.6,217,Released,Comedy,1,1,4.527013454545455
1817,Phone Booth,13000000,97837138,81.0,2002.0,"[{""id"": 53, ""name"": ""Thriller""}, {""id"": 18, ""name"": ""Drama""}]",en,38.018085,6.7,1062,Released,Thriller,1,1,7.525933692307692
10229,A Walk to Remember,11000000,41227069,101.0,2002.0,"[{""id"": 18, ""name"": ""Drama""}, {""id"": 10749, ""name"": ""Romance""}]",en,33.283554,7.5,1018,Released,Drama,1,1,3.7479153636363636
687,Dead Man Walking,11000000,39363635,122.0,1995.0,"[{""id"": 18, ""name"": ""Drama""}]",en,15.864928,7.3,337,Released,Drama,1,1,3.5785122727272727
796,Cruel Intentions,10500000,75902208,97.0,1999.0,"[{""id"": 18, ""name"": ""Drama""}, {""id"": 10749, ""name"": ""Romance""}, {""id"": 53, ""name"": ""Thriller""}]",en,23.449703,6.6,827,Released,Drama,1,1,7.228781714285715
22804,Saw VI,11000000,68233629,90.0,2009.0,"[{""id"": 27, ""name"": ""Horror""}, {""id"": 9648, ""name"": ""Mystery""}]",en,31.900899,6.0,722,Released,Horror,1,1,6.203057181818182
10156,History of the World: Part I,11000000,31672907,92.0,1981.0,"[{""id"": 35, ""name"": ""Comedy""}]",en,14.282314,6.5,204,Released,Comedy,1,1,2.8793551818181817
12837,The Secret Life of Bees,11000000,38105395,114.0,2008.0,"[{""id"": 12, ""name"": ""Adventure""}]",en,7.645979,7.4,158,Released,Adventure,1,1,3.464126818181818
17708,Corky Romano,11000000,23978402,86.0,2001.0,"[{""id"": 28, ""name"": ""Action""}, {""id"": 35, ""name"": ""Comedy""}, {""id"": 80, ""name"": ""Crime""}]",en,3.495758,4.1,54,Released,Action,1,1,2.179854727272727
13937,Raising Cain,12000000,37170057,91.0,1992.0,"[{""id"": 18, ""name"": ""Drama""}, {""id"": 27, ""name"": ""Horror""}, {""id"": 53, ""name"": ""Thriller""}, {""id"": 80, ""name"": ""Crime""}]",en,7.558959,5.9,65,Released,Drama,1,1,3.09750475
28932,F.I.S.T.,11,11,145.0,1978.0,"[{""id"": 18, ""name"": ""Drama""}, {""id"": 28, ""name"": ""Action""}]",en,3.375208,6.4,29,Released,Drama,1,1,1.0
31909,Invaders from Mars,12000000,4884663,100.0,1986.0,"[{""id"": 878, ""name"": ""Science Fiction""}]",en,4.234269,5.5,57,Released,Science Fiction,1,1,0.40705525
167073,Brooklyn,11000000,62076141,111.0,2015.0,"[{""id"": 18, ""name"": ""Drama""}, {""id"": 10749, ""name"": ""Romance""}]",en,39.337949,7.2,1213,Released,Drama,1,1,5.643285545454545
3175,Barry Lyndon,11000000,20000000,184.0,1975.0,"[{""id"": 18, ""name"": ""Drama""}, {""id"": 10749, ""name"": ""Romance""}, {""id"": 10752, ""name"": ""War""}]",en,29.543331,7.7,505,Released,Drama,1,1,1.8181818181818181
14369,Out Cold,24000000,14782676,89.0,2001.0,"[{""id"": 35, ""name"": ""Comedy""}]",en,4.12064,5.8,53,Released,Comedy,1,1,0.6159448333333334
16888,The Ladies Man,24000000,13700000,84.0,2000.0,"[{""id"": 35, ""name"": ""Comedy""}]",en,2.259537,5.7,34,Released,Comedy,1,1,0.5708333333333333
121826,Quartet,11000000,59520298,98.0,2012.0,"[{""id"": 18, ""name"": ""Drama""}, {""id"": 35, ""name"": ""Comedy""}, {""id"": 10749, ""name"": ""Romance""}]",en,7.722021,6.3,139,Released,Drama,1,1,5.410936181818182
10646,Tomcats,11000000,23430766,95.0,2001.0,"[{""id"": 35, ""name"": ""Comedy""}, {""id"": 10749, ""name"": ""Romance""}]",en,7.063053,4.9,74,Released,Comedy,1,1,2.130069636363636
12149,Frailty,11000000,13110448,100.0,2001.0,"[{""id"": 18, ""name"": ""Drama""}, {""id"": 53, ""name"": ""Thriller""}, {""id"": 80, ""name"": ""Crime""}]",en,16.003958,7.0,334,Released,Drama,1,1,1.191858909090909
304357,Woman in Gold,11000000,61619773,120.0,2015.0,"[{""id"": 18, ""name"": ""Drama""}]",en,21.204929,7.3,440,Released,Drama,1,1,5.601797545454546
20009,Slackers,14000000,6413915,86.0,2002.0,"[{""id"": 35, ""name"": ""Comedy""}, {""id"": 10749, ""name"": ""Romance""}]",en,9.371811,5.4,60,Released,Comedy,1,1,0.45813678571428573
1587,What's Eating Gilbert Grape,11000000,30000000,118.0,1993.0,"[{""id"": 10749, ""name"": ""Romance""}, {""id"": 18, ""name"": ""Drama""}]",en,33.282794,7.5,919,Released,Romance,1,1,2.727272727272727
30973,The Visual Bible: The Gospel of John,10000000,4069090,125.0,2003.0,"[{""id"": 18, ""name"": ""Drama""}, {""id"": 36, ""name"": ""History""}]",en,3.208172,8.2,12,Released,Drama,1,1,0.406909
63020,The Perez Family,11000000,2832826,113.0,1995.0,"[{""id"": 35, ""name"": ""Comedy""}, {""id"": 18, ""name"": ""Drama""}, {""id"": 10749, ""name"": ""Romance""}]",en,1.187671,6.6,9,Released,Comedy,1,1,0.25752963636363635
86829,Inside Llewyn Davis,11000000,32935319,105.0,2013.0,"[{""id"": 18, ""name"": ""Drama""}, {""id"": 10402, ""name"": ""Music""}]",en,36.319205,7.2,834,Released,Drama,1,1,2.994119909090909
13888,Return to the Blue Lagoon,11000000,2807854,98.0,1991.0,"[{""id"": 18, ""name"": ""Drama""}, {""id"": 12, ""name"": ""Adventure""}, {""id"": 10749, ""name"": ""Romance""}]",en,9.705589,5.1,153,Released,Drama,1,1,0.25525945454545457
42345,The Molly Maguires,11000000,2200000,124.0,1970.0,"[{""id"": 18, ""name"": ""Drama""}, {""id"": 36, ""name"": ""History""}]",en,1.396985,5.9,16,Released,Drama,1,1,0.2
11917,Saw V,10800000,113857533,92.0,2008.0,"[{""id"": 27, ""name"": ""Horror""}, {""id"": 53, ""name"": ""Thriller""}, {""id"": 80, ""name"": ""Crime""}]",en,32.943848,5.9,820,Released,Horror,1,1,10.542364166666667
14395,Kabhi Alvida Naa Kehna,7400000,17000000,193.0,2006.0,"[{""id"": 18, ""name"": ""Drama""}, {""id"": 10749, ""name"": ""Romance""}]",hi,3.246903,6.1,42,Released,Drama,1,1,2.2972972972972974
24137,An Ideal Husband,14000000,18535191,97.0,1999.0,"[{""id"": 18, ""name"": ""Drama""}, {""id"": 35, ""name"": ""Comedy""}, {""id"": 10749, ""name"": ""Romance""}]",en,4.519523,6.3,46,Released,Drama,1,1,1.3239422142857142
62,2001: A Space Odyssey,10500000,68700000,149.0,1968.0,"[{""id"": 878, ""name"": ""Science Fiction""}, {""id"": 9648, ""name"": ""Mystery""}, {""id"": 12, ""name"": ""Adventure""}]",en,86.201184,7.9,2998,Released,Science Fiction,1,1,6.542857142857143
601,E.T. the Extra-Terrestrial,10500000,792910554,115.0,1982.0,"[{""id"": 878, ""name"": ""Science Fiction""}, {""id"": 12, ""name"": ""Adventure""}, {""id"": 10751, ""name"": ""Family""}, {""id"": 14, ""name"": ""Fantasy""}]",en,56.105798,7.3,3269,Released,Science Fiction,1,1,75.51529085714286
13067,In the Land of Women,10000000,17500000,97.0,2007.0,"[{""id"": 10749, ""name"": ""Romance""}, {""id"": 35, ""name"": ""Comedy""}, {""id"": 18, ""name"": ""Drama""}]",en,12.792446,5.8,160,Released,Romance,1,1,1.75
88641,There Goes My Baby,10500000,123509,99.0,1994.0,"[{""id"": 18, ""name"": ""Drama""}, {""id"": 35, ""name"": ""Comedy""}]",en,0.037073,8.5,2,Released,Drama,1,1,0.011762761904761904
96399,For Greater Glory - The True Story of Cristiada,12000000,9622846,145.0,2012.0,"[{""id"": 36, ""name"": ""History""}, {""id"": 18, ""name"": ""Drama""}]",en,5.759545,6.4,35,Released,History,1,1,0.8019038333333334
489,Good Will Hunting,10000000,225933435,126.0,1997.0,"[{""id"": 18, ""name"": ""Drama""}]",en,43.734886,7.9,2811,Released,Drama,1,1,22.5933435
214,Saw III,10000000,163876815,108.0,2006.0,"[{""id"": 27, ""name"": ""Horror""}, {""id"": 53, ""name"": ""Thriller""}, {""id"": 80, ""name"": ""Crime""}]",en,33.124871,6.1,1071,Released,Horror,1,1,16.3876815
10890,Stripes,10000000,85300000,106.0,1981.0,"[{""id"": 28, ""name"": ""Action""}, {""id"": 35, ""name"": ""Comedy""}]",en,10.892398,6.5,249,Released,Action,1,1,8.53
1588,Bring It On,28000000,90449929,98.0,2000.0,"[{""id"": 35, ""name"": ""Comedy""}]",en,14.754281,5.8,568,Released,Comedy,1,1,3.230354607142857
316727,The Purge: Election Year,10000000,118587880,105.0,2016.0,"[{""id"": 28, ""name"": ""Action""}, {""id"": 27, ""name"": ""Horror""}, {""id"": 53, ""name"": ""Thriller""}]",en,53.727146,6.1,1306,Released,Action,1,1,11.858788
10314,She's All That,10000000,103166989,95.0,1999.0,"[{""id"": 35, ""name"": ""Comedy""}, {""id"": 10749, ""name"": ""Romance""}]",en,8.9876,5.7,418,Released,Comedy,1,1,10.3166989
663,Saw IV,10000000,139352633,93.0,2007.0,"[{""id"": 27, ""name"": ""Horror""}, {""id"": 53, ""name"": ""Thriller""}, {""id"": 80, ""name"": ""Crime""}]",en,29.244768,5.9,903,Released,Horror,1,1,13.9352633
11804,White Noise,10000000,91196419,101.0,2005.0,"[{""id"": 18, ""name"": ""Drama""}, {""id"": 27, ""name"": ""Horror""}, {""id"": 53, ""name"": ""Thriller""}]",en,14.447723,5.6,261,Released,Drama,1,1,9.1196419
16781,Madea's Family Reunion,6000000,57231524,110.0,2006.0,"[{""id"": 18, ""name"": ""Drama""}, {""id"": 35, ""name"": ""Comedy""}, {""id"": 10749, ""name"": ""Romance""}]",en,5.882208,6.0,77,Released,Drama,1,1,9.538587333333334
11873,The Color of Money,13800000,52293982,119.0,1986.0,"[{""id"": 18, ""name"": ""Drama""}]",en,17.3393,6.7,291,Released,Drama,1,1,3.7894189855072464
9289,The Longest Day,10000000,50100000,178.0,1962.0,"[{""id"": 28, ""name"": ""Action""}, {""id"": 18, ""name"": ""Drama""}, {""id"": 36, ""name"": ""History""}, {""id"": 10752, ""name"": ""War""}]",en,19.524972,7.2,234,Released,Action,1,1,5.01
10414,The Mighty Ducks,10000000,50752337,101.0,1992.0,"[{""id"": 35, ""name"": ""Comedy""}, {""id"": 10751, ""name"": ""Family""}]",en,8.932837,6.4,198,Released,Comedy,1,1,5.0752337
1970,The Grudge,10000000,183474602,92.0,2004.0,"[{""id"": 27, ""name"": ""Horror""}, {""id"": 9648, ""name"": ""Mystery""}, {""id"": 53, ""name"": ""Thriller""}]",en,35.695442,5.8,865,Released,Horror,1,1,18.3474602
9614,Happy Gilmore,12000000,41205099,92.0,1996.0,"[{""id"": 35, ""name"": ""Comedy""}]",en,26.598884,6.5,755,Released,Comedy,1,1,3.43375825
8922,Jeepers Creepers,10000000,59217789,90.0,2001.0,"[{""id"": 27, ""name"": ""Horror""}, {""id"": 53, ""name"": ""Thriller""}]",en,23.316208,6.1,720,Released,Horror,1,1,5.9217789
1648,Bill & Ted's Excellent Adventure,10000000,40485039,90.0,1989.0,"[{""id"": 12, ""name"": ""Adventure""}, {""id"": 35, ""name"": ""Comedy""}, {""id"": 878, ""name"": ""Science Fiction""}]",en,25.929893,6.7,454,Released,Adventure,1,1,4.0485039
17917,Oliver!,10000000,37402877,153.0,1968.0,"[{""id"": 18, ""name"": ""Drama""}, {""id"": 10751, ""name"": ""Family""}, {""id"": 10402, ""name"": ""Music""}]",en,8.305998,7.0,103,Released,Drama,1,1,3.7402877
74534,The Best Exotic Marigold Hotel,10000000,136836156,124.0,2011.0,"[{""id"": 18, ""name"": ""Drama""}, {""id"": 35, ""name"": ""Comedy""}]",en,21.258991,6.9,459,Released,Drama,1,1,13.6836156
19405,Recess: School's Out,10000000,44460850,83.0,2001.0,"[{""id"": 878, ""name"": ""Science Fiction""}, {""id"": 16, ""name"": ""Animation""}, {""id"": 35, ""name"": ""Comedy""}, {""id"": 10751, ""name"": ""Family""}]",en,5.699058,6.6,67,Released,Science Fiction,1,1,4.446085
9355,Mad Max Beyond Thunderdome,12305523,36230219,107.0,1985.0,"[{""id"": 28, ""name"": ""Action""}, {""id"": 12, ""name"": ""Adventure""}, {""id"": 878, ""name"": ""Science Fiction""}]",en,36.582038,5.9,748,Released,Action,1,1,2.9442242316722336
10999,Commando,10000000,57500000,90.0,1985.0,"[{""id"": 28, ""name"": ""Action""}, {""id"": 12, ""name"": ""Adventure""}, {""id"": 53, ""name"": ""Thriller""}]",en,34.224204,6.4,742,Released,Action,1,1,5.75
321258,The Boy,10000000,64188367,97.0,2016.0,"[{""id"": 27, ""name"": ""Horror""}, {""id"": 9648, ""name"": ""Mystery""}, {""id"": 53, ""name"": ""Thriller""}]",en,38.179483,5.8,1102,Released,Horror,1,1,6.4188367
44040,Devil,10000000,33583175,80.0,2010.0,"[{""id"": 27, ""name"": ""Horror""}, {""id"": 9648, ""name"": ""Mystery""}, {""id"": 53, ""name"": ""Thriller""}]",en,30.934688,5.8,816,Released,Horror,1,1,3.3583175
10426,Friday After Next,20000000,33526835,85.0,2002.0,"[{""id"": 35, ""name"": ""Comedy""}]",en,7.499639,6.0,100,Released,Comedy,1,1,1.67634175
280092,Insidious: Chapter 3,10000000,104303851,97.0,2015.0,"[{""id"": 18, ""name"": ""Drama""}, {""id"": 27, ""name"": ""Horror""}, {""id"": 53, ""name"": ""Thriller""}]",en,45.946524,6.2,983,Released,Drama,1,1,10.4303851
13938,The Last Dragon,10000000,25754284,108.0,1985.0,"[{""id"": 28, ""name"": ""Action""}, {""id"": 12, ""name"": ""Adventure""}, {""id"": 35, ""name"": ""Comedy""}]",en,4.928777,6.4,69,Released,Action,1,1,2.5754284
10163,The Lawnmower Man,10000000,32101000,108.0,1992.0,"[{""id"": 27, ""name"": ""Horror""}, {""id"": 53, ""name"": ""Thriller""}, {""id"": 878, ""name"": ""Science Fiction""}]",en,10.125029,5.4,197,Released,Horror,1,1,3.2101
12182,Nick and Norah's Infinite Playlist,9000000,32973937,89.0,2008.0,"[{""id"": 35, ""name"": ""Comedy""}, {""id"": 10402, ""name"": ""Music""}, {""id"": 10749, ""name"": ""Romance""}]",en,20.452449,6.4,379,Released,Comedy,1,1,3.6637707777777777
1832,Dogma,10000000,30652890,130.0,1999.0,"[{""id"": 14, ""name"": ""Fantasy""}, {""id"": 35, ""name"": ""Comedy""}, {""id"": 12, ""name"": ""Adventure""}]",en,14.543435,6.8,823,Released,Fantasy,1,1,3.065289
15301,Twilight Zone: The Movie,10000000,29450919,101.0,1983.0,"[{""id"": 18, ""name"": ""Drama""}, {""id"": 14, ""name"": ""Fantasy""}, {""id"": 27, ""name"": ""Horror""}, {""id"": 878, ""name"": ""Science Fiction""}, {""id"": 53, ""name"": ""Thriller""}]",en,12.902975,6.2,161,Released,Drama,1,1,2.9450919
10135,Road House,15000000,30050028,114.0,1989.0,"[{""id"": 28, ""name"": ""Action""}, {""id"": 53, ""name"": ""Thriller""}]",en,6.216203,6.3,252,Released,Action,1,1,2.0033352
26352,A Low Down Dirty Shame,10000000,29392418,100.0,1994.0,"[{""id"": 28, ""name"": ""Action""}, {""id"": 35, ""name"": ""Comedy""}, {""id"": 80, ""name"": ""Crime""}]",en,3.290639,6.0,31,Released,Action,1,1,2.9392418
20616,Swimfan,8500000,34411240,84.0,2002.0,"[{""id"": 18, ""name"": ""Drama""}, {""id"": 53, ""name"": ""Thriller""}]",en,4.844451,5.0,70,Released,Drama,1,1,4.048381176470588
9794,Employee of the Month,12000000,38368909,103.0,2006.0,"[{""id"": 35, ""name"": ""Comedy""}, {""id"": 10749, ""name"": ""Romance""}]",en,9.559737,5.3,153,Released,Comedy,1,1,3.1974090833333335
15037,Can't Hardly Wait,10000000,25605015,100.0,1998.0,"[{""id"": 35, ""name"": ""Comedy""}, {""id"": 18, ""name"": ""Drama""}, {""id"": 10749, ""name"": ""Romance""}]",en,11.350382,6.1,122,Released,Comedy,1,1,2.5605015
227,The Outsiders,10000000,33697647,91.0,1983.0,"[{""id"": 80, ""name"": ""Crime""}, {""id"": 18, ""name"": ""Drama""}]",en,13.455373,6.9,291,Released,Crime,1,1,3.3697647
294272,Pete's Dragon,65000000,143695338,102.0,2016.0,"[{""id"": 12, ""name"": ""Adventure""}, {""id"": 10751, ""name"": ""Family""}, {""id"": 14, ""name"": ""Fantasy""}]",en,31.974359,6.2,679,Released,Adventure,1,1,2.210697507692308
11336,The Dead Zone,10000000,20766616,103.0,1983.0,"[{""id"": 27, ""name"": ""Horror""}, {""id"": 878, ""name"": ""Science Fiction""}, {""id"": 53, ""name"": ""Thriller""}]",en,16.78512,6.9,311,Released,Horror,1,1,2.0766616
283445,Sinister 2,10000000,52882018,97.0,2015.0,"[{""id"": 27, ""name"": ""Horror""}]",en,26.090495,5.4,581,Released,Horror,1,1,5.2882018
88036,Sparkle,14000000,24637469,116.0,2012.0,"[{""id"": 18, ""name"": ""Drama""}, {""id"": 10402, ""name"": ""Music""}]",en,2.698185,5.8,36,Released,Drama,1,1,1.7598192142857143
22824,The Fourth Kind,10000000,42333295,98.0,2009.0,"[{""id"": 9648, ""name"": ""Mystery""}, {""id"": 878, ""name"": ""Science Fiction""}, {""id"": 53, ""name"": ""Thriller""}]",en,22.888173,5.8,441,Released,Mystery,1,1,4.2333295
11545,Rushmore,9000000,17096053,93.0,1998.0,"[{""id"": 35, ""name"": ""Comedy""}, {""id"": 18, ""name"": ""Drama""}]",en,18.289303,7.5,676,Released,Comedy,1,1,1.8995614444444444
42684,Skyline,10000000,66821036,100.0,2010.0,"[{""id"": 878, ""name"": ""Science Fiction""}]",en,26.268209,4.7,507,Released,Science Fiction,1,1,6.6821036
268238,The Second Best Exotic Marigold Hotel,10000000,85978266,122.0,2015.0,"[{""id"": 18, ""name"": ""Drama""}, {""id"": 35, ""name"": ""Comedy""}]",en,17.592299,6.3,272,Released,Drama,1,1,8.5978266
41823,Mo' Better Blues,10000000,16153593,129.0,1990.0,"[{""id"": 18, ""name"": ""Drama""}, {""id"": 10749, ""name"": ""Romance""}]",en,3.079862,6.3,47,Released,Drama,1,1,1.6153593
9362,Tremors,11000000,48572000,96.0,1990.0,"[{""id"": 28, ""name"": ""Action""}, {""id"": 27, ""name"": ""Horror""}]",en,32.579697,6.6,864,Released,Action,1,1,4.415636363636364
9902,Wrong Turn,12600000,28650575,84.0,2003.0,"[{""id"": 27, ""name"": ""Horror""}, {""id"": 53, ""name"": ""Thriller""}]",en,33.555764,6.0,635,Released,Horror,1,1,2.2738551587301585
14729,The Long Riders,10000000,15795189,99.0,1980.0,"[{""id"": 37, ""name"": ""Western""}, {""id"": 36, ""name"": ""History""}]",en,2.959547,6.6,50,Released,Western,1,1,1.5795189
9455,The Corruptor,25000000,15156200,110.0,1999.0,"[{""id"": 28, ""name"": ""Action""}, {""id"": 80, ""name"": ""Crime""}, {""id"": 9648, ""name"": ""Mystery""}, {""id"": 53, ""name"": ""Thriller""}]",en,4.068107,6.0,57,Released,Action,1,1,0.606248
103731,Mud,10000000,21587700,130.0,2013.0,"[{""id"": 18, ""name"": ""Drama""}]",en,17.663353,7.0,1068,Released,Drama,1,1,2.15877
10090,Reno 911!: Miami,10000000,20342161,84.0,2007.0,"[{""id"": 28, ""name"": ""Action""}, {""id"": 12, ""name"": ""Adventure""}, {""id"": 35, ""name"": ""Comedy""}, {""id"": 80, ""name"": ""Crime""}]",en,4.207456,5.6,72,Released,Action,1,1,2.0342161
75900,My Week with Marilyn,6400000,35057696,99.0,2011.0,"[{""id"": 18, ""name"": ""Drama""}]",en,21.006078,6.6,406,Released,Drama,1,1,5.477765
9515,The Matador,10000000,17297244,96.0,2005.0,"[{""id"": 28, ""name"": ""Action""}, {""id"": 35, ""name"": ""Comedy""}, {""id"": 80, ""name"": ""Crime""}, {""id"": 18, ""name"": ""Drama""}, {""id"": 53, ""name"": ""Thriller""}]",en,5.647538,6.2,136,Released,Action,1,1,1.7297244
328425,The Gift,5000000,58978653,108.0,2015.0,"[{""id"": 53, ""name"": ""Thriller""}, {""id"": 9648, ""name"": ""Mystery""}]",en,27.247013,6.7,1049,Released,Thriller,1,1,11.7957306
1542,Office Space,10000000,12827813,89.0,1999.0,"[{""id"": 35, ""name"": ""Comedy""}, {""id"": 80, ""name"": ""Crime""}]",en,18.366362,7.4,1050,Released,Comedy,1,1,1.2827813
10490,Drop Dead Gorgeous,10000000,10571408,98.0,1999.0,"[{""id"": 35, ""name"": ""Comedy""}]",en,6.736274,6.4,86,Released,Comedy,1,1,1.0571408
87093,Big Eyes,10000000,28883511,105.0,2014.0,"[{""id"": 18, ""name"": ""Drama""}]",en,28.570174,6.8,1196,Released,Drama,1,1,2.8883511
10029,Very Bad Things,30000000,9898412,100.0,1998.0,"[{""id"": 35, ""name"": ""Comedy""}, {""id"": 80, ""name"": ""Crime""}, {""id"": 53, ""name"": ""Thriller""}]",en,5.671691,6.2,179,Released,Comedy,1,1,0.3299470666666667
11507,Body Double,10000000,8801940,114.0,1984.0,"[{""id"": 80, ""name"": ""Crime""}, {""id"": 9648, ""name"": ""Mystery""}, {""id"": 27, ""name"": ""Horror""}, {""id"": 53, ""name"": ""Thriller""}]",en,9.525626,6.4,137,Released,Crime,1,1,0.880194
37931,MacGruber,10000000,6110000,90.0,2010.0,"[{""id"": 28, ""name"": ""Action""}, {""id"": 12, ""name"": ""Adventure""}, {""id"": 35, ""name"": ""Comedy""}]",en,14.038512,5.1,179,Released,Action,1,1,0.611
87818,Movie 43,6000000,32438988,90.0,2013.0,"[{""id"": 35, ""name"": ""Comedy""}]",en,35.350303,4.4,797,Released,Comedy,1,1,5.406498
88005,Seeking a Friend for the End of the World,10000000,9636289,101.0,2012.0,"[{""id"": 35, ""name"": ""Comedy""}, {""id"": 18, ""name"": ""Drama""}, {""id"": 10749, ""name"": ""Romance""}, {""id"": 878, ""name"": ""Science Fiction""}]",en,30.863082,6.3,700,Released,Comedy,1,1,0.9636289
73,American History X,20000000,23875127,119.0,1998.0,"[{""id"": 18, ""name"": ""Drama""}]",en,73.567232,8.2,3016,Released,Drama,1,1,1.19375635
14283,The Red Violin,18000000,9495408,131.0,1998.0,"[{""id"": 18, ""name"": ""Drama""}, {""id"": 53, ""name"": ""Thriller""}, {""id"": 9648, ""name"": ""Mystery""}, {""id"": 10402, ""name"": ""Music""}, {""id"": 10749, ""name"": ""Romance""}]",en,6.18869,7.3,99,Released,Drama,1,1,0.5275226666666667
209403,Bad Words,9500000,7800000,88.0,2013.0,"[{""id"": 35, ""name"": ""Comedy""}]",en,14.105392,6.4,334,Released,Comedy,1,1,0.8210526315789474
7942,"Run, Fatboy, Run",10000000,33000000,100.0,2007.0,"[{""id"": 35, ""name"": ""Comedy""}, {""id"": 10749, ""name"": ""Romance""}]",en,14.905357,6.2,238,Released,Comedy,1,1,3.3
73247,Heartbeeps,10000000,2154696,79.0,1981.0,"[{""id"": 35, ""name"": ""Comedy""}, {""id"": 10749, ""name"": ""Romance""}, {""id"": 10751, ""name"": ""Family""}]",en,0.518056,3.8,6,Released,Comedy,1,1,0.2154696
253331,Black or White,9000000,21571189,121.0,2014.0,"[{""id"": 18, ""name"": ""Drama""}]",en,12.172131,6.5,115,Released,Drama,1,1,2.3967987777777777
9952,Rescue Dawn,10000000,7177143,126.0,2006.0,"[{""id"": 12, ""name"": ""Adventure""}, {""id"": 18, ""name"": ""Drama""}, {""id"": 10752, ""name"": ""War""}]",en,17.078656,6.9,336,Released,Adventure,1,1,0.7177143
256924,Danny Collins,10000000,10835752,107.0,2015.0,"[{""id"": 35, ""name"": ""Comedy""}, {""id"": 18, ""name"": ""Drama""}, {""id"": 10402, ""name"": ""Music""}]",en,16.318608,6.6,183,Released,Comedy,1,1,1.0835752
82532,"Jeff, Who Lives at Home",10000000,4417580,83.0,2011.0,"[{""id"": 18, ""name"": ""Drama""}, {""id"": 35, ""name"": ""Comedy""}]",en,10.409155,6.1,217,Released,Drama,1,1,0.441758
2088,Romeo Is Bleeding,11500000,3275585,100.0,1993.0,"[{""id"": 28, ""name"": ""Action""}, {""id"": 80, ""name"": ""Crime""}, {""id"": 18, ""name"": ""Drama""}, {""id"": 53, ""name"": ""Thriller""}]",en,4.850402,5.7,36,Released,Action,1,1,0.2848334782608696
10388,The Limey,10000000,3193102,89.0,1999.0,"[{""id"": 28, ""name"": ""Action""}, {""id"": 80, ""name"": ""Crime""}, {""id"": 18, ""name"": ""Drama""}, {""id"": 9648, ""name"": ""Mystery""}, {""id"": 53, ""name"": ""Thriller""}]",en,8.902102,6.6,105,Released,Action,1,1,0.3193102
1640,Crash,6500000,98410061,112.0,2004.0,"[{""id"": 18, ""name"": ""Drama""}]",en,28.223163,7.2,1149,Released,Drama,1,1,15.140009384615384
25520,The House of Mirth,10000000,5164404,140.0,2000.0,"[{""id"": 18, ""name"": ""Drama""}, {""id"": 10749, ""name"": ""Romance""}]",en,3.007816,6.4,25,Released,Drama,1,1,0.5164404
329440,The Forest,10000000,40055439,95.0,2016.0,"[{""id"": 27, ""name"": ""Horror""}, {""id"": 53, ""name"": ""Thriller""}]",en,19.865989,4.8,448,Released,Horror,1,1,4.0055439
47890,Sphinx,14000000,439564,118.0,1981.0,"[{""id"": 12, ""name"": ""Adventure""}, {""id"": 9648, ""name"": ""Mystery""}, {""id"": 53, ""name"": ""Thriller""}]",en,0.310513,6.0,2,Released,Adventure,1,1,0.03139742857142857
252512,While We're Young,10000000,7587485,97.0,2015.0,"[{""id"": 35, ""name"": ""Comedy""}, {""id"": 18, ""name"": ""Drama""}, {""id"": 9648, ""name"": ""Mystery""}]",en,19.263477,5.8,383,Released,Comedy,1,1,0.7587485
55720,A Better Life,10000000,1759252,98.0,2011.0,"[{""id"": 18, ""name"": ""Drama""}]",en,4.123533,7.0,54,Released,Drama,1,1,0.1759252
29076,Gun Shy,10000000,1631839,101.0,2000.0,"[{""id"": 28, ""name"": ""Action""}, {""id"": 35, ""name"": ""Comedy""}, {""id"": 10749, ""name"": ""Romance""}, {""id"": 53, ""name"": ""Thriller""}]",en,3.988432,5.4,24,Released,Action,1,1,0.1631839
68812,The Iceman,20000000,1969193,105.0,2012.0,"[{""id"": 53, ""name"": ""Thriller""}, {""id"": 80, ""name"": ""Crime""}, {""id"": 18, ""name"": ""Drama""}]",en,19.494703,6.4,365,Released,Thriller,1,1,0.09845965
73567,Killer Joe,10000000,3665069,102.0,2011.0,"[{""id"": 80, ""name"": ""Crime""}, {""id"": 18, ""name"": ""Drama""}, {""id"": 53, ""name"": ""Thriller""}]",en,16.436178,6.5,425,Released,Crime,1,1,0.3665069
41479,The Joneses,10000000,7022728,96.0,2009.0,"[{""id"": 35, ""name"": ""Comedy""}, {""id"": 18, ""name"": ""Drama""}]",en,14.979375,6.1,210,Released,Comedy,1,1,0.7022728
1989,My Blueberry Nights,10000000,21786738,111.0,2007.0,"[{""id"": 18, ""name"": ""Drama""}, {""id"": 10749, ""name"": ""Romance""}]",en,10.733761,6.0,190,Released,Drama,1,1,2.1786738
12779,Swept Away,10000000,598645,89.0,2002.0,"[{""id"": 35, ""name"": ""Comedy""}, {""id"": 10749, ""name"": ""Romance""}]",en,4.570043,4.8,50,Released,Comedy,1,1,0.0598645
13191,"War, Inc.",5000000,1296184,106.0,2008.0,"[{""id"": 28, ""name"": ""Action""}, {""id"": 12, ""name"": ""Adventure""}, {""id"": 35, ""name"": ""Comedy""}, {""id"": 53, ""name"": ""Thriller""}]",en,6.265659,5.6,86,Released,Action,1,1,0.2592368
101173,Coriolanus,7700000,1072602,123.0,2011.0,"[{""id"": 18, ""name"": ""Drama""}, {""id"": 53, ""name"": ""Thriller""}]",en,7.554799,5.9,131,Released,Drama,1,1,0.13929896103896103
20178,World's Greatest Dad,10000000,295750,99.0,2009.0,"[{""id"": 35, ""name"": ""Comedy""}, {""id"": 10749, ""name"": ""Romance""}]",en,9.805551,6.5,177,Released,Comedy,1,1,0.029575
78149,"An Alan Smithee Film: Burn, Hollywood, Burn",10000000,45779,86.0,1998.0,"[{""id"": 35, ""name"": ""Comedy""}]",en,0.666218,3.0,9,Released,Comedy,1,1,0.0045779
245846,Strangerland,10000000,17472,111.0,2015.0,"[{""id"": 18, ""name"": ""Drama""}, {""id"": 53, ""name"": ""Thriller""}]",en,5.145655,5.1,83,Released,Drama,1,1,0.0017472
25186,Janky Promoters,10000000,9069,85.0,2009.0,"[{""id"": 35, ""name"": ""Comedy""}]",en,1.728816,7.0,5,Released,Comedy,1,1,0.0009069
217708,Of Horses and Men,10,11,85.0,2013.0,"[{""id"": 18, ""name"": ""Drama""}, {""id"": 10749, ""name"": ""Romance""}, {""id"": 35, ""name"": ""Comedy""}]",is,1.617943,6.9,26,Released,Drama,1,1,1.1
78383,Nurse 3-D,10,10000000,99.0,2013.0,"[{""id"": 27, ""name"": ""Horror""}, {""id"": 53, ""name"": ""Thriller""}]",en,10.013629,4.9,119,Released,Horror,1,1,1000000.0
16614,Adventureland,9500000,17164377,107.0,2009.0,"[{""id"": 35, ""name"": ""Comedy""}]",en,19.978021,6.4,737,Released,Comedy,1,1,1.8067765263157896
9700,The Lost City,9600000,4386236,144.0,2005.0,"[{""id"": 18, ""name"": ""Drama""}, {""id"": 10749, ""name"": ""Romance""}]",en,3.588529,6.0,24,Released,Drama,1,1,0.45689958333333336
10471,Next Friday,11000000,59827328,98.0,2000.0,"[{""id"": 35, ""name"": ""Comedy""}]",en,9.337388,6.4,135,Released,Comedy,1,1,5.438848
667,You Only Live Twice,9500000,111584787,117.0,1967.0,"[{""id"": 28, ""name"": ""Action""}, {""id"": 53, ""name"": ""Thriller""}, {""id"": 12, ""name"": ""Adventure""}]",en,28.675891,6.5,531,Released,Action,1,1,11.74576705263158
86837,Amour,8900000,19839492,127.0,2012.0,"[{""id"": 18, ""name"": ""Drama""}, {""id"": 10749, ""name"": ""Romance""}]",fr,17.151293,7.5,400,Released,Drama,1,1,2.229156404494382
10306,Poltergeist III,10500000,14144000,98.0,1988.0,"[{""id"": 27, ""name"": ""Horror""}, {""id"": 53, ""name"": ""Thriller""}]",en,11.225044,4.5,123,Released,Horror,1,1,1.347047619047619
11576,"It's a Mad, Mad, Mad, Mad World",9400000,60000000,163.0,1963.0,"[{""id"": 28, ""name"": ""Action""}, {""id"": 12, ""name"": ""Adventure""}, {""id"": 35, ""name"": ""Comedy""}, {""id"": 80, ""name"": ""Crime""}]",en,14.562991,7.0,140,Released,Action,1,1,6.382978723404255
219,Volver,12899867,85582407,121.0,2006.0,"[{""id"": 35, ""name"": ""Comedy""}, {""id"": 18, ""name"": ""Drama""}, {""id"": 10749, ""name"": ""Romance""}]",es,19.747809,7.3,406,Released,Comedy,1,1,6.634363517081223
62215,Melancholia,7400000,21817298,136.0,2011.0,"[{""id"": 18, ""name"": ""Drama""}, {""id"": 878, ""name"": ""Science Fiction""}]",da,36.173598,7.0,885,Released,Drama,1,1,2.9482835135135135
348,Alien,11000000,104931801,117.0,1979.0,"[{""id"": 27, ""name"": ""Horror""}, {""id"": 28, ""name"": ""Action""}, {""id"": 53, ""name"": ""Thriller""}, {""id"": 878, ""name"": ""Science Fiction""}]",en,94.184658,7.9,4470,Released,Horror,1,1,9.539254636363637
30497,The Texas Chain Saw Massacre,85000,30859000,83.0,1974.0,"[{""id"": 27, ""name"": ""Horror""}]",en,29.262427,7.2,590,Released,Horror,1,1,363.0470588235294
27586,The Runaways,10000000,2995811,106.0,2010.0,"[{""id"": 18, ""name"": ""Drama""}, {""id"": 10402, ""name"": ""Music""}]",en,17.611971,6.3,254,Released,Drama,1,1,0.2995811
14811,Fiddler on the Roof,9000000,83304330,181.0,1971.0,"[{""id"": 18, ""name"": ""Drama""}, {""id"": 10749, ""name"": ""Romance""}]",en,7.623979,7.4,134,Released,Drama,1,1,9.256036666666667
660,Thunderball,5500000,141195658,130.0,1965.0,"[{""id"": 12, ""name"": ""Adventure""}, {""id"": 28, ""name"": ""Action""}, {""id"": 53, ""name"": ""Thriller""}]",en,31.036,6.5,562,Released,Adventure,1,1,25.671937818181817
40794,Loose Cannons,7000000,8220215,110.0,2010.0,"[{""id"": 35, ""name"": ""Comedy""}, {""id"": 18, ""name"": ""Drama""}, {""id"": 10749, ""name"": ""Romance""}]",it,7.720692,7.0,118,Released,Comedy,1,1,1.1743164285714285
9400,Set It Off,9000000,41590886,118.0,1996.0,"[{""id"": 18, ""name"": ""Drama""}, {""id"": 28, ""name"": ""Action""}, {""id"": 80, ""name"": ""Crime""}]",en,6.717994,6.9,66,Released,Drama,1,1,4.621209555555556
16162,The Best Man,9000000,34573780,120.0,1999.0,"[{""id"": 18, ""name"": ""Drama""}, {""id"": 35, ""name"": ""Comedy""}]",en,3.951041,6.8,38,Released,Drama,1,1,3.8415311111111112
10585,Child's Play,9000000,44196684,87.0,1988.0,"[{""id"": 27, ""name"": ""Horror""}, {""id"": 53, ""name"": ""Thriller""}]",en,27.600843,6.3,581,Released,Horror,1,1,4.910742666666667
2359,Sicko,9000000,24538513,123.0,2007.0,"[{""id"": 99, ""name"": ""Documentary""}]",en,14.098952,7.3,235,Released,Documentary,1,1,2.7265014444444446
238636,The Purge: Anarchy,9000000,108782847,104.0,2014.0,"[{""id"": 27, ""name"": ""Horror""}, {""id"": 53, ""name"": ""Thriller""}]",en,82.975841,6.6,1954,Released,Horror,1,1,12.086983
11282,Harold & Kumar Go to White Castle,9000000,23936908,88.0,2004.0,"[{""id"": 35, ""name"": ""Comedy""}, {""id"": 12, ""name"": ""Adventure""}]",en,18.514292,6.6,693,Released,Comedy,1,1,2.6596564444444444
14181,Boiler Room,26000000,28780255,118.0,2000.0,"[{""id"": 80, ""name"": ""Crime""}, {""id"": 18, ""name"": ""Drama""}, {""id"": 53, ""name"": ""Thriller""}]",en,11.233081,6.5,201,Released,Crime,1,1,1.1069328846153845
1621,Trading Places,40600000,90400000,116.0,1983.0,"[{""id"": 35, ""name"": ""Comedy""}]",en,34.022209,7.1,738,Released,Comedy,1,1,2.226600985221675
9656,Black Christmas,9000000,21510851,84.0,2006.0,"[{""id"": 27, ""name"": ""Horror""}, {""id"": 53, ""name"": ""Thriller""}]",en,4.134327,4.8,119,Released,Horror,1,1,2.3900945555555557
1619,The Way of the Gun,8500000,19125401,119.0,2000.0,"[{""id"": 28, ""name"": ""Action""}, {""id"": 80, ""name"": ""Crime""}, {""id"": 18, ""name"": ""Drama""}, {""id"": 53, ""name"": ""Thriller""}]",en,8.775844,6.4,100,Released,Action,1,1,2.2500471764705883
9685,Igby Goes Down,9000000,4777465,97.0,2002.0,"[{""id"": 35, ""name"": ""Comedy""}, {""id"": 18, ""name"": ""Drama""}]",en,2.062087,6.5,95,Released,Comedy,1,1,0.5308294444444445
14425,PCU,9000000,4350774,79.0,1994.0,"[{""id"": 35, ""name"": ""Comedy""}]",en,8.738737,6.0,41,Released,Comedy,1,1,0.4834193333333333
15568,Gracie,9000000,2955039,97.0,2007.0,"[{""id"": 18, ""name"": ""Drama""}]",en,2.365328,6.0,17,Released,Drama,1,1,0.3283376666666667
67675,Glee: The Concert Movie,9000000,18663238,84.0,2011.0,"[{""id"": 99, ""name"": ""Documentary""}, {""id"": 10402, ""name"": ""Music""}, {""id"": 10751, ""name"": ""Family""}]",en,9.933926,6.8,79,Released,Documentary,1,1,2.073693111111111
250349,Barbecue,6000000,14348529,98.0,2014.0,"[{""id"": 35, ""name"": ""Comedy""}]",fr,5.119593,5.8,214,Released,Comedy,1,1,2.3914215
39806,Princess Kaiulani,9000000,771499,130.0,2010.0,"[{""id"": 18, ""name"": ""Drama""}]",en,0.717811,4.8,14,Released,Drama,1,1,0.08572211111111111
15699,Opal Dream,5000000,140666,86.0,2006.0,"[{""id"": 18, ""name"": ""Drama""}, {""id"": 10751, ""name"": ""Family""}, {""id"": 10769, ""name"": ""Foreign""}]",en,1.458884,6.1,7,Released,Drama,1,1,0.0281332
17926,Undiscovered,9000000,1046166,97.0,2005.0,"[{""id"": 35, ""name"": ""Comedy""}, {""id"": 10749, ""name"": ""Romance""}]",en,2.009597,4.5,12,Released,Comedy,1,1,0.11624066666666667
9671,Crocodile Dundee,5000000,328203506,97.0,1986.0,"[{""id"": 12, ""name"": ""Adventure""}, {""id"": 35, ""name"": ""Comedy""}]",en,16.072466,6.3,503,Released,Adventure,1,1,65.6407012
13483,Awake,86000000,14373825,84.0,2007.0,"[{""id"": 53, ""name"": ""Thriller""}, {""id"": 80, ""name"": ""Crime""}, {""id"": 9648, ""name"": ""Mystery""}]",en,18.172736,6.3,395,Released,Thriller,1,1,0.1671375
1547,The Lost Boys,8500000,32222567,97.0,1987.0,"[{""id"": 27, ""name"": ""Horror""}, {""id"": 35, ""name"": ""Comedy""}]",en,24.750909,6.8,538,Released,Horror,1,1,3.7908902352941176
25196,Crazy Heart,7000000,39462438,112.0,2009.0,"[{""id"": 18, ""name"": ""Drama""}, {""id"": 10402, ""name"": ""Music""}, {""id"": 10749, ""name"": ""Romance""}]",en,17.697042,6.8,274,Released,Drama,1,1,5.637491142857143
16323,The Rose,9250000,29174648,125.0,1979.0,"[{""id"": 18, ""name"": ""Drama""}, {""id"": 10402, ""name"": ""Music""}, {""id"": 10749, ""name"": ""Romance""}]",en,7.000949,6.8,28,Released,Drama,1,1,3.154016
175528,Baggage Claim,8500000,22456509,96.0,2013.0,"[{""id"": 35, ""name"": ""Comedy""}]",en,11.436405,5.6,85,Released,Comedy,1,1,2.6419422352941178
8069,Barbarella,9000000,2500000,98.0,1968.0,"[{""id"": 878, ""name"": ""Science Fiction""}]",en,14.171759,5.7,146,Released,Science Fiction,1,1,0.2777777777777778
16727,The Namesake,12000000,20138836,122.0,2006.0,"[{""id"": 18, ""name"": ""Drama""}]",en,3.604863,6.8,50,Released,Drama,1,1,1.6782363333333334
272693,The DUFF,8500000,43528634,100.0,2015.0,"[{""id"": 10749, ""name"": ""Romance""}, {""id"": 35, ""name"": ""Comedy""}]",en,40.28709,6.8,1322,Released,Romance,1,1,5.1210157647058825
10696,Glitter,22000000,5271666,104.0,2001.0,"[{""id"": 18, ""name"": ""Drama""}, {""id"": 10749, ""name"": ""Romance""}]",en,3.809131,3.4,38,Released,Drama,1,1,0.23962118181818182
29963,Bright Star,8500000,4440055,119.0,2009.0,"[{""id"": 18, ""name"": ""Drama""}, {""id"": 10749, ""name"": ""Romance""}]",en,9.230073,6.8,107,Released,Drama,1,1,0.5223594117647059
26022,My Name Is Khan,12000000,42345360,145.0,2010.0,"[{""id"": 18, ""name"": ""Drama""}, {""id"": 10749, ""name"": ""Romance""}]",en,14.719886,7.7,232,Released,Drama,1,1,3.52878
152747,All Is Lost,9000000,6108720,106.0,2013.0,"[{""id"": 28, ""name"": ""Action""}, {""id"": 12, ""name"": ""Adventure""}, {""id"": 18, ""name"": ""Drama""}]",en,28.540614,6.6,671,Released,Action,1,1,0.6787466666666667
62676,Limbo,8000000,1997807,126.0,1999.0,"[{""id"": 12, ""name"": ""Adventure""}, {""id"": 18, ""name"": ""Drama""}, {""id"": 53, ""name"": ""Thriller""}]",en,0.034259,7.0,17,Released,Adventure,1,1,0.249725875
1116,The Wind That Shakes the Barley,6500000,22889018,124.0,2006.0,"[{""id"": 18, ""name"": ""Drama""}, {""id"": 36, ""name"": ""History""}, {""id"": 10752, ""name"": ""War""}]",en,6.787967,7.1,154,Released,Drama,1,1,3.5213873846153847
185008,Yeh Jawaani Hai Deewani,7700000,46000000,159.0,2013.0,"[{""id"": 10749, ""name"": ""Romance""}]",hi,3.353176,7.2,79,Released,Romance,1,1,5.974025974025974
11620,Quo Vadis,8250000,30000000,171.0,1951.0,"[{""id"": 18, ""name"": ""Drama""}, {""id"": 36, ""name"": ""History""}, {""id"": 10749, ""name"": ""Romance""}]",en,7.973109,7.0,63,Released,Drama,1,1,3.6363636363636362
680,Pulp Fiction,8000000,213928762,154.0,1994.0,"[{""id"": 53, ""name"": ""Thriller""}, {""id"": 80, ""name"": ""Crime""}]",en,121.463076,8.3,8428,Released,Thriller,1,1,26.74109525
242582,Nightcrawler,8500000,38697217,117.0,2014.0,"[{""id"": 80, ""name"": ""Crime""}, {""id"": 18, ""name"": ""Drama""}, {""id"": 53, ""name"": ""Thriller""}]",en,89.095538,7.6,3395,Released,Crime,1,1,4.552613764705883
11217,Club Dread,8500000,5001655,104.0,2004.0,"[{""id"": 35, ""name"": ""Comedy""}, {""id"": 27, ""name"": ""Horror""}]",en,2.62082,5.1,107,Released,Comedy,1,1,0.58843
15121,The Sound of Music,8200000,286214286,174.0,1965.0,"[{""id"": 18, ""name"": ""Drama""}, {""id"": 10751, ""name"": ""Family""}, {""id"": 10402, ""name"": ""Music""}, {""id"": 10749, ""name"": ""Romance""}]",en,37.960289,7.4,941,Released,Drama,1,1,34.904181219512196
2619,Splash,8000000,69821334,111.0,1984.0,"[{""id"": 35, ""name"": ""Comedy""}, {""id"": 14, ""name"": ""Fantasy""}, {""id"": 10749, ""name"": ""Romance""}]",en,21.735068,6.1,321,Released,Comedy,1,1,8.72766675
773,Little Miss Sunshine,8000000,100523181,102.0,2006.0,"[{""id"": 35, ""name"": ""Comedy""}, {""id"": 18, ""name"": ""Drama""}]",en,14.793177,7.5,1686,Released,Comedy,1,1,12.565397625
235,Stand by Me,8000000,52287414,89.0,1986.0,"[{""id"": 80, ""name"": ""Crime""}, {""id"": 18, ""name"": ""Drama""}]",en,51.109279,7.8,1522,Released,Crime,1,1,6.53592675
170,28 Days Later,5000000,82719885,113.0,2002.0,"[{""id"": 27, ""name"": ""Horror""}, {""id"": 53, ""name"": ""Thriller""}, {""id"": 878, ""name"": ""Science Fiction""}]",en,45.490374,7.1,1777,Released,Horror,1,1,16.543977
10734,Escape from Alcatraz,8000000,43000000,111.0,1979.0,"[{""id"": 80, ""name"": ""Crime""}, {""id"": 18, ""name"": ""Drama""}]",en,26.356697,7.2,561,Released,Crime,1,1,5.375
37964,Brown Sugar,8000000,27362712,109.0,2002.0,"[{""id"": 35, ""name"": ""Comedy""}, {""id"": 10749, ""name"": ""Romance""}]",en,3.501158,7.0,31,Released,Comedy,1,1,3.420339
40807,50/50,8000000,39187783,100.0,2011.0,"[{""id"": 35, ""name"": ""Comedy""}, {""id"": 18, ""name"": ""Drama""}]",en,33.372828,7.0,1261,Released,Comedy,1,1,4.898472875
225565,That Awkward Moment,8000000,26049082,94.0,2014.0,"[{""id"": 35, ""name"": ""Comedy""}, {""id"": 10749, ""name"": ""Romance""}]",en,37.821106,6.1,1004,Released,Comedy,1,1,3.25613525
668,On Her Majesty's Secret Service,6500000,81974493,142.0,1969.0,"[{""id"": 12, ""name"": ""Adventure""}, {""id"": 28, ""name"": ""Action""}, {""id"": 53, ""name"": ""Thriller""}]",en,25.289665,6.5,456,Released,Adventure,1,1,12.611460461538462
11596,New Nightmare,14000000,18090181,112.0,1994.0,"[{""id"": 27, ""name"": ""Horror""}, {""id"": 53, ""name"": ""Thriller""}, {""id"": 9648, ""name"": ""Mystery""}, {""id"": 14, ""name"": ""Fantasy""}]",en,14.730796,6.4,291,Released,Horror,1,1,1.2921557857142858
14429,Drive Me Crazy,8000000,22593409,91.0,1999.0,"[{""id"": 18, ""name"": ""Drama""}, {""id"": 35, ""name"": ""Comedy""}, {""id"": 10749, ""name"": ""Romance""}, {""id"": 10751, ""name"": ""Family""}]",en,4.482714,5.8,62,Released,Drama,1,1,2.824176125
13751,Akeelah and the Bee,8000000,18948425,112.0,2006.0,"[{""id"": 18, ""name"": ""Drama""}]",en,4.932893,6.7,81,Released,Drama,1,1,2.368553125
9490,Half Baked,8000000,17460020,82.0,1998.0,"[{""id"": 35, ""name"": ""Comedy""}, {""id"": 80, ""name"": ""Crime""}]",en,7.894489,6.4,177,Released,Comedy,1,1,2.1825025
14536,New in Town,8000000,29010817,97.0,2009.0,"[{""id"": 35, ""name"": ""Comedy""}]",en,13.987772,5.2,99,Released,Comedy,1,1,3.626352125
1359,American Psycho,7000000,34266564,102.0,2000.0,"[{""id"": 53, ""name"": ""Thriller""}, {""id"": 18, ""name"": ""Drama""}, {""id"": 80, ""name"": ""Crime""}]",en,45.310443,7.3,2066,Released,Thriller,1,1,4.895223428571429
9962,The Good Girl,8000000,16856124,93.0,2002.0,"[{""id"": 18, ""name"": ""Drama""}, {""id"": 35, ""name"": ""Comedy""}, {""id"": 10749, ""name"": ""Romance""}]",en,9.799177,6.1,181,Released,Drama,1,1,2.1070155
15049,Bon Cop Bad Cop,8000000,12671300,116.0,2006.0,"[{""id"": 28, ""name"": ""Action""}, {""id"": 35, ""name"": ""Comedy""}, {""id"": 80, ""name"": ""Crime""}]",fr,5.069095,6.5,42,Released,Action,1,1,1.5839125
22821,The Boondock Saints II: All Saints Day,8000000,10629321,118.0,2009.0,"[{""id"": 28, ""name"": ""Action""}, {""id"": 53, ""name"": ""Thriller""}, {""id"": 80, ""name"": ""Crime""}]",en,13.517017,5.9,261,Released,Action,1,1,1.328665125
37735,Easy A,8000000,74952305,92.0,2010.0,"[{""id"": 35, ""name"": ""Comedy""}]",en,45.395839,6.7,2210,Released,Comedy,1,1,9.369038125
10873,Shadow of the Vampire,8000000,8279017,92.0,2000.0,"[{""id"": 18, ""name"": ""Drama""}, {""id"": 27, ""name"": ""Horror""}]",en,5.93923,6.6,148,Released,Drama,1,1,1.034877125
51588,Prom,8000000,10130000,104.0,2011.0,"[{""id"": 35, ""name"": ""Comedy""}]",en,11.837067,5.7,134,Released,Comedy,1,1,1.26625
291270,Anomalisa,8000000,5659286,90.0,2015.0,"[{""id"": 16, ""name"": ""Animation""}, {""id"": 35, ""name"": ""Comedy""}, {""id"": 18, ""name"": ""Drama""}, {""id"": 10749, ""name"": ""Romance""}]",en,21.024346,7.0,459,Released,Animation,1,1,0.70741075
44009,Another Year,8000000,18124262,129.0,2010.0,"[{""id"": 35, ""name"": ""Comedy""}, {""id"": 18, ""name"": ""Drama""}]",en,7.235794,7.0,97,Released,Comedy,1,1,2.26553275
13154,Showdown in Little Tokyo,8000000,2275557,79.0,1991.0,"[{""id"": 28, ""name"": ""Action""}, {""id"": 53, ""name"": ""Thriller""}]",en,8.403859,5.7,95,Released,Action,1,1,0.284444625
43923,It's Kind of a Funny Story,8000000,6491240,101.0,2010.0,"[{""id"": 35, ""name"": ""Comedy""}, {""id"": 18, ""name"": ""Drama""}]",en,13.143045,6.9,672,Released,Comedy,1,1,0.811405
26306,Prefontaine,8000000,589304,106.0,1997.0,"[{""id"": 18, ""name"": ""Drama""}, {""id"": 10749, ""name"": ""Romance""}]",en,8.717235,6.7,21,Released,Drama,1,1,0.073663
198277,Begin Again,8000000,63464861,104.0,2013.0,"[{""id"": 35, ""name"": ""Comedy""}, {""id"": 10402, ""name"": ""Music""}, {""id"": 10749, ""name"": ""Romance""}, {""id"": 18, ""name"": ""Drama""}]",en,35.735689,7.3,1254,Released,Comedy,1,1,7.933107625
7870,Down in the Valley,8000000,852872,112.0,2005.0,"[{""id"": 18, ""name"": ""Drama""}, {""id"": 10749, ""name"": ""Romance""}]",en,7.433574,5.9,63,Released,Drama,1,1,0.106609
13072,Brooklyn Rules,8000000,458232,99.0,2007.0,"[{""id"": 18, ""name"": ""Drama""}, {""id"": 28, ""name"": ""Action""}, {""id"": 53, ""name"": ""Thriller""}]",en,4.090382,5.8,18,Released,Drama,1,1,0.057279
10288,Fido,8000000,426224,91.0,2006.0,"[{""id"": 10749, ""name"": ""Romance""}, {""id"": 35, ""name"": ""Comedy""}, {""id"": 18, ""name"": ""Drama""}, {""id"": 27, ""name"": ""Horror""}]",en,5.244518,6.6,135,Released,Romance,1,1,0.053278
44147,Wild Target,8000000,3453043,98.0,2010.0,"[{""id"": 28, ""name"": ""Action""}, {""id"": 35, ""name"": ""Comedy""}]",en,10.791954,6.4,215,Released,Action,1,1,0.431630375
13197,10th & Wolf,8000000,143451,107.0,2006.0,"[{""id"": 28, ""name"": ""Action""}, {""id"": 80, ""name"": ""Crime""}, {""id"": 18, ""name"": ""Drama""}, {""id"": 9648, ""name"": ""Mystery""}, {""id"": 53, ""name"": ""Thriller""}]",en,3.942464,6.3,24,Released,Action,1,1,0.017931375
251321,Aloft,8000000,53086,112.0,2014.0,"[{""id"": 18, ""name"": ""Drama""}]",en,6.500835,5.1,41,Released,Drama,1,1,0.00663575
149,Akira,8000000,553171,124.0,1988.0,"[{""id"": 878, ""name"": ""Science Fiction""}, {""id"": 16, ""name"": ""Animation""}]",ja,39.338097,7.8,773,Released,Science Fiction,1,1,0.069146375
10425,The Death and Life of Bobby Z,22000000,413454,97.0,2007.0,"[{""id"": 18, ""name"": ""Drama""}, {""id"": 28, ""name"": ""Action""}, {""id"": 53, ""name"": ""Thriller""}, {""id"": 80, ""name"": ""Crime""}]",en,12.893219,5.8,103,Released,Drama,1,1,0.018793363636363636
49081,The Rocket: The Legend of Rocket Richard,8000000,2019009,124.0,2005.0,"[{""id"": 18, ""name"": ""Drama""}]",fr,0.983484,6.1,17,Released,Drama,1,1,0.252376125
302,Swimming Pool,7800000,22441323,102.0,2003.0,"[{""id"": 53, ""name"": ""Thriller""}, {""id"": 80, ""name"": ""Crime""}]",en,11.000654,6.4,153,Released,Thriller,1,1,2.8770926923076923
403,Driving Miss Daisy,7500000,145793296,99.0,1989.0,"[{""id"": 35, ""name"": ""Comedy""}, {""id"": 18, ""name"": ""Drama""}]",en,19.585801,7.0,350,Released,Comedy,1,1,19.439106133333333
33542,Rumble in the Bronx,7500000,32392047,91.0,1995.0,"[{""id"": 80, ""name"": ""Crime""}, {""id"": 28, ""name"": ""Action""}, {""id"": 35, ""name"": ""Comedy""}, {""id"": 53, ""name"": ""Thriller""}]",cn,17.318839,6.5,240,Released,Crime,1,1,4.3189396
9388,Thank You for Smoking,6500000,24793509,92.0,2005.0,"[{""id"": 35, ""name"": ""Comedy""}, {""id"": 18, ""name"": ""Drama""}]",en,29.01153,7.1,664,Released,Comedy,1,1,3.814386
1691,Hostel: Part II,10200000,35619521,93.0,2007.0,"[{""id"": 27, ""name"": ""Horror""}]",en,20.745052,5.6,453,Released,Horror,1,1,3.4921099019607844
24684,An Education,7500000,26096852,100.0,2009.0,"[{""id"": 18, ""name"": ""Drama""}, {""id"": 10749, ""name"": ""Romance""}]",en,16.990308,6.8,409,Released,Drama,1,1,3.479580266666667
2610,Shopgirl,10284523,11588205,104.0,2005.0,"[{""id"": 35, ""name"": ""Comedy""}, {""id"": 18, ""name"": ""Drama""}, {""id"": 10749, ""name"": ""Romance""}]",en,4.820166,5.7,75,Released,Comedy,1,1,1.1267615425625477
11022,Narc,6500000,12633747,105.0,2002.0,"[{""id"": 28, ""name"": ""Action""}, {""id"": 80, ""name"": ""Crime""}, {""id"": 18, ""name"": ""Drama""}, {""id"": 53, ""name"": ""Thriller""}]",en,8.526635,6.8,142,Released,Action,1,1,1.9436533846153845
34341,Men with Brooms,7500000,4245870,102.0,2002.0,"[{""id"": 35, ""name"": ""Comedy""}]",en,1.369528,4.5,7,Released,Comedy,1,1,0.566116
36046,The Work and the Glory,7500000,3347647,110.0,2004.0,"[{""id"": 18, ""name"": ""Drama""}, {""id"": 10749, ""name"": ""Romance""}]",en,0.571663,6.1,7,Released,Drama,1,1,0.4463529333333333
12569,Extract,8000000,10848783,92.0,2009.0,"[{""id"": 35, ""name"": ""Comedy""}]",en,14.652342,5.7,192,Released,Comedy,1,1,1.356097875
73873,Albert Nobbs,8000000,5634828,113.0,2011.0,"[{""id"": 18, ""name"": ""Drama""}]",en,7.802245,6.2,132,Released,Drama,1,1,0.7043535
7735,The Wave,7500000,19000000,107.0,2008.0,"[{""id"": 18, ""name"": ""Drama""}, {""id"": 53, ""name"": ""Thriller""}]",de,25.281197,7.5,841,Released,Drama,1,1,2.533333333333333
301365,The Neon Demon,7000000,1333124,117.0,2016.0,"[{""id"": 53, ""name"": ""Thriller""}, {""id"": 27, ""name"": ""Horror""}]",en,38.150787,6.4,887,Released,Thriller,1,1,0.1904462857142857
25941,Harry Brown,7300000,10329747,103.0,2009.0,"[{""id"": 53, ""name"": ""Thriller""}, {""id"": 80, ""name"": ""Crime""}, {""id"": 18, ""name"": ""Drama""}, {""id"": 28, ""name"": ""Action""}]",en,16.829837,6.7,348,Released,Thriller,1,1,1.4150338356164383
7326,Juno,7500000,231411584,96.0,2007.0,"[{""id"": 35, ""name"": ""Comedy""}, {""id"": 18, ""name"": ""Drama""}, {""id"": 10749, ""name"": ""Romance""}]",en,19.782725,7.0,2244,Released,Comedy,1,1,30.854877866666666
681,Diamonds Are Forever,7200000,116019547,120.0,1971.0,"[{""id"": 12, ""name"": ""Adventure""}, {""id"": 28, ""name"": ""Action""}, {""id"": 53, ""name"": ""Thriller""}]",en,34.634181,6.3,553,Released,Adventure,1,1,16.113825972222223
238,The Godfather,6000000,245066411,175.0,1972.0,"[{""id"": 18, ""name"": ""Drama""}, {""id"": 80, ""name"": ""Crime""}]",en,143.659698,8.4,5893,Released,Drama,1,1,40.844401833333336
535,Flashdance,4000000,92921203,95.0,1983.0,"[{""id"": 18, ""name"": ""Drama""}, {""id"": 10402, ""name"": ""Music""}, {""id"": 10749, ""name"": ""Romance""}]",en,18.422323,6.1,302,Released,Drama,1,1,23.23030075
19913,(500) Days of Summer,7500000,60722734,95.0,2009.0,"[{""id"": 35, ""name"": ""Comedy""}, {""id"": 18, ""name"": ""Drama""}, {""id"": 10749, ""name"": ""Romance""}]",en,45.610993,7.2,2904,Released,Comedy,1,1,8.096364533333333
713,The Piano,7000000,116700000,121.0,1993.0,"[{""id"": 18, ""name"": ""Drama""}, {""id"": 10749, ""name"": ""Romance""}]",en,17.681707,7.1,281,Released,Drama,1,1,16.67142857142857
77930,Magic Mike,7000000,167221571,110.0,2012.0,"[{""id"": 18, ""name"": ""Drama""}, {""id"": 35, ""name"": ""Comedy""}]",en,35.897151,6.1,1040,Released,Drama,1,1,23.888795857142856
253,Live and Let Die,7000000,161777836,121.0,1973.0,"[{""id"": 12, ""name"": ""Adventure""}, {""id"": 28, ""name"": ""Action""}, {""id"": 53, ""name"": ""Thriller""}]",en,30.465138,6.4,533,Released,Adventure,1,1,23.111119428571428
57119,Jumping the Broom,6600000,37710610,112.0,2011.0,"[{""id"": 35, ""name"": ""Comedy""}]",en,4.492455,6.0,56,Released,Comedy,1,1,5.713728787878788
3291,"Good Night, and Good Luck.",7000000,54600000,93.0,2005.0,"[{""id"": 18, ""name"": ""Drama""}, {""id"": 36, ""name"": ""History""}]",en,17.717681,6.8,273,Released,Drama,1,1,7.8
398,Capote,7000000,49084830,114.0,2005.0,"[{""id"": 80, ""name"": ""Crime""}, {""id"": 18, ""name"": ""Drama""}]",en,17.434862,6.8,384,Released,Crime,1,1,7.012118571428571
8068,Desperado,7000000,25405445,104.0,1995.0,"[{""id"": 53, ""name"": ""Thriller""}, {""id"": 28, ""name"": ""Action""}, {""id"": 80, ""name"": ""Crime""}]",en,25.511217,6.8,881,Released,Thriller,1,1,3.6293492857142855
10803,Logan's Run,9000000,25000000,119.0,1976.0,"[{""id"": 12, ""name"": ""Adventure""}, {""id"": 28, ""name"": ""Action""}, {""id"": 10749, ""name"": ""Romance""}, {""id"": 878, ""name"": ""Science Fiction""}]",en,12.268143,6.6,269,Released,Adventure,1,1,2.7777777777777777
682,The Man with the Golden Gun,7000000,97572000,125.0,1974.0,"[{""id"": 12, ""name"": ""Adventure""}, {""id"": 28, ""name"": ""Action""}, {""id"": 53, ""name"": ""Thriller""}]",en,30.214716,6.3,524,Released,Adventure,1,1,13.938857142857144
10117,Action Jackson,7000000,20256975,96.0,1988.0,"[{""id"": 28, ""name"": ""Action""}, {""id"": 12, ""name"": ""Adventure""}, {""id"": 35, ""name"": ""Comedy""}, {""id"": 80, ""name"": ""Crime""}, {""id"": 18, ""name"": ""Drama""}]",en,6.872784,4.9,50,Released,Action,1,1,2.8938535714285716
79316,Devil's Due,7000000,36433975,89.0,2014.0,"[{""id"": 27, ""name"": ""Horror""}]",en,14.741589,4.4,216,Released,Horror,1,1,5.204853571428571
2074,Flirting with Disaster,7000000,14702438,92.0,1996.0,"[{""id"": 35, ""name"": ""Comedy""}, {""id"": 10749, ""name"": ""Romance""}]",en,5.500324,6.3,66,Released,Comedy,1,1,2.100348285714286
308639,Dope,700000,17986781,103.0,2015.0,"[{""id"": 80, ""name"": ""Crime""}, {""id"": 18, ""name"": ""Drama""}, {""id"": 35, ""name"": ""Comedy""}]",en,29.761163,7.2,691,Released,Crime,1,1,25.69540142857143
22314,In Too Deep,7000000,14011454,97.0,1999.0,"[{""id"": 18, ""name"": ""Drama""}, {""id"": 28, ""name"": ""Action""}, {""id"": 53, ""name"": ""Thriller""}, {""id"": 80, ""name"": ""Crime""}]",en,2.772178,6.2,17,Released,Drama,1,1,2.0016362857142855
2662,House of 1000 Corpses,7000000,16829545,89.0,2003.0,"[{""id"": 27, ""name"": ""Horror""}]",en,19.301432,6.0,306,Released,Horror,1,1,2.404220714285714
12573,A Serious Man,7000000,31430334,105.0,2009.0,"[{""id"": 35, ""name"": ""Comedy""}, {""id"": 18, ""name"": ""Drama""}]",en,23.612409,6.6,483,Released,Comedy,1,1,4.490047714285715
241771,Beyond the Lights,7000000,14618727,116.0,2014.0,"[{""id"": 10749, ""name"": ""Romance""}, {""id"": 18, ""name"": ""Drama""}]",en,8.079046,7.0,139,Released,Romance,1,1,2.0883895714285714
11051,The Last Temptation of Christ,7000000,8373585,164.0,1988.0,"[{""id"": 18, ""name"": ""Drama""}]",en,14.672151,7.0,201,Released,Drama,1,1,1.1962264285714286
14578,Outside Providence,7000000,7292175,96.0,1999.0,"[{""id"": 10749, ""name"": ""Romance""}, {""id"": 35, ""name"": ""Comedy""}, {""id"": 18, ""name"": ""Drama""}]",en,2.627232,5.6,30,Released,Romance,1,1,1.0417392857142858
13006,Split Second,7,5,90.0,1992.0,"[{""id"": 53, ""name"": ""Thriller""}, {""id"": 28, ""name"": ""Action""}, {""id"": 27, ""name"": ""Horror""}, {""id"": 878, ""name"": ""Science Fiction""}, {""id"": 80, ""name"": ""Crime""}]",en,4.857028,5.7,63,Released,Thriller,1,1,0.7142857142857143
16651,The Other Side of Heaven,7000000,4720371,113.0,2001.0,"[{""id"": 28, ""name"": ""Action""}, {""id"": 12, ""name"": ""Adventure""}, {""id"": 18, ""name"": ""Drama""}, {""id"": 10751, ""name"": ""Family""}]",en,2.206097,6.7,14,Released,Action,1,1,0.6743387142857142
4251,Veer-Zaara,7000000,29385320,192.0,2004.0,"[{""id"": 18, ""name"": ""Drama""}, {""id"": 10749, ""name"": ""Romance""}]",hi,3.721858,7.4,64,Released,Drama,1,1,4.197902857142857
14112,Auto Focus,7000000,2062066,104.0,2002.0,"[{""id"": 18, ""name"": ""Drama""}, {""id"": 80, ""name"": ""Crime""}]",en,7.051521,6.1,56,Released,Drama,1,1,0.29458085714285714
71859,We Need to Talk About Kevin,7000000,6038942,112.0,2011.0,"[{""id"": 18, ""name"": ""Drama""}, {""id"": 53, ""name"": ""Thriller""}]",en,21.276864,7.4,677,Released,Drama,1,1,0.862706
33676,Losin' It,7000000,1246141,100.0,1983.0,"[{""id"": 35, ""name"": ""Comedy""}]",en,2.550045,4.5,31,Released,Comedy,1,1,0.17802014285714285
30128,I Hope They Serve Beer in Hell,7000000,1429299,106.0,2009.0,"[{""id"": 35, ""name"": ""Comedy""}, {""id"": 18, ""name"": ""Drama""}]",en,7.155519,5.7,20,Released,Comedy,1,1,0.20418557142857144
44835,Hesher,7000000,382946,106.0,2010.0,"[{""id"": 18, ""name"": ""Drama""}]",en,13.635828,6.7,212,Released,Drama,1,1,0.05470657142857143
306745,Freeheld,7000000,573335,103.0,2015.0,"[{""id"": 10749, ""name"": ""Romance""}, {""id"": 18, ""name"": ""Drama""}]",en,8.184588,7.1,164,Released,Romance,1,1,0.081905
47088,The Extra Man,7000000,453079,108.0,2010.0,"[{""id"": 35, ""name"": ""Comedy""}]",en,2.26778,5.9,29,Released,Comedy,1,1,0.06472557142857142
110402,Hard to Be a God,7000000,1310673,170.0,2013.0,"[{""id"": 18, ""name"": ""Drama""}, {""id"": 878, ""name"": ""Science Fiction""}]",ru,3.120016,6.7,41,Released,Drama,1,1,0.187239
27004,Ca$h,7000000,46488,108.0,2010.0,"[{""id"": 80, ""name"": ""Crime""}, {""id"": 53, ""name"": ""Thriller""}, {""id"": 35, ""name"": ""Comedy""}]",en,8.207425,6.0,73,Released,Crime,1,1,0.006641142857142857
8374,The Boondock Saints,6000000,30471,108.0,1999.0,"[{""id"": 28, ""name"": ""Action""}, {""id"": 53, ""name"": ""Thriller""}, {""id"": 80, ""name"": ""Crime""}]",en,34.917447,7.2,837,Released,Action,1,1,0.0050785
164372,The Snow Queen,7000000,12400000,76.0,2012.0,"[{""id"": 16, ""name"": ""Animation""}, {""id"": 14, ""name"": ""Fantasy""}]",ru,5.33861,5.1,47,Released,Animation,1,1,1.7714285714285714
13001,Stargate: The Ark of Truth,7000000,8900000,97.0,2008.0,"[{""id"": 12, ""name"": ""Adventure""}, {""id"": 878, ""name"": ""Science Fiction""}]",en,8.591387,6.9,140,Released,Adventure,1,1,1.2714285714285714
9571,Dazed and Confused,6900000,7993039,102.0,1993.0,"[{""id"": 35, ""name"": ""Comedy""}, {""id"": 18, ""name"": ""Drama""}]",en,26.181753,7.4,583,Released,Comedy,1,1,1.1584114492753623
82505,House at the End of the Street,6900000,44287131,101.0,2012.0,"[{""id"": 27, ""name"": ""Horror""}, {""id"": 53, ""name"": ""Thriller""}]",en,25.613197,5.6,555,Released,Horror,1,1,6.418424782608696
46738,Incendies,6800000,7103838,130.0,2010.0,"[{""id"": 18, ""name"": ""Drama""}, {""id"": 10752, ""name"": ""War""}, {""id"": 9648, ""name"": ""Mystery""}]",fr,21.285206,7.9,479,Released,Drama,1,1,1.0446820588235295
250546,Annabelle,6500000,255273813,99.0,2014.0,"[{""id"": 27, ""name"": ""Horror""}]",en,60.225219,5.6,1517,Released,Horror,1,1,39.272894307692304
38415,Bran Nue Dae,7,7,82.0,2009.0,"[{""id"": 35, ""name"": ""Comedy""}, {""id"": 18, ""name"": ""Drama""}, {""id"": 10769, ""name"": ""Foreign""}, {""id"": 10749, ""name"": ""Romance""}]",en,0.050456,5.2,6,Released,Comedy,1,1,1.0
650,Boyz n the Hood,6500000,57504069,112.0,1991.0,"[{""id"": 80, ""name"": ""Crime""}, {""id"": 18, ""name"": ""Drama""}]",en,17.705671,7.4,364,Released,Crime,1,1,8.846779846153845
16620,La Bamba,6500000,54215416,108.0,1987.0,"[{""id"": 18, ""name"": ""Drama""}, {""id"": 10402, ""name"": ""Music""}]",en,6.847099,6.8,116,Released,Drama,1,1,8.340833230769231
11033,Dressed to Kill,6500000,31899000,105.0,1980.0,"[{""id"": 27, ""name"": ""Horror""}, {""id"": 9648, ""name"": ""Mystery""}, {""id"": 53, ""name"": ""Thriller""}]",en,11.208769,6.8,157,Released,Horror,1,1,4.907538461538461
9430,Go,6500000,28451622,98.0,1999.0,"[{""id"": 80, ""name"": ""Crime""}, {""id"": 35, ""name"": ""Comedy""}, {""id"": 53, ""name"": ""Thriller""}]",en,11.142389,7.0,196,Released,Crime,1,1,4.377172615384615
8998,Friends with Money,6500000,13368437,88.0,2006.0,"[{""id"": 35, ""name"": ""Comedy""}, {""id"": 18, ""name"": ""Drama""}, {""id"": 10749, ""name"": ""Romance""}]",en,11.885221,5.1,128,Released,Comedy,1,1,2.056682615384615
10514,The Andromeda Strain,6500000,12376563,131.0,1971.0,"[{""id"": 878, ""name"": ""Science Fiction""}, {""id"": 53, ""name"": ""Thriller""}]",en,12.524953,7.0,190,Released,Science Fiction,1,1,1.9040866153846154
76025,Shame,6500000,17693675,100.0,2011.0,"[{""id"": 18, ""name"": ""Drama""}]",en,40.688426,7.0,875,Released,Drama,1,1,2.7221038461538463
4836,Layer Cake,6500000,11850214,105.0,2004.0,"[{""id"": 18, ""name"": ""Drama""}, {""id"": 53, ""name"": ""Thriller""}, {""id"": 80, ""name"": ""Crime""}]",en,24.0034,7.0,559,Released,Drama,1,1,1.8231098461538462
14631,The Work and the Glory II: American Zion,6500000,2025032,100.0,2005.0,"[{""id"": 18, ""name"": ""Drama""}]",en,2.639106,8.0,6,Released,Drama,1,1,0.3115433846153846
87499,The East,6500000,2401510,116.0,2013.0,"[{""id"": 18, ""name"": ""Drama""}, {""id"": 53, ""name"": ""Thriller""}]",en,16.574756,6.5,305,Released,Drama,1,1,0.36946307692307695
18923,A Home at the End of the World,6500000,1548955,96.0,2004.0,"[{""id"": 10749, ""name"": ""Romance""}, {""id"": 18, ""name"": ""Drama""}]",en,5.483531,6.8,45,Released,Romance,1,1,0.23830076923076923
28089,The Messenger,6500000,1521261,113.0,2009.0,"[{""id"": 18, ""name"": ""Drama""}, {""id"": 36, ""name"": ""History""}]",en,8.432401,7.1,119,Released,Drama,1,1,0.23404015384615384
218,The Terminator,6400000,78371200,108.0,1984.0,"[{""id"": 28, ""name"": ""Action""}, {""id"": 53, ""name"": ""Thriller""}, {""id"": 878, ""name"": ""Science Fiction""}]",en,74.234793,7.3,4128,Released,Action,1,1,12.2455
338,"Good bye, Lenin!",4800000,79384880,121.0,2003.0,"[{""id"": 35, ""name"": ""Comedy""}, {""id"": 18, ""name"": ""Drama""}, {""id"": 10749, ""name"": ""Romance""}]",de,11.086001,7.4,586,Released,Comedy,1,1,16.538516666666666
10925,The Return of the Living Dead,4000000,14237000,91.0,1985.0,"[{""id"": 35, ""name"": ""Comedy""}, {""id"": 27, ""name"": ""Horror""}]",en,14.961629,7.3,267,Released,Comedy,1,1,3.55925
2293,Mallrats,6000000,2122561,94.0,1995.0,"[{""id"": 10749, ""name"": ""Romance""}, {""id"": 35, ""name"": ""Comedy""}]",en,16.139771,6.8,392,Released,Romance,1,1,0.35376016666666665
621,Grease,6000000,181813770,110.0,1978.0,"[{""id"": 10749, ""name"": ""Romance""}]",en,67.608041,7.2,1581,Released,Romance,1,1,30.302295
792,Platoon,6000000,138530565,120.0,1986.0,"[{""id"": 18, ""name"": ""Drama""}, {""id"": 10752, ""name"": ""War""}, {""id"": 28, ""name"": ""Action""}]",en,49.802914,7.5,1205,Released,Drama,1,1,23.0884275
1777,Fahrenheit 9/11,6000000,119114517,122.0,2004.0,"[{""id"": 99, ""name"": ""Documentary""}]",en,16.20985,6.8,397,Released,Documentary,1,1,19.8524195
642,Butch Cassidy and the Sundance Kid,6000000,102308889,110.0,1969.0,"[{""id"": 36, ""name"": ""History""}, {""id"": 18, ""name"": ""Drama""}, {""id"": 37, ""name"": ""Western""}, {""id"": 80, ""name"": ""Crime""}]",en,24.499996,7.4,650,Released,History,1,1,17.0514815
433,Mary Poppins,6000000,102272727,139.0,1964.0,"[{""id"": 35, ""name"": ""Comedy""}, {""id"": 10751, ""name"": ""Family""}, {""id"": 14, ""name"": ""Fantasy""}]",en,59.961523,7.4,1183,Released,Comedy,1,1,17.0454545
1725,West Side Story,6000000,43656822,152.0,1961.0,"[{""id"": 80, ""name"": ""Crime""}, {""id"": 18, ""name"": ""Drama""}, {""id"": 10402, ""name"": ""Music""}]",en,23.431117,7.0,389,Released,Crime,1,1,7.276137
11977,Caddyshack,6000000,39846344,98.0,1980.0,"[{""id"": 35, ""name"": ""Comedy""}]",en,15.929648,6.6,365,Released,Comedy,1,1,6.641057333333333
16158,The Wood,6000000,25059640,106.0,1999.0,"[{""id"": 35, ""name"": ""Comedy""}, {""id"": 18, ""name"": ""Drama""}, {""id"": 10749, ""name"": ""Romance""}]",en,5.537646,7.1,34,Released,Comedy,1,1,4.176606666666666
629,The Usual Suspects,6000000,23341568,106.0,1995.0,"[{""id"": 18, ""name"": ""Drama""}, {""id"": 80, ""name"": ""Crime""}, {""id"": 53, ""name"": ""Thriller""}]",en,64.025031,8.1,3254,Released,Drama,1,1,3.890261333333333
10160,A Nightmare on Elm Street 5: The Dream Child,8000000,22168359,89.0,1989.0,"[{""id"": 27, ""name"": ""Horror""}, {""id"": 53, ""name"": ""Thriller""}]",en,12.654051,5.5,245,Released,Horror,1,1,2.771044875
11452,National Lampoon’s Van Wilder,5000000,38275483,92.0,2002.0,"[{""id"": 35, ""name"": ""Comedy""}, {""id"": 10749, ""name"": ""Romance""}]",en,35.108498,5.9,858,Released,Comedy,1,1,7.6550966
12163,The Wrestler,6000000,44703995,109.0,2008.0,"[{""id"": 18, ""name"": ""Drama""}, {""id"": 10749, ""name"": ""Romance""}]",en,40.196514,7.3,1000,Released,Drama,1,1,7.450665833333334
32275,Duel in the Sun,6000000,20400000,144.0,1946.0,"[{""id"": 37, ""name"": ""Western""}]",en,7.60445,6.2,37,Released,Western,1,1,3.4
1103,Escape from New York,6000000,50244700,99.0,1981.0,"[{""id"": 878, ""name"": ""Science Fiction""}, {""id"": 28, ""name"": ""Action""}]",en,24.351305,6.9,703,Released,Science Fiction,1,1,8.374116666666668
14144,Daddy Day Camp,6000000,18197398,89.0,2007.0,"[{""id"": 35, ""name"": ""Comedy""}, {""id"": 10751, ""name"": ""Family""}]",en,12.601677,4.4,91,Released,Comedy,1,1,3.0328996666666668
10622,Mr. Nice Guy,12716953,18814720,113.0,1997.0,"[{""id"": 80, ""name"": ""Crime""}, {""id"": 28, ""name"": ""Action""}, {""id"": 35, ""name"": ""Comedy""}]",cn,7.077505,6.3,128,Released,Crime,1,1,1.479499059247919
13370,A Mighty Wind,6000000,18750246,91.0,2003.0,"[{""id"": 35, ""name"": ""Comedy""}, {""id"": 10402, ""name"": ""Music""}]",en,4.053017,6.6,74,Released,Comedy,1,1,3.125041
10215,Sliding Doors,6000000,58000000,99.0,1998.0,"[{""id"": 35, ""name"": ""Comedy""}, {""id"": 18, ""name"": ""Drama""}, {""id"": 14, ""name"": ""Fantasy""}, {""id"": 10749, ""name"": ""Romance""}]",en,15.639016,6.5,354,Released,Comedy,1,1,9.666666666666666
25066,Tales from the Hood,6000000,12000000,98.0,1995.0,"[{""id"": 80, ""name"": ""Crime""}, {""id"": 27, ""name"": ""Horror""}, {""id"": 53, ""name"": ""Thriller""}]",en,3.89204,5.4,32,Released,Crime,1,1,2.0
1523,The Last King of Scotland,6000000,48027970,121.0,2006.0,"[{""id"": 18, ""name"": ""Drama""}]",en,26.286954,7.4,558,Released,Drama,1,1,8.004661666666667
11361,Halloween 5: The Revenge of Michael Myers,5000000,11642254,96.0,1989.0,"[{""id"": 27, ""name"": ""Horror""}, {""id"": 53, ""name"": ""Thriller""}]",en,8.008844,5.2,183,Released,Horror,1,1,2.3284508
92591,Bernie,5000000,9206470,100.0,2012.0,"[{""id"": 35, ""name"": ""Comedy""}, {""id"": 80, ""name"": ""Crime""}, {""id"": 18, ""name"": ""Drama""}]",en,12.68514,6.5,320,Released,Comedy,1,1,1.841294
57612,Dolphins and Whales: Tribes of the Ocean,6000000,7518876,42.0,2008.0,"[{""id"": 99, ""name"": ""Documentary""}]",en,0.041651,8.0,3,Released,Documentary,1,1,1.253146
15256,200 Cigarettes,6000000,6852450,101.0,1999.0,"[{""id"": 35, ""name"": ""Comedy""}, {""id"": 18, ""name"": ""Drama""}, {""id"": 10749, ""name"": ""Romance""}]",en,3.561198,6.1,44,Released,Comedy,1,1,1.142075
83686,The Words,6000000,13231461,96.0,2012.0,"[{""id"": 18, ""name"": ""Drama""}, {""id"": 53, ""name"": ""Thriller""}]",en,14.988746,6.4,379,Released,Drama,1,1,2.2052435
28053,City Island,6000000,6670712,104.0,2009.0,"[{""id"": 18, ""name"": ""Drama""}, {""id"": 35, ""name"": ""Comedy""}]",en,6.497285,6.9,113,Released,Drama,1,1,1.1117853333333334
67913,The Guard,6000000,19560274,96.0,2011.0,"[{""id"": 28, ""name"": ""Action""}, {""id"": 35, ""name"": ""Comedy""}, {""id"": 53, ""name"": ""Thriller""}, {""id"": 80, ""name"": ""Crime""}]",en,19.411141,6.8,372,Released,Action,1,1,3.2600456666666666
13991,College,7000000,6230276,94.0,2008.0,"[{""id"": 35, ""name"": ""Comedy""}]",en,7.034618,4.8,48,Released,Comedy,1,1,0.8900394285714286
1443,The Virgin Suicides,6000000,10409377,97.0,1999.0,"[{""id"": 18, ""name"": ""Drama""}, {""id"": 10749, ""name"": ""Romance""}]",en,26.218912,7.1,817,Released,Drama,1,1,1.7348961666666667
231576,Wish I Was Here,5500000,5483299,120.0,2014.0,"[{""id"": 18, ""name"": ""Drama""}, {""id"": 35, ""name"": ""Comedy""}]",en,15.015271,6.4,300,Released,Drama,1,1,0.9969634545454545
16172,Simply Irresistible,6000000,4398989,95.0,1999.0,"[{""id"": 35, ""name"": ""Comedy""}]",en,5.696491,5.5,52,Released,Comedy,1,1,0.7331648333333334
15797,Only the Strong,6000000,3283371,99.0,1993.0,"[{""id"": 28, ""name"": ""Action""}]",en,5.411243,6.9,29,Released,Action,1,1,0.5472285
13537,Shattered Glass,6000000,2944752,94.0,2003.0,"[{""id"": 18, ""name"": ""Drama""}, {""id"": 36, ""name"": ""History""}]",en,6.27257,6.6,111,Released,Drama,1,1,0.490792
20794,Novocaine,6000000,2025238,95.0,2001.0,"[{""id"": 35, ""name"": ""Comedy""}, {""id"": 80, ""name"": ""Crime""}, {""id"": 53, ""name"": ""Thriller""}]",en,4.148253,6.0,44,Released,Comedy,1,1,0.3375396666666667
576,The Wild Bunch,6244087,638641,145.0,1969.0,"[{""id"": 12, ""name"": ""Adventure""}, {""id"": 37, ""name"": ""Western""}]",en,14.970654,7.6,259,Released,Adventure,1,1,0.10227932442325034
13990,The Wackness,6000000,2899975,99.0,2008.0,"[{""id"": 18, ""name"": ""Drama""}]",en,7.161051,6.2,94,Released,Drama,1,1,0.48332916666666664
27549,Beastmaster 2: Through the Portal of Time,6000000,869325,107.0,1991.0,"[{""id"": 28, ""name"": ""Action""}, {""id"": 12, ""name"": ""Adventure""}, {""id"": 14, ""name"": ""Fantasy""}, {""id"": 878, ""name"": ""Science Fiction""}]",en,1.478505,4.6,17,Released,Action,1,1,0.1448875
59728,The 5th Quarter,6000000,399611,97.0,2011.0,"[{""id"": 18, ""name"": ""Drama""}]",en,0.215464,4.7,12,Released,Drama,1,1,0.06660183333333333
58882,Snow Flower and the Secret Fan,134005,1332231,104.0,2011.0,"[{""id"": 18, ""name"": ""Drama""}, {""id"": 36, ""name"": ""History""}]",en,2.260315,5.3,22,Released,Drama,1,1,9.941651430916757
13827,"Surfer, Dude",6000000,69497,85.0,2008.0,"[{""id"": 35, ""name"": ""Comedy""}]",en,2.404626,4.7,25,Released,Comedy,1,1,0.011582833333333334
97614,Deadfall,12000000,66351,95.0,2012.0,"[{""id"": 80, ""name"": ""Crime""}, {""id"": 18, ""name"": ""Drama""}, {""id"": 53, ""name"": ""Thriller""}]",en,10.19041,5.6,224,Released,Crime,1,1,0.00552925
837,Videodrome,5952000,2120439,87.0,1983.0,"[{""id"": 27, ""name"": ""Horror""}, {""id"": 9648, ""name"": ""Mystery""}, {""id"": 878, ""name"": ""Science Fiction""}]",en,18.119265,7.1,454,Released,Horror,1,1,0.35625655241935483
1555,The Spanish Apartment,5300000,3897799,122.0,2002.0,"[{""id"": 18, ""name"": ""Drama""}, {""id"": 35, ""name"": ""Comedy""}, {""id"": 10749, ""name"": ""Romance""}]",fr,13.034602,7.0,266,Released,Drama,1,1,0.7354337735849057
244783,Song One,6000000,32251,86.0,2014.0,"[{""id"": 18, ""name"": ""Drama""}]",en,6.349218,5.5,87,Released,Drama,1,1,0.005375166666666667
16564,Winter in Wartime,4000000,530048,103.0,2008.0,"[{""id"": 18, ""name"": ""Drama""}, {""id"": 36, ""name"": ""History""}, {""id"": 10752, ""name"": ""War""}]",nl,5.013575,6.8,66,Released,Drama,1,1,0.132512
3482,The Train,5800000,6800000,133.0,1964.0,"[{""id"": 28, ""name"": ""Action""}, {""id"": 18, ""name"": ""Drama""}, {""id"": 53, ""name"": ""Thriller""}, {""id"": 10752, ""name"": ""War""}]",en,4.49029,7.2,72,Released,Action,1,1,1.1724137931034482
8982,The Protector,6000000,27165581,108.0,2005.0,"[{""id"": 28, ""name"": ""Action""}, {""id"": 80, ""name"": ""Crime""}, {""id"": 18, ""name"": ""Drama""}, {""id"": 53, ""name"": ""Thriller""}]",th,11.81832,6.8,167,Released,Action,1,1,4.527596833333333
455,Bend It Like Beckham,3500159,76578641,112.0,2002.0,"[{""id"": 35, ""name"": ""Comedy""}, {""id"": 18, ""name"": ""Drama""}, {""id"": 10749, ""name"": ""Romance""}]",en,22.054546,6.2,578,Released,Comedy,1,1,21.878617799934233
14351,Crossover,5800000,7000000,95.0,2006.0,"[{""id"": 28, ""name"": ""Action""}, {""id"": 12, ""name"": ""Adventure""}, {""id"": 18, ""name"": ""Drama""}]",en,3.201886,4.2,10,Released,Action,1,1,1.206896551724138
10664,[REC]²,5600000,18469680,85.0,2009.0,"[{""id"": 53, ""name"": ""Thriller""}, {""id"": 27, ""name"": ""Horror""}]",es,22.341462,6.4,489,Released,Thriller,1,1,3.298157142857143
9277,The Sting,5500000,159616327,129.0,1973.0,"[{""id"": 35, ""name"": ""Comedy""}, {""id"": 80, ""name"": ""Crime""}, {""id"": 18, ""name"": ""Drama""}]",en,28.500913,7.9,622,Released,Comedy,1,1,29.021150363636362
9443,Chariots of Fire,5500000,58972904,123.0,1981.0,"[{""id"": 18, ""name"": ""Drama""}, {""id"": 36, ""name"": ""History""}]",en,10.439971,6.8,207,Released,Drama,1,1,10.722346181818182
11901,High Plains Drifter,5500000,15700000,105.0,1973.0,"[{""id"": 37, ""name"": ""Western""}]",en,19.127239,7.4,278,Released,Western,1,1,2.8545454545454545
33155,Galaxina,5500000,4865000,95.0,1980.0,"[{""id"": 35, ""name"": ""Comedy""}, {""id"": 878, ""name"": ""Science Fiction""}]",en,2.141143,3.3,16,Released,Comedy,1,1,0.8845454545454545
321,Mambo Italiano,4361898,3031801,92.0,2003.0,"[{""id"": 35, ""name"": ""Comedy""}, {""id"": 10749, ""name"": ""Romance""}]",en,2.080741,5.6,28,Released,Comedy,1,1,0.6950646255368649
4997,Wonderland,5000000,2466444,104.0,2003.0,"[{""id"": 80, ""name"": ""Crime""}, {""id"": 18, ""name"": ""Drama""}, {""id"": 9648, ""name"": ""Mystery""}, {""id"": 53, ""name"": ""Thriller""}]",en,7.79068,6.2,73,Released,Crime,1,1,0.4932888
925,Do the Right Thing,6500000,37295445,120.0,1989.0,"[{""id"": 18, ""name"": ""Drama""}]",en,15.580335,7.6,292,Released,Drama,1,1,5.7377607692307695
7913,Rang De Basanti,2200000,11502151,157.0,2006.0,"[{""id"": 18, ""name"": ""Drama""}]",hi,5.206967,7.2,97,Released,Drama,1,1,5.228250454545455
230266,Miss Julie,5500000,5000000,120.0,2014.0,"[{""id"": 18, ""name"": ""Drama""}]",en,5.033065,5.9,45,Released,Drama,1,1,0.9090909090909091
215,Saw II,4000000,152925093,92.0,2005.0,"[{""id"": 27, ""name"": ""Horror""}]",en,42.187986,6.3,1251,Released,Horror,1,1,38.23127325
333371,10 Cloverfield Lane,15000000,108286421,103.0,2016.0,"[{""id"": 53, ""name"": ""Thriller""}, {""id"": 878, ""name"": ""Science Fiction""}, {""id"": 18, ""name"": ""Drama""}]",en,53.698683,6.8,2468,Released,Thriller,1,1,7.219094733333334
9012,Jackass: The Movie,5000000,64282312,87.0,2002.0,"[{""id"": 99, ""name"": ""Documentary""}, {""id"": 35, ""name"": ""Comedy""}]",en,14.752587,6.1,345,Released,Documentary,1,1,12.8564624
345911,Lights Out,4900000,44107032,81.0,2016.0,"[{""id"": 27, ""name"": ""Horror""}, {""id"": 53, ""name"": ""Thriller""}]",en,48.170508,6.3,1129,Released,Horror,1,1,9.001435102040816
72571,Paranormal Activity 3,5000000,205703818,83.0,2011.0,"[{""id"": 27, ""name"": ""Horror""}]",en,29.15813,5.9,669,Released,Horror,1,1,41.1407636
242512,Ouija,5000000,103590271,89.0,2014.0,"[{""id"": 27, ""name"": ""Horror""}]",en,56.30466,4.9,983,Released,Horror,1,1,20.7180542
10072,A Nightmare on Elm Street 3: Dream Warriors,5000000,44793222,96.0,1987.0,"[{""id"": 27, ""name"": ""Horror""}, {""id"": 53, ""name"": ""Thriller""}]",en,17.304055,6.5,354,Released,Horror,1,1,8.9586444
211954,Instructions Not Included,5500000,99067206,115.0,2013.0,"[{""id"": 35, ""name"": ""Comedy""}, {""id"": 18, ""name"": ""Drama""}]",es,9.59729,7.5,205,Released,Comedy,1,1,18.012219272727272
82990,Paranormal Activity 4,5000000,142817992,95.0,2012.0,"[{""id"": 27, ""name"": ""Horror""}]",en,20.326337,5.2,563,Released,Horror,1,1,28.5635984
29912,The Robe,4100000,36000000,135.0,1953.0,"[{""id"": 18, ""name"": ""Drama""}]",en,4.028875,6.4,42,Released,Drama,1,1,8.78048780487805
11843,The Return of the Pink Panther,5000000,41833347,113.0,1975.0,"[{""id"": 35, ""name"": ""Comedy""}]",en,6.470766,6.7,137,Released,Comedy,1,1,8.3666694
11284,Freddy's Dead: The Final Nightmare,11000000,34872033,89.0,1991.0,"[{""id"": 27, ""name"": ""Horror""}, {""id"": 53, ""name"": ""Thriller""}, {""id"": 35, ""name"": ""Comedy""}]",en,16.856231,5.1,272,Released,Horror,1,1,3.170184818181818
504,Monster,8000000,60378584,110.0,2003.0,"[{""id"": 80, ""name"": ""Crime""}, {""id"": 18, ""name"": ""Drama""}]",en,19.683187,7.0,485,Released,Crime,1,1,7.547323
173,"20,000 Leagues Under the Sea",5000000,28200000,127.0,1954.0,"[{""id"": 12, ""name"": ""Adventure""}, {""id"": 18, ""name"": ""Drama""}, {""id"": 878, ""name"": ""Science Fiction""}]",en,9.358197,6.8,157,Released,Adventure,1,1,5.64
227348,Paranormal Activity: The Marked Ones,5000000,86362372,84.0,2014.0,"[{""id"": 27, ""name"": ""Horror""}, {""id"": 53, ""name"": ""Thriller""}]",en,19.984477,5.2,449,Released,Horror,1,1,17.2724744
1955,The Elephant Man,5000000,26010864,124.0,1980.0,"[{""id"": 18, ""name"": ""Drama""}, {""id"": 36, ""name"": ""History""}]",en,30.271066,7.9,719,Released,Drama,1,1,5.2021728
152532,Dallas Buyers Club,5000000,55198285,117.0,2013.0,"[{""id"": 18, ""name"": ""Drama""}, {""id"": 36, ""name"": ""History""}]",en,59.454473,7.9,2886,Released,Drama,1,1,11.039657
243940,The Lazarus Effect,3300000,64110728,83.0,2015.0,"[{""id"": 53, ""name"": ""Thriller""}, {""id"": 27, ""name"": ""Horror""}]",en,20.304235,5.1,505,Released,Thriller,1,1,19.427493333333334
77,Memento,9000000,39723096,113.0,2000.0,"[{""id"": 9648, ""name"": ""Mystery""}, {""id"": 53, ""name"": ""Thriller""}]",en,60.715151,8.1,4028,Released,Mystery,1,1,4.413677333333333
157547,Oculus,5000000,44030246,104.0,2013.0,"[{""id"": 27, ""name"": ""Horror""}]",en,35.871248,6.3,1050,Released,Horror,1,1,8.8060492
2295,Clerks II,5000000,26888376,97.0,2006.0,"[{""id"": 35, ""name"": ""Comedy""}]",en,18.077963,6.9,398,Released,Comedy,1,1,5.3776752
71,Billy Elliot,5000000,110000000,110.0,2000.0,"[{""id"": 18, ""name"": ""Drama""}, {""id"": 35, ""name"": ""Comedy""}, {""id"": 10402, ""name"": ""Music""}]",en,20.428237,7.4,750,Released,Drama,1,1,22.0
147773,The Way Way Back,4600000,23198652,103.0,2013.0,"[{""id"": 35, ""name"": ""Comedy""}, {""id"": 18, ""name"": ""Drama""}]",en,32.14444,7.1,688,Released,Comedy,1,1,5.043185217391304
24266,The Man from Snowy River,3500000,20659423,104.0,1982.0,"[{""id"": 10751, ""name"": ""Family""}, {""id"": 18, ""name"": ""Drama""}, {""id"": 28, ""name"": ""Action""}, {""id"": 37, ""name"": ""Western""}, {""id"": 10749, ""name"": ""Romance""}]",en,3.656491,6.8,37,Released,Family,1,1,5.902692285714286
59968,Our Idiot Brother,10000000,17273593,90.0,2011.0,"[{""id"": 35, ""name"": ""Comedy""}, {""id"": 18, ""name"": ""Drama""}]",en,15.688439,5.9,365,Released,Comedy,1,1,1.7273593
323677,Race,5000000,24804129,134.0,2016.0,"[{""id"": 28, ""name"": ""Action""}, {""id"": 18, ""name"": ""Drama""}]",en,22.9951,7.1,478,Released,Action,1,1,4.9608258
256274,"As Above, So Below",5000000,40100000,93.0,2014.0,"[{""id"": 27, ""name"": ""Horror""}, {""id"": 53, ""name"": ""Thriller""}]",en,26.510558,6.1,766,Released,Horror,1,1,8.02
284293,Still Alice,5000000,43884652,99.0,2014.0,"[{""id"": 18, ""name"": ""Drama""}]",en,35.307577,7.5,1104,Released,Drama,1,1,8.7769304
24973,The Egyptian,5000000,15000000,139.0,1954.0,"[{""id"": 36, ""name"": ""History""}, {""id"": 18, ""name"": ""Drama""}]",en,4.079111,6.0,11,Released,History,1,1,3.0
21610,Nighthawks,5000000,19905359,99.0,1981.0,"[{""id"": 28, ""name"": ""Action""}, {""id"": 80, ""name"": ""Crime""}, {""id"": 53, ""name"": ""Thriller""}]",en,7.058868,6.4,86,Released,Action,1,1,3.9810718
10283,Friday the 13th Part VIII: Jason Takes Manhattan,5000000,14000000,100.0,1989.0,"[{""id"": 27, ""name"": ""Horror""}, {""id"": 53, ""name"": ""Thriller""}]",en,12.904615,4.8,191,Released,Horror,1,1,2.8
8346,My Big Fat Greek Wedding,5000000,368744044,95.0,2002.0,"[{""id"": 35, ""name"": ""Comedy""}, {""id"": 18, ""name"": ""Drama""}, {""id"": 10749, ""name"": ""Romance""}]",en,18.115566,6.2,671,Released,Comedy,1,1,73.7488088
122081,Spring Breakers,5000000,31724284,94.0,2013.0,"[{""id"": 18, ""name"": ""Drama""}, {""id"": 80, ""name"": ""Crime""}]",en,62.554173,5.0,1551,Released,Drama,1,1,6.3448568
10987,Halloween: The Curse of Michael Myers,5000000,15116634,88.0,1995.0,"[{""id"": 27, ""name"": ""Horror""}, {""id"": 53, ""name"": ""Thriller""}]",en,9.483717,5.0,170,Released,Horror,1,1,3.0233268
1391,Y Tu Mamá También,5000000,33616692,106.0,2001.0,"[{""id"": 18, ""name"": ""Drama""}, {""id"": 10749, ""name"": ""Romance""}]",es,16.890285,7.3,315,Released,Drama,1,1,6.7233384
747,Shaun of the Dead,4000000,30039392,99.0,2004.0,"[{""id"": 27, ""name"": ""Horror""}, {""id"": 35, ""name"": ""Comedy""}]",en,49.12486,7.5,2420,Released,Horror,1,1,7.509848
26748,Lone Star,5000000,13269963,135.0,1996.0,"[{""id"": 18, ""name"": ""Drama""}, {""id"": 9648, ""name"": ""Mystery""}, {""id"": 10749, ""name"": ""Romance""}]",en,5.960149,6.9,77,Released,Drama,1,1,2.6539926
11357,Halloween 4: The Return of Michael Myers,5000000,17768757,88.0,1988.0,"[{""id"": 27, ""name"": ""Horror""}, {""id"": 53, ""name"": ""Thriller""}]",en,9.302349,5.9,209,Released,Horror,1,1,3.5537514
14854,Lone Wolf McQuade,5000000,12232628,107.0,1983.0,"[{""id"": 28, ""name"": ""Action""}, {""id"": 80, ""name"": ""Crime""}, {""id"": 18, ""name"": ""Drama""}, {""id"": 10749, ""name"": ""Romance""}, {""id"": 53, ""name"": ""Thriller""}, {""id"": 37, ""name"": ""Western""}]",en,8.452666,5.5,67,Released,Action,1,1,2.4465256
50357,Apollo 18,5000000,25562924,86.0,2011.0,"[{""id"": 27, ""name"": ""Horror""}, {""id"": 53, ""name"": ""Thriller""}, {""id"": 878, ""name"": ""Science Fiction""}]",en,17.028252,5.0,356,Released,Horror,1,1,5.1125848
13090,Sunshine Cleaning,5000000,16174377,102.0,2008.0,"[{""id"": 35, ""name"": ""Comedy""}, {""id"": 18, ""name"": ""Drama""}]",en,19.336367,6.5,255,Released,Comedy,1,1,3.2348754
192141,No Escape,5000000,54418872,103.0,2015.0,"[{""id"": 28, ""name"": ""Action""}, {""id"": 53, ""name"": ""Thriller""}]",en,38.006982,6.7,777,Released,Action,1,1,10.8837744
29996,Solomon and Sheba,5000000,12200000,139.0,1959.0,"[{""id"": 18, ""name"": ""Drama""}, {""id"": 36, ""name"": ""History""}, {""id"": 10749, ""name"": ""Romance""}, {""id"": 10752, ""name"": ""War""}]",en,0.835617,5.4,8,Released,Drama,1,1,2.44
351819,Fifty Shades of Black,20000000,21164799,92.0,2016.0,"[{""id"": 10749, ""name"": ""Romance""}, {""id"": 35, ""name"": ""Comedy""}]",en,14.947588,4.3,331,Released,Romance,1,1,1.05823995
22649,A Farewell to Arms,4,25,89.0,1932.0,"[{""id"": 18, ""name"": ""Drama""}, {""id"": 10749, ""name"": ""Romance""}, {""id"": 10752, ""name"": ""War""}]",en,1.199451,6.2,28,Released,Drama,1,1,6.25
11042,The Barbarian Invasions,8000000,3432342,99.0,2003.0,"[{""id"": 35, ""name"": ""Comedy""}, {""id"": 80, ""name"": ""Crime""}, {""id"": 18, ""name"": ""Drama""}]",fr,3.03091,6.7,77,Released,Comedy,1,1,0.42904275
17339,Force 10 from Navarone,5000000,7230000,118.0,1978.0,"[{""id"": 28, ""name"": ""Action""}, {""id"": 12, ""name"": ""Adventure""}, {""id"": 10752, ""name"": ""War""}, {""id"": 53, ""name"": ""Thriller""}]",en,5.348446,6.4,91,Released,Action,1,1,1.446
335,Once Upon a Time in the West,5000000,5321508,175.0,1968.0,"[{""id"": 37, ""name"": ""Western""}]",it,49.333137,8.1,1128,Released,Western,1,1,1.0643016
15745,Made,5000000,5476060,94.0,2001.0,"[{""id"": 28, ""name"": ""Action""}, {""id"": 35, ""name"": ""Comedy""}, {""id"": 53, ""name"": ""Thriller""}]",en,4.149628,6.3,55,Released,Action,1,1,1.095212
17431,Moon,5000000,9760104,97.0,2009.0,"[{""id"": 878, ""name"": ""Science Fiction""}, {""id"": 18, ""name"": ""Drama""}]",en,46.114184,7.6,1794,Released,Science Fiction,1,1,1.9520208
78394,Sea Rex 3D: Journey to a Prehistoric World,5000000,4074023,41.0,2010.0,"[{""id"": 99, ""name"": ""Documentary""}]",en,4.498368,5.9,11,Released,Documentary,1,1,0.8148046
10217,The Sweet Hereafter,5000000,3263585,112.0,1997.0,"[{""id"": 18, ""name"": ""Drama""}]",en,7.673124,6.8,103,Released,Drama,1,1,0.652717
46332,Of Gods and Men,4000000,41424067,120.0,2010.0,"[{""id"": 18, ""name"": ""Drama""}, {""id"": 36, ""name"": ""History""}]",fr,4.992475,6.5,91,Released,Drama,1,1,10.35601675
13996,Bottle Shock,5000000,4040588,110.0,2008.0,"[{""id"": 35, ""name"": ""Comedy""}, {""id"": 18, ""name"": ""Drama""}]",en,6.174435,6.6,60,Released,Comedy,1,1,0.8081176
1024,Heavenly Creatures,5000000,3049135,99.0,1994.0,"[{""id"": 18, ""name"": ""Drama""}, {""id"": 14, ""name"": ""Fantasy""}]",en,8.753409,7.0,294,Released,Drama,1,1,0.609827
343795,90 Minutes in Heaven,5000000,4842699,121.0,2015.0,"[{""id"": 18, ""name"": ""Drama""}]",en,3.943706,5.4,40,Released,Drama,1,1,0.9685398
45658,Everything Must Go,5000000,2614773,97.0,2010.0,"[{""id"": 35, ""name"": ""Comedy""}, {""id"": 18, ""name"": ""Drama""}, {""id"": 10749, ""name"": ""Romance""}]",en,9.169411,6.0,208,Released,Comedy,1,1,0.5229546
16148,Zero Effect,5000000,1980338,116.0,1998.0,"[{""id"": 35, ""name"": ""Comedy""}, {""id"": 80, ""name"": ""Crime""}, {""id"": 9648, ""name"": ""Mystery""}, {""id"": 53, ""name"": ""Thriller""}]",en,2.732031,6.0,55,Released,Comedy,1,1,0.3960676
4553,The Machinist,5000000,8203235,101.0,2004.0,"[{""id"": 53, ""name"": ""Thriller""}, {""id"": 18, ""name"": ""Drama""}]",en,35.252056,7.3,1247,Released,Thriller,1,1,1.640647
245916,Kill the Messenger,5000000,2450846,112.0,2014.0,"[{""id"": 53, ""name"": ""Thriller""}, {""id"": 80, ""name"": ""Crime""}, {""id"": 18, ""name"": ""Drama""}, {""id"": 9648, ""name"": ""Mystery""}]",en,21.343093,6.6,355,Released,Thriller,1,1,0.4901692
27585,Rabbit Hole,5000000,5129058,91.0,2010.0,"[{""id"": 18, ""name"": ""Drama""}]",en,10.095184,6.9,165,Released,Drama,1,1,1.0258116
1415,Party Monster,5000000,742898,98.0,2003.0,"[{""id"": 35, ""name"": ""Comedy""}, {""id"": 18, ""name"": ""Drama""}, {""id"": 80, ""name"": ""Crime""}]",en,4.129165,5.9,58,Released,Comedy,1,1,0.1485796
313922,Green Room,5000000,3220371,95.0,2016.0,"[{""id"": 27, ""name"": ""Horror""}, {""id"": 80, ""name"": ""Crime""}, {""id"": 53, ""name"": ""Thriller""}]",en,30.001024,6.7,683,Released,Horror,1,1,0.6440742
199933,Atlas Shrugged Part III: Who is John Galt?,5000000,846704,99.0,2014.0,"[{""id"": 18, ""name"": ""Drama""}, {""id"": 878, ""name"": ""Science Fiction""}, {""id"": 9648, ""name"": ""Mystery""}]",en,1.731035,3.9,15,Released,Drama,1,1,0.1693408
13685,Bottle Rocket,7000000,560069,91.0,1996.0,"[{""id"": 35, ""name"": ""Comedy""}, {""id"": 80, ""name"": ""Crime""}, {""id"": 18, ""name"": ""Drama""}]",en,11.700578,6.8,281,Released,Comedy,1,1,0.08000985714285715
46838,Tucker and Dale vs Evil,5000000,5476793,89.0,2010.0,"[{""id"": 35, ""name"": ""Comedy""}, {""id"": 27, ""name"": ""Horror""}]",en,19.940245,7.3,847,Released,Comedy,1,1,1.0953586
298312,The Visit,5000000,98450062,94.0,2015.0,"[{""id"": 27, ""name"": ""Horror""}, {""id"": 53, ""name"": ""Thriller""}]",en,38.94708,6.0,1360,Released,Horror,1,1,19.6900124
11600,Redacted,5000000,782102,90.0,2007.0,"[{""id"": 18, ""name"": ""Drama""}, {""id"": 10752, ""name"": ""War""}]",en,3.792015,6.2,37,Released,Drama,1,1,0.1564204
31175,Soul Kitchen,5000000,17872796,99.0,2009.0,"[{""id"": 18, ""name"": ""Drama""}, {""id"": 35, ""name"": ""Comedy""}]",de,5.461487,7.1,116,Released,Drama,1,1,3.5745592
12498,Sling Blade,1000000,24475416,135.0,1996.0,"[{""id"": 18, ""name"": ""Drama""}]",en,14.805264,7.4,231,Released,Drama,1,1,24.475416
77949,The Awakening,4798235,209696,107.0,2011.0,"[{""id"": 27, ""name"": ""Horror""}, {""id"": 53, ""name"": ""Thriller""}]",en,25.30216,6.3,458,Released,Horror,1,1,0.043702736527077145
1690,Hostel,4800000,80578934,94.0,2005.0,"[{""id"": 27, ""name"": ""Horror""}]",en,38.83192,5.7,887,Released,Horror,1,1,16.787277916666667
64720,Take Shelter,5000000,3099314,120.0,2011.0,"[{""id"": 53, ""name"": ""Thriller""}, {""id"": 18, ""name"": ""Drama""}]",en,19.807295,7.1,471,Released,Thriller,1,1,0.6198628
16337,The Texas Chainsaw Massacre 2,4700000,8025872,101.0,1986.0,"[{""id"": 27, ""name"": ""Horror""}]",en,9.617777,5.9,139,Released,Horror,1,1,1.707632340425532
11577,Pat Garrett & Billy the Kid,4638783,11000000,106.0,1973.0,"[{""id"": 37, ""name"": ""Western""}]",en,4.495256,7.2,65,Released,Western,1,1,2.3713116134123973
77987,Only God Forgives,4800000,10337387,90.0,2013.0,"[{""id"": 18, ""name"": ""Drama""}, {""id"": 53, ""name"": ""Thriller""}, {""id"": 80, ""name"": ""Crime""}]",en,35.754865,5.6,862,Released,Drama,1,1,2.1536222916666667
9336,Police Academy,4500000,146198896,96.0,1984.0,"[{""id"": 35, ""name"": ""Comedy""}, {""id"": 80, ""name"": ""Crime""}]",en,15.002502,6.5,602,Released,Comedy,1,1,32.488643555555555
5689,The Blue Lagoon,4500000,58853106,104.0,1980.0,"[{""id"": 10749, ""name"": ""Romance""}, {""id"": 12, ""name"": ""Adventure""}, {""id"": 18, ""name"": ""Drama""}]",en,22.585384,5.8,408,Released,Romance,1,1,13.078468
712,Four Weddings and a Funeral,6000000,254700832,117.0,1994.0,"[{""id"": 35, ""name"": ""Comedy""}, {""id"": 18, ""name"": ""Drama""}, {""id"": 10749, ""name"": ""Romance""}]",en,29.834065,6.6,632,Released,Comedy,1,1,42.45013866666667
13342,Fast Times at Ridgemont High,4500000,27092880,90.0,1982.0,"[{""id"": 35, ""name"": ""Comedy""}]",en,20.403344,7.0,322,Released,Comedy,1,1,6.02064
10339,Moby Dick,4500000,10400000,116.0,1956.0,"[{""id"": 12, ""name"": ""Adventure""}, {""id"": 18, ""name"": ""Drama""}]",en,5.224593,6.9,89,Released,Adventure,1,1,2.311111111111111
1429,25th Hour,15000000,13060843,135.0,2002.0,"[{""id"": 80, ""name"": ""Crime""}, {""id"": 18, ""name"": ""Drama""}]",en,30.196039,7.2,629,Released,Crime,1,1,0.8707228666666667
9303,Bound,4500000,7011317,108.0,1996.0,"[{""id"": 80, ""name"": ""Crime""}, {""id"": 18, ""name"": ""Drama""}, {""id"": 10749, ""name"": ""Romance""}, {""id"": 53, ""name"": ""Thriller""}]",en,15.359952,6.9,198,Released,Crime,1,1,1.5580704444444444
641,Requiem for a Dream,4500000,7390108,102.0,2000.0,"[{""id"": 80, ""name"": ""Crime""}, {""id"": 18, ""name"": ""Drama""}]",en,11.573034,7.9,2443,Released,Crime,1,1,1.6422462222222223
252680,Moms' Night Out,5000000,10429707,98.0,2014.0,"[{""id"": 35, ""name"": ""Comedy""}]",en,10.274542,5.5,121,Released,Comedy,1,1,2.0859414
141,Donnie Darko,6000000,1270522,113.0,2001.0,"[{""id"": 14, ""name"": ""Fantasy""}, {""id"": 18, ""name"": ""Drama""}, {""id"": 9648, ""name"": ""Mystery""}]",en,61.210016,7.7,3452,Released,Fantasy,1,1,0.21175366666666667
39800,Life During Wartime,4500000,744816,97.0,2009.0,"[{""id"": 35, ""name"": ""Comedy""}, {""id"": 18, ""name"": ""Drama""}]",en,3.108881,6.3,30,Released,Comedy,1,1,0.16551466666666667
36419,After.Life,4500000,3606395,104.0,2010.0,"[{""id"": 18, ""name"": ""Drama""}, {""id"": 27, ""name"": ""Horror""}, {""id"": 9648, ""name"": ""Mystery""}, {""id"": 53, ""name"": ""Thriller""}]",en,14.570359,5.4,251,Released,Drama,1,1,0.8014211111111111
510,One Flew Over the Cuckoo's Nest,3000000,108981275,133.0,1975.0,"[{""id"": 18, ""name"": ""Drama""}]",en,127.525581,8.2,2919,Released,Drama,1,1,36.32709166666667
375290,Airlift,4500000,32000000,126.0,2016.0,"[{""id"": 53, ""name"": ""Thriller""}, {""id"": 28, ""name"": ""Action""}, {""id"": 18, ""name"": ""Drama""}, {""id"": 36, ""name"": ""History""}]",hi,2.551559,7.3,57,Released,Thriller,1,1,7.111111111111111
116613,The Sweeney,3730500,6294161,112.0,2012.0,"[{""id"": 28, ""name"": ""Action""}, {""id"": 18, ""name"": ""Drama""}, {""id"": 80, ""name"": ""Crime""}]",en,6.938854,5.7,109,Released,Action,1,1,1.6872164589197158
1088,Whale Rider,8000000,41400000,101.0,2003.0,"[{""id"": 18, ""name"": ""Drama""}, {""id"": 10751, ""name"": ""Family""}]",en,12.439495,7.1,111,Released,Drama,1,1,5.175
3040,Night Watch,4200000,32000000,114.0,2004.0,"[{""id"": 14, ""name"": ""Fantasy""}, {""id"": 28, ""name"": ""Action""}, {""id"": 53, ""name"": ""Thriller""}]",ru,12.540624,6.3,210,Released,Fantasy,1,1,7.619047619047619
11386,The Crying Game,3705538,62548947,112.0,1992.0,"[{""id"": 10749, ""name"": ""Romance""}, {""id"": 80, ""name"": ""Crime""}, {""id"": 18, ""name"": ""Drama""}, {""id"": 53, ""name"": ""Thriller""}]",en,8.839651,6.9,176,Released,Romance,1,1,16.879855772630048
10246,Porky's,4000000,125728258,94.0,1981.0,"[{""id"": 35, ""name"": ""Comedy""}]",en,12.891276,6.1,183,Released,Comedy,1,1,31.4320645
10331,Night of the Living Dead,114000,30000000,96.0,1968.0,"[{""id"": 27, ""name"": ""Horror""}]",en,25.666029,7.5,580,Released,Horror,1,1,263.1578947368421
153,Lost in Translation,4000000,119723856,102.0,2003.0,"[{""id"": 18, ""name"": ""Drama""}]",en,45.66662,7.3,1895,Released,Drama,1,1,29.930964
703,Annie Hall,4000000,38251425,93.0,1977.0,"[{""id"": 35, ""name"": ""Comedy""}, {""id"": 18, ""name"": ""Drama""}, {""id"": 10749, ""name"": ""Romance""}]",en,35.892034,7.8,1010,Released,Comedy,1,1,9.56285625
27191,The Greatest Show on Earth,4000000,36000000,152.0,1952.0,"[{""id"": 28, ""name"": ""Action""}, {""id"": 18, ""name"": ""Drama""}, {""id"": 10749, ""name"": ""Romance""}]",en,8.988455,6.6,50,Released,Action,1,1,9.0
1365,Monster's Ball,4000000,44909486,111.0,2001.0,"[{""id"": 18, ""name"": ""Drama""}, {""id"": 10749, ""name"": ""Romance""}]",en,14.042041,6.5,250,Released,Drama,1,1,11.2273715
287424,Maggie,4000000,187112,95.0,2015.0,"[{""id"": 27, ""name"": ""Horror""}]",en,40.016306,5.2,593,Released,Horror,1,1,0.046778
451,Leaving Las Vegas,3600000,49800000,112.0,1995.0,"[{""id"": 18, ""name"": ""Drama""}, {""id"": 10749, ""name"": ""Romance""}]",en,22.030517,7.1,360,Released,Drama,1,1,13.833333333333334
241251,The Boy Next Door,4000000,52425855,91.0,2015.0,"[{""id"": 53, ""name"": ""Thriller""}]",en,24.161735,4.1,1022,Released,Thriller,1,1,13.10646375
40494,Trapeze,4000000,14400000,105.0,1956.0,"[{""id"": 18, ""name"": ""Drama""}]",en,1.379354,6.4,22,Released,Drama,1,1,3.6
39781,The Kids Are All Right,3500000,34705850,106.0,2010.0,"[{""id"": 35, ""name"": ""Comedy""}, {""id"": 18, ""name"": ""Drama""}]",en,15.338211,6.5,506,Released,Comedy,1,1,9.915957142857144
8337,They Live,4000000,13008928,94.0,1988.0,"[{""id"": 28, ""name"": ""Action""}, {""id"": 27, ""name"": ""Horror""}, {""id"": 878, ""name"": ""Science Fiction""}, {""id"": 53, ""name"": ""Thriller""}]",en,29.852608,7.1,550,Released,Action,1,1,3.252232
5925,The Great Escape,4000000,11744471,172.0,1963.0,"[{""id"": 12, ""name"": ""Adventure""}, {""id"": 18, ""name"": ""Drama""}, {""id"": 36, ""name"": ""History""}, {""id"": 53, ""name"": ""Thriller""}, {""id"": 10752, ""name"": ""War""}]",en,35.061467,7.8,717,Released,Adventure,1,1,2.93611775
146203,The Last Exorcism Part II,5000000,15179302,88.0,2013.0,"[{""id"": 27, ""name"": ""Horror""}, {""id"": 53, ""name"": ""Thriller""}]",en,10.605752,4.4,203,Released,Horror,1,1,3.0358604
85350,Boyhood,4000000,44349000,164.0,2014.0,"[{""id"": 18, ""name"": ""Drama""}]",en,43.40352,7.5,1971,Released,Drama,1,1,11.08725
512,Scoop,4000000,31584901,96.0,2006.0,"[{""id"": 35, ""name"": ""Comedy""}, {""id"": 9648, ""name"": ""Mystery""}]",en,17.229537,6.4,420,Released,Comedy,1,1,7.89622525
13408,The Wash,7000000,10229331,93.0,2001.0,"[{""id"": 28, ""name"": ""Action""}, {""id"": 35, ""name"": ""Comedy""}]",en,2.453459,5.3,26,Released,Action,1,1,1.461333
47816,3 Strikes,6000000,9000000,82.0,2000.0,"[{""id"": 28, ""name"": ""Action""}, {""id"": 35, ""name"": ""Comedy""}, {""id"": 10749, ""name"": ""Romance""}]",en,1.433692,5.9,15,Released,Action,1,1,1.5
11536,The Misfits,4000000,8200000,124.0,1961.0,"[{""id"": 18, ""name"": ""Drama""}, {""id"": 28, ""name"": ""Action""}, {""id"": 10749, ""name"": ""Romance""}]",en,2.930058,6.8,72,Released,Drama,1,1,2.05
2370,Topaz,4000000,6000000,143.0,1969.0,"[{""id"": 28, ""name"": ""Action""}, {""id"": 18, ""name"": ""Drama""}, {""id"": 9648, ""name"": ""Mystery""}, {""id"": 53, ""name"": ""Thriller""}]",en,5.975604,6.1,77,Released,Action,1,1,1.5
9809,Let's Go to Prison,4000000,4630045,84.0,2006.0,"[{""id"": 35, ""name"": ""Comedy""}, {""id"": 80, ""name"": ""Crime""}]",en,4.59841,5.5,69,Released,Comedy,1,1,1.15751125
5,Four Rooms,4000000,4300000,98.0,1995.0,"[{""id"": 80, ""name"": ""Crime""}, {""id"": 35, ""name"": ""Comedy""}]",en,22.87623,6.5,530,Released,Crime,1,1,1.075
11013,Secretary,4000000,9304609,104.0,2002.0,"[{""id"": 35, ""name"": ""Comedy""}, {""id"": 18, ""name"": ""Drama""}, {""id"": 10749, ""name"": ""Romance""}]",en,19.107285,6.7,376,Released,Comedy,1,1,2.32615225
10132,Talk Radio,4000000,3468572,110.0,1988.0,"[{""id"": 18, ""name"": ""Drama""}]",en,4.541908,6.7,46,Released,Drama,1,1,0.867143
8141,You Kill Me,4000000,2426851,90.0,2007.0,"[{""id"": 35, ""name"": ""Comedy""}, {""id"": 80, ""name"": ""Crime""}, {""id"": 53, ""name"": ""Thriller""}, {""id"": 10749, ""name"": ""Romance""}]",en,6.091951,6.2,80,Released,Comedy,1,1,0.60671275
48572,Red State,4000000,1104682,88.0,2011.0,"[{""id"": 27, ""name"": ""Horror""}, {""id"": 28, ""name"": ""Action""}, {""id"": 53, ""name"": ""Thriller""}]",en,12.062371,5.9,316,Released,Horror,1,1,0.2761705
14517,Mirrormask,4000000,866999,101.0,2005.0,"[{""id"": 14, ""name"": ""Fantasy""}]",en,7.758188,6.6,102,Released,Fantasy,1,1,0.21674975
157847,Joe,4000000,2365467,118.0,2014.0,"[{""id"": 18, ""name"": ""Drama""}]",en,22.987897,6.5,338,Released,Drama,1,1,0.59136675
25719,Shooting Fish,3000000,302204,109.0,1997.0,"[{""id"": 80, ""name"": ""Crime""}, {""id"": 35, ""name"": ""Comedy""}, {""id"": 10749, ""name"": ""Romance""}]",en,1.204941,7.0,23,Released,Crime,1,1,0.10073466666666667
48309,Prison,1300000,354704,102.0,1988.0,"[{""id"": 80, ""name"": ""Crime""}, {""id"": 18, ""name"": ""Drama""}, {""id"": 27, ""name"": ""Horror""}, {""id"": 53, ""name"": ""Thriller""}]",en,7.605291,6.7,27,Released,Crime,1,1,0.2728492307692308
44945,Trust,9500000,120000,104.0,2010.0,"[{""id"": 80, ""name"": ""Crime""}, {""id"": 18, ""name"": ""Drama""}, {""id"": 53, ""name"": ""Thriller""}]",en,21.230737,6.6,307,Released,Crime,1,1,0.01263157894736842
111190,Adore,16000000,318982,100.0,2013.0,"[{""id"": 18, ""name"": ""Drama""}]",en,18.790221,6.1,291,Released,Drama,1,1,0.019936375
54580,Mondays in the Sun,4000000,146402,113.0,2002.0,"[{""id"": 18, ""name"": ""Drama""}]",es,3.663108,7.1,36,Released,Drama,1,1,0.0366005
52015,Stake Land,650000,33245,98.0,2010.0,"[{""id"": 18, ""name"": ""Drama""}, {""id"": 27, ""name"": ""Horror""}, {""id"": 28, ""name"": ""Action""}, {""id"": 53, ""name"": ""Thriller""}, {""id"": 878, ""name"": ""Science Fiction""}]",en,12.496261,6.2,285,Released,Drama,1,1,0.05114615384615385
60422,Another Happy Day,4000000,355688,119.0,2011.0,"[{""id"": 35, ""name"": ""Comedy""}, {""id"": 18, ""name"": ""Drama""}]",en,3.238466,6.2,37,Released,Comedy,1,1,0.088922
81390,A Lonely Place to Die,4000000,25345000,99.0,2011.0,"[{""id"": 12, ""name"": ""Adventure""}, {""id"": 28, ""name"": ""Action""}, {""id"": 53, ""name"": ""Thriller""}, {""id"": 80, ""name"": ""Crime""}]",en,8.30723,6.2,157,Released,Adventure,1,1,6.33625
22301,Hell's Angels,3950000,8000000,127.0,1930.0,"[{""id"": 28, ""name"": ""Action""}, {""id"": 18, ""name"": ""Drama""}, {""id"": 36, ""name"": ""History""}]",en,8.484123,6.1,19,Released,Action,1,1,2.0253164556962027
874,A Man for All Seasons,3900000,28350000,120.0,1966.0,"[{""id"": 18, ""name"": ""Drama""}, {""id"": 36, ""name"": ""History""}]",en,9.541688,7.5,89,Released,Drama,1,1,7.269230769230769
10774,Network,3800000,23689877,121.0,1976.0,"[{""id"": 18, ""name"": ""Drama""}]",en,17.234745,7.7,381,Released,Drama,1,1,6.234178157894737
770,Gone with the Wind,4000000,400176459,238.0,1939.0,"[{""id"": 18, ""name"": ""Drama""}, {""id"": 10749, ""name"": ""Romance""}, {""id"": 10752, ""name"": ""War""}]",en,48.98255,7.7,970,Released,Drama,1,1,100.04411475
29715,Major Dundee,3800000,14873,123.0,1965.0,"[{""id"": 10752, ""name"": ""War""}, {""id"": 37, ""name"": ""Western""}]",en,3.490215,6.2,38,Released,War,1,1,0.003913947368421052
25209,Annie Get Your Gun,3768785,8000000,107.0,1950.0,"[{""id"": 28, ""name"": ""Action""}, {""id"": 35, ""name"": ""Comedy""}, {""id"": 10402, ""name"": ""Music""}, {""id"": 10749, ""name"": ""Romance""}, {""id"": 37, ""name"": ""Western""}]",en,1.726175,7.3,22,Released,Action,1,1,2.122700021359669
37495,Four Lions,967686,4270000,101.0,2010.0,"[{""id"": 35, ""name"": ""Comedy""}, {""id"": 80, ""name"": ""Crime""}, {""id"": 18, ""name"": ""Drama""}]",en,20.544999,7.0,423,Released,Comedy,1,1,4.412588380941751
34769,Defendor,3500000,44462,101.0,2009.0,"[{""id"": 18, ""name"": ""Drama""}, {""id"": 28, ""name"": ""Action""}, {""id"": 35, ""name"": ""Comedy""}, {""id"": 80, ""name"": ""Crime""}]",en,8.45342,6.5,195,Released,Drama,1,1,0.012703428571428572
35032,The Pirate,3700000,2956000,102.0,1948.0,"[{""id"": 10402, ""name"": ""Music""}, {""id"": 10749, ""name"": ""Romance""}]",en,0.90522,6.6,17,Released,Music,1,1,0.798918918918919
8618,The History Boys,4000000,13401952,109.0,2006.0,"[{""id"": 35, ""name"": ""Comedy""}, {""id"": 18, ""name"": ""Drama""}]",en,3.771652,6.6,66,Released,Comedy,1,1,3.350488
3116,Midnight Cowboy,3600000,44785053,113.0,1969.0,"[{""id"": 18, ""name"": ""Drama""}]",en,21.119209,7.4,299,Released,Drama,1,1,12.4402925
9427,The Full Monty,3500000,257850122,91.0,1997.0,"[{""id"": 35, ""name"": ""Comedy""}]",en,17.002623,6.8,363,Released,Comedy,1,1,73.67146342857143
813,Airplane!,3500000,83453539,88.0,1980.0,"[{""id"": 35, ""name"": ""Comedy""}]",en,46.116885,7.1,1074,Released,Comedy,1,1,23.843868285714287
10634,Friday,3500000,28215918,91.0,1995.0,"[{""id"": 35, ""name"": ""Comedy""}]",en,25.5748,7.0,503,Released,Comedy,1,1,8.061690857142857
9516,Menace II Society,3500000,27900000,97.0,1993.0,"[{""id"": 18, ""name"": ""Drama""}, {""id"": 28, ""name"": ""Action""}, {""id"": 80, ""name"": ""Crime""}]",en,3.418871,7.2,173,Released,Drama,1,1,7.9714285714285715
16288,Creepshow 2,3500000,14000000,92.0,1987.0,"[{""id"": 27, ""name"": ""Horror""}]",en,10.729884,5.9,129,Released,Horror,1,1,4.0
23330,The Ballad of Cable Hogue,3716946,5000000,121.0,1970.0,"[{""id"": 28, ""name"": ""Action""}, {""id"": 35, ""name"": ""Comedy""}, {""id"": 37, ""name"": ""Western""}]",en,2.676535,6.9,47,Released,Action,1,1,1.3451903794136368
18900,In Cold Blood,3500000,13007551,134.0,1967.0,"[{""id"": 80, ""name"": ""Crime""}, {""id"": 18, ""name"": ""Drama""}]",en,7.821438,7.4,82,Released,Crime,1,1,3.716443142857143
27029,The Nun's Story,3500000,12800000,149.0,1959.0,"[{""id"": 18, ""name"": ""Drama""}]",en,3.281509,7.4,46,Released,Drama,1,1,3.657142857142857
26268,Harper,3500000,12000000,121.0,1966.0,"[{""id"": 28, ""name"": ""Action""}, {""id"": 18, ""name"": ""Drama""}, {""id"": 53, ""name"": ""Thriller""}, {""id"": 80, ""name"": ""Crime""}, {""id"": 9648, ""name"": ""Mystery""}]",en,2.938973,6.2,35,Released,Action,1,1,3.4285714285714284
573,Frenzy,3500000,12600000,116.0,1972.0,"[{""id"": 80, ""name"": ""Crime""}, {""id"": 18, ""name"": ""Drama""}, {""id"": 9648, ""name"": ""Mystery""}, {""id"": 53, ""name"": ""Thriller""}]",en,10.219942,7.1,158,Released,Crime,1,1,3.6
310131,The Witch,3500000,40423945,92.0,2016.0,"[{""id"": 9648, ""name"": ""Mystery""}, {""id"": 27, ""name"": ""Horror""}]",en,50.319662,6.3,1434,Released,Mystery,1,1,11.549698571428571
11363,She's the One,3500000,9482579,96.0,1996.0,"[{""id"": 35, ""name"": ""Comedy""}, {""id"": 10749, ""name"": ""Romance""}]",en,8.406025,5.7,70,Released,Comedy,1,1,2.7093082857142856
3033,Gods and Monsters,10000000,6451628,105.0,1998.0,"[{""id"": 18, ""name"": ""Drama""}]",en,5.588652,6.8,81,Released,Drama,1,1,0.6451628
25376,The Secret in Their Eyes,2000000,33965843,129.0,2009.0,"[{""id"": 80, ""name"": ""Crime""}, {""id"": 18, ""name"": ""Drama""}, {""id"": 9648, ""name"": ""Mystery""}, {""id"": 10749, ""name"": ""Romance""}]",es,25.894065,7.8,626,Released,Crime,1,1,16.9829215
765,Evil Dead II,3600000,5923044,84.0,1987.0,"[{""id"": 27, ""name"": ""Horror""}, {""id"": 35, ""name"": ""Comedy""}, {""id"": 14, ""name"": ""Fantasy""}]",en,35.674774,7.6,742,Released,Horror,1,1,1.64529
46146,Troll Hunter,3500000,4159678,103.0,2010.0,"[{""id"": 14, ""name"": ""Fantasy""}, {""id"": 27, ""name"": ""Horror""}]",nb,12.982319,6.7,583,Released,Fantasy,1,1,1.1884794285714286
14256,Winter Passing,3500000,113783,98.0,2006.0,"[{""id"": 35, ""name"": ""Comedy""}, {""id"": 18, ""name"": ""Drama""}]",en,3.643608,6.7,28,Released,Comedy,1,1,0.03250942857142857
12535,High Anxiety,3400000,31063038,94.0,1977.0,"[{""id"": 35, ""name"": ""Comedy""}, {""id"": 10402, ""name"": ""Music""}]",en,5.690619,6.5,84,Released,Comedy,1,1,9.136187647058824
1667,March of the Penguins,8000000,127392239,80.0,2005.0,"[{""id"": 99, ""name"": ""Documentary""}, {""id"": 10751, ""name"": ""Family""}]",fr,17.537154,6.9,358,Released,Documentary,1,1,15.924029875
50839,Margin Call,3500000,19504039,107.0,2011.0,"[{""id"": 53, ""name"": ""Thriller""}, {""id"": 18, ""name"": ""Drama""}]",en,26.259389,6.7,524,Released,Thriller,1,1,5.572582571428572
13973,Choke,3000000,3830137,92.0,2008.0,"[{""id"": 35, ""name"": ""Comedy""}, {""id"": 18, ""name"": ""Drama""}]",en,11.637458,6.0,127,Released,Comedy,1,1,1.2767123333333332
244786,Whiplash,3300000,13092000,105.0,2014.0,"[{""id"": 18, ""name"": ""Drama""}]",en,192.528841,8.3,4254,Released,Drama,1,1,3.9672727272727273
598,City of God,3300000,30641770,130.0,2002.0,"[{""id"": 18, ""name"": ""Drama""}, {""id"": 80, ""name"": ""Crime""}]",pt,44.356711,8.1,1814,Released,Drama,1,1,9.28538484848485
11129,Human Traffic,600000,4000000,99.0,1999.0,"[{""id"": 35, ""name"": ""Comedy""}, {""id"": 18, ""name"": ""Drama""}]",en,4.859873,6.8,97,Released,Comedy,1,1,6.666666666666667
103663,The Hunt,3800000,16800000,115.0,2012.0,"[{""id"": 18, ""name"": ""Drama""}]",da,21.826888,7.9,927,Released,Drama,1,1,4.421052631578948
301748,The Opposite Sex,3300000,45000,96.0,2014.0,"[{""id"": 35, ""name"": ""Comedy""}]",en,2.964785,4.1,9,Released,Comedy,1,1,0.013636363636363636
108346,Dreaming of Joseph Lees,2000000,7,92.0,1999.0,"[{""id"": 10749, ""name"": ""Romance""}, {""id"": 18, ""name"": ""Drama""}]",en,0.11615,8.0,1,Released,Romance,1,1,3.5e-06
805,Rosemary's Baby,3200000,33395426,136.0,1968.0,"[{""id"": 27, ""name"": ""Horror""}, {""id"": 18, ""name"": ""Drama""}, {""id"": 9648, ""name"": ""Mystery""}]",en,26.180367,7.5,863,Released,Horror,1,1,10.436070625
11697,The Man Who Shot Liberty Valance,3200000,8000000,123.0,1962.0,"[{""id"": 37, ""name"": ""Western""}]",en,11.735287,7.4,265,Released,Western,1,1,2.5
55347,Beginners,3200000,5332926,105.0,2010.0,"[{""id"": 18, ""name"": ""Drama""}, {""id"": 10749, ""name"": ""Romance""}, {""id"": 35, ""name"": ""Comedy""}]",en,11.933449,6.8,347,Released,Drama,1,1,1.666539375
8469,Animal House,2700000,141000000,109.0,1978.0,"[{""id"": 35, ""name"": ""Comedy""}]",en,17.332585,7.0,418,Released,Comedy,1,1,52.22222222222222
658,Goldfinger,2500000,124881062,110.0,1964.0,"[{""id"": 12, ""name"": ""Adventure""}, {""id"": 28, ""name"": ""Action""}, {""id"": 53, ""name"": ""Thriller""}]",en,47.812466,7.2,987,Released,Adventure,1,1,49.9524248
1585,It's a Wonderful Life,3180000,9644124,130.0,1946.0,"[{""id"": 18, ""name"": ""Drama""}, {""id"": 10751, ""name"": ""Family""}, {""id"": 14, ""name"": ""Fantasy""}]",en,42.868495,8.0,1076,Released,Drama,1,1,3.032743396226415
627,Trainspotting,4000000,16491080,93.0,1996.0,"[{""id"": 18, ""name"": ""Drama""}, {""id"": 80, ""name"": ""Crime""}]",en,63.513324,7.8,2655,Released,Drama,1,1,4.12277
41436,Paranormal Activity 2,3000000,177512032,91.0,2010.0,"[{""id"": 27, ""name"": ""Horror""}, {""id"": 53, ""name"": ""Thriller""}]",en,22.789649,5.7,722,Released,Horror,1,1,59.17067733333333
1430,Bowling for Columbine,4000000,35564473,120.0,2002.0,"[{""id"": 99, ""name"": ""Documentary""}]",en,11.414843,7.3,453,Released,Documentary,1,1,8.89111825
10014,A Nightmare on Elm Street Part 2: Freddy's Revenge,3000000,29999213,87.0,1985.0,"[{""id"": 27, ""name"": ""Horror""}]",en,21.607228,5.7,361,Released,Horror,1,1,9.999737666666666
11257,A Room with a View,3000000,20966644,117.0,1985.0,"[{""id"": 18, ""name"": ""Drama""}, {""id"": 10749, ""name"": ""Romance""}]",en,7.961559,6.9,156,Released,Drama,1,1,6.9888813333333335
158015,The Purge,3000000,89328627,86.0,2013.0,"[{""id"": 878, ""name"": ""Science Fiction""}, {""id"": 27, ""name"": ""Horror""}, {""id"": 53, ""name"": ""Thriller""}]",en,54.403033,6.0,2428,Released,Science Fiction,1,1,29.776209
82507,Sinister,3000000,77712439,110.0,2012.0,"[{""id"": 27, ""name"": ""Horror""}, {""id"": 53, ""name"": ""Thriller""}, {""id"": 9648, ""name"": ""Mystery""}]",en,41.045084,6.7,1573,Released,Horror,1,1,25.904146333333333
20337,Martin Lawrence Live: Runteldat,3000000,19184015,113.0,2002.0,"[{""id"": 35, ""name"": ""Comedy""}]",en,0.295226,5.0,1,Released,Comedy,1,1,6.3946716666666665
261,Cat on a Hot Tin Roof,3000000,17570324,108.0,1958.0,"[{""id"": 18, ""name"": ""Drama""}, {""id"": 10749, ""name"": ""Romance""}]",en,16.553594,7.6,165,Released,Drama,1,1,5.8567746666666665
1685,Beneath the Planet of the Apes,3000000,18999718,95.0,1970.0,"[{""id"": 12, ""name"": ""Adventure""}, {""id"": 878, ""name"": ""Science Fiction""}, {""id"": 9648, ""name"": ""Mystery""}]",en,24.393296,6.2,361,Released,Adventure,1,1,6.333239333333333
20737,Air Bud,3000000,23144499,98.0,1997.0,"[{""id"": 35, ""name"": ""Comedy""}, {""id"": 10751, ""name"": ""Family""}, {""id"": 18, ""name"": ""Drama""}]",en,11.241802,5.3,106,Released,Comedy,1,1,7.714833
10991,Pokémon: Spell of the Unknown,16000000,68411275,93.0,2000.0,"[{""id"": 12, ""name"": ""Adventure""}, {""id"": 14, ""name"": ""Fantasy""}, {""id"": 16, ""name"": ""Animation""}, {""id"": 28, ""name"": ""Action""}, {""id"": 10751, ""name"": ""Family""}]",ja,9.18885,5.9,137,Released,Adventure,1,1,4.2757046875
10225,Friday the 13th Part VI: Jason Lives,3000000,19472057,86.0,1986.0,"[{""id"": 27, ""name"": ""Horror""}, {""id"": 9648, ""name"": ""Mystery""}, {""id"": 53, ""name"": ""Thriller""}]",en,11.158167,5.7,216,Released,Horror,1,1,6.490685666666667
826,The Bridge on the River Kwai,3000000,33300000,161.0,1957.0,"[{""id"": 18, ""name"": ""Drama""}, {""id"": 36, ""name"": ""History""}, {""id"": 10752, ""name"": ""War""}]",en,23.109959,7.7,542,Released,Drama,1,1,11.1
34086,Spaced Invaders,3000000,15369573,100.0,1990.0,"[{""id"": 35, ""name"": ""Comedy""}, {""id"": 10751, ""name"": ""Family""}, {""id"": 878, ""name"": ""Science Fiction""}]",en,1.586598,4.7,25,Released,Comedy,1,1,5.123191
5854,Family Plot,2000000,7900000,121.0,1976.0,"[{""id"": 35, ""name"": ""Comedy""}, {""id"": 80, ""name"": ""Crime""}, {""id"": 53, ""name"": ""Thriller""}]",en,3.832858,6.7,86,Released,Comedy,1,1,3.95
284,The Apartment,3000000,25000000,125.0,1960.0,"[{""id"": 35, ""name"": ""Comedy""}, {""id"": 18, ""name"": ""Drama""}, {""id"": 10749, ""name"": ""Romance""}]",en,22.889294,8.1,483,Released,Comedy,1,1,8.333333333333334
10285,Jason Goes to Hell: The Final Friday,3000000,15938065,87.0,1993.0,"[{""id"": 14, ""name"": ""Fantasy""}, {""id"": 27, ""name"": ""Horror""}, {""id"": 53, ""name"": ""Thriller""}]",en,10.341982,4.2,193,Released,Fantasy,1,1,5.312688333333333
5780,Torn Curtain,3000000,13000000,128.0,1966.0,"[{""id"": 9648, ""name"": ""Mystery""}, {""id"": 53, ""name"": ""Thriller""}]",en,7.924982,6.4,120,Released,Mystery,1,1,4.333333333333333
292,Dave Chappelle's Block Party,3000000,11718595,100.0,2005.0,"[{""id"": 35, ""name"": ""Comedy""}, {""id"": 99, ""name"": ""Documentary""}, {""id"": 10402, ""name"": ""Music""}]",en,1.697846,6.4,28,Released,Comedy,1,1,3.906198333333333
22013,Elmer Gantry,3000000,10400000,146.0,1960.0,"[{""id"": 18, ""name"": ""Drama""}]",en,6.734965,7.3,41,Released,Drama,1,1,3.466666666666667
821,Judgment at Nuremberg,3000000,10000000,186.0,1961.0,"[{""id"": 18, ""name"": ""Drama""}, {""id"": 36, ""name"": ""History""}]",en,13.338539,7.6,155,Released,Drama,1,1,3.3333333333333335
3089,Red River,3000000,9012000,133.0,1948.0,"[{""id"": 37, ""name"": ""Western""}]",en,5.344815,7.3,82,Released,Western,1,1,3.004
132344,Before Midnight,3000000,11176469,108.0,2013.0,"[{""id"": 10749, ""name"": ""Romance""}, {""id"": 18, ""name"": ""Drama""}]",en,23.299907,7.4,568,Released,Romance,1,1,3.725489666666667
15158,Phantasm II,3000000,7282851,97.0,1988.0,"[{""id"": 28, ""name"": ""Action""}, {""id"": 27, ""name"": ""Horror""}, {""id"": 878, ""name"": ""Science Fiction""}, {""id"": 53, ""name"": ""Thriller""}]",en,5.003615,6.3,94,Released,Action,1,1,2.427617
44634,Woman Thou Art Loosed,3000000,6804016,94.0,2004.0,"[{""id"": 18, ""name"": ""Drama""}]",en,0.019984,5.0,3,Released,Drama,1,1,2.2680053333333334
10557,East Is East,3800000,28200000,97.0,1999.0,"[{""id"": 35, ""name"": ""Comedy""}]",en,3.667372,6.5,59,Released,Comedy,1,1,7.421052631578948
28005,Kama Sutra - A Tale of Love,3000000,4109095,117.0,1996.0,"[{""id"": 18, ""name"": ""Drama""}, {""id"": 36, ""name"": ""History""}, {""id"": 10749, ""name"": ""Romance""}]",en,3.937939,5.7,35,Released,Drama,1,1,1.3696983333333332
252,Willy Wonka & the Chocolate Factory,3000000,4000000,100.0,1971.0,"[{""id"": 10751, ""name"": ""Family""}, {""id"": 14, ""name"": ""Fantasy""}]",en,23.981601,7.4,798,Released,Family,1,1,1.3333333333333333
18892,Jawbreaker,3000000,3076820,87.0,1999.0,"[{""id"": 35, ""name"": ""Comedy""}]",en,4.337685,5.9,90,Released,Comedy,1,1,1.0256066666666668
549,Basquiat,2962051,3011195,108.0,1996.0,"[{""id"": 18, ""name"": ""Drama""}, {""id"": 36, ""name"": ""History""}]",en,3.636634,6.6,94,Released,Drama,1,1,1.016591206565991
868,Tsotsi,3000000,9879971,94.0,2005.0,"[{""id"": 80, ""name"": ""Crime""}, {""id"": 18, ""name"": ""Drama""}]",af,2.504169,6.9,94,Released,Crime,1,1,3.2933236666666668
10683,Happiness,3000000,2807390,139.0,1998.0,"[{""id"": 35, ""name"": ""Comedy""}, {""id"": 18, ""name"": ""Drama""}]",en,10.757539,7.4,194,Released,Comedy,1,1,0.9357966666666667
246403,Tusk,2800000,1826705,102.0,2014.0,"[{""id"": 35, ""name"": ""Comedy""}, {""id"": 27, ""name"": ""Horror""}]",en,15.754614,5.1,366,Released,Comedy,1,1,0.6523946428571429
670,Oldboy,3000000,14980005,120.0,2003.0,"[{""id"": 18, ""name"": ""Drama""}, {""id"": 53, ""name"": ""Thriller""}, {""id"": 9648, ""name"": ""Mystery""}, {""id"": 28, ""name"": ""Action""}]",ko,56.76349,8.0,1945,Released,Drama,1,1,4.993335
49010,Hobo with a Shotgun,3000000,748453,86.0,2011.0,"[{""id"": 28, ""name"": ""Action""}, {""id"": 35, ""name"": ""Comedy""}, {""id"": 53, ""name"": ""Thriller""}]",en,16.900433,5.7,211,Released,Action,1,1,0.24948433333333334
24469,Fish Tank,3000000,2357852,123.0,2009.0,"[{""id"": 18, ""name"": ""Drama""}]",en,12.68672,6.9,250,Released,Drama,1,1,0.7859506666666667
84174,Bachelorette,3000000,11947954,87.0,2012.0,"[{""id"": 35, ""name"": ""Comedy""}, {""id"": 10749, ""name"": ""Romance""}]",en,20.95282,5.3,444,Released,Comedy,1,1,3.9826513333333335
38541,The Divide,3000000,22000,112.0,2011.0,"[{""id"": 878, ""name"": ""Science Fiction""}]",en,11.882563,5.7,197,Released,Science Fiction,1,1,0.007333333333333333
234212,Demonic,3000000,3387000,83.0,2015.0,"[{""id"": 53, ""name"": ""Thriller""}, {""id"": 27, ""name"": ""Horror""}]",en,12.564554,4.9,148,Released,Thriller,1,1,1.129
26039,Point Blank,2500000,3200000,92.0,1967.0,"[{""id"": 28, ""name"": ""Action""}, {""id"": 80, ""name"": ""Crime""}, {""id"": 18, ""name"": ""Drama""}, {""id"": 53, ""name"": ""Thriller""}]",en,5.164423,7.1,95,Released,Action,1,1,1.28
666,Central Station,2900000,5596708,113.0,1998.0,"[{""id"": 18, ""name"": ""Drama""}]",pt,5.928937,7.6,126,Released,Drama,1,1,1.9298993103448276
248,Pocketful of Miracles,2900000,5000000,136.0,1961.0,"[{""id"": 35, ""name"": ""Comedy""}, {""id"": 18, ""name"": ""Drama""}]",en,3.370225,7.3,25,Released,Comedy,1,1,1.7241379310344827
43942,Freakonomics,3000000,103735,93.0,2010.0,"[{""id"": 99, ""name"": ""Documentary""}]",en,1.781462,6.6,36,Released,Documentary,1,1,0.034578333333333336
10476,Hustle & Flow,8000000,23563727,116.0,2005.0,"[{""id"": 18, ""name"": ""Drama""}]",en,6.39503,6.9,99,Released,Drama,1,1,2.945465875
239,Some Like It Hot,2883848,25000000,122.0,1959.0,"[{""id"": 35, ""name"": ""Comedy""}, {""id"": 10749, ""name"": ""Romance""}]",en,39.30982,8.0,808,Released,Comedy,1,1,8.668972844615944
10281,Friday the 13th Part VII: The New Blood,2800000,19170001,88.0,1988.0,"[{""id"": 27, ""name"": ""Horror""}, {""id"": 53, ""name"": ""Thriller""}]",en,9.070842,5.3,192,Released,Horror,1,1,6.846428928571428
630,The Wizard of Oz,2777000,33754967,102.0,1939.0,"[{""id"": 12, ""name"": ""Adventure""}, {""id"": 10751, ""name"": ""Family""}, {""id"": 14, ""name"": ""Fantasy""}]",en,67.417542,7.4,1642,Released,Adventure,1,1,12.15519157364062
3034,Young Frankenstein,2800000,86273333,106.0,1974.0,"[{""id"": 35, ""name"": ""Comedy""}, {""id"": 878, ""name"": ""Science Fiction""}]",en,36.444894,7.7,854,Released,Comedy,1,1,30.811904642857144
13025,Diary of the Dead,2000000,5364858,95.0,2007.0,"[{""id"": 27, ""name"": ""Horror""}, {""id"": 28, ""name"": ""Action""}, {""id"": 878, ""name"": ""Science Fiction""}]",en,15.351412,5.4,190,Released,Horror,1,1,2.682429
17264,The Black Stallion,2700000,37799643,118.0,1979.0,"[{""id"": 12, ""name"": ""Adventure""}, {""id"": 10751, ""name"": ""Family""}]",en,11.35972,7.0,59,Released,Adventure,1,1,13.999867777777778
15875,Donovan's Reef,2686000,6600000,109.0,1963.0,"[{""id"": 12, ""name"": ""Adventure""}, {""id"": 35, ""name"": ""Comedy""}, {""id"": 10749, ""name"": ""Romance""}]",en,1.897263,6.0,30,Released,Adventure,1,1,2.4571854058078926
43306,A Guy Named Joe,2627000,5363000,120.0,1944.0,"[{""id"": 18, ""name"": ""Drama""}, {""id"": 10749, ""name"": ""Romance""}, {""id"": 10752, ""name"": ""War""}]",en,0.531444,6.0,8,Released,Drama,1,1,2.041492196421774
11072,Blazing Saddles,2600000,119500000,93.0,1974.0,"[{""id"": 37, ""name"": ""Western""}, {""id"": 35, ""name"": ""Comedy""}]",en,22.793929,7.2,609,Released,Western,1,1,45.96153846153846
9730,Friday the 13th: The Final Chapter,2600000,32980880,91.0,1984.0,"[{""id"": 27, ""name"": ""Horror""}, {""id"": 53, ""name"": ""Thriller""}]",en,14.013414,5.9,237,Released,Horror,1,1,12.684953846153846
209274,Ida,2159280,10700000,80.0,2013.0,"[{""id"": 18, ""name"": ""Drama""}]",pl,13.265432,7.1,260,Released,Drama,1,1,4.955355488866659
291,Riding Giants,2600000,3166000,105.0,2004.0,"[{""id"": 99, ""name"": ""Documentary""}]",en,0.895946,7.6,23,Released,Documentary,1,1,1.2176923076923076
14139,Timecrimes,2600000,553198,92.0,2007.0,"[{""id"": 878, ""name"": ""Science Fiction""}, {""id"": 53, ""name"": ""Thriller""}]",es,19.02965,7.0,308,Released,Science Fiction,1,1,0.21276846153846155
872,Singin' in the Rain,2540800,7200000,103.0,1952.0,"[{""id"": 35, ""name"": ""Comedy""}, {""id"": 10402, ""name"": ""Music""}, {""id"": 10749, ""name"": ""Romance""}]",en,36.556954,7.8,727,Released,Comedy,1,1,2.8337531486146097
139038,A Haunted House,2500000,60141683,86.0,2013.0,"[{""id"": 35, ""name"": ""Comedy""}, {""id"": 27, ""name"": ""Horror""}]",en,18.661541,5.4,516,Released,Comedy,1,1,24.0566732
126509,2016: Obama's America,2500000,33400000,87.0,2012.0,"[{""id"": 99, ""name"": ""Documentary""}]",en,0.973582,4.6,19,Released,Documentary,1,1,13.36
10676,Halloween III: Season of the Witch,2500000,14400000,98.0,1982.0,"[{""id"": 27, ""name"": ""Horror""}, {""id"": 9648, ""name"": ""Mystery""}, {""id"": 878, ""name"": ""Science Fiction""}]",en,12.030456,5.0,229,Released,Horror,1,1,5.76
1687,Escape from the Planet of the Apes,2500000,12348905,98.0,1971.0,"[{""id"": 28, ""name"": ""Action""}, {""id"": 878, ""name"": ""Science Fiction""}]",en,18.30961,6.3,264,Released,Action,1,1,4.939562
24748,Hud,2500000,10000000,112.0,1963.0,"[{""id"": 28, ""name"": ""Action""}, {""id"": 18, ""name"": ""Drama""}, {""id"": 37, ""name"": ""Western""}]",en,6.82919,7.5,66,Released,Action,1,1,4.0
401,Garden State,2500000,26781723,102.0,2004.0,"[{""id"": 35, ""name"": ""Comedy""}, {""id"": 18, ""name"": ""Drama""}, {""id"": 10749, ""name"": ""Romance""}]",en,30.583959,7.1,618,Released,Comedy,1,1,10.7126892
76,Before Sunrise,2500000,5535405,105.0,1995.0,"[{""id"": 18, ""name"": ""Drama""}, {""id"": 10749, ""name"": ""Romance""}]",en,23.672571,7.7,959,Released,Drama,1,1,2.214162
84329,Robot & Frank,2500000,3325038,85.0,2012.0,"[{""id"": 878, ""name"": ""Science Fiction""}, {""id"": 35, ""name"": ""Comedy""}, {""id"": 18, ""name"": ""Drama""}, {""id"": 80, ""name"": ""Crime""}]",en,23.419061,6.8,450,Released,Science Fiction,1,1,1.3300152
157386,The Spectacular Now,2500000,6854611,95.0,2013.0,"[{""id"": 35, ""name"": ""Comedy""}, {""id"": 18, ""name"": ""Drama""}, {""id"": 10749, ""name"": ""Romance""}]",en,25.722747,6.8,1048,Released,Comedy,1,1,2.7418444
46849,Eye of the Dolphin,2500000,71904,100.0,2007.0,"[{""id"": 18, ""name"": ""Drama""}]",en,0.301884,7.1,7,Released,Drama,1,1,0.0287616
20764,Sleep Dealer,2500000,107559,90.0,2008.0,"[{""id"": 18, ""name"": ""Drama""}, {""id"": 878, ""name"": ""Science Fiction""}, {""id"": 53, ""name"": ""Thriller""}]",en,4.624691,6.0,40,Released,Drama,1,1,0.0430236
45132,Super,2500000,324138,96.0,2010.0,"[{""id"": 35, ""name"": ""Comedy""}, {""id"": 28, ""name"": ""Action""}, {""id"": 18, ""name"": ""Drama""}]",en,12.204569,6.6,441,Released,Comedy,1,1,0.1296552
49471,Get on the Bus,2400000,5731103,120.0,1996.0,"[{""id"": 18, ""name"": ""Drama""}]",en,4.623059,7.0,11,Released,Drama,1,1,2.387959583333333
7512,Idiocracy,30000000,495303,84.0,2006.0,"[{""id"": 12, ""name"": ""Adventure""}, {""id"": 35, ""name"": ""Comedy""}, {""id"": 878, ""name"": ""Science Fiction""}]",en,27.940093,6.3,664,Released,Adventure,1,1,0.0165101
11798,This Is England,2380000,8176544,101.0,2006.0,"[{""id"": 18, ""name"": ""Drama""}, {""id"": 80, ""name"": ""Crime""}]",en,8.395624,7.4,363,Released,Drama,1,1,3.43552268907563
43546,Bathing Beauty,2361000,6892000,101.0,1944.0,"[{""id"": 35, ""name"": ""Comedy""}, {""id"": 10402, ""name"": ""Music""}]",en,0.628051,7.0,4,Released,Comedy,1,1,2.919102075391783
17820,Show Boat,2300000,11000000,107.0,1951.0,"[{""id"": 10402, ""name"": ""Music""}, {""id"": 10749, ""name"": ""Romance""}]",en,1.606314,6.9,18,Released,Music,1,1,4.782608695652174
756,Fantasia,2280000,83320000,124.0,1940.0,"[{""id"": 16, ""name"": ""Animation""}, {""id"": 10751, ""name"": ""Family""}, {""id"": 10402, ""name"": ""Music""}]",en,32.875469,7.2,808,Released,Animation,1,1,36.54385964912281
9728,Friday the 13th Part III,4000000,36690067,95.0,1982.0,"[{""id"": 27, ""name"": ""Horror""}, {""id"": 53, ""name"": ""Thriller""}]",en,14.206525,5.7,254,Released,Horror,1,1,9.17251675
9731,Friday the 13th: A New Beginning,2200000,21930418,92.0,1985.0,"[{""id"": 27, ""name"": ""Horror""}, {""id"": 53, ""name"": ""Thriller""}]",en,12.639469,5.1,196,Released,Horror,1,1,9.968371818181819
43610,The Valley of Decision,2160000,9132000,119.0,1945.0,"[{""id"": 18, ""name"": ""Drama""}]",en,0.1813,5.8,4,Released,Drama,1,1,4.227777777777778
887,The Best Years of Our Lives,2100000,23650000,172.0,1946.0,"[{""id"": 18, ""name"": ""Drama""}, {""id"": 36, ""name"": ""History""}, {""id"": 10749, ""name"": ""Romance""}]",en,8.38717,7.6,143,Released,Drama,1,1,11.261904761904763
364083,Mi America,2100000,3330,126.0,2015.0,"[{""id"": 18, ""name"": ""Drama""}, {""id"": 80, ""name"": ""Crime""}]",en,0.039007,0.0,0,Released,Drama,1,1,0.0015857142857142858
8329,[REC],1500000,30448000,78.0,2007.0,"[{""id"": 27, ""name"": ""Horror""}, {""id"": 9648, ""name"": ""Mystery""}]",es,31.691617,7.1,934,Released,Horror,1,1,20.298666666666666
657,From Russia with Love,2000000,78898765,115.0,1963.0,"[{""id"": 28, ""name"": ""Action""}, {""id"": 53, ""name"": ""Thriller""}, {""id"": 12, ""name"": ""Adventure""}]",en,41.298723,6.9,760,Released,Action,1,1,39.4493825
11561,Sleeper,2000000,18344729,89.0,1973.0,"[{""id"": 35, ""name"": ""Comedy""}, {""id"": 10749, ""name"": ""Romance""}, {""id"": 878, ""name"": ""Science Fiction""}]",en,10.664202,7.0,200,Released,Comedy,1,1,9.1723645
270303,It Follows,2000000,14674076,100.0,2015.0,"[{""id"": 27, ""name"": ""Horror""}, {""id"": 53, ""name"": ""Thriller""}]",en,100.876794,6.6,1832,Released,Horror,1,1,7.337038
11624,Everything You Always Wanted to Know About Sex *But Were Afraid to Ask,2000000,18016290,88.0,1972.0,"[{""id"": 35, ""name"": ""Comedy""}]",en,13.223111,6.6,215,Released,Comedy,1,1,9.008145
595,To Kill a Mockingbird,2000000,13129846,129.0,1962.0,"[{""id"": 80, ""name"": ""Crime""}, {""id"": 18, ""name"": ""Drama""}]",en,22.139842,8.0,657,Released,Crime,1,1,6.564923
8810,Mad Max 2: The Road Warrior,2000000,24600832,95.0,1981.0,"[{""id"": 12, ""name"": ""Adventure""}, {""id"": 28, ""name"": ""Action""}, {""id"": 53, ""name"": ""Thriller""}, {""id"": 878, ""name"": ""Science Fiction""}]",en,37.117362,7.3,957,Released,Adventure,1,1,12.300416
226,Boys Don't Cry,2000000,11540607,118.0,1999.0,"[{""id"": 80, ""name"": ""Crime""}, {""id"": 18, ""name"": ""Drama""}]",en,15.557144,7.2,353,Released,Crime,1,1,5.7703035
92182,Silent House,2000000,13101672,85.0,2011.0,"[{""id"": 27, ""name"": ""Horror""}, {""id"": 9648, ""name"": ""Mystery""}]",en,11.66632,5.2,125,Released,Horror,1,1,6.550836
582,The Lives of Others,2000000,70000000,137.0,2006.0,"[{""id"": 18, ""name"": ""Drama""}, {""id"": 53, ""name"": ""Thriller""}]",de,34.938177,7.9,958,Released,Drama,1,1,35.0
72213,Courageous,1000000,34522221,129.0,2011.0,"[{""id"": 18, ""name"": ""Drama""}]",en,5.961119,6.8,77,Released,Drama,1,1,34.522221
990,The Hustler,2000000,7600000,134.0,1961.0,"[{""id"": 18, ""name"": ""Drama""}]",en,17.639478,7.6,240,Released,Drama,1,1,3.8
55604,Boom Town,2000000,9172000,119.0,1940.0,"[{""id"": 12, ""name"": ""Adventure""}, {""id"": 18, ""name"": ""Drama""}, {""id"": 10749, ""name"": ""Romance""}]",en,1.867004,6.5,8,Released,Adventure,1,1,4.586
9662,The Triplets of Belleville,8000000,1477676,80.0,2003.0,"[{""id"": 12, ""name"": ""Adventure""}, {""id"": 16, ""name"": ""Animation""}, {""id"": 35, ""name"": ""Comedy""}, {""id"": 18, ""name"": ""Drama""}]",fr,13.944645,7.3,231,Released,Adventure,1,1,0.1847095
80,Before Sunset,2700000,15992615,80.0,2004.0,"[{""id"": 18, ""name"": ""Drama""}, {""id"": 10749, ""name"": ""Romance""}]",en,14.799323,7.6,718,Released,Drama,1,1,5.923190740740741
55,Amores perros,2000000,20908467,154.0,2000.0,"[{""id"": 18, ""name"": ""Drama""}, {""id"": 53, ""name"": ""Thriller""}]",es,23.281616,7.6,521,Released,Drama,1,1,10.4542335
11023,Thirteen,2000000,4601043,100.0,2003.0,"[{""id"": 80, ""name"": ""Crime""}, {""id"": 18, ""name"": ""Drama""}]",en,20.331593,6.7,339,Released,Crime,1,1,2.3005215
33667,Gentleman's Agreement,2000000,7800000,118.0,1947.0,"[{""id"": 18, ""name"": ""Drama""}, {""id"": 10749, ""name"": ""Romance""}]",en,5.381536,6.8,47,Released,Drama,1,1,3.9
39013,Winter's Bone,2000000,13831503,100.0,2010.0,"[{""id"": 18, ""name"": ""Drama""}]",en,20.834883,6.8,565,Released,Drama,1,1,6.9157515
43839,Alexander's Ragtime Band,2000000,4000000,106.0,1938.0,"[{""id"": 18, ""name"": ""Drama""}, {""id"": 10402, ""name"": ""Music""}, {""id"": 10749, ""name"": ""Romance""}]",en,0.483974,4.8,6,Released,Drama,1,1,2.0
44639,Inside Job,2000000,7871522,109.0,2010.0,"[{""id"": 99, ""name"": ""Documentary""}]",en,16.930914,7.7,286,Released,Documentary,1,1,3.935761
301351,We Are Your Friends,6000000,11122090,96.0,2015.0,"[{""id"": 18, ""name"": ""Drama""}, {""id"": 10402, ""name"": ""Music""}, {""id"": 10749, ""name"": ""Romance""}]",en,28.819424,6.3,658,Released,Drama,1,1,1.8536816666666667
7873,Harsh Times,2000000,5967038,120.0,2005.0,"[{""id"": 80, ""name"": ""Crime""}, {""id"": 18, ""name"": ""Drama""}, {""id"": 53, ""name"": ""Thriller""}, {""id"": 28, ""name"": ""Action""}]",en,12.999023,6.3,197,Released,Crime,1,1,2.983519
331190,Captive,2000000,2801508,97.0,2015.0,"[{""id"": 80, ""name"": ""Crime""}, {""id"": 18, ""name"": ""Drama""}, {""id"": 53, ""name"": ""Thriller""}]",en,6.728882,5.6,92,Released,Crime,1,1,1.400754
15186,Full Frontal,2000000,2506446,96.0,2002.0,"[{""id"": 35, ""name"": ""Comedy""}, {""id"": 18, ""name"": ""Drama""}, {""id"": 10749, ""name"": ""Romance""}]",en,1.95686,4.8,26,Released,Comedy,1,1,1.253223
1378,Shortbus,2000000,5179037,101.0,2006.0,"[{""id"": 10749, ""name"": ""Romance""}, {""id"": 18, ""name"": ""Drama""}, {""id"": 35, ""name"": ""Comedy""}]",en,14.846001,6.3,140,Released,Romance,1,1,2.5895185
8885,Waltz with Bashir,2000000,11125849,90.0,2008.0,"[{""id"": 18, ""name"": ""Drama""}, {""id"": 16, ""name"": ""Animation""}, {""id"": 10752, ""name"": ""War""}]",he,14.08251,7.8,291,Released,Drama,1,1,5.5629245
12901,No End in Sight,2000000,1431623,102.0,2007.0,"[{""id"": 99, ""name"": ""Documentary""}]",en,2.283796,7.2,23,Released,Documentary,1,1,0.7158115
250124,The Diary of a Teenage Girl,2000000,1477002,98.0,2015.0,"[{""id"": 18, ""name"": ""Drama""}, {""id"": 10749, ""name"": ""Romance""}]",en,18.224326,6.8,279,Released,Drama,1,1,0.738501
12228,Inside Deep Throat,2000000,653621,92.0,2005.0,"[{""id"": 36, ""name"": ""History""}, {""id"": 99, ""name"": ""Documentary""}]",en,3.980072,6.8,31,Released,History,1,1,0.3268105
42889,The Virginity Hit,2000000,563706,120.0,2010.0,"[{""id"": 35, ""name"": ""Comedy""}]",en,3.125382,4.6,19,Released,Comedy,1,1,0.281853
10656,Subway,2000000,390659,104.0,1985.0,"[{""id"": 28, ""name"": ""Action""}, {""id"": 53, ""name"": ""Thriller""}]",fr,5.261065,6.3,86,Released,Action,1,1,0.1953295
24746,Six-String Samurai,2000000,124494,91.0,1998.0,"[{""id"": 28, ""name"": ""Action""}, {""id"": 12, ""name"": ""Adventure""}, {""id"": 878, ""name"": ""Science Fiction""}]",en,1.892183,5.8,36,Released,Action,1,1,0.062247
12109,It's All Gone Pete Tong,2000000,120620,90.0,2004.0,"[{""id"": 18, ""name"": ""Drama""}, {""id"": 35, ""name"": ""Comedy""}, {""id"": 10402, ""name"": ""Music""}]",en,3.911445,7.1,52,Released,Drama,1,1,0.06031
27023,Saint John of Las Vegas,3800000,111731,84.0,2009.0,"[{""id"": 35, ""name"": ""Comedy""}]",en,2.559806,5.9,18,Released,Comedy,1,1,0.029402894736842104
273899,Stonewall,13500000,187674,129.0,2015.0,"[{""id"": 18, ""name"": ""Drama""}]",en,5.16023,5.2,32,Released,Drama,1,1,0.013901777777777779
20653,Roadside Romeo,7000000,1100000,93.0,2008.0,"[{""id"": 16, ""name"": ""Animation""}, {""id"": 10751, ""name"": ""Family""}, {""id"": 10769, ""name"": ""Foreign""}]",en,0.253595,6.7,3,Released,Animation,1,1,0.15714285714285714
28260,Return of the Living Dead 3,2000000,54207,97.0,1993.0,"[{""id"": 35, ""name"": ""Comedy""}, {""id"": 878, ""name"": ""Science Fiction""}, {""id"": 10749, ""name"": ""Romance""}, {""id"": 27, ""name"": ""Horror""}]",en,7.502934,5.9,88,Released,Comedy,1,1,0.0271035
13075,Sherrybaby,2000000,622806,96.0,2006.0,"[{""id"": 18, ""name"": ""Drama""}]",en,4.261509,6.3,41,Released,Drama,1,1,0.311403
115210,Stitches,100000,95000,86.0,2012.0,"[{""id"": 27, ""name"": ""Horror""}]",en,7.447714,5.5,92,Released,Horror,1,1,0.95
11302,Bananas,2000000,11833696,82.0,1971.0,"[{""id"": 35, ""name"": ""Comedy""}]",en,5.941852,6.7,165,Released,Comedy,1,1,5.916848
26388,Buried,1987650,19152480,94.0,2010.0,"[{""id"": 18, ""name"": ""Drama""}, {""id"": 53, ""name"": ""Thriller""}, {""id"": 9648, ""name"": ""Mystery""}]",en,32.841229,6.6,827,Released,Drama,1,1,9.635740698815184
38358,The Last Exorcism,1800000,67738090,87.0,2010.0,"[{""id"": 27, ""name"": ""Horror""}, {""id"": 18, ""name"": ""Drama""}, {""id"": 53, ""name"": ""Thriller""}]",en,14.838986,5.6,328,Released,Horror,1,1,37.63227222222222
702,A Streetcar Named Desire,1800000,8000000,125.0,1951.0,"[{""id"": 18, ""name"": ""Drama""}]",en,14.884756,7.6,281,Released,Drama,1,1,4.444444444444445
935,Dr. Strangelove or: How I Learned to Stop Worrying and Love the Bomb,1800000,9440272,95.0,1964.0,"[{""id"": 18, ""name"": ""Drama""}, {""id"": 35, ""name"": ""Comedy""}, {""id"": 10752, ""name"": ""War""}]",en,41.996783,8.0,1442,Released,Drama,1,1,5.244595555555556
84175,Beasts of the Southern Wild,1800000,21107746,93.0,2012.0,"[{""id"": 18, ""name"": ""Drama""}, {""id"": 14, ""name"": ""Fantasy""}]",en,12.471239,6.8,403,Released,Drama,1,1,11.726525555555556
1705,Battle for the Planet of the Apes,1700000,8844595,93.0,1973.0,"[{""id"": 28, ""name"": ""Action""}, {""id"": 878, ""name"": ""Science Fiction""}]",en,13.315383,5.5,215,Released,Action,1,1,5.2027029411764705
50875,Higher Ground,2000000,841733,109.0,2011.0,"[{""id"": 18, ""name"": ""Drama""}, {""id"": 53, ""name"": ""Thriller""}]",en,1.699101,5.3,14,Post Production,Drama,1,1,0.4208665
4929,Hang 'em High,1800000,6800000,114.0,1968.0,"[{""id"": 37, ""name"": ""Western""}]",en,11.756943,6.7,192,Released,Western,1,1,3.7777777777777777
104,Run Lola Run,1530000,7267585,81.0,1998.0,"[{""id"": 28, ""name"": ""Action""}, {""id"": 18, ""name"": ""Drama""}, {""id"": 53, ""name"": ""Thriller""}]",de,27.36562,7.2,664,Released,Action,1,1,4.750055555555556
10894,May,500000,150277,93.0,2002.0,"[{""id"": 18, ""name"": ""Drama""}, {""id"": 27, ""name"": ""Horror""}, {""id"": 53, ""name"": ""Thriller""}, {""id"": 10749, ""name"": ""Romance""}]",en,8.650779,6.3,152,Released,Drama,1,1,0.300554
1688,Conquest of the Planet of the Apes,1700000,9700000,88.0,1972.0,"[{""id"": 28, ""name"": ""Action""}, {""id"": 878, ""name"": ""Science Fiction""}]",en,18.828683,6.1,236,Released,Action,1,1,5.705882352941177
43947,I Spit on Your Grave,2000000,572809,108.0,2010.0,"[{""id"": 53, ""name"": ""Thriller""}, {""id"": 80, ""name"": ""Crime""}, {""id"": 27, ""name"": ""Horror""}]",en,26.281839,6.3,519,Released,Thriller,1,1,0.2864045
24066,"Happy, Texas",1700000,1943649,98.0,1999.0,"[{""id"": 35, ""name"": ""Comedy""}, {""id"": 80, ""name"": ""Crime""}]",en,2.079125,5.5,39,Released,Comedy,1,1,1.1433229411764705
191714,The Lunchbox,1000000,4235151,104.0,2013.0,"[{""id"": 18, ""name"": ""Drama""}, {""id"": 10749, ""name"": ""Romance""}]",hi,14.017809,7.3,221,Released,Drama,1,1,4.235151
34106,You Can't Take It With You,1644736,7433101,126.0,1938.0,"[{""id"": 35, ""name"": ""Comedy""}, {""id"": 10749, ""name"": ""Romance""}]",en,3.426314,7.2,79,Released,Comedy,1,1,4.5193277218957935
11426,From Here to Eternity,1650000,30500000,118.0,1953.0,"[{""id"": 10752, ""name"": ""War""}, {""id"": 18, ""name"": ""Drama""}, {""id"": 10749, ""name"": ""Romance""}]",en,6.915201,7.2,133,Released,War,1,1,18.484848484848484
13909,She Wore a Yellow Ribbon,1600000,5400000,103.0,1949.0,"[{""id"": 37, ""name"": ""Western""}]",en,8.535178,7.1,61,Released,Western,1,1,3.375
592,The Conversation,1600000,4420000,113.0,1974.0,"[{""id"": 80, ""name"": ""Crime""}, {""id"": 18, ""name"": ""Drama""}, {""id"": 9648, ""name"": ""Mystery""}]",en,20.810292,7.5,372,Released,Crime,1,1,2.7625
10758,Waitress,2000000,22179430,108.0,2007.0,"[{""id"": 35, ""name"": ""Comedy""}]",en,9.67299,6.7,129,Released,Comedy,1,1,11.089715
11690,Bloodsport,1500000,11806119,92.0,1988.0,"[{""id"": 28, ""name"": ""Action""}]",en,17.49699,6.6,363,Released,Action,1,1,7.870746
3083,Mr. Smith Goes to Washington,1500000,9600000,129.0,1939.0,"[{""id"": 35, ""name"": ""Comedy""}, {""id"": 18, ""name"": ""Drama""}]",en,12.2624,7.9,241,Released,Comedy,1,1,6.4
9344,Kids,1500000,7412216,91.0,1995.0,"[{""id"": 18, ""name"": ""Drama""}, {""id"": 80, ""name"": ""Crime""}]",en,13.291991,6.8,279,Released,Drama,1,1,4.941477333333333
10707,The Squid and the Whale,1500000,11098131,81.0,2005.0,"[{""id"": 35, ""name"": ""Comedy""}, {""id"": 18, ""name"": ""Drama""}]",en,13.788054,6.9,226,Released,Comedy,1,1,7.398754
15647,Kissing Jessica Stein,1000000,10013424,97.0,2001.0,"[{""id"": 35, ""name"": ""Comedy""}]",en,3.990215,5.9,48,Released,Comedy,1,1,10.013424
4174,Spellbound,1500000,7000000,111.0,1945.0,"[{""id"": 18, ""name"": ""Drama""}, {""id"": 9648, ""name"": ""Mystery""}, {""id"": 53, ""name"": ""Thriller""}]",en,11.145915,7.3,160,Released,Drama,1,1,4.666666666666667
9464,Buffalo '66,1500000,2375097,110.0,1998.0,"[{""id"": 10749, ""name"": ""Romance""}, {""id"": 35, ""name"": ""Comedy""}, {""id"": 80, ""name"": ""Crime""}, {""id"": 18, ""name"": ""Drama""}]",en,10.009994,7.1,166,Released,Romance,1,1,1.583398
49018,Insidious,1500000,97009150,103.0,2010.0,"[{""id"": 27, ""name"": ""Horror""}, {""id"": 53, ""name"": ""Thriller""}]",en,58.594852,6.8,1737,Released,Horror,1,1,64.67276666666666
13820,Repo Man,1500000,2300000,92.0,1984.0,"[{""id"": 35, ""name"": ""Comedy""}, {""id"": 80, ""name"": ""Crime""}, {""id"": 878, ""name"": ""Science Fiction""}, {""id"": 53, ""name"": ""Thriller""}]",en,11.35344,6.7,144,Released,Comedy,1,1,1.5333333333333334
17113,The Ballad of Jack and Rose,1500000,712294,111.0,2005.0,"[{""id"": 18, ""name"": ""Drama""}]",en,3.618646,6.5,43,Released,Drama,1,1,0.47486266666666666
129139,The To Do List,1500000,3566225,104.0,2013.0,"[{""id"": 35, ""name"": ""Comedy""}, {""id"": 10749, ""name"": ""Romance""}]",en,15.017068,5.5,342,Released,Comedy,1,1,2.377483333333333
507,Killing Zoe,1500000,418961,96.0,1993.0,"[{""id"": 28, ""name"": ""Action""}, {""id"": 80, ""name"": ""Crime""}, {""id"": 18, ""name"": ""Drama""}, {""id"": 53, ""name"": ""Thriller""}]",en,5.817519,6.1,111,Released,Action,1,1,0.27930733333333335
4012,The Believer,1500000,416925,98.0,2001.0,"[{""id"": 18, ""name"": ""Drama""}]",en,9.856826,6.8,151,Released,Drama,1,1,0.27795
10972,Session 9,1500000,373967,100.0,2001.0,"[{""id"": 27, ""name"": ""Horror""}, {""id"": 9648, ""name"": ""Mystery""}]",en,11.064228,6.2,251,Released,Horror,1,1,0.24931133333333333
3082,Modern Times,1,8500000,87.0,1936.0,"[{""id"": 18, ""name"": ""Drama""}, {""id"": 35, ""name"": ""Comedy""}]",en,28.27648,8.1,856,Released,Drama,1,1,8500000.0
1961,My Name Is Bruce,1500000,173066,86.0,2007.0,"[{""id"": 35, ""name"": ""Comedy""}, {""id"": 27, ""name"": ""Horror""}]",en,7.5591,5.9,107,Released,Comedy,1,1,0.11537733333333333
23963,Pontypool,1500000,32000,93.0,2009.0,"[{""id"": 27, ""name"": ""Horror""}, {""id"": 9648, ""name"": ""Mystery""}, {""id"": 878, ""name"": ""Science Fiction""}]",en,4.680206,6.6,183,Released,Horror,1,1,0.021333333333333333
104755,The Lords of Salem,1500000,1165882,101.0,2012.0,"[{""id"": 27, ""name"": ""Horror""}, {""id"": 53, ""name"": ""Thriller""}]",en,14.504326,5.1,242,Released,Horror,1,1,0.7772546666666666
408,Snow White and the Seven Dwarfs,1488423,184925486,83.0,1937.0,"[{""id"": 14, ""name"": ""Fantasy""}, {""id"": 16, ""name"": ""Animation""}, {""id"": 10751, ""name"": ""Family""}]",en,80.171283,6.9,1914,Released,Fantasy,1,1,124.24256142239135
39209,Shalako,1455000,2620000,113.0,1968.0,"[{""id"": 37, ""name"": ""Western""}]",en,3.598457,5.4,12,Released,Western,1,1,1.8006872852233677
100,"Lock, Stock and Two Smoking Barrels",1350000,3897569,105.0,1998.0,"[{""id"": 35, ""name"": ""Comedy""}, {""id"": 80, ""name"": ""Crime""}]",en,16.032594,7.5,1648,Released,Comedy,1,1,2.8870881481481483
25784,Journey from the Fall,1300000,639000,135.0,2006.0,"[{""id"": 18, ""name"": ""Drama""}]",vi,0.072066,5.0,1,Released,Drama,1,1,0.49153846153846154
223,Rebecca,1288000,6000000,130.0,1940.0,"[{""id"": 18, ""name"": ""Drama""}, {""id"": 9648, ""name"": ""Mystery""}]",en,18.426825,7.7,336,Released,Drama,1,1,4.658385093167702
9725,Friday the 13th Part 2,1250000,21722776,87.0,1981.0,"[{""id"": 27, ""name"": ""Horror""}, {""id"": 53, ""name"": ""Thriller""}]",en,16.517777,6.0,315,Released,Horror,1,1,17.3782208
28580,The Lost Weekend,1250000,11000000,101.0,1945.0,"[{""id"": 18, ""name"": ""Drama""}]",en,6.903314,7.4,112,Released,Drama,1,1,8.8
23730,C.H.U.D.,1250000,3412497,88.0,1984.0,"[{""id"": 27, ""name"": ""Horror""}, {""id"": 878, ""name"": ""Science Fiction""}]",en,4.45544,5.3,62,Released,Horror,1,1,2.7299976
19997,Niagara,1250000,8500000,92.0,1953.0,"[{""id"": 80, ""name"": ""Crime""}, {""id"": 18, ""name"": ""Drama""}, {""id"": 53, ""name"": ""Thriller""}]",en,9.903992,6.7,79,Released,Crime,1,1,6.8
43266,How Green Was My Valley,1250000,6000000,118.0,1941.0,"[{""id"": 18, ""name"": ""Drama""}]",en,7.70019,6.8,72,Released,Drama,1,1,4.8
176,Saw,1200000,103911669,103.0,2004.0,"[{""id"": 27, ""name"": ""Horror""}, {""id"": 9648, ""name"": ""Mystery""}, {""id"": 80, ""name"": ""Crime""}]",en,63.655973,7.2,2184,Released,Horror,1,1,86.5930575
39939,Super Troopers,3000000,18492362,100.0,2001.0,"[{""id"": 35, ""name"": ""Comedy""}, {""id"": 80, ""name"": ""Crime""}, {""id"": 9648, ""name"": ""Mystery""}]",en,16.312803,6.6,362,Released,Comedy,1,1,6.164120666666666
11219,The Trouble with Harry,1200000,7000000,99.0,1955.0,"[{""id"": 35, ""name"": ""Comedy""}, {""id"": 9648, ""name"": ""Mystery""}, {""id"": 53, ""name"": ""Thriller""}]",en,6.920873,6.9,149,Released,Comedy,1,1,5.833333333333333
176124,Home Run,1200000,2861020,114.0,2013.0,"[{""id"": 18, ""name"": ""Drama""}]",en,3.085411,6.3,24,Released,Drama,1,1,2.3841833333333335
500,Reservoir Dogs,1200000,14661007,99.0,1992.0,"[{""id"": 80, ""name"": ""Crime""}, {""id"": 53, ""name"": ""Thriller""}]",en,66.925866,8.0,3697,Released,Crime,1,1,12.217505833333334
429,"The Good, the Bad and the Ugly",1200000,6000000,161.0,1966.0,"[{""id"": 37, ""name"": ""Western""}]",it,88.377076,8.1,2311,Released,Western,1,1,5.0
89750,"Pink Ribbons, Inc.",900000,25000,97.0,2011.0,"[{""id"": 99, ""name"": ""Documentary""}]",en,0.097913,6.8,6,Released,Documentary,1,1,0.027777777777777776
43884,The Charge of the Light Brigade,1200000,2736000,115.0,1936.0,"[{""id"": 28, ""name"": ""Action""}, {""id"": 12, ""name"": ""Adventure""}, {""id"": 18, ""name"": ""Drama""}, {""id"": 10752, ""name"": ""War""}]",en,2.968235,6.8,18,Released,Action,1,1,2.28
13064,Airborne,2600000,2850263,91.0,1993.0,"[{""id"": 28, ""name"": ""Action""}, {""id"": 12, ""name"": ""Adventure""}, {""id"": 35, ""name"": ""Comedy""}]",en,8.001156,6.1,20,Released,Action,1,1,1.096255
7553,Waiting...,3000000,18637690,94.0,2005.0,"[{""id"": 35, ""name"": ""Comedy""}]",en,10.230583,6.2,237,Released,Comedy,1,1,6.212563333333334
39895,From a Whisper to a Scream,1100000,1400000,99.0,1987.0,"[{""id"": 35, ""name"": ""Comedy""}, {""id"": 27, ""name"": ""Horror""}]",en,1.220072,6.8,15,Released,Comedy,1,1,1.2727272727272727
94329,The Raid,1100000,4105187,101.0,2011.0,"[{""id"": 28, ""name"": ""Action""}, {""id"": 53, ""name"": ""Thriller""}, {""id"": 80, ""name"": ""Crime""}]",id,40.285095,7.3,1055,Released,Action,1,1,3.7319881818181817
289,Casablanca,878000,10462500,102.0,1942.0,"[{""id"": 18, ""name"": ""Drama""}, {""id"": 10749, ""name"": ""Romance""}]",en,43.729123,7.9,1422,Released,Drama,1,1,11.916287015945331
1366,Rocky,1000000,117235147,119.0,1976.0,"[{""id"": 18, ""name"": ""Drama""}]",en,72.19808,7.5,1791,Released,Drama,1,1,117.235147
5769,Tom Jones,1000000,37600000,128.0,1963.0,"[{""id"": 12, ""name"": ""Adventure""}, {""id"": 35, ""name"": ""Comedy""}, {""id"": 36, ""name"": ""History""}, {""id"": 10749, ""name"": ""Romance""}]",en,2.833166,6.1,39,Released,Adventure,1,1,37.6
277685,Unfriended,1000000,62882090,82.0,2015.0,"[{""id"": 27, ""name"": ""Horror""}, {""id"": 53, ""name"": ""Thriller""}]",en,41.972329,5.5,1047,Released,Horror,1,1,62.88209
103,Taxi Driver,1300000,28262574,114.0,1976.0,"[{""id"": 80, ""name"": ""Crime""}, {""id"": 18, ""name"": ""Drama""}]",en,58.845025,8.0,2535,Released,Crime,1,1,21.74044153846154
11298,The Howling,1000000,17985893,91.0,1981.0,"[{""id"": 18, ""name"": ""Drama""}, {""id"": 27, ""name"": ""Horror""}]",en,6.532855,6.4,161,Released,Drama,1,1,17.985893
646,Dr. No,950000,59600000,110.0,1962.0,"[{""id"": 12, ""name"": ""Adventure""}, {""id"": 28, ""name"": ""Action""}, {""id"": 53, ""name"": ""Thriller""}]",en,48.901542,6.9,940,Released,Adventure,1,1,62.73684210526316
9003,Hellraiser,1000000,14564027,94.0,1987.0,"[{""id"": 27, ""name"": ""Horror""}]",en,22.583834,6.9,449,Released,Horror,1,1,14.564027
347126,God's Not Dead 2,5000000,23507567,121.0,2016.0,"[{""id"": 18, ""name"": ""Drama""}]",en,6.96858,5.7,72,Released,Drama,1,1,4.7015134
10092,Cry_Wolf,1000000,10047674,90.0,2005.0,"[{""id"": 27, ""name"": ""Horror""}, {""id"": 53, ""name"": ""Thriller""}]",en,6.926926,5.6,126,Released,Horror,1,1,10.047674
10643,Godzilla 2000,1000000,10037390,107.0,1999.0,"[{""id"": 12, ""name"": ""Adventure""}, {""id"": 27, ""name"": ""Horror""}, {""id"": 28, ""name"": ""Action""}, {""id"": 878, ""name"": ""Science Fiction""}]",ja,3.322721,5.9,43,Released,Adventure,1,1,10.03739
46705,Blue Valentine,3500000,16566240,112.0,2010.0,"[{""id"": 18, ""name"": ""Drama""}, {""id"": 10749, ""name"": ""Romance""}]",en,26.881611,6.9,890,Released,Drama,1,1,4.733211428571429
546,Transamerica,1000000,13350369,103.0,2005.0,"[{""id"": 18, ""name"": ""Drama""}]",en,9.773398,6.9,144,Released,Drama,1,1,13.350369
76487,The Devil Inside,1000000,101758490,83.0,2012.0,"[{""id"": 53, ""name"": ""Thriller""}, {""id"": 27, ""name"": ""Horror""}]",en,13.152822,4.6,262,Released,Thriller,1,1,101.75849
5722,Beyond the Valley of the Dolls,2090000,40000000,109.0,1970.0,"[{""id"": 35, ""name"": ""Comedy""}, {""id"": 18, ""name"": ""Drama""}, {""id"": 53, ""name"": ""Thriller""}]",en,4.289003,6.6,53,Released,Comedy,1,1,19.138755980861244
39833,Love Me Tender,1000000,9000000,89.0,1956.0,"[{""id"": 18, ""name"": ""Drama""}, {""id"": 28, ""name"": ""Action""}, {""id"": 37, ""name"": ""Western""}, {""id"": 10402, ""name"": ""Music""}, {""id"": 10749, ""name"": ""Romance""}]",en,1.444258,5.5,21,Released,Drama,1,1,9.0
1781,An Inconvenient Truth,1000000,46243000,100.0,2006.0,"[{""id"": 99, ""name"": ""Documentary""}]",en,14.139004,6.7,251,Released,Documentary,1,1,46.243
18712,Sands of Iwo Jima,1000000,7800000,100.0,1949.0,"[{""id"": 28, ""name"": ""Action""}, {""id"": 18, ""name"": ""Drama""}, {""id"": 36, ""name"": ""History""}, {""id"": 10752, ""name"": ""War""}]",en,3.851,6.2,33,Released,Action,1,1,7.8
171424,The Green Inferno,5000000,6833445,100.0,2014.0,"[{""id"": 28, ""name"": ""Action""}, {""id"": 12, ""name"": ""Adventure""}, {""id"": 27, ""name"": ""Horror""}, {""id"": 53, ""name"": ""Thriller""}]",en,17.845161,5.0,349,Released,Action,1,1,1.366689
113947,The Sessions,1000000,9138338,98.0,2012.0,"[{""id"": 18, ""name"": ""Drama""}, {""id"": 10749, ""name"": ""Romance""}, {""id"": 35, ""name"": ""Comedy""}]",en,9.115486,6.6,179,Released,Drama,1,1,9.138338
32456,Two Girls and a Guy,1000000,2057193,84.0,1997.0,"[{""id"": 18, ""name"": ""Drama""}, {""id"": 10749, ""name"": ""Romance""}]",en,4.86805,5.4,24,Released,Drama,1,1,2.057193
13508,Who Killed the Electric Car?,1000000,1678874,92.0,2006.0,"[{""id"": 99, ""name"": ""Documentary""}]",en,5.323184,7.2,59,Released,Documentary,1,1,1.678874
22597,The Broken Hearts Club: A Romantic Comedy,1000000,1744858,94.0,2000.0,"[{""id"": 35, ""name"": ""Comedy""}, {""id"": 18, ""name"": ""Drama""}, {""id"": 10749, ""name"": ""Romance""}]",en,3.424158,6.3,25,Released,Comedy,1,1,1.744858
26791,Brigham City,1000000,852206,119.0,2001.0,"[{""id"": 80, ""name"": ""Crime""}, {""id"": 18, ""name"": ""Drama""}, {""id"": 9648, ""name"": ""Mystery""}, {""id"": 53, ""name"": ""Thriller""}]",en,0.280083,7.3,4,Released,Crime,1,1,0.852206
56666,Fiza,1000000,623791,170.0,2000.0,"[{""id"": 18, ""name"": ""Drama""}, {""id"": 10769, ""name"": ""Foreign""}, {""id"": 10749, ""name"": ""Romance""}]",hi,0.043023,6.1,7,Released,Drama,1,1,0.623791
46989,Blue Car,1000000,464000,92.0,2002.0,"[{""id"": 18, ""name"": ""Drama""}]",en,0.672695,6.7,13,Released,Drama,1,1,0.464
123678,The Act of Killing,1000000,444575,115.0,2012.0,"[{""id"": 99, ""name"": ""Documentary""}]",id,8.887411,7.5,210,Released,Documentary,1,1,0.444575
13362,Taxi to the Dark Side,1000000,274661,106.0,2007.0,"[{""id"": 99, ""name"": ""Documentary""}]",en,0.748565,6.6,53,Released,Documentary,1,1,0.274661
18206,Alone With Her,1000000,10018,78.0,2006.0,"[{""id"": 80, ""name"": ""Crime""}, {""id"": 18, ""name"": ""Drama""}, {""id"": 10749, ""name"": ""Romance""}, {""id"": 53, ""name"": ""Thriller""}]",en,2.175696,6.2,20,Released,Crime,1,1,0.010018
13856,Special,1000000,7202,81.0,2006.0,"[{""id"": 18, ""name"": ""Drama""}, {""id"": 14, ""name"": ""Fantasy""}, {""id"": 878, ""name"": ""Science Fiction""}]",en,1.260314,6.6,32,Released,Drama,1,1,0.007202
29146,Charly,950000,814666,103.0,1968.0,"[{""id"": 18, ""name"": ""Drama""}, {""id"": 10749, ""name"": ""Romance""}, {""id"": 878, ""name"": ""Science Fiction""}]",en,0.178689,6.6,28,Released,Drama,1,1,0.8575431578947369
654,On the Waterfront,910000,9600000,108.0,1954.0,"[{""id"": 80, ""name"": ""Crime""}, {""id"": 18, ""name"": ""Drama""}]",en,16.015599,8.0,357,Released,Crime,1,1,10.54945054945055
91070,L!fe Happens,930000,30905,100.0,2011.0,"[{""id"": 35, ""name"": ""Comedy""}]",en,5.974156,5.3,66,Released,Comedy,1,1,0.03323118279569892
2009,"4 Months, 3 Weeks and 2 Days",852510,1185783,113.0,2007.0,"[{""id"": 18, ""name"": ""Drama""}]",ro,9.270133,7.3,156,Released,Drama,1,1,1.3909314846746665
2652,Hard Candy,950000,7022209,103.0,2005.0,"[{""id"": 18, ""name"": ""Drama""}, {""id"": 53, ""name"": ""Thriller""}]",en,25.918007,6.8,701,Released,Drama,1,1,7.391798947368421
9813,The Quiet,900000,381420,96.0,2005.0,"[{""id"": 18, ""name"": ""Drama""}, {""id"": 53, ""name"": ""Thriller""}]",en,4.0971,6.1,73,Released,Drama,1,1,0.4238
3170,Bambi,858000,267447150,70.0,1942.0,"[{""id"": 16, ""name"": ""Animation""}, {""id"": 18, ""name"": ""Drama""}, {""id"": 10751, ""name"": ""Family""}]",en,47.651878,6.8,1405,Released,Animation,1,1,311.709965034965
15708,Latter Days,850000,819939,107.0,2003.0,"[{""id"": 18, ""name"": ""Drama""}, {""id"": 35, ""name"": ""Comedy""}, {""id"": 10749, ""name"": ""Romance""}]",en,5.424916,6.7,56,Released,Drama,1,1,0.9646341176470589
84200,"For a Good Time, Call...",850000,1243961,85.0,2012.0,"[{""id"": 35, ""name"": ""Comedy""}]",en,14.238376,5.8,110,Released,Comedy,1,1,1.4634835294117647
47889,Ruby in Paradise,800000,1001437,114.0,1993.0,"[{""id"": 18, ""name"": ""Drama""}, {""id"": 10749, ""name"": ""Romance""}]",en,0.59424,5.6,10,Released,Drama,1,1,1.25179625
25461,Raising Victor Vargas,800000,2816116,88.0,2002.0,"[{""id"": 18, ""name"": ""Drama""}, {""id"": 10749, ""name"": ""Romance""}]",en,3.643662,7.8,13,Released,Drama,1,1,3.520145
26899,The Mudge Boy,800000,62852,94.0,2003.0,"[{""id"": 18, ""name"": ""Drama""}]",en,5.292536,7.3,23,Released,Drama,1,1,0.078565
14451,Dead Snow,800000,1984662,91.0,2009.0,"[{""id"": 27, ""name"": ""Horror""}, {""id"": 35, ""name"": ""Comedy""}]",no,11.205726,6.1,311,Released,Horror,1,1,2.4808275
838,American Graffiti,777000,140000000,110.0,1973.0,"[{""id"": 35, ""name"": ""Comedy""}, {""id"": 18, ""name"": ""Drama""}]",en,19.326115,6.9,324,Released,Comedy,1,1,180.18018018018017
84332,Safety Not Guaranteed,750000,4007792,85.0,2012.0,"[{""id"": 35, ""name"": ""Comedy""}, {""id"": 10749, ""name"": ""Romance""}, {""id"": 878, ""name"": ""Science Fiction""}, {""id"": 18, ""name"": ""Drama""}]",en,25.186002,6.8,556,Released,Comedy,1,1,5.343722666666666
74725,Kill List,500000,171760,95.0,2011.0,"[{""id"": 27, ""name"": ""Horror""}, {""id"": 53, ""name"": ""Thriller""}, {""id"": 80, ""name"": ""Crime""}]",en,12.203041,6.0,210,Released,Horror,1,1,0.34352
58428,The Innkeepers,750000,78396,102.0,2011.0,"[{""id"": 27, ""name"": ""Horror""}, {""id"": 53, ""name"": ""Thriller""}]",en,14.386807,5.4,219,Released,Horror,1,1,0.104528
288,High Noon,730000,8000000,85.0,1952.0,"[{""id"": 37, ""name"": ""Western""}]",en,18.644023,7.6,334,Released,Western,1,1,10.95890410958904
14275,Hoop Dreams,700000,7830611,171.0,1994.0,"[{""id"": 99, ""name"": ""Documentary""}]",en,9.188431,7.7,87,Released,Documentary,1,1,11.186587142857142
18734,L.I.E.,700000,1667192,97.0,2001.0,"[{""id"": 18, ""name"": ""Drama""}]",en,7.731064,6.7,31,Released,Drama,1,1,2.3817028571428573
7859,Half Nelson,700000,4911725,107.0,2006.0,"[{""id"": 18, ""name"": ""Drama""}]",en,12.378031,6.5,240,Released,Drama,1,1,7.01675
302579,Naturally Native,700000,10508,107.0,1999.0,"[{""id"": 18, ""name"": ""Drama""}]",en,0.578798,0.0,0,Released,Drama,1,1,0.015011428571428571
3080,Top Hat,609000,3202000,101.0,1935.0,"[{""id"": 35, ""name"": ""Comedy""}, {""id"": 10402, ""name"": ""Music""}, {""id"": 10749, ""name"": ""Romance""}]",en,3.898498,7.4,59,Released,Comedy,1,1,5.257799671592775
2667,The Blair Witch Project,60000,248000000,81.0,1999.0,"[{""id"": 27, ""name"": ""Horror""}, {""id"": 9648, ""name"": ""Mystery""}]",en,41.690578,6.3,1055,Released,Horror,1,1,4133.333333333333
9459,Woodstock,600000,34505110,225.0,1970.0,"[{""id"": 36, ""name"": ""History""}, {""id"": 99, ""name"": ""Documentary""}, {""id"": 10402, ""name"": ""Music""}]",en,3.409764,7.1,66,Released,History,1,1,57.508516666666665
704,A Hard Day's Night,560000,12299668,88.0,1964.0,"[{""id"": 35, ""name"": ""Comedy""}, {""id"": 10402, ""name"": ""Music""}]",en,10.730056,7.3,168,Released,Comedy,1,1,21.963692857142856
14438,Fireproof,500000,33456317,122.0,2008.0,"[{""id"": 18, ""name"": ""Drama""}]",en,6.093989,7.0,100,Released,Drama,1,1,66.912634
83,Open Water,130000,54667954,79.0,2004.0,"[{""id"": 18, ""name"": ""Drama""}, {""id"": 53, ""name"": ""Thriller""}]",en,15.611857,5.4,315,Released,Drama,1,1,420.52272307692306
30315,Kingdom of the Spiders,500000,17000000,97.0,1977.0,"[{""id"": 27, ""name"": ""Horror""}, {""id"": 878, ""name"": ""Science Fiction""}]",en,2.537032,5.7,30,Released,Horror,1,1,34.0
2056,The Station Agent,500000,8679814,88.0,2003.0,"[{""id"": 18, ""name"": ""Drama""}, {""id"": 35, ""name"": ""Comedy""}]",en,11.578545,7.4,210,Released,Drama,1,1,17.359628
14271,Beyond the Mat,2053648,500000,102.0,1999.0,"[{""id"": 99, ""name"": ""Documentary""}]",en,2.778633,7.8,17,Released,Documentary,1,1,0.24346918264473755
84401,Sholem Aleichem: Laughing In The Darkness,500000,845188,93.0,2012.0,"[{""id"": 99, ""name"": ""Documentary""}]",en,0.109579,7.0,2,Released,Documentary,1,1,1.690376
12281,Mean Creek,500000,603943,90.0,2004.0,"[{""id"": 80, ""name"": ""Crime""}, {""id"": 18, ""name"": ""Drama""}]",en,8.519202,6.9,106,Released,Crime,1,1,1.207886
346,Seven Samurai,2000000,271841,207.0,1954.0,"[{""id"": 28, ""name"": ""Action""}, {""id"": 18, ""name"": ""Drama""}]",ja,39.756748,8.2,878,Released,Action,1,1,0.1359205
45649,Rubber,500000,98017,85.0,2010.0,"[{""id"": 35, ""name"": ""Comedy""}, {""id"": 18, ""name"": ""Drama""}, {""id"": 14, ""name"": ""Fantasy""}, {""id"": 27, ""name"": ""Horror""}, {""id"": 9648, ""name"": ""Mystery""}]",en,9.108949,5.7,251,Released,Comedy,1,1,0.196034
43933,Monsters,500000,4242978,94.0,2010.0,"[{""id"": 18, ""name"": ""Drama""}, {""id"": 53, ""name"": ""Thriller""}, {""id"": 878, ""name"": ""Science Fiction""}]",en,26.406001,6.2,587,Released,Drama,1,1,8.485956
15624,Conversations with Other Women,450000,973525,84.0,2006.0,"[{""id"": 18, ""name"": ""Drama""}, {""id"": 10749, ""name"": ""Romance""}]",en,4.442355,6.2,38,Released,Drama,1,1,2.163388888888889
3062,42nd Street,439000,2281000,89.0,1933.0,"[{""id"": 10402, ""name"": ""Music""}, {""id"": 35, ""name"": ""Comedy""}, {""id"": 10749, ""name"": ""Romance""}]",en,1.933366,6.1,37,Released,Music,1,1,5.195899772209567
8193,Napoleon Dynamite,400000,46118097,95.0,2004.0,"[{""id"": 35, ""name"": ""Comedy""}]",en,23.603514,6.7,554,Released,Comedy,1,1,115.2952425
23827,Paranormal Activity,15000,193355800,86.0,2007.0,"[{""id"": 27, ""name"": ""Horror""}, {""id"": 9648, ""name"": ""Mystery""}]",en,47.456823,5.9,1316,Released,Horror,1,1,12890.386666666667
762,Monty Python and the Holy Grail,400000,5028948,91.0,1975.0,"[{""id"": 12, ""name"": ""Adventure""}, {""id"": 35, ""name"": ""Comedy""}, {""id"": 14, ""name"": ""Fantasy""}]",en,64.782984,7.8,1708,Released,Adventure,1,1,12.57237
1435,Tarnation,218,1162014,91.0,2003.0,"[{""id"": 99, ""name"": ""Documentary""}, {""id"": 18, ""name"": ""Drama""}]",en,1.063439,7.5,22,Released,Documentary,1,1,5330.339449541284
9029,What Happens in Vegas,35000000,170000000,99.0,2008.0,"[{""id"": 35, ""name"": ""Comedy""}, {""id"": 10749, ""name"": ""Romance""}]",da,38.100488,5.8,923,Released,Comedy,1,1,4.857142857142857
11240,My Beautiful Laundrette,860000,2451545,97.0,1985.0,"[{""id"": 10749, ""name"": ""Romance""}, {""id"": 18, ""name"": ""Drama""}, {""id"": 35, ""name"": ""Comedy""}]",en,3.703005,6.6,51,Released,Romance,1,1,2.8506337209302326
3059,Intolerance,385907,8394751,197.0,1916.0,"[{""id"": 18, ""name"": ""Drama""}]",en,3.232447,7.4,60,Released,Drama,1,1,21.75330066570443
65203,The Broadway Melody,379000,4358000,100.0,1929.0,"[{""id"": 18, ""name"": ""Drama""}, {""id"": 10402, ""name"": ""Music""}, {""id"": 10749, ""name"": ""Romance""}]",en,0.968865,5.0,19,Released,Drama,1,1,11.49868073878628
764,The Evil Dead,350000,29400000,85.0,1981.0,"[{""id"": 27, ""name"": ""Horror""}]",en,35.037625,7.3,894,Released,Horror,1,1,84.0
103620,Maniac,6000000,31081,89.0,2012.0,"[{""id"": 27, ""name"": ""Horror""}]",en,19.331884,6.0,316,Released,Horror,1,1,0.005180166666666666
14278,Murderball,300000,1750211,88.0,2005.0,"[{""id"": 99, ""name"": ""Documentary""}]",en,1.085909,6.9,23,Released,Documentary,1,1,5.834036666666667
389,12 Angry Men,350000,1000000,96.0,1957.0,"[{""id"": 18, ""name"": ""Drama""}]",en,59.259204,8.2,2078,Released,Drama,1,1,2.857142857142857
3078,It Happened One Night,325000,4500000,105.0,1934.0,"[{""id"": 35, ""name"": ""Comedy""}, {""id"": 10749, ""name"": ""Romance""}]",en,11.871424,7.7,275,Released,Comedy,1,1,13.846153846153847
21525,Tupac: Resurrection,300000,7808524,112.0,2003.0,"[{""id"": 10402, ""name"": ""Music""}, {""id"": 99, ""name"": ""Documentary""}]",en,1.314576,8.0,26,Released,Music,1,1,26.028413333333333
55123,Tumbleweeds,312000,1281176,102.0,1999.0,"[{""id"": 35, ""name"": ""Comedy""}, {""id"": 18, ""name"": ""Drama""}]",en,1.505703,6.2,11,Released,Comedy,1,1,4.106333333333334
11980,The Prophecy,8,16,98.0,1995.0,"[{""id"": 14, ""name"": ""Fantasy""}, {""id"": 27, ""name"": ""Horror""}, {""id"": 53, ""name"": ""Thriller""}]",en,11.818333,6.4,138,Released,Fantasy,1,1,2.0
73981,Ayurveda: Art of Being,300000,2074000,101.0,2001.0,"[{""id"": 99, ""name"": ""Documentary""}]",en,0.055868,5.5,3,Released,Documentary,1,1,6.913333333333333
118452,"First Love, Last Rites",300000,40542,94.0,1998.0,"[{""id"": 18, ""name"": ""Drama""}]",en,0.374291,3.0,1,Released,Drama,1,1,0.13514
13282,Death Race 2000,300000,8000000,80.0,1975.0,"[{""id"": 28, ""name"": ""Action""}, {""id"": 35, ""name"": ""Comedy""}, {""id"": 878, ""name"": ""Science Fiction""}]",en,6.473667,5.9,124,Released,Action,1,1,26.666666666666668
2255,Chasing Amy,250000,12021272,113.0,1997.0,"[{""id"": 35, ""name"": ""Comedy""}, {""id"": 18, ""name"": ""Drama""}, {""id"": 10749, ""name"": ""Romance""}]",en,20.601483,6.7,433,Released,Comedy,1,1,48.085088
50035,Lovely & Amazing,250000,4186931,91.0,2001.0,"[{""id"": 35, ""name"": ""Comedy""}, {""id"": 18, ""name"": ""Drama""}, {""id"": 10749, ""name"": ""Romance""}]",en,1.45917,6.3,23,Released,Comedy,1,1,16.747724
431,Cube,250000,501818,90.0,1997.0,"[{""id"": 53, ""name"": ""Thriller""}, {""id"": 878, ""name"": ""Science Fiction""}, {""id"": 9648, ""name"": ""Mystery""}]",en,44.656151,6.9,1069,Released,Thriller,1,1,2.007272
51942,I Married a Strange Person!,250,203,72.0,1998.0,"[{""id"": 18, ""name"": ""Drama""}, {""id"": 35, ""name"": ""Comedy""}, {""id"": 16, ""name"": ""Animation""}]",en,0.293649,7.5,12,Released,Drama,1,1,0.812
60420,Like Crazy,250000,3542353,90.0,2011.0,"[{""id"": 18, ""name"": ""Drama""}, {""id"": 10749, ""name"": ""Romance""}]",en,21.825564,6.4,381,Released,Drama,1,1,14.169412
109729,The Canyons,250000,56825,99.0,2013.0,"[{""id"": 53, ""name"": ""Thriller""}, {""id"": 18, ""name"": ""Drama""}]",en,6.978907,4.1,75,Released,Thriller,1,1,0.2273
3060,The Big Parade,245000,22000000,151.0,1925.0,"[{""id"": 18, ""name"": ""Drama""}, {""id"": 10749, ""name"": ""Romance""}, {""id"": 10752, ""name"": ""War""}]",en,0.785744,7.0,21,Released,Drama,1,1,89.79591836734694
18533,Bronson,230000,2260712,92.0,2008.0,"[{""id"": 18, ""name"": ""Drama""}, {""id"": 28, ""name"": ""Action""}, {""id"": 80, ""name"": ""Crime""}]",en,18.450613,6.9,733,Released,Drama,1,1,9.829182608695652
139948,Burn,225000,111300,86.0,2012.0,"[{""id"": 10769, ""name"": ""Foreign""}, {""id"": 99, ""name"": ""Documentary""}]",en,0.126676,6.9,6,Released,Foreign,1,1,0.49466666666666664
70478,The Stewardesses,100000,27000000,69.0,1969.0,"[{""id"": 35, ""name"": ""Comedy""}]",en,1.183892,4.3,5,Released,Comedy,1,1,270.0
35073,"The Beast from 20,000 Fathoms",210000,5000000,80.0,1953.0,"[{""id"": 12, ""name"": ""Adventure""}, {""id"": 27, ""name"": ""Horror""}, {""id"": 878, ""name"": ""Science Fiction""}]",en,2.043661,6.7,41,Released,Adventure,1,1,23.80952380952381
9659,Mad Max,400000,100000000,93.0,1979.0,"[{""id"": 12, ""name"": ""Adventure""}, {""id"": 28, ""name"": ""Action""}, {""id"": 53, ""name"": ""Thriller""}, {""id"": 878, ""name"": ""Science Fiction""}]",en,33.142185,6.6,1213,Released,Adventure,1,1,250.0
10218,Swingers,200000,4505922,94.0,1996.0,"[{""id"": 35, ""name"": ""Comedy""}, {""id"": 10749, ""name"": ""Romance""}]",en,13.971674,6.8,253,Released,Comedy,1,1,22.52961
391,A Fistful of Dollars,200000,14500000,99.0,1964.0,"[{""id"": 37, ""name"": ""Western""}]",it,38.771062,7.6,883,Released,Western,1,1,72.5
43595,She Done Him Wrong,200000,2200000,66.0,1933.0,"[{""id"": 35, ""name"": ""Comedy""}]",en,0.622752,5.1,27,Released,Comedy,1,1,11.0
54897,The Grace Card,200000,2295733,101.0,2011.0,"[{""id"": 18, ""name"": ""Drama""}]",en,0.616283,6.5,10,Released,Drama,1,1,11.478665
21334,Children of Heaven,180000,900000,89.0,1997.0,"[{""id"": 18, ""name"": ""Drama""}, {""id"": 35, ""name"": ""Comedy""}, {""id"": 10751, ""name"": ""Family""}]",fa,7.072118,7.8,112,Released,Drama,1,1,5.0
79120,Weekend,8000,469947,96.0,2011.0,"[{""id"": 18, ""name"": ""Drama""}, {""id"": 10749, ""name"": ""Romance""}]",en,1.041254,7.4,163,Released,Drama,1,1,58.743375
55420,Another Earth,100000,1776935,92.0,2011.0,"[{""id"": 18, ""name"": ""Drama""}, {""id"": 878, ""name"": ""Science Fiction""}]",en,25.402697,6.8,527,Released,Drama,1,1,17.76935
5822,Sweet Sweetback's Baadasssss Song,150000,15200000,97.0,1971.0,"[{""id"": 28, ""name"": ""Action""}, {""id"": 18, ""name"": ""Drama""}, {""id"": 10749, ""name"": ""Romance""}]",en,0.132878,4.6,18,Released,Action,1,1,101.33333333333333
39141,Tadpole,150000,2891288,78.0,2002.0,"[{""id"": 35, ""name"": ""Comedy""}, {""id"": 18, ""name"": ""Drama""}, {""id"": 10749, ""name"": ""Romance""}]",en,8.570328,5.5,19,Released,Comedy,1,1,19.275253333333332
5723,Once,160000,20710513,85.0,2007.0,"[{""id"": 18, ""name"": ""Drama""}, {""id"": 10402, ""name"": ""Music""}, {""id"": 10749, ""name"": ""Romance""}]",en,19.052179,7.3,453,Released,Drama,1,1,129.44070625
1779,Roger & Me,160000,6706368,91.0,1989.0,"[{""id"": 99, ""name"": ""Documentary""}, {""id"": 36, ""name"": ""History""}]",en,3.284903,7.4,90,Released,Documentary,1,1,41.9148
84355,Your Sister's Sister,125000,3200000,90.0,2011.0,"[{""id"": 18, ""name"": ""Drama""}, {""id"": 35, ""name"": ""Comedy""}]",en,12.833247,6.5,137,Released,Drama,1,1,25.6
339408,The Birth of a Nation,8500000,15861566,120.0,2016.0,"[{""id"": 18, ""name"": ""Drama""}]",en,9.452808,6.5,178,Released,Drama,1,1,1.866066588235294
18925,Facing the Giants,100000,10178331,111.0,2006.0,"[{""id"": 18, ""name"": ""Drama""}]",en,4.563698,6.6,64,Released,Drama,1,1,101.78331
299245,The Gallows,100000,42664410,87.0,2015.0,"[{""id"": 27, ""name"": ""Horror""}, {""id"": 53, ""name"": ""Thriller""}]",en,18.045782,4.9,361,Released,Horror,1,1,426.6441
985,Eraserhead,10000,7000000,89.0,1977.0,"[{""id"": 18, ""name"": ""Drama""}, {""id"": 14, ""name"": ""Fantasy""}, {""id"": 27, ""name"": ""Horror""}, {""id"": 878, ""name"": ""Science Fiction""}]",en,20.399578,7.5,485,Released,Drama,1,1,700.0
473,Pi,60000,3221152,84.0,1998.0,"[{""id"": 9648, ""name"": ""Mystery""}, {""id"": 18, ""name"": ""Drama""}, {""id"": 53, ""name"": ""Thriller""}]",en,27.788067,7.1,586,Released,Mystery,1,1,53.68586666666667
9372,Super Size Me,65000,28575078,100.0,2004.0,"[{""id"": 99, ""name"": ""Documentary""}, {""id"": 35, ""name"": ""Comedy""}, {""id"": 18, ""name"": ""Drama""}]",en,10.400603,6.6,506,Released,Documentary,1,1,439.6165846153846
47607,Tiny Furniture,65000,416498,99.0,2010.0,"[{""id"": 10749, ""name"": ""Romance""}, {""id"": 35, ""name"": ""Comedy""}, {""id"": 18, ""name"": ""Drama""}]",en,2.380332,5.6,59,Released,Romance,1,1,6.4076615384615385
242095,The Signal,4000000,600896,95.0,2014.0,"[{""id"": 53, ""name"": ""Thriller""}, {""id"": 878, ""name"": ""Science Fiction""}]",en,27.662696,5.8,631,Released,Thriller,1,1,0.150224
42151,Down Terrace,31192,10000,89.0,2009.0,"[{""id"": 18, ""name"": ""Drama""}, {""id"": 28, ""name"": ""Action""}, {""id"": 35, ""name"": ""Comedy""}]",en,1.330379,6.3,26,Released,Drama,1,1,0.32059502436522186
2292,Clerks,27000,3151130,92.0,1994.0,"[{""id"": 35, ""name"": ""Comedy""}]",en,19.748658,7.4,755,Released,Comedy,1,1,116.70851851851852
692,Pink Flamingos,12000,6000000,93.0,1972.0,"[{""id"": 27, ""name"": ""Horror""}, {""id"": 35, ""name"": ""Comedy""}, {""id"": 80, ""name"": ""Crime""}]",en,4.553644,6.2,110,Released,Horror,1,1,500.0
36095,Cure,20000,99000,111.0,1997.0,"[{""id"": 80, ""name"": ""Crime""}, {""id"": 27, ""name"": ""Horror""}, {""id"": 9648, ""name"": ""Mystery""}, {""id"": 53, ""name"": ""Thriller""}]",ja,0.212443,7.4,63,Released,Crime,1,1,4.95
14337,Primer,7000,424760,77.0,2004.0,"[{""id"": 878, ""name"": ""Science Fiction""}, {""id"": 18, ""name"": ""Drama""}, {""id"": 53, ""name"": ""Thriller""}]",en,23.307949,6.9,658,Released,Science Fiction,1,1,60.68
9367,El Mariachi,220000,2040920,81.0,1992.0,"[{""id"": 28, ""name"": ""Action""}, {""id"": 80, ""name"": ""Crime""}, {""id"": 53, ""name"": ""Thriller""}]",es,14.269792,6.6,238,Released,Action,1,1,9.276909090909092
